id_support,operateur,technologie,adresse,code_insee,coordonnees,type_support,hauteur_support,proprietaire_support,date_activ,action,infos,is_zb,is_new
1007085,ORANGE,GSM 900,CHEM DU CASTEL À AIGUILLANES (LAS RIVES) 09300 LESPARROU,09165,"42.9364,1.9122",Pylône autostable,36m,TOTEM,2013-11-28,SUP,,True,False
1007422,ORANGE,GSM 900,D 19 - AVENUE ROGER TISSANDIÉ (DERRIERE LE BARRAT) 31600 MURET,31395,"43.4606,1.37",Pylône autostable,33m,RTE,2014-04-15,SUP,,False,False
1009786,FREE MOBILE,5G NR 3500,58 AVENUE FOCH 75116 PARIS 16,75116,"48.8731,2.2822",Immeuble,32m,"Copropriété, Syndic, SCI",,AJO,,False,False
101030,ORANGE,5G NR 2100,CENTRAL TÉLÉPHONIQUE (LE BOURG) 63230 LA GOUTELLE,63170,"45.8436,2.7656",Pylône autostable,30m,TOTEM,2026-06-25,ART,,False,False
101083,ORANGE,"LTE 700, 5G NR 2100", (THÈDES) 63122 ST GENES CHAMPANELLE,63345,"45.7381,3.0242",Pylône tubulaire,14m,TOTEM,2026-07-02,ALL,,False,False
1012019,ORANGE,"LTE 700, 5G NR 2100",CHEMIN DES CENSES (LE PELLEY) 38690 BURCIN,38063,"45.4483,5.4581",Pylône autostable,18m,TOTEM,2026-06-24,ART,,False,False
101377,ORANGE,GSM 900,R DU STADE AUTOCOMMUTATEUR FT- 65230 CASTELNAU MAGNOAC,65129,"43.2917,0.5047",Pylône autostable,30m,TOTEM,1997-07-11,SUP,,False,False
101407,ORANGE,GSM 900,STADE DE RUGBY (LE BUELA) 65130 CAPVERN,65127,"43.0969,0.3275",Pylône autostable,30m,TOTEM,1998-04-10,SUP,,False,False
101411,ORANGE,GSM 900,CHEM DE HAOUTS (BUALA) 65400 GAILLAGOS,65182,"42.9842,-0.1658",Pylône autostable,30m,TOTEM,1998-11-13,SUP,,False,False
1014807,SRR,LTE 2100,CHEM DES MILITAIRES (PITON DESFORGES) 97430 LE TAMPON,97422,"-21.1961,55.5744",Bâtiment,13m,ORANGE Services Fixes,2026-06-12,ART,,False,False
1015219,ORANGE,GSM 900, (A LAMOTHE) 32400 GOUX,32151,"43.6194,-0.0344",Pylône autostable,43m,TOTEM,2013-01-10,SUP,,True,False
1019340,ORANGE,GSM 900,D 126 (BOUSSAS) 32160 COULOUME MONDEBAT,32109,"43.6156,0.1258",Pylône autostable,35m,Conseil Départemental,2013-10-01,SUP,,True,False
1024368,ORANGE,5G NR 2100,AIRE DE SERVICE LES JONCHETS AUTOROUTE A5 SENS PARIS-PROVINCE 77130 LA GRANDE PAROISSE,77210,"48.4253,2.9275",Pylône autostable,37m,ORANGE,,AJO,,False,False
1024368,ORANGE,LTE 2100,AIRE DE SERVICE LES JONCHETS AUTOROUTE A5 SENS PARIS-PROVINCE 77130 LA GRANDE PAROISSE,77210,"48.4253,2.9275",Pylône autostable,37m,ORANGE,2020-10-19,SUP,,False,False
102906,ORANGE,"5G NR 700, 5G NR 3500",CD 166  DE CHENAS RUE DES MORELS (TERRE DES VIGNES) 71570 ST SYMPHORIEN D ANCELLES,71481,"46.2053,4.7711",Pylône autostable,24m,TOTEM,,AJO,,False,False
102967,ORANGE,5G NR 2100, (CARRIÈRE DES BACCOTTES) 71460 MALAY,71272,"46.5611,4.6892",Pylône autostable,24m,TOTEM,,AJO,,False,False
1039438,ORANGE,GSM 900,AVENUE GEORGES PRADEL GYMNASE (LES MOURLINGUES) 31130 BALMA,31044,"43.6039,1.5081",Pylône tubulaire,25m,ORANGE,2017-12-20,SUP,,False,False
1040118,ORANGE,GSM 900,CUL DE SAC (PEA TREE HILL) 97150 ST MARTIN,97801,"18.1022,-63.0386",Mât métallique,10m,ORANGE,2001-12-24,SUP,,False,False
1041127,ORANGE,GSM 900,D.49 (LES VIGNASSES) 46230 CIEURAC,46070,"44.3703,1.495",Pylône autostable,33m,TOTEM,1997-07-11,SUP,,False,False
1043170,FREE MOBILE,"LTE 2100, LTE 2600",CHEM DU MÉNUCOURT (L'HAUTIL) 78740 VAUX SUR SEINE,78638,"49.0119,2.0019",Pylône autostable,45m,ORANGE,,SUP,,False,False
1047589,ORANGE,GSM 900,RD 59B - ROUTE DU FAGET (LES LANDES) 31850 MONDOUZIL,31352,"43.6389,1.5553",Pylône autostable,45m,RTE,2012-10-27,SUP,,False,False
1051695,BOUYGUES TELECOM,"GSM 900, GSM 1800, UMTS 2100",TUNNEL DE ST CYR A 12 (TUNNEL DE FONTENAY) 78210 ST CYR L ECOLE,78545,"48.8056,2.0508",Tunnel,"8,5m",DDE,2002-05-02,SUP,,False,False
1051697,BOUYGUES TELECOM,"GSM 900, GSM 1800, UMTS 2100",TUNNEL DE ST CYR A 12 (TUNNEL DE FONTENAY) 78210 ST CYR L ECOLE,78545,"48.805,2.0508",Tunnel,"8,5m",DDE,2002-05-02,SUP,,False,False
1051702,BOUYGUES TELECOM,"GSM 900, GSM 1800, UMTS 2100",TUNNEL DE CHAMPIGNY A 4 94500 CHAMPIGNY SUR MARNE,94017,"48.8272,2.5106",Tunnel,"6,2m",DDE,1997-07-10,SUP,,False,False
1051704,BOUYGUES TELECOM,"GSM 900, GSM 1800, UMTS 2100",TUNNEL DE CHAMPIGNY A 4 94500 CHAMPIGNY SUR MARNE,94017,"48.8272,2.5106",Tunnel,"6,2m",DDE,1997-07-10,SUP,,False,False
105634,BOUYGUES TELECOM,LTE 2600, (ROUAYRAS) 81320 NAGES,81193,"43.6589,2.7772",Pylône autostable,32m,TOTEM,2026-07-26,ALL,,False,False
1057146,SFR,UMTS 900,24 AVENUE DU GENERAL PATTON 77000 MELUN,77288,"48.5464,2.6508",Immeuble,19m,"Copropriété, Syndic, SCI",,SUP,,False,True
1059417,BOUYGUES TELECOM,LTE 2100,ST PIERRE 81360 MONTREDON LABESSONNIE,81182,"43.7367,2.3375",Pylône autostable,"12,5m",ATC FRANCE,2026-07-25,ALL,,False,False
1059869,ORANGE,5G NR 2100,LOU CHAOUSSE (LE CAUSSE) 48000 BADAROUX,48013,"44.5225,3.5508",Pylône autostable,33m,TDF,2026-07-13,AJA,,False,False
1067876,FREE MOBILE,"LTE 1800, LTE 2600",RUE D'ARMORIQUE CENTRAL FT 29259 ILE MOLENE,29084,"48.3972,-4.9567",Pylône autostable,25m,TOTEM,2026-07-28,ALL,,False,True
1074045,BOUYGUES TELECOM,UMTS 2100,AV PAUL VAILLANT COUTURIER TUNNEL DE RACCORDEMENT BD PÉRIPHÉRIQUE 94250 GENTILLY,94037,"48.8167,2.3364",Tunnel,"5,5m",DDE,2008-10-23,SUP,,False,False
1074071,BOUYGUES TELECOM,UMTS 2100,AV PAUL VAILLANT COUTURIER TUNNEL DE RACCORDEMENT BD PÉRIPHÉRIQUE 94250 GENTILLY,94037,"48.8167,2.3367",Tunnel,"4,7m",DDE,2008-10-23,SUP,,False,False
1074077,BOUYGUES TELECOM,UMTS 2100,AV PAUL VAILLANT COUTURIER TUNNEL DE RACCORDEMENT BD PÉRIPHÉRIQUE 94250 GENTILLY,94037,"48.8167,2.3375",Tunnel,5m,DDE,2008-10-23,SUP,,False,False
1086829,ORANGE,GSM 900,35 CHEMIN DES TOURNESOLS ZA RIBAUTE 31130 QUINT FONSEGRIVES,31445,"43.5806,1.5156",Pylône tubulaire,33m,TOTEM,2013-07-19,SUP,,False,False
1107570,SFR,GSM 900,CHEMIN DES ROBERDES 17740 STE MARIE DE RE,17360,"46.1556,-1.3131",Pylône tubulaire,"27,5m",TOTEM,2014-02-17,SUP,,False,False
1133682,ORANGE,"5G NR 700, 5G NR 3500","16, RUE DE LA ROCHEFOUCAULD 93260 LES LILAS",93045,"48.8817,2.4128",Immeuble,40m,Société HLM,2026-07-20,AJA,,False,False
1150838,FREE MOBILE,LTE 2100, (KERVIGUEON) 29940 LA FORET FOUESNANT,29057,"47.9372,-3.9833",Pylône autostable,"37,7m",TOTEM,,SUP,,False,False
1156030,ORANGE,"GSM 900, LTE 2100, 5G NR 700, 5G NR 3500",BOULEBARD DES JUSTES (PÔLE SANTÉ DU VIRVAL) 62100 CALAIS,62193,"50.9406,1.8942",Pylône tubulaire,20m,TOTEM,,AJO,,False,False
1166890,ORANGE,"GSM 900, UMTS 900, LTE 800, LTE 1800, LTE 2100",RUE CLÉMENT GUILBAUD EGLISE 44330 MOUZILLON,44108,"47.1403,-1.2808",Monument religieux,35m,"Commune, communauté de communes",2014-04-07,SUP,,False,False
1175142,ORANGE,"LTE 700, LTE 2100",PRÈS RD 201 (LA HAUT) 97134 ST LOUIS,97126,"15.9556,-61.2469",Pylône autostable,30m,ORANGE,,AJO,,False,False
1186283,BOUYGUES TELECOM,GSM 1800,"17, RUE HAMELIN 75116 PARIS 16",75116,"48.8669,2.2922",Bâtiment,28m,Société Privée,2014-01-30,SUP,,False,False
1190515,SFR,"UMTS 900, 5G NR 2100",7 RUE DE L  UNION AV. DU GÉNÉRAL LECLERC 93120 LA COURNEUVE,93027,"48.9281,2.3831",Immeuble,"39,3m",Société HLM,,SUP,,False,False
1195660,ORANGE,GSM 900,1 IMPASSE MOZART 31140 AUCAMVILLE,31022,"43.6778,1.4164",Pylône tubulaire,22m,TOTEM,2013-08-09,SUP,,False,False
1200496,ORANGE,GSM 900,HAUTACAM (CARDOUET) 65400 BEAUCENS,65077,"42.9733,-0.0036",Pylône autostable,"14,7m",Société Privée,2014-06-05,SUP,,True,False
1203824,SFR,"GSM 1800, UMTS 2100, LTE 1800, LTE 2600",RUE GÉNÉRAL VALERIE ANDRÉ ZA LOUIS BREGUET 78140 VELIZY VILLACOUBLAY,78640,"48.7794,2.1889",Bâtiment,"12,5m",Société Privée,2013-10-16,SUP,,False,False
1237595,ORANGE,LTE 700,VOIE COMMUNALE N° 3 (LA BOUTELAIS) 35560 VAL COUESNON,35004,"48.4744,-1.5264",Pylône autostable,36m,TOTEM,2026-07-30,ALL,,False,False
1273114,BOUYGUES TELECOM,UMTS 900,45 RUE DE LA MONTAT (LE PORT SEC) 42230 ST ETIENNE,42218,"45.4408,4.4014",Immeuble,43m,"Copropriété, Syndic, SCI",,SUP,,False,False
1278559,SFR,"LTE 700, LTE 2600",RUE SAINT FIACRE CHEMIN DU COTEAU (LES CLOS GALOTS) 27700 LES ANDELYS,27016,"49.2508,1.4397",Pylône tubulaire,26m,CELLNEX,2026-07-22,ALL,,False,False
1279076,FREE MOBILE,"LTE 700, LTE 1800, LTE 2100, 5G NR 3500",CHEMIN DE LAMARTINE 13015 MARSEILLE 15,13215,"43.3739,5.3625",Pylône tubulaire,17m,FREE-MOBILE,2026-07-07,ALL,,False,False
1281080,SFR,GSM 900,RUE DE LA FONTAINE 59270 METEREN,59401,"50.7492,2.6956",Pylône autostable,30m,EDF ou GDF,2002-12-20,SUP,,False,False
1283154,FREE MOBILE,5G NR 3500,RUE DE SUFFREN CHEMINÉE 59115 LEERS,59339,"50.6883,3.2236",Bâtiment,30m,Société Privée,2026-07-07,ALL,,False,False
1284096,SFR,GSM 900,1 PLACE SUZANNE VALADON 95200 SARCELLES,95585,"48.9725,2.3836",Immeuble,50m,Société HLM,2015-10-08,SUP,,False,False
1285300,BOUYGUES TELECOM,LTE 2600,231 QUAI SAINT PIERRE CO-PROPRIÉTÉ LES VOILES (LE BRUSC) 83140 SIX FOURS LES PLAGES,83129,"43.0756,5.8022",Bâtiment,"16,1m","Copropriété, Syndic, SCI",2026-07-06,ALL,,False,False
1286129,TELCO OI,5G NR 3500,KOUNGOU VILLAGE 97600 KOUNGOU,97610,"-12.7336,45.2031",Mât béton,14m,Telco OI,2025-06-03,ART,,False,False
1288243,ORANGE,GSM 900,EGLISE DE MONTJOI D.46 82400 MONTJOI,82130,"44.1969,0.9222",Monument religieux,24m,"Commune, communauté de communes",2010-11-29,SUP,,True,False
1290594,BOUYGUES TELECOM,UMTS 2100,CCAL LES 4 TEMPS // PARVIS DE LA DEFENSE (LA DEFENSE) 92800 PUTEAUX,92062,"48.8903,2.2372",Bâtiment,32m,"Copropriété, Syndic, SCI",2008-12-02,SUP,,False,False
1291867,BOUYGUES TELECOM,LTE 1800,D126 / ROUTE DE SENNELY À VIERZON LES ALLICOURTS 41300 PIERREFITTE SUR SAULDRE,41176,"47.5469,2.1811",Pylône autostable,43m,BOUYGUES,,AJO,,False,False
1301825,BOUYGUES TELECOM,"GSM 900, UMTS 900",4 SQUARE D  AMIENS 75020 PARIS 20,75120,"48.8603,2.4108",Immeuble,37m,Société HLM,2019-06-27,SUP,,False,False
1303052,BOUYGUES TELECOM,UMTS 2100,103 CHEM DE PAYENS (STE COLOMBE) 11610 PENNAUTIER,11279,"43.25,2.2875",Pylône autostable,"39,3m",TDF,2009-01-27,SUP,,False,False
1303387,FREE MOBILE,5G NR 3500,2 COURS DE VERDUN 94290 VILLENEUVE LE ROI,94077,"48.7328,2.4075",Immeuble,"15,6m",Particulier,,AJO,,False,False
1304763,ORANGE,GSM 900,10 BD GRIFFOUL DORVAL 31500 TOULOUSE,31555,"43.5892,1.4608",Immeuble,"37,2m","Copropriété, Syndic, SCI",2017-01-31,SUP,,False,False
1306041,BOUYGUES TELECOM,UMTS 2100,29 R EDOUARD VAILLANT HÔTEL MERCURE 37200 TOURS,37261,"47.3869,0.6978",Bâtiment,"32,7m",Société Privée,2025-04-30,SUP,,False,False
1325538,BOUYGUES TELECOM,UMTS 2100,N 198 DOMAINE CASABIANCA (AJE BLANCHE) 20230 LINGUIZZETTA,2B143,"42.1886,9.53",Pylône tubulaire,21m,ATC FRANCE,2018-12-19,SUP,,False,False
1329169,ORANGE,GSM 900, (MIDAOU AYGAT) 65120 SERS,65424,"42.9003,0.0642",Mât,12m,TOTEM,2010-11-02,SUP,,False,False
1329706,ORANGE,"LTE 2600, 5G NR 2100",ZA DU MOULIN ROND-POINT 88140 BULGNEVILLE,88079,"48.2136,5.8236",Pylône tubulaire,35m,TOTEM,2026-07-02,ALL,,False,False
1333196,BOUYGUES TELECOM,LTE 700,63 AVENUE CAP DE CROIX LE BELLA NISSA 06300 NICE,06088,"43.7314,7.2753",Immeuble,25m,"Copropriété, Syndic, SCI",2026-07-17,ALL,,False,False
133345,ORANGE,GSM 900,CHEM DU CHÂTEAU D EAU (LADEVEZE) 65200 ASTUGUE,65043,"43.105,0.0725",Pylône tubulaire,"12,5m",TOTEM,2003-08-16,SUP,,False,False
1333917,PMT-VODAFONE,5G NR 3500,ROUTE DU LOTISSEMENT OVIRI GENDARMERIE (COL DU TAHARAA) 98710 MAHINA,98725,"-17.5156,-149.5025",Pylône autostable,35m,Pacific Mobile Telecom,,AJO,,False,False
1335396,ORANGE,5G NR 700,1695 VIEUX CHEMIN DE L'ABBADIE 06730 ST ANDRE DE LA ROCHE,06114,"43.7503,7.2961",Pylône tubulaire,12m,TOTEM,2026-01-08,ART,,False,False
1335573,ORANGE,"5G NR 700, 5G NR 3500",89 BOULEVARD NAPOLEON II (LE CORAIL B) 06300 NICE,06088,"43.6831,7.2231",Immeuble,"18,5m","Copropriété, Syndic, SCI",,AJO,,False,False
1335980,SFR,LTE 700,GRAND ESSART (LA CROIX DU FRENE) 42590 NEULISE,42156,"45.8903,4.1878",Pylône autostable,28m,TDF,,AJO,,False,False
1336050,BOUYGUES TELECOM,UMTS 2100,R DE LA GARE PROCHE RD 955 PARKING (L'OBETTE) 59198 HASPRES,59285,"50.2636,3.4158",Pylône autostable,38m,TDF,2008-11-25,SUP,,False,False
1344222,BOUYGUES TELECOM,UMTS 2100,1661 AV GAL DE GAULLE (LONG RIDEAU) 59231 GOUZEAUCOURT,59269,"50.0497,3.1128",Pylône autostable,30m,TDF,2018-12-19,SUP,,False,False
1345694,FREE MOBILE,LTE 2100,86 AVENUE MOZART 75116 PARIS 16,75116,"48.8519,2.2678",Immeuble,"29,2m","Copropriété, Syndic, SCI",2026-07-24,ALL,,False,False
1347126,BOUYGUES TELECOM,LTE 2100,CHE DU HOMBERG 68510 RANTZWILLER,68265,"47.6586,7.3642",Pylône autostable,"30,5m",TDF,2026-07-11,ALL,,False,False
1351289,BOUYGUES TELECOM,GSM 1800,CCAL PETITE ARCHE 37200 TOURS,37261,"47.4275,0.6992",Bâtiment,10m,Société Privée,,SUP,,False,False
1351742,ORANGE,GSM 900,ENTREPRISE FRANCOIS BERTE CHEMIN RURAL N°2 (CALIFORNIE) 97232 LE LAMENTIN,97213,"14.6142,-61.0311",Pylône autostable,"20,5m",ORANGE,2016-08-25,SUP,,False,False
1352029,BOUYGUES TELECOM,GSM 1800,R FORT GEISPOLSHEIM MAGASIN ROND POINT 67118 GEISPOLSHEIM,67152,"48.5242,7.6939",Bâtiment,6m,Société Privée,2005-09-06,SUP,,False,False
1352093,ORANGE,GSM 900,3 RUE PIERRE-SIMON LAPLACE (PUNTIS) 31770 COLOMIERS,31149,"43.6111,1.3064",Pylône tubulaire,27m,TOTEM,2014-02-04,SUP,,False,False
1352669,BOUYGUES TELECOM,UMTS 2100,40 R DES 3 FRERES 75018 PARIS 18,75118,"48.8853,2.3397",Bâtiment,20m,"Copropriété, Syndic, SCI",2009-04-03,SUP,,False,False
1353318,BOUYGUES TELECOM,UMTS 2100,CCAL GEANT NIORT CHAURAY 79180 CHAURAY,79081,"46.3414,-0.3828",Bâtiment,"5,6m",Société Privée,2008-12-17,SUP,,False,False
1373947,FREE MOBILE,5G NR 3500,200 R DE LA RECHERCHE 59650 VILLENEUVE D ASCQ,59009,"50.6506,3.1494",Pylône autostable,37m,HIVORY,2026-07-07,ALL,,False,False
1377233,SFR,GSM 900,11 RUE PITOT 30900 NIMES,30189,"43.8442,4.3714",Bâtiment,"20,4m",Société HLM,2017-01-24,SUP,,False,False
1377749,ORANGE,5G NR 700,CHEMIN DU BOIS RÉSERVOIR DÉSAFFECTÉ 77124 PENCHARD,77358,"48.9878,2.8567",Pylône autostable,30m,TOTEM,,AJO,,False,False
1377749,ORANGE,LTE 700,CHEMIN DU BOIS RÉSERVOIR DÉSAFFECTÉ 77124 PENCHARD,77358,"48.9878,2.8567",Pylône autostable,30m,TOTEM,,SUP,,False,False
1380836,SFR,GSM 900,AVENUE INFROIT STADE INFROIT 93420 VILLEPINTE,93078,"48.9503,2.5628",Pylône tubulaire,31m,HIVORY,2015-03-16,SUP,,False,False
1382670,FREE MOBILE,"LTE 2100, 5G NR 700","4, RUE CASSINI 44300 NANTES",44109,"47.2144,-1.5653",Immeuble,"31,6m",Particulier,2026-07-24,ALL,,False,False
1382700,BOUYGUES TELECOM,UMTS 2100,146 AVENUE ROGER SALENGRO (LE CASTEL) 69100 VILLEURBANNE,69266,"45.78,4.8831",Bâtiment,34m,"Copropriété, Syndic, SCI",2007-03-07,SUP,,False,False
1385662,FREE MOBILE,LTE 2600,CHEMIN DUMONT CHEM RURAL N° 11 59273 FRETIN,59256,"50.5661,3.1369",Pylône tubulaire,30m,TOTEM,,SUP,,False,True
1386390,SFR,GSM 900,42 CHEM DE LA POTERNE COMPAGNIE DE CHAUFFAGE INTERCOMMUNALE 38100 GRENOBLE,38185,"45.1731,5.7514",Bâtiment,65m,Société Privée,2017-08-04,SUP,,False,False
1388273,SFR,"GSM 900, UMTS 900, LTE 700, LTE 800, LTE 1800, LTE 2100, LTE 2600, 5G NR 3500",17 AVENUE SIMONE 59110 LA MADELEINE,59368,"50.6486,3.0756",Immeuble,29m,"Copropriété, Syndic, SCI",,SUP,,False,True
1388718,FREE MOBILE,5G NR 3500,20 RUE DU MARECHAL JOFFRE 78000 VERSAILLES,78646,"48.795,2.1211",Immeuble,"21,4m","Copropriété, Syndic, SCI",2026-07-07,ALL,,False,False
1388790,BOUYGUES TELECOM,LTE 1800,CHE DU DOMAINE DE SARLANT FONTCRÉPON (PRÉ FOUCAUD) 63270 YRONDE ET BURON,63472,"45.5992,3.245",Pylône autostable,30m,TDF,2026-07-15,ALL,,False,False
1391680,ORANGE,"UMTS 900, LTE 700, LTE 2100, 5G NR 3500", (ROUTE DE BEAUSOLEIL) 97119 VIEUX HABITANTS,97134,"16.0539,-61.7578",Pylône autostable,25m,DIGICEL,,AJO,,False,False
1392358,SFR,GSM 900,"4, AVENUE DU MONT ALBAN RÉSIDENCE LA PERGOLA 06300 NICE",06088,"43.7003,7.2883",Bâtiment,"20,7m","Copropriété, Syndic, SCI",2015-02-23,SUP,,False,False
1395551,BOUYGUES TELECOM,"LTE 2100, 5G NR 2100",PL DU FRAYER 60960 FEUQUIERES,60233,"49.6442,1.8408",Château d'eau - réservoir,40m,"Commune, communauté de communes",,AJO,,False,False
1398590,ORANGE,GSM 900,4 B R ALAIN FOURNIER SAINT MARTIN DU TOUCH 31500 TOULOUSE,31555,"43.6075,1.3706",Bâtiment,29m,Société Privée,2012-11-19,SUP,,False,False
1399113,SFR,LTE 700, (KERIULGUEN) 22260 ST CLET,22283,"48.6722,-3.1172",Pylône autostable,50m,TDF,,AJO,,False,False
1399157,ORANGE,GSM 900,ROUTE DE LEVIGNAC 31820 PIBRAC,31417,"43.6108,1.2631",Château d'eau - réservoir,34m,"Commune, communauté de communes",2012-07-30,SUP,,False,False
1400160,SFR,GSM 900,BOIS DES SOURCES DU PEUGUE RUE DES SOURCES DU PEUGUE 33600 PESSAC,33318,"44.7872,-0.7039",Pylône autostable,38m,TOTEM,2021-07-28,SUP,,False,False
1402743,BOUYGUES TELECOM,"LTE 700, LTE 1800, LTE 2100, 5G NR 2100",FONT-PAULE (SORBIER DE MADAME) 30650 SAZE,30315,"43.9336,4.7042",Pylône autostable,25m,HIVORY,2026-07-23,ALL,,False,False
1402743,SFR,"LTE 700, LTE 1800, LTE 2100, 5G NR 2100",FONT-PAULE (SORBIER DE MADAME) 30650 SAZE,30315,"43.9336,4.7042",Pylône autostable,25m,HIVORY,,AJO,,False,False
1402747,BOUYGUES TELECOM,UMTS 2100, (LE PECH) 11500 ST FERRIOL,11341,"42.8978,2.2108",Pylône autostable,15m,TDF,2008-11-25,SUP,,False,False
1403242,ORANGE,"5G NR 700, 5G NR 3500",20 RUE GAMBETTA CONSERVATOIRE 51100 REIMS,51454,"49.25,4.0356",Bâtiment,24m,"Commune, communauté de communes",,AJO,,False,False
1404154,BOUYGUES TELECOM,5G NR 2100,LES LOGES 51230 FERE CHAMPENOISE,51248,"48.7597,3.9803",Pylône autostable,49m,TDF,2026-07-11,ALL,,False,False
1404681,FREE MOBILE,5G NR 700,AV WINSTON CHURCHILL RÉSIDENCE ARDENNE 08200 SEDAN,08409,"49.705,4.9425",Bâtiment,"42,4m",Société HLM,2026-07-28,ALL,,False,False
1405260,BOUYGUES TELECOM,UMTS 2100,6499 ROUTE DE NISCEVILLE (LA PELLE A FOUR) 77570 CHATEAU LANDON,77099,"48.1422,2.6883",Pylône autostable,41m,BOUYGUES,2016-12-21,SUP,,False,False
1406194,SFR,GSM 900,29 BOULEVARD DOMENGET 73100 AIX LES BAINS,73008,"45.6967,5.9081",Immeuble,"45,3m","Copropriété, Syndic, SCI",1998-09-03,SUP,,False,False
1407691,SFR,LTE 700,LA BOUIE LES VILLES POILES 56220 CADEN,56028,"47.6292,-2.2731",Pylône autostable,34m,TDF,,AJO,,False,False
1412246,ORANGE,GSM 900,RUE ANDRÉ BÉTEILLE ZAC AÉROCONSTELLATION BÂTIMENT L67 - USINE JEAN LUC LAGARDÈRE 31700 CORNEBARRIEU,31150,"43.6572,1.355",Bâtiment,"48,5m",Société Privée,2004-12-18,SUP,,False,False
1413361,BOUYGUES TELECOM,LTE 2600,38/40 R DE GALILÉE 75116 PARIS 16,75116,"48.87,2.2967",Immeuble,"29,3m","Copropriété, Syndic, SCI",2026-07-20,ALL,,False,False
1413425,ORANGE,GSM 900,32 RUE PIERRE CAZENEUVE 31500 TOULOUSE,31555,"43.6175,1.4436",Immeuble,"36,9m","Copropriété, Syndic, SCI",2015-07-16,SUP,,False,False
1414378,ORANGE,"LTE 700, LTE 800",CHEM RURAL DIT DU BOIS DU MOIREAU (LE HAUT DE LA GAYENNE) 02820 MONTAIGU,02498,"49.5361,3.8169",Pylône autostable,42m,TDF,2026-07-31,AAV,,False,True
1414384,BOUYGUES TELECOM,UMTS 2100,3 RUE ALBERT SCHWEITZER 68040 INGERSHEIM,68155,"48.0947,7.3069",Immeuble,18m,Société HLM,2009-08-05,SUP,,False,False
1414780,ORANGE,GSM 900,"31 BIS , ROUTE DE SEYSSES 31500 TOULOUSE",31555,"43.5486,1.3897",Pylône tubulaire,21m,TOTEM,2014-09-26,SUP,,False,False
141639,ORANGE,GSM 900,25 R JEAN-FRANÇOIS ROMIEU 31600 MURET,31395,"43.4806,1.3408",Pylône tubulaire,25m,TOTEM,2012-09-06,SUP,,False,False
1421973,PMT-VODAFONE,5G NR 3500,RUE MATATEVAI PK3.5 EST 98716 PIRAE,98736,"-17.5236,-149.5408",Pylône arbre,20m,Pacific Mobile Telecom,,AJO,,False,False
1422587,SFR,LTE 2600,ROUTE NATIONALE 176 (LE GAUGRAY) 50640 BUAIS LES MONTS,50090,"48.5444,-1.0025",Pylône tubulaire,"37,7m",TDF,2026-07-01,ART,,False,False
1424786,BOUYGUES TELECOM,UMTS 2100,"61, GRANDE RUE RD 142 CHATEAU D'EAU 78440 DROCOURT",78202,"49.0597,1.7636",Château d'eau - réservoir,60m,"Syndicat des eaux, Adduction",2010-12-10,SUP,,False,False
1424804,BOUYGUES TELECOM,GSM 1800,350 AVENUE JEAN JAURES 89 ALL PIERRE DE COUBERTIN (STADE GERLAND) 69007 LYON 07,69387,"45.7236,4.8322",Bâtiment,25m,"Commune, communauté de communes",2019-06-27,SUP,,False,False
1426564,BOUYGUES TELECOM,LTE 2100,RUE GUSTAVE SCRIVE 59110 LA MADELEINE,59368,"50.6611,3.0631",Pylône autostable,30m,CELLNEX,2026-07-07,ALL,,False,False
1426638,BOUYGUES TELECOM,UMTS 2100,RUE DE L'INDÉPENDANCE AMÉRICAINE CHÂTEAU DE VERSAILLES (AILE DU MIDI) 78000 VERSAILLES,78646,"48.8028,2.1194",Monument historique,15m,"État, Ministère",2008-04-16,SUP,,False,False
1426891,BOUYGUES TELECOM,LTE 700,RESERVOIR (JUSTICOU) 29690 POULLAOUEN,29227,"48.3392,-3.6364",Pylône autostable,30m,TDF,,AJO,,False,False
1427355,BOUYGUES TELECOM,LTE 2100,CHEM DES VERDILLIERES (LES VARENNES) 17610 CHANIERS,17086,"45.7442,-0.5203",Pylône autostable,49m,TDF,2026-07-17,ALL,,False,False
1432236,BOUYGUES TELECOM,UMTS 2100,AV DE LANGRES CTE COMMERCIAL LA TOISON D'OR 21000 DIJON,21231,"47.3578,5.0514",Bâtiment,15m,Société Privée,2008-04-16,SUP,,False,False
1432686,BOUYGUES TELECOM,UMTS 2100,RD 75  RÉSERVOIR (CROIX DES VIGNES) 57580 BECHY,57057,"48.99,6.3825",Pylône tubulaire,"33,5m",TDF,2022-06-30,SUP,,False,False
1433626,ORANGE,GSM 900,141 CHEMIN DE BASSO CAMBO 31500 TOULOUSE,31555,"43.5633,1.3858",Pylône tubulaire,27m,TOTEM,2015-02-05,SUP,,False,False
1434131,BOUYGUES TELECOM,UMTS 2100,25 BD BELLEVILLE 75011 PARIS 11,75111,"48.8686,2.3806",Bâtiment,"31,1m",Société Privée,2018-05-30,SUP,,False,False
1434450,ORANGE,"LTE 800, LTE 2600, 5G NR 700, 5G NR 3500",AV KLEBER IMM OPAC AMPÈRE 54270 ESSEY LES NANCY,54184,"48.7042,6.2292",Immeuble,19m,Société HLM,2026-07-02,ALL,,False,False
1434468,BOUYGUES TELECOM,"GSM 900, GSM 1800, UMTS 900, UMTS 2100",TUNNEL QUAI ANDRÉ CITROËN PRÈS DU PARC ANDRÉ CITROËN (PORT DE JAVEL) 75015 PARIS 15,75115,"48.8422,2.2725",Tunnel,11m,"Commune, communauté de communes",2021-07-20,SUP,,False,False
1434472,BOUYGUES TELECOM,UMTS 2100,R DE L'ARRIVÉE - TUN DU MAINE 75015 PARIS 15,75115,"48.8414,2.3214",Tunnel,6m,"Commune, communauté de communes",2018-05-30,SUP,,False,False
1434486,BOUYGUES TELECOM,"GSM 900, GSM 1800, UMTS 2100",TUNNEL A86 AV DE LA DIVISION LECLERC 94260 FRESNES,94034,"48.7581,2.3264",Tunnel,"7,5m",DDE,2018-07-19,SUP,,False,False
1437031,ORANGE,"LTE 800, 5G NR 700",DÉCHETTERIE (PETITE BUSSIÈRE) 25410 ST VIT,25527,"47.1825,5.8314",Pylône autostable,30m,HIVORY,2026-07-30,ALL,,False,True
1437271,ORANGE,5G NR 2100, (LA CARRIERE) 52300 DONJEUX,52175,"48.3486,5.15",Pylône autostable,"42,5m",TDF,,AJO,,False,False
1438813,BOUYGUES TELECOM,GSM 1800,CARRIÈRE PERASSO CHEMIN COMM DU VALLON DE TOULOUSE 13010 MARSEILLE 10,13210,"43.2647,5.4322",Silo,"44,2m",Société Privée,2016-01-08,SUP,,False,False
1440243,BOUYGUES TELECOM,LTE 2100,LA GRANDE CHARME NATIONALE 19 (HAUT DE TINVAU) 52000 EUFFIGNEIX,52193,"48.1408,5.0408",Pylône autostable,45m,TDF,2026-07-20,ALL,,False,False
1440335,BOUYGUES TELECOM,LTE 2100,CHEM D'EXPLOITATION N°31 (LE BAUCHET) 51220 LOIVRE,51329,"49.3458,3.9711",Pylône tubulaire,44m,TDF,2026-07-20,ALL,,False,False
1441339,BOUYGUES TELECOM,"LTE 2100, 5G NR 2100",PROCHE RESERVOIR (LA POMME) 43190 TENCE,43244,"45.1056,4.2936",Pylône autostable,32m,TDF,,AJO,,False,False
1442504,ORANGE,5G NR 2100, (LES BRÛLÉES) 71200 ST SERNIN DU BOIS,71479,"46.8383,4.4264",Pylône autostable,31m,HIVORY,,AJO,,False,False
1442548,FREE MOBILE,,CHEM DÉPARTEMENTAL 46 ROUTE DE MARMILLON (MALATRA LE HAUT) 38200 ST SORLIN DE VIENNE,38459,"45.4744,4.9228",Pylône autostable,"34,2m",HIVORY,2022-03-31,CHH,30m,False,False
1442548,SFR,,CHEM DÉPARTEMENTAL 46 ROUTE DE MARMILLON (MALATRA LE HAUT) 38200 ST SORLIN DE VIENNE,38459,"45.4744,4.9228",Pylône autostable,"34,2m",HIVORY,2021-05-27,CHH,30m,False,False
1443530,BOUYGUES TELECOM,"LTE 700, LTE 1800, LTE 2100, 5G NR 2100",VOIE COMMUNALE N°107 (LA CAVE TRAVERSIÈRE) 11110 COURSAN,11106,"43.2617,3.0569",Pylône autostable,"45,5m",HIVORY,2026-07-23,ALL,,False,False
1443559,BOUYGUES TELECOM,UMTS 2100,CHEM RURAL N 54 MARE AUX CHEVAUX 78680 EPONE,78217,"48.9467,1.8006",Pylône autostable,25m,HIVORY,2019-04-29,SUP,,False,False
1443625,BOUYGUES TELECOM,UMTS 2100, (GUIRAUD VAYLE) 81500 GIROUSSENS,81104,"43.7683,1.81",Pylône autostable,39m,TDF,2009-02-18,SUP,,False,False
1443641,BOUYGUES TELECOM,5G NR 2100, (LE CAMBON) 81200 CAUCALIERES,81066,"43.5222,2.3172",Pylône autostable,"13,6m",TDF,,AJO,,False,False
1444806,FREE MOBILE,"LTE 2100, 5G NR 700",D 125 (BLANCHONNE) 26120 MONTMEYRAN,26206,"44.8228,4.9681",Pylône autostable,41m,TOTEM,2026-07-24,ALL,,False,False
1445241,FREE MOBILE,5G NR 3500,22 RUE DE LESSEPS 75020 PARIS 20,75120,"48.8594,2.4",Immeuble,"24,8m",Société Privée,2026-07-24,ALL,,False,False
1445496,BOUYGUES TELECOM,UMTS 2100,RD 63 (POIRIER LA MOTTE) 51800 STE MENEHOULD,51507,"49.0728,4.9025",Pylône autostable,39m,TDF,2018-12-13,SUP,,False,False
1446835,ORANGE,GSM 900,115 AVE ALBERT BEDOUCE 31500 TOULOUSE,31555,"43.5814,1.4619",Immeuble,39m,"Copropriété, Syndic, SCI",1996-10-31,SUP,,False,False
1448005,SFR,GSM 900,21 R INGÉNIEUR BERTIN Z.I. DE DIJON 21600 LONGVIC,21355,"47.2953,5.0314",Pylône tubulaire,40m,HIVORY,2014-09-10,SUP,,False,False
1448045,FREE MOBILE,"LTE 2100, 5G NR 700", (BOIS DU TUREAU) 89470 MONETEAU,89263,"47.8522,3.5953",Pylône autostable,30m,HIVORY,2026-07-24,ALL,,False,False
1449825,FREE MOBILE,"LTE 2100, 5G NR 700",LE MOULIN TOPART 62144 CARENCY,62213,"50.3864,2.6875",Pylône tubulaire,30m,HIVORY,2026-07-24,ALL,,False,False
1450683,SFR,GSM 900, (HARTH) 68150 HUNAWIHR,68147,"48.1747,7.3089",Pylône autostable,21m,TDF,2017-01-13,SUP,,False,False
1452061,BOUYGUES TELECOM,UMTS 2100,BOIS GRILLET (BOIS GRILLET) 17600 BALANZAC,17030,"45.7453,-0.855",Pylône autostable,"39,4m",TDF,2016-09-13,SUP,,False,False
1453275,ORANGE,"LTE 2100, LTE 2600",MAS DU CURÉ (LA PLAINE BASSE) 34110 VIC LA GARDIOLE,34333,"43.4747,3.7767",Pylône autostable,40m,HIVORY,2026-06-29,ART,,False,False
1453966,BOUYGUES TELECOM,UMTS 2100,CHEMIN DES CHARBONNIERS R DE VAUBOYEN GARE DE VAUBOYEN 78350 JOUY EN JOSAS,78322,"48.7592,2.1919",Bâtiment,"8,7m",SNCF Réseau,2018-05-30,SUP,,False,False
1454117,SFR,GSM 900,PLACE ARISTIDE BRIAND ANCIEN HOPITAL HOTEL-DIEU 84200 CARPENTRAS,84031,"44.0514,5.0486",Bâtiment,19m,Société Privée,2014-09-10,SUP,,False,False
1454389,ORANGE,"LTE 2100, 5G NR 700, 5G NR 3500", (LES BILLIONNIERES) 38140 APPRIEU,38013,"45.3897,5.4925",Pylône autostable,34m,ATC FRANCE,2026-07-09,ALL,,False,False
1454413,SFR,GSM 900, (LES PLAINES) 30650 SAZE,30315,"43.9358,4.7203",Pylône autostable,25m,HIVORY,2007-01-11,SUP,,False,False
1454471,ORANGE,"LTE 2100, 5G NR 700, 5G NR 3500", (SCHWALL) 67112 BREUSCHWICKERSHEIM,67065,"48.575,7.5967",Pylône autostable,30m,HIVORY,,AJO,,False,False
1454471,ORANGE,LTE 700, (SCHWALL) 67112 BREUSCHWICKERSHEIM,67065,"48.575,7.5967",Pylône autostable,30m,HIVORY,2022-03-22,SUP,,False,False
1454903,SFR,"LTE 700, LTE 2600", (PENFRAT HUELLA GOAREN) 29710 PLOGASTEL ST GERMAIN,29167,"47.9619,-4.3081",Pylône autostable,45m,HIVORY,2026-07-01,ART,,False,False
1454920,FREE MOBILE,,BLANCHARD 73800 PORTE DE SAVOIE,73151,"45.5111,5.9958",Pylône autostable,28m,ATC FRANCE,2025-10-27,CHI,2812339,False,True
1455331,BOUYGUES TELECOM,UMTS 2100,LE PRE PONCE CHEM DE LA RUAZ 74140 YVOIRE,74315,"46.3678,6.3289",Pylône autostable,23m,ATC FRANCE,2019-12-19,SUP,,False,False
1456324,FREE MOBILE,"LTE 2100, 5G NR 700",ROUTE DE CADARS 82700 MONTECH,82125,"43.9561,1.2444",Pylône autostable,34m,HIVORY,2026-07-07,ALL,,False,False
1456336,BOUYGUES TELECOM,"LTE 700, LTE 2100, 5G NR 2100",CHEMIN RURAL (LA TROCHERIE) 41600 CHAUMONT SUR THARONNE,41046,"47.6094,1.9144",Pylône autostable,37m,TOTEM,2026-07-23,ALL,,False,False
1456336,SFR,"LTE 700, LTE 2100, 5G NR 2100",CHEMIN RURAL (LA TROCHERIE) 41600 CHAUMONT SUR THARONNE,41046,"47.6094,1.9144",Pylône autostable,37m,TOTEM,,AJO,,False,False
1457704,BOUYGUES TELECOM,LTE 2100,RD 18 (BOIS DU MOULIN DES CHENIÈRES) 54720 CUTRY,54151,"49.4953,5.7469",Pylône autostable,27m,ATC FRANCE,2026-07-20,ALL,,False,False
1457775,FREE MOBILE,"LTE 2100, 5G NR 700",ROUTE DE LA LUSIGNANE (LES CREMADES) 84860 CADEROUSSE,84027,"44.1086,4.7747",Pylône autostable,35m,TOTEM,2026-07-24,ALL,,False,False
145945,ORANGE,"5G NR 700, 5G NR 3500",PEASE DI LAVA 20167 ALATA,2A006,"41.9825,8.6733",Pylône tubulaire,12m,TOTEM,2026-07-16,ALL,,False,False
1461907,SFR,5G NR 3500,RTE DE COLTAINVILLE PONT DE BOIS 28300 ST PREST,28358,"48.49,1.54",Pylône autostable,30m,HIVORY,2026-07-01,ART,,False,False
1462506,BOUYGUES TELECOM,LTE 2100,LONGEVILLE 38300 SEREZIN DE LA TOUR,38481,"45.5622,5.3369",Pylône autostable,21m,TDF,2026-07-17,ALL,,False,False
1463973,SFR,GSM 900,LES VINCENTES (LE PETIT CHIRAC) 26760 BEAUMONT LES VALENCE,26037,"44.8778,4.9544",Pylône tubulaire,30m,BOUYGUES,2015-07-20,SUP,,False,False
1464259,SFR,GSM 900,GARE DE DÉPART DU NOUVEAU TÉLÉPHÉRIQUE DE BELLEVAR (LES LÈCHES) 73150 VAL D ISERE,73304,"45.4467,6.9767",Bâtiment,16m,Société Privée,2015-09-08,SUP,,False,False
1464390,BOUYGUES TELECOM,UMTS 2100,41 CHEM DE LA CHIRADIE 69530 BRIGNAIS,69027,"45.6694,4.7644",Pylône tubulaire,"27,5m",CELLNEX,2018-05-30,SUP,,False,False
1466041,ORANGE,"LTE 2100, 5G NR 3500",RUE PIERRE RAMALINGON (LA RETRAITE) 97122 BAIE MAHAULT,97103,"16.2256,-61.6194",Pylône autostable,32m,ORANGE,,AJO,,False,False
1468618,SFR,LTE 700,CHEM VERS PUY DE CHEZ FUROT (PINDOGNE) 23260 BASVILLE,23017,"45.8861,2.4131",Pylône autostable,43m,TDF,,AJO,,False,False
1468654,ORANGE,"LTE 800, LTE 1800, LTE 2100, LTE 2600",RUE DES ATELIERS 37700 ST PIERRE DES CORPS,37233,"47.3825,0.7119",Château d'eau - réservoir,"31,8m","Syndicat des eaux, Adduction",2018-02-28,SUP,,False,False
1468680,SFR,GSM 900,R DES MIMOSAS 57730 MACHEREN,57428,"49.1025,6.7636",Pylône tubulaire,30m,TDF,2024-07-11,SUP,,True,False
1468883,BOUYGUES TELECOM,UMTS 2100,BD PÉRIPH - PTE DAUPHINE 75116 PARIS 16,75116,"48.8719,2.2736",Tunnel,7m,"Commune, communauté de communes",2018-05-30,SUP,,False,False
1470260,ORANGE,"LTE 700, LTE 800, LTE 1800, 5G NR 2100", (LES BOIS) 74150 VALLIERES SUR FIER,74289,"45.9239,5.915",Pylône autostable,31m,TDF,,AJO,,False,True
1471152,ORANGE,"GSM 900, GSM 1800, UMTS 900, LTE 800, LTE 1800, LTE 2100, LTE 2600",40 RUE CROWBOROUGH SAMU 45200 MONTARGIS,45208,"47.9942,2.7433",Immeuble,65m,Société HLM,2006-08-07,SUP,,False,False
1471227,SFR,LTE 700,STATION D'EPURATION (LE GD CHAMBOURG) 85190 LA GENETOUZE,85098,"46.7347,-1.5086",Pylône autostable,34m,ATC FRANCE,2026-07-22,ALL,,False,False
1474146,ORANGE,"5G NR 700, 5G NR 3500",RUE DU CHÂTEAU PARKING DE L'ÉGLISE 78250 MEZY SUR SEINE,78403,"48.9981,1.8792",Pylône autostable,"35,1m",TOTEM,2026-07-06,AJA,,False,False
1474182,BOUYGUES TELECOM,LTE 700,LES VARENNES 36200 ST MARCEL,36200,"46.6075,1.5044",Pylône autostable,"35,3m",HIVORY,,AJO,,False,False
1475918,BOUYGUES TELECOM,LTE 2100, (A VELOMOIS) 54840 GONDREVILLE,54232,"48.6725,5.9558",Pylône autostable,37m,ATC FRANCE,2026-07-20,ALL,,False,False
1475936,BOUYGUES TELECOM,UMTS 900,110 RUE JEAN-PIERRE TIMBAUD 75011 PARIS 11,75111,"48.8683,2.3797",Immeuble,"46,7m",Société HLM,,SUP,,False,False
1478767,SFR,GSM 900,RUE DE LA BIETTE 59249 FROMELLES,59257,"50.6103,2.8442",Pylône tubulaire,27m,HIVORY,2003-11-13,SUP,,False,False
1478795,ORANGE,GSM 900,2 RUE DES ALOUETTES (ALARIC) 65800 AUREILHAN,65047,"43.2467,0.09",Bâtiment,24m,ORANGE Services Fixes,2006-02-24,SUP,,False,False
1478900,SFR,GSM 900,R DU GRAND RENG (AU DESSUS DES ROQUETTES) 59164 MARPENT,59385,"50.3031,4.0775",Pylône autostable,45m,SFR,2002-12-17,SUP,,False,False
1479193,SFR,GSM 900,60 RUE DE LA DHUYS 93130 NOISY LE SEC,93053,"48.8786,2.4608",Immeuble,"38,3m",Société HLM,2019-08-19,SUP,,False,False
1479590,TELCO OI,LTE 2100,RESERVOIR SOGEA MAJI HAUT 97600 KOUNGOU,97610,"-12.7567,45.2222",Mât béton,14m,Telco OI,2025-06-03,ART,,False,False
1482536,BOUYGUES TELECOM,GSM 1800,CHEMIN DE LA CROIX CATELAN RACING CLUB DE FRANCE LAGARDÈRE PARIS RACING (CROIX-CATÉLAN) 75116 PARIS 16,75116,"48.8644,2.2558",Bâtiment,12m,Société Privée,1998-08-03,SUP,,False,False
1483742,SFR,GSM 900,17-19 COURS ARISTIDE BRIAND 13150 TARASCON,13108,"43.8031,4.6575",Bâtiment,"21,9m","Copropriété, Syndic, SCI",2018-02-09,SUP,,False,False
1483757,ORANGE,GSM 900, (PECH D'AUJOL) 46200 SOUILLAC,46309,"44.9039,1.4681",Pylône autostable,30m,TOTEM,2015-02-03,SUP,,False,False
1484548,FREE MOBILE,LTE 2100,ROUTE DE CRASTILLE (TROUSSAS) 33121 CARCANS,33097,"45.0753,-1.0086",Pylône autostable,"35,7m",TOTEM,,SUP,,False,False
1487711,BOUYGUES TELECOM,"LTE 700, LTE 2600", (LES ORBIDAS) 36110 LEVROUX,36093,"46.9764,1.6006",Pylône autostable,"43,6m",TDF,,AJO,,False,False
1487711,ORANGE,"LTE 2100, 5G NR 700, 5G NR 3500", (LES ORBIDAS) 36110 LEVROUX,36093,"46.9764,1.6006",Pylône autostable,"43,6m",TDF,,AJO,,False,False
1487711,ORANGE,LTE 700, (LES ORBIDAS) 36110 LEVROUX,36093,"46.9764,1.6006",Pylône autostable,"43,6m",TDF,2020-11-17,SUP,,False,False
1489276,BOUYGUES TELECOM,LTE 2100,D 98 (LE COIN DU BOIS BRÛLÉ) 54300 HERIMENIL,54260,"48.5608,6.5072",Pylône autostable,35m,HIVORY,2026-07-20,ALL,,False,False
1489288,SFR,"LTE 700, LTE 2600",R DES RELIGIEUSES (ZA CLOS DES SABLONIERES) 41400 MONTRICHARD VAL DE CHER,41151,"47.3503,1.1822",Pylône tubulaire,25m,HIVORY,,AJO,,False,False
1490006,ORANGE,GSM 900,ROUTE DE MAURYS STADE MUNICIPAL 31150 GRATENTOUR,31230,"43.725,1.4411",Pylône tubulaire,"31,6m",TOTEM,2015-01-27,SUP,,False,False
1492030,BOUYGUES TELECOM,, (AU TERRIBLE) 24100 ST LAURENT DES VIGNES,24437,"44.8319,0.4331",Pylône autostable,51m,TDF,2021-09-29,CHL,"44.83277777777778 , 0.4327777777777778",False,False
1492030,FREE MOBILE,, (AU TERRIBLE) 24100 ST LAURENT DES VIGNES,24437,"44.8319,0.4331",Pylône autostable,51m,TDF,2020-12-15,CHI,2161633,False,True
1492030,SFR,, (AU TERRIBLE) 24100 ST LAURENT DES VIGNES,24437,"44.8319,0.4331",Pylône autostable,51m,TDF,2021-09-21,CHL,"44.83277777777778 , 0.4327777777777778",False,False
1495744,SFR,LTE 700,ROUTE DE PERRIERS TERRAIN DE SPORT (LA FERME D'ANDELLE) 27380 CHARLEVAL,27151,"49.375,1.3778",Pylône tubulaire,30m,SFR,2026-07-08,ALL,,False,False
1497359,FREE MOBILE,"LTE 2100, LTE 2600",CHEMIN RURAL (BOIS DE LA TILLAYE) 14370 MEZIDON VALLEE D AUGE,14431,"49.0986,0.0503",Pylône autostable,30m,TOTEM,,SUP,,False,True
1500103,ORANGE,GSM 900,RUE DE L'EGALITÉ (LA CASTAGNÈRE) 65130 CAPVERN,65127,"43.1128,0.3161",Pylône autostable,"20,7m",TDF,2015-02-19,SUP,,False,False
1503157,ORANGE,5G NR 700,RUE DU VAL D'OR 92210 ST CLOUD,92064,"48.8572,2.2164",Pylône tubulaire,"20,1m",TOTEM,,AJO,,False,False
1503157,ORANGE,"UMTS 2100, LTE 700",RUE DU VAL D'OR 92210 ST CLOUD,92064,"48.8572,2.2164",Pylône tubulaire,"20,1m",TOTEM,2007-10-07,SUP,,False,False
1505570,FREE MOBILE,"LTE 2100, 5G NR 700",LES GRANDS PINS (LA SAUQUE) 33650 LA BREDE,33213,"44.6883,-0.5028",Pylône tubulaire,43m,HIVORY,2026-07-24,ALL,,False,False
1505593,BOUYGUES TELECOM,LTE 700,STATION D'ÉPURATION (LA TONNELLE) 14670 TROARN,14712,"49.1839,-0.2153",Pylône tubulaire,29m,HIVORY,2026-07-13,ALL,,False,False
1509674,ORANGE,GSM 900,170 CHEMIN DE LESTANG 31500 TOULOUSE,31555,"43.5739,1.3969",Immeuble,"31,8m","Copropriété, Syndic, SCI",2015-04-07,SUP,,False,False
1511311,BOUYGUES TELECOM,"LTE 1800, LTE 2100, 5G NR 2100",LES PEYRETTES SUD 46170 CASTELNAU MONTRATIER,46063,"44.2831,1.3564",Pylône autostable,34m,ATC FRANCE,2026-07-26,AJA,,False,False
1511412,FREE MOBILE,5G NR 3500, (MIRANDA) 64310 ST PEE SUR NIVELLE,64495,"43.3492,-1.5553",Pylône tubulaire,24m,ATC FRANCE,2026-07-07,ALL,,False,False
1512040,BOUYGUES TELECOM,LTE 2100,ECH DE TULLE-NORD (LA GENESTE) 19460 NAVES,19146,"45.3258,1.7583",Pylône autostable,30m,HIVORY,2026-07-22,ALL,,False,False
1513339,ORANGE,"LTE 2100, 5G NR 3500",7 RUE DE L'HOPITAL MAISON DE RETRAITE 80135 ST RIQUIER,80716,"50.135,1.9447",Bâtiment,22m,Établissement de soins,2026-07-02,ALL,,False,False
1513343,FREE MOBILE,5G NR 700,CHEMIN RURAL JULIAN ET D'AIGUEBONNE (LE MOULIN A HUILE) 34110 VIC LA GARDIOLE,34333,"43.4892,3.7897",Pylône autostable,30m,HIVORY,2026-07-28,ALL,,False,False
1513952,BOUYGUES TELECOM,UMTS 2100,CHEM RURAL DIT DU BECQUEREL STADE COMMUNAL (LE BECQUEREL) 62860 ECOURT ST QUENTIN,62284,"50.2553,3.0833",Pylône autostable,32m,ATC FRANCE,2008-11-28,SUP,,False,False
1517477,BOUYGUES TELECOM,UMTS 2100,1 R PLEYEL EDF AMPERE PATIOS 93380 ST DENIS,93066,"48.9203,2.3408",Immeuble,26m,EDF ou GDF,2015-03-20,SUP,,False,False
1518351,BOUYGUES TELECOM,UMTS 2100,RUE DES CHAMPS COMPLEXE SPORTIF 67500 WEITBRUCH,67523,"48.7603,7.7728",Pylône tubulaire,"31,5m",ATC FRANCE,2008-10-02,SUP,,False,False
1518424,ORANGE,5G NR 700,AV DU PEBRE D'AIL RESERVOIRS (CHAPELLE ST JEAN) 83630 REGUSSE,83102,"43.6656,6.1275",Pylône autostable,29m,ATC FRANCE,2026-07-10,AJA,,False,False
1518424,ORANGE,"LTE 2100, 5G NR 3500",AV DU PEBRE D'AIL RESERVOIRS (CHAPELLE ST JEAN) 83630 REGUSSE,83102,"43.6656,6.1275",Pylône autostable,29m,ATC FRANCE,,AJO,,False,False
1518424,ORANGE,LTE 700,AV DU PEBRE D'AIL RESERVOIRS (CHAPELLE ST JEAN) 83630 REGUSSE,83102,"43.6656,6.1275",Pylône autostable,29m,ATC FRANCE,2024-07-12,SUP,,False,False
1519029,ORANGE,GSM 900,LES NODOS DE DESSUS (LES NOYERS) 31210 CLARAC,31147,"43.1119,0.6189",Pylône tubulaire,22m,TOTEM,1997-11-28,SUP,,False,False
1520728,ORANGE,5G NR 2100,FERME DE LA REMONTÉE (MONT DE CHAUX) 08400 BAIRON ET SES ENVIRONS,08116,"49.5228,4.7975",Pylône autostable,47m,TOTEM,2026-07-08,ALL,,False,False
1520762,SFR,LTE 700,LE CHAMP DU BOUILLON (GOUENO) 22800 ST DONAN,22287,"48.4669,-2.9083",Pylône autostable,48m,ATC FRANCE,,AJO,,False,False
1523319,BOUYGUES TELECOM,"LTE 700, LTE 1800, 5G NR 2100",CHEMIN RURAL N° 14 DIT DE LA DÉCHARGE (LES GATINAIS) 28260 BERCHERES SUR VESGRE,28036,"48.8317,1.5383",Pylône autostable,35m,ATC FRANCE,,AJO,,False,False
1523968,ORANGE,"5G NR 700, 5G NR 3500",A COTE DE LES FINEAUX (LA MARDELLE AUX PÊTRES) 36130 MONTIERCHAUME,36128,"46.8594,1.7867",Pylône autostable,40m,ATC FRANCE,,AJO,,False,False
1523968,ORANGE,LTE 700,A COTE DE LES FINEAUX (LA MARDELLE AUX PÊTRES) 36130 MONTIERCHAUME,36128,"46.8594,1.7867",Pylône autostable,40m,ATC FRANCE,2021-05-05,SUP,,False,False
1523968,SFR,LTE 700,A COTE DE LES FINEAUX (LA MARDELLE AUX PÊTRES) 36130 MONTIERCHAUME,36128,"46.8594,1.7867",Pylône autostable,40m,ATC FRANCE,2026-07-22,ALL,,False,False
1523975,SFR,LTE 700,R ST ARMEL (LA CLOTURE) 56490 MENEAC,56129,"48.14,-2.4678",Pylône autostable,32m,HIVORY,,AJO,,False,False
1524439,SFR,"GSM 900, UMTS 900, LTE 700, LTE 800, LTE 1800, LTE 2600, 5G NR 3500",1 ALLEE DE MADRID 91300 MASSY,91377,"48.7339,2.2831",Bâtiment,21m,ORANGE Services Fixes,,SUP,,False,False
1525214,BOUYGUES TELECOM,UMTS 900,36 AV BERNARD PALISSY 92210 ST CLOUD,92064,"48.8547,2.2219",Immeuble,21m,"Copropriété, Syndic, SCI",,SUP,,False,False
1525360,FREE MOBILE,5G NR 3500,3 AV DES 3 FONTAINES HÔTEL PREMIÈRE CLASSE 95800 CERGY,95127,"49.0369,2.0758",Immeuble,"38,6m",Société Privée,2026-07-07,ALL,,False,False
1526563,BOUYGUES TELECOM,UMTS 2100,1 PL DE LA BALEINE 69002 LYON 02,69382,"45.7633,4.8281",Immeuble,18m,"Copropriété, Syndic, SCI",2018-05-30,SUP,,False,False
1527411,FREE MOBILE,"LTE 2100, 5G NR 700",6-8-10 AVENUE DU CRET DU MAURE 74960 ANNECY,74010,"45.8953,6.1264",Immeuble,16m,"Copropriété, Syndic, SCI",2026-07-24,ALL,,False,False
1529281,ORANGE,GSM 900,CHEMIN DU GÉNÉRAL CHARLES FRANÇOIS DUGUA 31500 TOULOUSE,31555,"43.5567,1.4547",Bâtiment,"22,5m","Copropriété, Syndic, SCI",2015-07-16,SUP,,False,False
1530826,BOUYGUES TELECOM,UMTS 2100,2 R JEAN ROQUE 13001 MARSEILLE 01,13201,"43.2942,5.3811",Immeuble,"16,5m",Particulier,2009-10-01,SUP,,False,False
1532189,FREE MOBILE,5G NR 3500,RUE DU MESNIL  76270 NEUFCHATEL EN BRAY,76462,"49.725,1.4411",Pylône tubulaire,"28,2m",ON TOWER FRANCE,,AJO,,False,False
1536671,SFR,"GSM 900, UMTS 900, LTE 700, LTE 800, LTE 1800, LTE 2100, LTE 2600, 5G NR 2100, 5G NR 3500",AÉROPORT MARSEILLE-PROVENCE USINE EUROCOPTER-CHÂTEAU D'EAU (AÉROPORT INTERNATIONAL) 13127 VITROLLES,13117,"43.4378,5.23",Château d'eau - réservoir,33m,AIRBUS,2020-12-18,SUP,,False,False
1536715,BOUYGUES TELECOM,LTE 2600,CHEM RURAL N°36 (MASCARENS) 81710 NAVES,81195,"43.5508,2.2336",Pylône autostable,39m,ATC FRANCE,2026-07-26,AJA,,False,False
1536777,FREE MOBILE,"LTE 2100, 5G NR 700",STADE DE FOOTBALL LE CLOS DE L'EGLISE (LE CLOS DE L'EGLISE) 78980 LONGNES,78346,"48.9197,1.5956",Pylône tubulaire,26m,ATC FRANCE,2026-07-07,ALL,,False,False
1536781,BOUYGUES TELECOM,LTE 2100,RUE DE LA GRANDE CAVÉE PRÈS DE LA D53 FERME DU CHÂTEAU 80510 LONGPRE LES CORPS SAINTS,80488,"50.0108,1.9836",Pylône autostable,21m,ATC FRANCE,2026-07-20,ALL,,False,False
1536978,BOUYGUES TELECOM,UMTS 2100,COURS PIERRE PUGET PARKING MONTHYON PROVENCALE DE STATIONNEMENT (PARKING MONTHYON) 13006 MARSEILLE 06,13206,"43.2903,5.3753",Mât,"10,4m","Commune, communauté de communes",2018-05-30,SUP,,False,False
1537577,FREE MOBILE,5G NR 3500,RUE DES TULIPES 34410 SAUVIAN,34298,"43.2911,3.2547",Pylône tubulaire,"23,3m",FREE-MOBILE,2026-07-24,AJA,,False,False
1538654,ORANGE,5G NR 700,23 RUE JOSEPH JÉROME DE LALANDE 76120 LE GRAND QUEVILLY,76322,"49.4061,1.0644",Bâtiment,29m,Société HLM,2026-07-31,AAV,,False,False
1538747,BOUYGUES TELECOM,"GSM 1800, UMTS 2100",140 BD ST GERMAIN 75006 PARIS 06,75106,"48.8528,2.3378",Immeuble,"28,6m",Société Privée,2015-06-01,SUP,,False,False
1543369,BOUYGUES TELECOM,LTE 700,7 PL NELSON MANDELA 78340 LES CLAYES SOUS BOIS,78165,"48.8219,1.9725",Immeuble,"15,4m",BOUYGUES,2026-07-13,ALL,,False,False
1547093,FREE MOBILE,"LTE 700, LTE 900, LTE 1800, 5G NR 700", (LES FORGERAIS) 35890 BOURG DES COMPTES,35033,"47.9114,-1.6881",Pylône autostable,38m,TOTEM,2026-07-24,ALL,,False,True
1549210,BOUYGUES TELECOM,LTE 700,LES BANQUES 27940 COURCELLES SUR SEINE,27180,"49.1856,1.3458",Pylône tubulaire,27m,ATC FRANCE,2026-07-17,ALL,,False,False
1552171,BOUYGUES TELECOM,GSM 1800,160 AV GIUSEPPE VERDI - LES ALLS PROVENCALES 13540 AIX EN PROVENCE,13001,"43.5261,5.4439",Bâtiment,4m,Société Privée,2019-05-27,SUP,,False,False
1552723,FREE MOBILE,5G NR 3500, (LES CONDAMINES) 26740 LES TOURRETTES,26353,"44.6647,4.7989",Pylône tubulaire,"24,7m",BOUYGUES,2026-07-28,ALL,,False,False
1554849,BOUYGUES TELECOM,"LTE 700, LTE 2100, 5G NR 2100",CENTRE SPORTIF DES BORDS DE VEY (PRES PROD) 01660 MEZERIAT,01246,"46.2256,5.0464",Pylône autostable,"37,5m",BOUYGUES,,AJO,,False,False
1558127,BOUYGUES TELECOM,"LTE 700, LTE 2100, 5G NR 2100", (LA VIEILLE VILLE) 56800 PLOERMEL,56165,"47.8989,-2.3947",Pylône autostable,"50,2m",HIVORY,,AJO,,False,False
1558394,ORANGE,5G NR 3500,CHEMIN DU MAS D'ALESTI CENTRAL FT 30900 NIMES,30189,"43.8522,4.3947",Bâtiment,19m,ORANGE Services Fixes,2026-06-26,ART,,False,False
1558843,SFR,LTE 2100,ROUTE DE ST JEAN (LE POUJOLET) 34700 LE BOSC,34036,"43.7086,3.4053",Pylône autostable,32m,HIVORY,2026-07-01,ART,,False,False
1559510,FREE MOBILE,LTE 2100,RUE DE CONSTANTINE 69400 VILLEFRANCHE SUR SAONE,69264,"45.9981,4.7175",Immeuble,"19,3m",Particulier,2026-07-24,ALL,,False,False
1562608,SFR,LTE 2100,CD34 (LE GRATIN DE DUN) 18130 DUN SUR AURON,18087,"46.8786,2.5947",Pylône autostable,49m,HIVORY,2026-07-08,ALL,,False,False
1563063,ORANGE,5G NR 3500,COL DE LA TOURMENTE (GUSTAVIA) 97133 ST BARTHELEMY,97701,"17.9011,-62.8514",Phare,18m,Phares et balises,2026-06-26,ART,,False,False
1563379,FREE MOBILE,5G NR 3500,AV DU 9 SEPTEMBRE (PORETTE) 20250 CORTE,2B096,"42.3011,9.1544",Immeuble,20m,"Copropriété, Syndic, SCI",2026-07-24,AJA,,False,False
1565850,ORANGE,GSM 900,CHEM DE LA PEYLOUBIÈRE (EN CARRÈRE) 32550 PAVIE,32307,"43.605,0.6169",Pylône tubulaire,22m,TOTEM,1997-06-06,SUP,,False,False
1567231,BOUYGUES TELECOM,UMTS 2100,9 COURS DES MARAÎCHERS 93120 LA COURNEUVE,93027,"48.9281,2.3925",Immeuble,"46,8m",Société HLM,2018-12-17,SUP,,False,False
1567231,ORANGE,5G NR 700,9 COURS DES MARAÎCHERS 93120 LA COURNEUVE,93027,"48.9281,2.3925",Immeuble,"46,8m",Société HLM,,AJO,,False,False
1567231,ORANGE,"UMTS 2100, LTE 700, 5G NR 2100",9 COURS DES MARAÎCHERS 93120 LA COURNEUVE,93027,"48.9281,2.3925",Immeuble,"46,8m",Société HLM,2025-01-17,SUP,,False,False
1567608,BOUYGUES TELECOM,UMTS 2100,28 AV ROBERT SOLEAU 06600 ANTIBES,06004,"43.5825,7.1206",Immeuble,11m,Particulier,2019-06-27,SUP,,False,False
1567610,BOUYGUES TELECOM,UMTS 2100,3 PL ST DIDIER 84140 AVIGNON,84007,"43.9467,4.8078",Immeuble,"13,4m",Particulier,2018-05-30,SUP,,False,False
1568639,BOUYGUES TELECOM,LTE 700,D244 - R DE LA CÈZE MAISON DE RETRAITE (N-D DES MINES) 30410 MOLIERES SUR CEZE,30171,"44.2586,4.1606",Immeuble,15m,Établissement de soins,,AJO,,False,False
1568643,SFR,GSM 900,2 R GEORGES PEREC Z.I. LES GLAIRONS 38400 ST MARTIN D HERES,38421,"45.1869,5.7658",Pylône autostable,"47,3m",HIVORY,2018-11-30,SUP,,False,False
1568661,FREE MOBILE,"LTE 2100, 5G NR 700",R D'EN HAUT 80830 BOUCHON,80117,"50.0342,2.0267",Pylône autostable,25m,HIVORY,2026-07-24,ALL,,False,False
1568671,BOUYGUES TELECOM,UMTS 2100,22 RUE DE LA GARE (LE CHEMIN DE L'ABBAYE) 80370 CONTEVILLE,80208,"50.1714,2.0642",Bâtiment,34m,Particulier,2009-06-23,SUP,,False,False
1569247,BOUYGUES TELECOM,LTE 700, (LES MOLIÈRES) 30110 LES SALLES DU GARDON,30307,"44.1958,4.005",Pylône autostable,20m,HIVORY,2026-07-06,ALL,,False,False
1569999,FREE MOBILE,"LTE 2100, 5G NR 700",CROIS DE MENET (LAHITTON) 40270 LE VIGNAU,40329,"43.775,-0.2878",Pylône tubulaire,"30,3m",TOTEM,2026-07-24,ALL,,False,False
1570017,ORANGE,GSM 900,VOIE COM N°4 (MONTEILS) 47270 ST JEAN DE THURAC,47248,"44.1628,0.7292",Pylône autostable,33m,TOTEM,1995-09-01,SUP,,False,False
1570122,SFR,5G NR 2100,KERVRIANT (KERVRIANT) 29370 ELLIANT,29049,"47.9808,-3.9094",Pylône autostable,32m,HIVORY,2026-07-22,ALL,,False,False
1570162,BOUYGUES TELECOM,LTE 2100,41 TER R DU GÉNÉRAL LECLERC (FERME NIQUET) 80150 CANCHY,80167,"50.1908,1.8742",Pylône autostable,"33,3m",HIVORY,2026-07-10,ALL,,False,False
1570178,SFR,GSM 900,"180, ESPLANADE DE L'AIR ET DE L'ESPACE AÉROPORT DE PARIS - LE BOURGET 93350 LE BOURGET",93013,"48.945,2.4311",Bâtiment,"15,5m","CCI, Ch Métier, Port Aut, Aéroport",2015-10-09,SUP,,False,False
1571186,FREE MOBILE,LTE 2100, (LES PRADETTES) 65390 SARNIGUET,65406,"43.3156,0.0986",Pylône autostable,40m,TOTEM,,SUP,,False,False
1571186,ORANGE,GSM 900, (LES PRADETTES) 65390 SARNIGUET,65406,"43.3156,0.0986",Pylône autostable,40m,TOTEM,2004-06-19,SUP,,False,False
1572027,SFR,LTE 700,0 (LA CLAUDE ALINE) 86500 SAULGE,86254,"46.3772,0.8558",Pylône autostable,"41,5m",HIVORY,,AJO,,False,False
1572736,FREE MOBILE,"LTE 2100, 5G NR 700",PIED DE DOUX 79390 DOUX,79108,"46.7308,0.0144",Pylône autostable,26m,ATC FRANCE,2026-07-28,ALL,,False,False
1573124,SFR,GSM 900,ESPLANADE DE LA PAIX UNIVERSITÉ DE CAEN 14000 CAEN,14118,"49.1903,-0.365",Immeuble,35m,"État, Ministère",1996-12-12,SUP,,False,False
1573968,BOUYGUES TELECOM,LTE 2100,TER CHEM (LA RITOYE) 16220 ST SORNIN,16353,"45.685,0.4669",Pylône autostable,32m,HIVORY,2026-07-15,ALL,,False,False
1573979,BOUYGUES TELECOM,LTE 2100,TER CHEM (LES MINARETS) 16410 BOUEX,16055,"45.6139,0.3281",Pylône autostable,32m,SFR,2026-07-15,ALL,,False,False
1574826,BOUYGUES TELECOM,LTE 2600,AV DE VERDUN 84100 ORANGE,84087,"44.1281,4.8206",Bâtiment,12m,"Copropriété, Syndic, SCI",2026-07-23,ALL,,False,False
1576246,BOUYGUES TELECOM,UMTS 2100,PARKING SALLE DES FÊTES (LE TERRIER) 16430 CHAMPNIERS,16078,"45.7122,0.2111",Pylône tubulaire,30m,ATC FRANCE,2009-02-26,SUP,,False,False
1576300,BOUYGUES TELECOM,UMTS 2100,D 81 - ROUTE DE TORSAC (LA PIERRIERE) 16410 DIRAC,16120,"45.615,0.1925",Pylône autostable,"44,1m",CELLNEX,2012-04-17,SUP,,False,False
1577926,SFR,LTE 700, (ROCH AN DOL) 29510 BRIEC,29020,"48.1531,-4.0283",Pylône autostable,45m,HIVORY,,AJO,,False,False
1577938,SFR,LTE 700,PROCHE V C DE ST VICTURNIEN À COGNAC ENTRE LE MAS ET LE NORMANDIE (LES COMBES) 87420 ST VICTURNIEN,87185,"45.8697,1.0058",Pylône autostable,40m,HIVORY,2026-07-08,ALL,,False,False
1578187,ORANGE,5G NR 700, (LE GUETTE LOUP) 44980 STE LUCE SUR LOIRE,44172,"47.2642,-1.4603",Pylône tubulaire,35m,TOTEM,2025-12-26,ART,,False,False
1579570,BOUYGUES TELECOM,LTE 2100,ROUTE DE THIL (BOUSSAC) 31330 LAUNAC,31281,"43.7342,1.1756",Pylône autostable,32m,ATC FRANCE,2026-07-23,ALL,,False,False
1579612,SFR,GSM 900,11 PLACE DE L'EUROPE 78140 VELIZY VILLACOUBLAY,78640,"48.7803,2.2075",Bâtiment,"28,6m",Société Privée,2014-01-09,SUP,,False,False
1579637,SFR,LTE 700, (LA BARLIÈRE) 50420 GOUVETS,50214,"48.9125,-1.1003",Pylône autostable,45m,HIVORY,,AJO,,False,False
1579860,ORANGE,LTE 700,D 335-1 - RUE DU MOULIN DE VILLIERS (MOULIN DE VILLIERS) 28310 SANTILLY,28367,"48.1433,1.8839",Pylône autostable,30m,Particulier,2026-07-28,ALL,,False,False
1579860,ORANGE,LTE 1800,D 335-1 - RUE DU MOULIN DE VILLIERS (MOULIN DE VILLIERS) 28310 SANTILLY,28367,"48.1433,1.8839",Pylône autostable,30m,Particulier,2026-06-08,ART,,False,False
1582152,SFR,GSM 900,31 BD DE LA PAIX 14200 HEROUVILLE ST CLAIR,14327,"49.1881,-0.3344",Pylône tubulaire,35m,HIVORY,2016-09-30,SUP,,False,False
1582805,BOUYGUES TELECOM,LTE 700,0 D 231 (LA MARDELLE AUX LOUPS) 89150 DOLLOT,89143,"48.1953,3.045",Pylône autostable,"25,3m",HIVORY,2026-07-06,ALL,,False,False
1584881,ORANGE,5G NR 700,220 ROUTE DE PICHE ZAC GRAHOUE 40160 GASTES,40108,"44.3203,-1.1239",Pylône autostable,"38,8m",ATC FRANCE,2026-07-20,AJA,,False,False
1584881,ORANGE,LTE 700,220 ROUTE DE PICHE ZAC GRAHOUE 40160 GASTES,40108,"44.3203,-1.1239",Pylône autostable,"38,8m",ATC FRANCE,,SUP,,False,False
1585289,BOUYGUES TELECOM,LTE 700, (BOIS DES CHAUMES) 86800 LAVOUX,86124,"46.5881,0.5311",Pylône autostable,"26,2m",HIVORY,,AJO,,False,False
1587513,SFR,LTE 700, (LES CHAMPS LEVRAUX) 18500 FOECY,18096,"47.1739,2.1622",Pylône autostable,33m,HIVORY,2026-07-08,ALL,,False,False
1587791,SFR,LTE 2100,PRÈS D.40 STADE MUNICIPAL (LE CHÊNE À LA DEMOISELLE) 86190 BERUGES,86024,"46.5689,0.1975",Pylône tubulaire,27m,SFR,2026-07-01,ART,,False,False
1588151,ORANGE,GSM 900,CHEMIN DE LAGRAOUSETTE (LA PLAINE) 09120 DALOU,09104,"43.0414,1.6381",Pylône tubulaire,30m,TOTEM,2016-06-03,SUP,,False,False
1588648,SFR,LTE 700, (LES TERRIÈRES) 86150 L ISLE JOURDAIN,86112,"46.2317,0.7003",Pylône autostable,"29,8m","Commune, communauté de communes",,AJO,,False,False
1589782,BOUYGUES TELECOM,LTE 700,"LA PANTHIERE, BOIS DE LA MORTAIVE 79290 BRION PRES THOUET",79056,"47.0589,-0.1756",Pylône autostable,"49,6m",ATC FRANCE,2026-07-15,ALL,,False,False
1590310,FREE MOBILE,5G NR 700,TER ZAC (LES TERRES DE LA LANDE) 33470 GUJAN MESTRAS,33199,"44.6242,-1.1047",Pylône autostable,"45,9m",HIVORY,2026-07-24,ALL,,False,False
1591361,FREE MOBILE,"LTE 2100, 5G NR 700", (LES CINQUANTAINES) 89800 LIGNORELLES,89226,"47.8897,3.7122",Pylône autostable,32m,HIVORY,2026-07-24,ALL,,False,False
1591738,BOUYGUES TELECOM,LTE 2600,N 124 PRÈS DU RÉSERVOIR D'EAU (LAMARQUE DU HAUT) 32600 L ISLE JOURDAIN,32160,"43.5931,1.1283",Pylône autostable,30m,HIVORY,2026-07-25,ALL,,False,False
1591739,BOUYGUES TELECOM,GSM 1800,ROUTE DE SAINT ROCH (UMBRIA) 20290 BORGO,2B042,"42.5544,9.4286",Pylône autostable,"15,4m",HIVORY,2015-12-28,SUP,,False,False
1591779,SFR,UMTS 2100,TER BD (A MOUNAS) 32600 AURADE,32016,"43.5697,1.0669",Pylône autostable,"14,8m",HIVORY,2018-10-17,SUP,,False,False
1592294,BOUYGUES TELECOM,UMTS 2100,DÉPARTEMENTALE 72 PARKING DU CIMETIÈRE (LES BONNES) 11700 AZILLE,11022,"43.2836,2.6592",Pylône autostable,"24,9m",ATC FRANCE,2010-06-15,SUP,,False,False
1592366,ORANGE,GSM 900,8 R DES PRIMEURS MARCHÉ GARE 82000 MONTAUBAN,82121,"44.0336,1.3494",Château d'eau - réservoir,36m,"Syndicat des eaux, Adduction",2003-09-13,SUP,,False,False
1593068,SFR,GSM 900,BD PAVILLON RORQUAL (OCHINESE) 20217 ST FLORENT,2B298,"42.6769,9.2822",Local technique,"7,5m",SFR,2002-04-08,SUP,,False,False
1593081,BOUYGUES TELECOM,LTE 2100,RÉSERVOIR DE FRISCOLACCIO (CAMPO ALLI CIPRESSI) 20222 BRANDO,2B043,"42.7661,9.4539",Pylône tubulaire,"17,5m",HIVORY,2026-07-20,ALL,,False,False
1594390,ORANGE,GSM 900, (MONTBRISSON) 82340 ST MICHEL,82166,"44.0556,0.9519",Pylône autostable,30m,TOTEM,2001-09-07,SUP,,False,False
1594520,BOUYGUES TELECOM,UMTS 2100,2 R COLLEGE DE LA CROIX 84140 AVIGNON,84007,"43.9475,4.8086",Immeuble,15m,Particulier,2018-05-30,SUP,,False,False
1595260,BOUYGUES TELECOM,"LTE 2100, 5G NR 2100",TER DÉPARTEMENTALE (BAROLIO) 65220 VIDOU,65461,"43.3033,0.3211",Pylône autostable,31m,HIVORY,2026-07-26,ALL,,False,False
1596724,FREE MOBILE,"LTE 2100, 5G NR 700",CALAROUYE ET TEN DESSUS ROUTE DES BORDÈRES (LESTERLE) 65400 ARRENS MARSOUS,65032,"42.9542,-0.1961",Pylône autostable,37m,REGIE HTES PYRENEES HAUT DEBIT,2026-07-24,ALL,,False,False
1597197,BOUYGUES TELECOM,LTE 2600,TER RTE DU MAQUIS (CHAMPS POIRIER) 88550 JARMENIL,88250,"48.1158,6.5761",Pylône autostable,32m,HIVORY,2026-07-20,ALL,,False,False
1597491,BOUYGUES TELECOM,"GSM 900, GSM 1800, UMTS 2100",96 AV CHARLES DE GAULLE TUNNEL DE NEUILLY N13 92200 NEUILLY SUR SEINE,92051,"48.8842,2.2619",Tunnel,5m,"Commune, communauté de communes",2020-02-26,SUP,,False,False
1597494,BOUYGUES TELECOM,UMTS 2100,1 RTE DE SURESNE (LE PRÉ CATELAN) 75116 PARIS 16,75116,"48.8656,2.2522",Bâtiment,"13,9m",Société Privée,2018-05-30,SUP,,False,False
1597525,BOUYGUES TELECOM,LTE 2100, (LA ROCHE DE BRAN) 86360 MONTAMISE,86163,"46.6361,0.4472",Pylône autostable,30m,HIVORY,2026-06-29,ART,,False,False
1597525,SFR,LTE 2100, (LA ROCHE DE BRAN) 86360 MONTAMISE,86163,"46.6361,0.4472",Pylône autostable,30m,HIVORY,2026-07-08,ALL,,False,False
1597581,BOUYGUES TELECOM,LTE 2100,TER LIEU-DIT LIEU DIT HAIL (HAIL) 65190 BORDES,65101,"43.2119,0.1992",Pylône autostable,32m,SFR,2026-07-24,ALL,,False,False
1597732,BOUYGUES TELECOM,LTE 700,CHEM DES COURTAUDS (LES COURTAUDS) 03460 VILLENEUVE SUR ALLIER,03316,"46.6642,3.2556",Pylône autostable,28m,ATC FRANCE,,AJO,,False,False
1598832,BOUYGUES TELECOM,"LTE 700, LTE 2600",RTE DÉPART.271 (CHARMONT) 49520 SEGRE EN ANJOU BLEU,49331,"47.7297,-0.8922",Pylône autostable,"33,8m",ATC FRANCE,,AJO,,False,False
1598848,SFR,"LTE 700, LTE 1800, LTE 2100, 5G NR 2100",CHEM EXPLOITATION N°16 (PIECES DE LA SAULNERIE) 36220 MARTIZAY,36113,"46.8117,1.0536",Pylône autostable,35m,HIVORY,,AJO,,False,False
1598848,SFR,UMTS 2100,CHEM EXPLOITATION N°16 (PIECES DE LA SAULNERIE) 36220 MARTIZAY,36113,"46.8117,1.0536",Pylône autostable,35m,HIVORY,2017-03-31,SUP,,False,False
1600044,BOUYGUES TELECOM,5G NR 2100, (LA VIALLA EST) 26290 DONZERE,26116,"44.4389,4.7456",Pylône autostable,"33,5m",BOUYGUES,2026-06-19,AJR,,False,False
1600423,BOUYGUES TELECOM,UMTS 2100,CR N°21 (LE MURGUET DES MARGUERITES) 78930 GUERVILLE,78291,"48.945,1.7281",Pylône autostable,25m,BOUYGUES,2008-06-30,SUP,,False,False
1601292,FREE MOBILE,"LTE 2100, 5G NR 700",CHEM DE REMEMBREMENT DU CIMETIÈRE (DERRIÈRE L'EGLISE) 80440 COTTENCHY,80213,"49.8125,2.3797",Pylône autostable,27m,HIVORY,2026-07-24,ALL,,False,False
1601331,SFR,GSM 900,AVENUE SAMPIERO CORSO HÔTEL SAMPIERO (ERBAIOLO) 20600 BASTIA,2B033,"42.6642,9.4419",Bâtiment,14m,Société Privée,2015-12-29,SUP,,False,False
1601992,BOUYGUES TELECOM,LTE 2600,CHEM DE LA BARTHE 31340 LA MAGDELAINE SUR TARN,31311,"43.8033,1.5314",Pylône autostable,25m,HIVORY,2026-07-25,ALL,,False,False
1603156,SFR,5G NR 2100, (LES PIERRES AUBES) 23800 COLONDANNES,23065,"46.2794,1.615",Pylône autostable,"33,3m",HIVORY,2026-07-22,ALL,,False,False
1603223,BOUYGUES TELECOM,UMTS 2100,1-9 RUE LÉA MAURY 94380 BONNEUIL SUR MARNE,94011,"48.7717,2.4786",Bâtiment,28m,"Copropriété, Syndic, SCI",2019-04-29,SUP,,False,False
1605369,BOUYGUES TELECOM,LTE 2100,20 RUE EUGENE BOUDIN 14360 TROUVILLE SUR MER,14715,"49.3611,0.0939",Immeuble,23m,Société HLM,2026-07-09,ALL,,False,False
1609155,BOUYGUES TELECOM,UMTS 2100,7 PL DU CHANCELIER ADENAUER 75116 PARIS 16,75116,"48.8706,2.2792",Immeuble,"43,5m",Société Privée,2015-12-18,SUP,,False,False
1609698,BOUYGUES TELECOM,LTE 700,VC 6 DIT DU VIEUX CHEM DE PITHIVIERS (LA CROIX MOREAU) 45300 BOYNES,45050,"48.1247,2.3528",Pylône autostable,25m,ATC FRANCE,2026-07-15,ALL,,False,False
1609788,BOUYGUES TELECOM,UMTS 2100,D 611 (KUHWEID) 67390 SAASENHEIM,67422,"48.2308,7.6333",Pylône autostable,27m,ATC FRANCE,2011-06-07,SUP,,False,False
1609866,BOUYGUES TELECOM,UMTS 2100,CHEM DU BOIS RÉSERVOIR DÉSAFFECTÉ (BOIS DE PENCHARD) 77124 PENCHARD,77358,"48.9881,2.8572",Pylône autostable,40m,ATC FRANCE,2008-05-27,SUP,,False,False
1610285,BOUYGUES TELECOM,LTE 1800, (LE CAUSSE) 12490 VIALA DU TARN,12296,"44.0617,2.8861",Pylône autostable,"27,7m",Conseil Départemental,,AJO,,False,False
1611755,SFR,"GSM 900, UMTS 900, LTE 800",2 PLACE DU BEFFROI EGLISE 18300 SANCERRE,18241,"47.3308,2.8386",Monument religieux,"28,2m","Commune, communauté de communes",,SUP,,False,True
1612945,ORANGE,5G NR 700,ALLÉE DU LAC TERRAIN DANS ZONE D'ACTIVITÉ 26200 MONTELIMAR,26198,"44.5328,4.7347",Pylône tubulaire,27m,TOTEM,2026-07-14,ALL,,False,False
1613375,BOUYGUES TELECOM,UMTS 2100,R DU STADE STADE 67240 GRIES,67169,"48.7572,7.8233",Pylône tubulaire,36m,ATC FRANCE,2008-08-06,SUP,,False,False
1615606,BOUYGUES TELECOM,UMTS 2100,82 QUAI VENDEUVRE  ANGLE QUAI DE JUILLET 14000 CAEN,14118,"49.1808,-0.3519",Immeuble,"20,5m",BOUYGUES,2008-11-25,SUP,,False,False
1615631,FREE MOBILE,5G NR 3500,12 RUE SAINT MICHEL 28000 CHARTRES,28085,"48.4433,1.4906",Bâtiment,"18,7m","Commune, communauté de communes",,AJO,,False,False
1615635,BOUYGUES TELECOM,"LTE 700, LTE 1800, LTE 2100, 5G NR 2100", (GRANDES RIBIÈRES) 23400 MANSAT LA COURRIERE,23122,"45.9714,1.8075",Pylône autostable,38m,ATC FRANCE,,AJO,,False,False
1617241,SFR,LTE 700,CHER CASSIER TERRAIN DE SPORT (LASFONTS) 23150 AHUN,23001,"46.0797,2.0456",Pylône autostable,"30,2m",ATC FRANCE,2026-07-22,ALL,,False,False
1618731,SFR,GSM 900,BLD DU DOCTEUR LACROIX 11100 NARBONNE,11262,"43.1811,3.0003",Immeuble,23m,"Copropriété, Syndic, SCI",1998-12-08,SUP,,False,False
1618735,SFR,GSM 900,14 R BÉRANGER 11100 NARBONNE,11262,"43.1894,3.0103",Immeuble,16m,"Copropriété, Syndic, SCI",1999-09-06,SUP,,False,False
1620414,BOUYGUES TELECOM,"LTE 700, LTE 2100, LTE 2600, 5G NR 2100, 5G NR 3500",AV PIERRE DE COUBERTIN 11100 NARBONNE,11262,"43.1808,3.0225",Pylône tubulaire,"31,5m",HIVORY,,AJO,,False,False
1621591,SFR,GSM 900,31 RUE DU PALAIS 17000 LA ROCHELLE,17300,"46.1592,-1.1536",Immeuble,21m,Particulier,2018-03-09,SUP,,False,False
1622195,ORANGE,GSM 900,RUE DU CHÂTEAU EGLISE DE MONTPEZAT D'AGENAIS 47360 MONTPEZAT,47190,"44.3481,0.5222",Monument religieux,31m,"Commune, communauté de communes",1996-09-06,SUP,,False,False
1622965,ORANGE,"GSM 900, UMTS 900, LTE 700, LTE 800, LTE 1800, LTE 2100, LTE 2600, 5G NR 700, 5G NR 3500","12, RUE DES MOULINS 61200 ARGENTAN",61006,"48.7417,-0.0192",Immeuble,32m,Société HLM,2023-05-24,SUP,,False,False
1623137,FREE MOBILE,5G NR 3500,RUE DU 4 SEPTEMBRE  58600 FOURCHAMBAULT,58117,"47.0239,3.0839",Monument religieux,"32,9m","Commune, communauté de communes",,AJO,,False,False
1623307,FREE MOBILE,LTE 2100,2 RUE HENRI DUNANT 78280 GUYANCOURT,78297,"48.7642,2.0642",Immeuble,"20,6m",Société HLM,2026-07-24,ALL,,False,False
1624018,BOUYGUES TELECOM,UMTS 2100,BASILIQUE (NOTRE DAME DE PEYRAGUDE) 47140 PENNE D AGENAIS,47203,"44.3894,0.8164",Monument religieux,"25,8m",Association,2018-11-15,SUP,,False,False
1624159,FREE MOBILE,5G NR 3500,AVENUE EISENHOWER 69005 LYON 05,69385,"45.7558,4.7825",Immeuble,35m,Société HLM,2026-07-24,ALL,,False,False
1625082,BOUYGUES TELECOM,"UMTS 900, LTE 800", (LES PINATONS) 43590 BEAUZAC,43025,"45.255,4.1022",Pylône autostable,"29,2m",ATC FRANCE,2016-04-21,SUP,,True,False
1625421,ORANGE,GSM 900,CHEMIN DU CHATEAU D EAU RESERVOIR DE POMPIGNAN 82170 POMPIGNAN,82142,"43.8222,1.3175",Château d'eau - réservoir,40m,"Syndicat des eaux, Adduction",2012-04-30,SUP,,False,False
1625994,SFR,GSM 900,5 R JACQUES BEZIAT (GRAU D'AGDE) 34300 AGDE,34003,"43.2839,3.4458",Immeuble,"11,5m","Copropriété, Syndic, SCI",2008-03-14,SUP,,False,False
1627283,BOUYGUES TELECOM,UMTS 2100,ROUTE DES LASERS (PIOUSSEC) 33114 LE BARP,33029,"44.6414,-0.795",Pylône autostable,18m,CELLNEX,2012-03-21,SUP,,False,False
1627317,SFR,GSM 900,6 ALL PIERRE ORTAL HOTEL L'OYAT (FRONT DE MER) 33680 LACANAU,33214,"45.0011,-1.2019",Immeuble,15m,Société Privée,2016-03-30,SUP,,False,False
1627321,SFR,"LTE 700, LTE 1800, 5G NR 2100", (LA COUDRE) 53260 ENTRAMMES,53094,"48.0092,-0.7281",Château d'eau - réservoir,36m,"Syndicat des eaux, Adduction",2026-07-01,ART,,False,False
1628044,BOUYGUES TELECOM,UMTS 2100,COL DE BIGORNO (BUSSO) 20252 BIGORNO,2B036,"42.5381,9.2953",Pylône autostable,16m,SFR,2011-07-11,SUP,,False,False
1628782,FREE MOBILE,5G NR 3500,5 PLACE JEAN RIMBERT MAISON RETRAITE MON REPOS 63190 LEZOUX,63195,"45.8286,3.3814",Immeuble,27m,Établissement de soins,2026-07-24,ALL,,False,False
1628810,SFR,UMTS 2100, (LE HAUT DE LA POUXE) 88580 SAULCY SUR MEURTHE,88445,"48.2325,6.9683",Pylône autostable,27m,"Commune, communauté de communes",2016-03-29,SUP,,False,False
1628820,BOUYGUES TELECOM,5G NR 2100,CHEM DU CAMPING (LE METTEY) 88120 VAGNEY,88486,"48.0103,6.7328",Pylône autostable,30m,HIVORY,2026-07-11,ALL,,False,False
1628861,BOUYGUES TELECOM,"LTE 1800, LTE 2100", (LA SAUSSOTTE) 88460 DOCELLES,88135,"48.1547,6.6197",Pylône autostable,30m,HIVORY,,AJO,,False,False
1629214,FREE MOBILE,"LTE 700, LTE 900, LTE 1800, LTE 2100, LTE 2600, 5G NR 3500",9 AVENUE D OUTRE MER 34300 AGDE,34003,"43.2778,3.4892",Immeuble,15m,"Copropriété, Syndic, SCI",2026-07-07,ALL,,False,True
1632231,BOUYGUES TELECOM,,RTE DE MARSAT (PORTE PROVENCE) 63200 RIOM,63300,"45.8892,3.1078",Pylône tubulaire,25m,CELLNEX,2003-12-04,CHT,Pylône autostable,False,False
1632231,SFR,,RTE DE MARSAT (PORTE PROVENCE) 63200 RIOM,63300,"45.8892,3.1078",Pylône tubulaire,25m,CELLNEX,2017-12-15,CHT,Pylône autostable,False,False
1632248,SFR,LTE 700,LE CLOS DE GELY 86170 CHAMPIGNY EN ROCHEREAU,86053,"46.7147,0.1331",Pylône autostable,29m,ATC FRANCE,,AJO,,False,False
1632824,BOUYGUES TELECOM,LTE 700,R MANON LESCAUT R D'ENGOULEVENT 80260 COISY,80202,"49.9614,2.3275",Château d'eau - réservoir,28m,"Commune, communauté de communes",,AJO,,False,False
1632824,BOUYGUES TELECOM,"UMTS 2100, LTE 2100",R MANON LESCAUT R D'ENGOULEVENT 80260 COISY,80202,"49.9614,2.3275",Château d'eau - réservoir,28m,"Commune, communauté de communes",2010-10-26,SUP,,False,False
1632828,BOUYGUES TELECOM,UMTS 2100,77 RUE DES CEDRES 88100 STE MARGUERITE,88424,"48.2583,6.9822",Pylône autostable,30m,TDF,2008-09-05,SUP,,False,False
1632904,BOUYGUES TELECOM,"GSM 1800, UMTS 2100",RTE DE ST ANTOINE VILLA ORCA 20167 AJACCIO,2A004,"41.925,8.7117",Local technique,"7,1m",SFR,2016-03-24,SUP,,False,False
1634574,ORANGE,GSM 900,LE TAUS (BOURDAOU) 09320 ALEU,09005,"42.8989,1.2683",Pylône autostable,27m,TOTEM,2007-07-06,SUP,,True,False
1634613,BOUYGUES TELECOM,"LTE 700, LTE 1800, LTE 2100, LTE 2600, 5G NR 2100",CHEM RURAL DE GALÈRE (MONTINE) 40210 SOLFERINO,40303,"44.0867,-0.9131",Pylône autostable,37m,HIVORY,,AJO,,False,False
1634613,SFR,"LTE 700, LTE 1800, LTE 2100, LTE 2600, 5G NR 2100",CHEM RURAL DE GALÈRE (MONTINE) 40210 SOLFERINO,40303,"44.0867,-0.9131",Pylône autostable,37m,HIVORY,,AJO,,False,False
1635007,BOUYGUES TELECOM,LTE 2600,40 ROUTE D'HÉRÉGADÉ (MONT ARAGNOUE) 31160 MONTASTRUC DE SALIES,31357,"43.0075,0.9189",Pylône autostable,"35,1m",ATC FRANCE,,AJO,,False,False
1636652,ORANGE,GSM 900, (CLOS DARASSE) 09200 RIVERENERT,09247,"42.9597,1.2467",Pylône autostable,30m,TOTEM,2006-09-30,SUP,,True,False
1636798,BOUYGUES TELECOM,LTE 2100,CHEM VICINAL ORDINAIRE N°14 CROISEMENT DE LA RTE DU SARRAT DE GAYE (SOULA DES TORNES) 65710 CAMPAN,65123,"42.9658,0.2397",Pylône autostable,25m,HIVORY,2026-07-24,ALL,,False,False
1637366,BOUYGUES TELECOM,"LTE 700, LTE 2100, 5G NR 2100", (BUIGE BLANCHE) 23260 ST ORADOUX PRES CROCQ,23225,"45.8786,2.3836",Pylône autostable,44m,CELLNEX,,AJO,,False,False
1639208,BOUYGUES TELECOM,UMTS 2100,CHEMIN DE CORBEIL (POUILLY-GALLERAND) 77950 ST GERMAIN LAXIS,77410,"48.5997,2.7167",Pylône autostable,36m,TDF,2019-03-08,SUP,,False,False
1640074,BOUYGUES TELECOM,LTE 700,VOIE COMMUNALE N°8 (L'ECHARDON) 36700 CHATILLON SUR INDRE,36045,"46.9783,1.1569",Pylône autostable,37m,HIVORY,,AJO,,False,False
1640170,ORANGE,"LTE 2100, LTE 2600, 5G NR 700, 5G NR 3500",PROCHE INTERSECTION D978 ET D149-ET DES RESERVOIRS (BERTELAGE) 63610 BESSE ET ST ANASTAISE,63038,"45.5108,2.9272",Pylône autostable,34m,TDF,,AJO,,False,False
1640170,ORANGE,LTE 700,PROCHE INTERSECTION D978 ET D149-ET DES RESERVOIRS (BERTELAGE) 63610 BESSE ET ST ANASTAISE,63038,"45.5108,2.9272",Pylône autostable,34m,TDF,2023-04-17,SUP,,False,False
1640180,BOUYGUES TELECOM,LTE 2100, (LES BAYSSES) 46170 PERN LHOSPITALET,46172,"44.3517,1.4533",Pylône autostable,36m,HIVORY,2026-07-23,ALL,,False,False
1640552,SFR,"LTE 700, LTE 2600", (LES TOURETTES) 87440 ST MATHIEU,87168,"45.7042,0.7733",Pylône autostable,32m,HIVORY,2026-07-01,ART,,False,False
1640784,FREE MOBILE,"LTE 2100, 5G NR 700", (LES GOUTTES) 87300 BERNEUIL,87012,"46.0294,1.1414",Pylône autostable,"40,9m",HIVORY,2026-07-24,ALL,,False,False
1640784,SFR,LTE 700, (LES GOUTTES) 87300 BERNEUIL,87012,"46.0294,1.1414",Pylône autostable,"40,9m",HIVORY,2026-07-22,ALL,,False,False
1640795,SFR,5G NR 2100, (PUY DU ROI) 87510 ST JOUVENT,87152,"45.9544,1.2094",Pylône autostable,42m,HIVORY,2026-07-22,ALL,,False,False
1640844,BOUYGUES TELECOM,LTE 1800,CHEM RURAL DE VILLELONGUE (LA BOURLENAIRE) 63230 ST OURS,63381,"45.8558,2.8936",Pylône autostable,26m,ATC FRANCE,2026-07-15,ALL,,False,False
1640844,SFR,GSM 900,CHEM RURAL DE VILLELONGUE (LA BOURLENAIRE) 63230 ST OURS,63381,"45.8558,2.8936",Pylône autostable,26m,ATC FRANCE,2016-09-28,SUP,,False,False
1642084,ORANGE,GSM 900, (MOULIN DE BUGASSAT) 47400 TONNEINS,47310,"44.3806,0.3442",Pylône autostable,61m,TOTEM,1992-09-04,SUP,,False,False
1642091,BOUYGUES TELECOM,UMTS 2100,RUE DES RESERVOIRS 80500 MONTDIDIER,80561,"49.6517,2.5711",Château d'eau - réservoir,"36,5m","Commune, communauté de communes",2008-11-13,SUP,,False,False
1642119,SFR,GSM 900,9 QUAI DE LA PREE ZA 17590 ARS EN RE,17019,"46.2078,-1.5072",Pylône tubulaire,"19,5m",SFR,2016-07-04,SUP,,False,False
1642818,BOUYGUES TELECOM,UMTS 2100,LES BOURASSES (LES NAUDINES) 17400 VARAIZE,17459,"45.9069,-0.3981",Pylône autostable,"34,1m",TDF,2009-01-09,SUP,,False,False
1642935,SFR,GSM 900,AV DES PLATANES RÉSIDENCE  NICOLAS DUBOIS 59230 ST AMAND LES EAUX,59526,"50.4528,3.4311",Immeuble,"25,4m",Société HLM,1999-12-20,SUP,,False,False
1642954,SFR,UMTS 900,CHEM COMMUNAL N°6 (DECOR) 55600 JUVIGNY SUR LOISON,55262,"49.4619,5.3336",Pylône autostable,20m,HIVORY,2017-01-31,SUP,,False,False
1643963,BOUYGUES TELECOM,LTE 2100, (LA VALLÉE DES NOYERS) 86410 LHOMMAIZE,86131,"46.4353,0.6064",Pylône autostable,"32,8m",HIVORY,2026-06-29,ART,,False,False
1643963,SFR,LTE 2100, (LA VALLÉE DES NOYERS) 86410 LHOMMAIZE,86131,"46.4353,0.6064",Pylône autostable,"32,8m",HIVORY,2026-07-08,ALL,,False,False
1643992,ORANGE,GSM 900,CHEMIN CAP DE LA BIELLE CHÂTEAU D'EAU (CAP DE LA BIELLE) 65300 TAJAN,65437,"43.1844,0.4514",Château d'eau - réservoir,"25,5m","Syndicat des eaux, Adduction",1997-04-18,SUP,,False,False
1644018,SFR,"LTE 700, LTE 1800, LTE 2100, 5G NR 2100", (LES BORNAIS) 86100 SENILLE ST SAUVEUR,86245,"46.7903,0.6183",Pylône autostable,"32,3m",HIVORY,,AJO,,False,False
1644033,SFR,"LTE 700, LTE 1800, LTE 2100, 5G NR 2100",CHEM RURAL DE L'ECOUBLERE 36240 ECUEILLE,36069,"47.0722,1.3453",Château d'eau - réservoir,47m,"Commune, communauté de communes",,AJO,,False,False
1644046,BOUYGUES TELECOM,LTE 2100,RURAL D'HELCOURT A AUMALE - PRES DU TERRA (FERME DU BOIS DE LA VILLE) 76390 MORIENNE,76606,"49.7803,1.73",Pylône tubulaire,35m,ATC FRANCE,2026-07-11,ALL,,False,False
1644572,SFR,"LTE 700, LTE 2100, 5G NR 2100", (LE BOIS SAUMON) 03500 CESSET,03049,"46.3147,3.1953",Pylône autostable,31m,HIVORY,,AJO,,False,False
1644584,SFR,"LTE 700, LTE 2100, 5G NR 2100", (LA VILLE ALLOUET) 22250 PLUMAUGAT,22240,"48.2736,-2.2694",Château d'eau - réservoir,24m,"Syndicat des eaux, Adduction",,AJO,,False,False
1644644,BOUYGUES TELECOM,"LTE 700, LTE 1800, LTE 2100, 5G NR 2100", (LES PLAUDETS) 36290 MEZIERES EN BRENNE,36123,"46.8319,1.2064",Pylône autostable,30m,HIVORY,,AJO,,False,False
1644701,SFR,"LTE 700, LTE 1800, LTE 2100, 5G NR 2100",CHEM RURAL DE ROMEFORT À ST-NAZAIRE (LES BRIGAUDONS) 36300 CIRON,36053,"46.6178,1.2603",Pylône autostable,48m,HIVORY,,AJO,,False,False
1644907,BOUYGUES TELECOM,LTE 700,DÉPARTEMENTALE 76 (LA CROIX MOUJAU) 22230 ST VRAN,22333,"48.2425,-2.465",Pylône autostable,32m,HIVORY,,AJO,,False,False
1645430,SFR,"LTE 700, LTE 800, LTE 2600, 5G NR 2100, 5G NR 3500",R DU GÉNÉRAL DE GAULLE GARE DE MARCHANDISES 59110 LA MADELEINE,59368,"50.6611,3.0733",Pylône autostable,33m,SNCF Réseau,,SUP,,False,False
1645454,SFR,LTE 700,ROUTE DE CORLAY PRÈS D 943 (LES COUDRES) 36230 MONTIPOURET,36129,"46.6683,1.9186",Pylône autostable,25m,HIVORY,,AJO,,False,False
1645714,SRR,"LTE 700, LTE 800, LTE 2100",BOULEVARD MICHEL DEBRÉ - RAVINE DON JUAN RAVINE DON JUAN (KERVEGUEN) 97430 LE TAMPON,97422,"-21.2667,55.5181",Pylône autostable,25m,"Commune, communauté de communes",2026-07-22,ALL,,False,False
1646034,BOUYGUES TELECOM,UMTS 2100,CHEMIN D'EXPLOITATION (LE BOIS MUSE) 77250 MORET LOING ET ORVANNE,77316,"48.3472,2.8156",Pylône tubulaire,"29,5m",ATC FRANCE,2008-06-09,SUP,,False,False
1646974,FREE MOBILE,"LTE 2100, 5G NR 700",CHEM DES MORILLONS (LES SEPT ARPENTS) 89250 MONT ST SULPICE,89268,"47.9592,3.6253",Pylône tubulaire,30m,HIVORY,2026-07-24,ALL,,False,False
1647218,SFR,GSM 900,2 PASSAGE DU SOLEIL LEVANT- PUB WEMBLEY 34300 AGDE,34003,"43.2831,3.5197",Pylône tubulaire,7m,SFR,1999-06-30,SUP,,False,False
1647280,BOUYGUES TELECOM,5G NR 3500,LA VOIE 63460 COMBRONDE,63116,"45.9767,3.1097",Pylône autostable,"28,5m",BOUYGUES,,AJO,,False,False
1650749,SFR,5G NR 2100,RD 122 (NEULIN) 41600 NOUAN LE FUZELIER,41161,"47.5083,2.0067",Pylône autostable,"48,5m",TDF,2026-07-22,ALL,,False,False
1650782,FREE MOBILE,"LTE 2100, 5G NR 700",874 R DU PASSE DEBOUT 45770 SARAN,45302,"47.9375,1.8822",Pylône tubulaire,"29,1m",ATC FRANCE,2026-07-24,ALL,,False,False
1651219,BOUYGUES TELECOM,LTE 2100,RD 917 (LES PHOSPHATIERES) 80240 NURLU,80601,"49.9889,3.0053",Pylône autostable,64m,TDF,2026-07-20,ALL,,False,False
1651229,BOUYGUES TELECOM,LTE 2100,VOIE COMMUNALE DE LABOISSIÈRE PRÈS DU CHEMIN DU BREIL HAUT (MARTINET) 82800 VAISSAC,82184,"44.0292,1.5978",Pylône autostable,35m,ATC FRANCE,2026-07-25,ALL,,False,False
1651233,BOUYGUES TELECOM,LTE 700,54B RUE PAILLARD DUCLERE (LES  FORGES) 72380 MONTBIZOT,72205,"48.1522,0.1883",Pylône autostable,"31,3m",ATC FRANCE,2026-07-17,ALL,,False,False
1651914,SFR,"LTE 1800, LTE 2100, 5G NR 2100", (LES BOUGNEUX) 03230 CHEVAGNES,03074,"46.6156,3.5536",Pylône autostable,25m,HIVORY,2026-07-01,ART,,False,False
1652565,FREE MOBILE,"LTE 2100, LTE 2600", (LES GRANDS BOIS) 03120 DROITURIER,03105,"46.2186,3.6914",Pylône autostable,30m,HIVORY,,SUP,,False,False
1652891,BOUYGUES TELECOM,LTE 700,CHEMIN DE MONTCHAUSSON (LES GRANDES TREVES) 69290 ST GENIS LES OLLIERES,69205,"45.7633,4.7103",Pylône autostable,"37,5m",HIVORY,2026-07-30,ALL,,False,False
1654168,BOUYGUES TELECOM,UMTS 2100,D 64 (WURMGARTEN) 57480 LAUNSTROFF,57388,"49.4342,6.4964",Pylône autostable,"15,5m",ATC FRANCE,2011-09-21,SUP,,False,False
1654249,BOUYGUES TELECOM,UMTS 2100,CHE DE ROISIN MAISON GRARDEL (MONT DE BRY) 59144 ETH,59217,"50.3269,3.6806",Pylône tubulaire,21m,ATC FRANCE,2008-10-17,SUP,,False,False
1654708,SFR,GSM 900, (LES FERRAYROUS) 81630 MONTDURAUSSE,81175,"43.9458,1.5914",Pylône autostable,23m,ATC FRANCE,2016-06-23,SUP,,False,False
1654719,SFR,GSM 900,RTE DE JENLAIN (LES ECCLEPONS) 59990 PRESEAU,59471,"50.3156,3.5856",Pylône tubulaire,13m,ATC FRANCE,2016-09-02,SUP,,False,False
1655125,BOUYGUES TELECOM,UMTS 2100,PRÈS RÉSERVOIR (PERBOLES) 81660 PAYRIN AUGMONTEL,81204,"43.5511,2.3403",Pylône autostable,12m,ATC FRANCE,2016-10-20,SUP,,False,False
1656912,FREE MOBILE,"LTE 2100, 5G NR 700",578 ROUTE DE VIGNE (RODOUL) 82370 ORGUEIL,82136,"43.91,1.3997",Pylône autostable,29m,TOTEM,2026-07-24,ALL,,False,False
1656912,ORANGE,GSM 900,578 ROUTE DE VIGNE (RODOUL) 82370 ORGUEIL,82136,"43.91,1.3997",Pylône autostable,29m,TOTEM,2012-02-28,SUP,,False,False
1657718,ORANGE,"GSM 900, UMTS 900, LTE 800, LTE 1800",CHE DE LA LANDE (LA LANDE) 53360 QUELAINES ST GAULT,53186,"47.92,-0.7967",Château d'eau - réservoir,48m,"Syndicat des eaux, Adduction",2021-02-09,SUP,,False,False
1658193,BOUYGUES TELECOM,"GSM 900, UMTS 900, LTE 700, LTE 800, LTE 1800, LTE 2100, LTE 2600, 5G NR 2100, 5G NR 3500",1 PLACE DE LA GARE 59630 BOURBOURG,59094,"50.9519,2.1961",Silo,29m,"Coopérative Agricole, Vinicole",2022-12-28,SUP,,False,False
1658215,BOUYGUES TELECOM,UMTS 2100,RN51 (LE MONT DES CORPS) 51500 VILLERS ALLERAND,51629,"49.1561,4.0117",Pylône tubulaire,"13,9m",CELLNEX,2009-07-31,SUP,,False,False
1658238,BOUYGUES TELECOM,UMTS 2100,ROUTE DE BRANSLES CHATEAU D'EAU 45680 DORDIVES,45127,"48.1483,2.7778",Château d'eau - réservoir,40m,"Syndicat des eaux, Adduction",2017-06-22,SUP,,False,False
1659822,BOUYGUES TELECOM,LTE 2100,LA GRANGE PIERRE 10370 VILLENAUXE LA GRANDE,10420,"48.6067,3.5469",Pylône autostable,"50,2m",Société Privée,,AJO,,False,False
1659822,BOUYGUES TELECOM,UMTS 2100,LA GRANGE PIERRE 10370 VILLENAUXE LA GRANDE,10420,"48.6067,3.5469",Pylône autostable,"50,2m",Société Privée,2013-04-12,SUP,,False,False
1660137,FREE MOBILE,5G NR 700,6 R DES ENTREPRENEURS Z.I. ZI 89300 JOIGNY,89206,"47.9778,3.3758",Pylône autostable,"30,5m",TOTEM,2026-07-24,ALL,,False,False
1660718,BOUYGUES TELECOM,LTE 700,RTE DE LA RELAUDIÈRE ZAC LA TERRE DES MILLE BOEUFS 41300 THEILLAY,41256,"47.3128,2.0503",Pylône autostable,"37,6m",TDF,,AJO,,False,False
1660727,BOUYGUES TELECOM,"LTE 700, LTE 1800, LTE 2100, 5G NR 2100",RD 20 (LE GOUSSET) 37800 ANTOGNY LE TILLAC,37005,"46.9658,0.5475",Pylône autostable,"44,4m",TDF,,AJO,,False,False
1660735,BOUYGUES TELECOM,UMTS 2100,R DES PLANTES RSVOIR 55500 LIGNY EN BARROIS,55291,"48.6917,5.3339",Pylône autostable,"24,2m",ATC FRANCE,2016-08-31,SUP,,False,False
1660768,BOUYGUES TELECOM,5G NR 2100,ROUTE DE WASSY (LA GRANDE TIGE) 52410 EURVILLE BIENVILLE,52194,"48.5764,5.0342",Pylône autostable,35m,ATC FRANCE,2026-07-11,ALL,,False,False
1660802,BOUYGUES TELECOM,,ROUTE DU BANC À GROSEILLES (FERME BACQUET) 62215 OYE PLAGE,62645,"50.9947,2.0964",Pylône autostable,"31,5m",ATC FRANCE,2022-12-28,CHH,29m,False,False
1660802,ORANGE,,ROUTE DU BANC À GROSEILLES (FERME BACQUET) 62215 OYE PLAGE,62645,"50.9947,2.0964",Pylône autostable,"31,5m",ATC FRANCE,,CHH,29m,False,True
1660802,SFR,,ROUTE DU BANC À GROSEILLES (FERME BACQUET) 62215 OYE PLAGE,62645,"50.9947,2.0964",Pylône autostable,"31,5m",ATC FRANCE,2022-11-24,CHH,29m,False,False
1660838,SFR,GSM 900, (CLOS DE BULLE) 60134 VILLERS ST SEPULCRE,60685,"49.3647,2.2081",Pylône tubulaire,17m,Particulier,2017-02-01,SUP,,False,False
1661256,BOUYGUES TELECOM,LTE 700,2251 ROUTE DE LIEUREY LA CAMPAGNE DONNET (LA MELLERIE) 27450 ST GEORGES DU VIEVRE,27542,"49.2433,0.5544",Pylône tubulaire,37m,HIVORY,2026-07-17,ALL,,False,False
1661284,BOUYGUES TELECOM,LTE 2100, (LA COTOTTE) 52320 FRONCLES,52211,"48.2872,5.1386",Pylône autostable,35m,ATC FRANCE,2026-07-08,ALL,,False,False
1661298,FREE MOBILE,LTE 2100,LA MAISON BLANCHE INTERSECTION D27 - D87 (BENARD) 27260 LA CHAPELLE BAYVEL,27146,"49.285,0.4067",Pylône tubulaire,"32,1m",HIVORY,,SUP,,False,False
1661312,BOUYGUES TELECOM,UMTS 2100,EN CHALMONT (ARGENTOLLES) 52330 COLOMBEY LES DEUX EGLISES,52140,"48.2489,4.8597",Pylône autostable,"44,2m",ATC FRANCE,2008-09-02,SUP,,False,False
1661316,SFR,GSM 900,R NICEPHORE NIEPCE ZA DE BRAIS 44600 ST NAZAIRE,44184,"47.2936,-2.2956",Pylône autostable,50m,HIVORY,1999-12-15,SUP,,False,False
1661320,BOUYGUES TELECOM,"LTE 700, LTE 2600",CROAZ ER GALL (LA CROIX SÉNÉGAL) 22530 GUERLEDAN,22158,"48.1944,-2.9611",Pylône autostable,30m,HIVORY,,AJO,,False,False
1661369,BOUYGUES TELECOM,LTE 2100,LA FONTAINE AUX CORBEA (NIVART) 51140 BOUVANCOURT,51077,"49.3317,3.8508",Pylône autostable,32m,ATC FRANCE,2026-07-20,ALL,,False,False
1661373,SFR,"LTE 700, LTE 1800, LTE 2100, 5G NR 2100",RUE DE ST ANGE (LES FRICHES) 89320 VILLECHETIVE,89451,"48.0875,3.5089",Pylône autostable,30m,HIVORY,,AJO,,False,False
1661373,SFR,"GSM 900, UMTS 2100",RUE DE ST ANGE (LES FRICHES) 89320 VILLECHETIVE,89451,"48.0875,3.5089",Pylône autostable,30m,HIVORY,2008-08-15,SUP,,False,False
1661757,BOUYGUES TELECOM,LTE 700,CHÂTEAU D'EAU (LE GRIVET) 89360 FLOGNY LA CHAPELLE,89169,"47.9544,3.8731",Château d'eau - réservoir,"30,4m","Commune, communauté de communes",,AJO,,False,False
1661762,FREE MOBILE,"LTE 2100, 5G NR 700",CHEM RURAL N°2 (SUR LE CHAMP ROND) 89700 DANNEMOINE,89137,"47.9008,3.9617",Pylône autostable,14m,HIVORY,2026-07-24,ALL,,False,False
1664110,FREE MOBILE,LTE 2100, (CHAMP-ROULANT) 03380 QUINSSAINES,03212,"46.3092,2.4667",Pylône autostable,30m,TOTEM,,SUP,,False,False
1664267,BOUYGUES TELECOM,LTE 2100,BOIS ST-LOUIS (LE PETIT JURÉ DE LA PLAINE) 55000 BAR LE DUC,55029,"48.7625,5.1406",Pylône autostable,35m,HIVORY,2026-07-20,ALL,,False,False
1664876,BOUYGUES TELECOM,5G NR 3500,7 RUE DE LA SEYNE 82410 ST ETIENNE DE TULMONT,82161,"44.0492,1.4611",Monument religieux,30m,"Commune, communauté de communes",2026-07-15,ALL,,False,False
1664987,SFR,LTE 700,CHEM N° 4 (LES HAIES BERNET) 89690 CHEROY,89100,"48.2092,3.01",Pylône autostable,35m,Sociétés d'Autoroutes,,AJO,,False,False
1665359,ORANGE,5G NR 700,ATELIERS COMMUNAUX PIÈCES DE LA BARRIÈRE 72310 BESSE SUR BRAYE,72035,"47.8322,0.7375",Pylône autostable,32m,TOTEM,2026-07-13,ALL,,False,False
1665712,ORANGE,5G NR 2100,CHEMIN DIT DE GOURGEON (BOIS DU ROSAIRE) 70120 COMBEAUFONTAINE,70165,"47.7103,5.8808",Pylône autostable,42m,TDF,,AJO,,False,False
1667537,ORANGE,"5G NR 700, 5G NR 3500"," (83, BOULEVARD DES CHÊNES) 78280 GUYANCOURT",78297,"48.7892,2.0558",Bâtiment,26m,"Copropriété, Syndic, SCI",2026-06-22,ART,,False,False
1667708,BOUYGUES TELECOM,5G NR 2100, (LE PLANTIS DE BEL AIR) 17350 TAILLEBOURG,17436,"45.8644,-0.6075",Pylône autostable,48m,SFR,2026-07-19,ALL,,False,False
1667708,SFR,5G NR 2100, (LE PLANTIS DE BEL AIR) 17350 TAILLEBOURG,17436,"45.8644,-0.6075",Pylône autostable,48m,SFR,2026-07-17,ALL,,False,False
1669196,BOUYGUES TELECOM,LTE 2100,RUE DE LA CHESNOYE 02410 ST GOBAIN,02680,"49.5922,3.3758",Château d'eau - réservoir,"16,7m","Syndicat des eaux, Adduction",,AJO,,False,False
1669288,BOUYGUES TELECOM,LTE 2100,11 B  DE BRIOT      CD 119 (HAMEAU DE PETIT HALLOY) 60210 HALLOY,60295,"49.6542,1.9253",Château d'eau - réservoir,"40,5m","Commune, communauté de communes",2026-07-08,ALL,,False,False
1669304,SFR,GSM 900,BD LACOMBE 81000 ALBI,81004,"43.9206,2.135",Pylône tubulaire,26m,CELLNEX,2018-12-21,SUP,,False,False
1669360,BOUYGUES TELECOM,"LTE 700, LTE 800, LTE 1800, LTE 2100, LTE 2600, 5G NR 2100",R DU STADE STADE MUNICIPAL 11420 BELPECH,11033,"43.1972,1.7442",Pylône autostable,"25,5m",TDF,2026-07-04,ALL,,False,True
1669467,ORANGE,5G NR 2100,RD 232 (LA JAUGUE) 33350 RUCH,33361,"44.7619,-0.0433",Pylône tubulaire,"36,6m",ATC FRANCE,,AJO,,False,False
1670003,BOUYGUES TELECOM,"LTE 700, 5G NR 3500",R DE JALLANGES STADE C. GIRARDOT 21250 SEURRE,21607,"46.9922,5.1511",Pylône autostable,20m,HIVORY,2026-07-05,ALL,,False,False
1670007,ORANGE,"UMTS 900, LTE 700, LTE 800, LTE 1800, 5G NR 2100", (LE BOIS GRIAUME) 60120 BONNEUIL LES EAUX,60082,"49.6808,2.22",Pylône autostable,38m,HIVORY,,AJO,,False,True
1670025,BOUYGUES TELECOM,LTE 2100,VC N°4 PEAU DE LEU (LES HAUTS CHAMPS) 76440 SOMMERY,76678,"49.6292,1.4222",Château d'eau - réservoir,40m,"Syndicat des eaux, Adduction",2026-07-11,ALL,,False,False
1670033,FREE MOBILE,"LTE 2100, 5G NR 700",R DE SALLELES (COSTES DE LABADE) 34480 ST GENIES DE FONTEDIT,34258,"43.4703,3.1858",Pylône tubulaire,14m,ATC FRANCE,2026-07-24,ALL,,False,False
1670158,SFR,5G NR 3500,R DE L'ASTRE STADE 49750 CHEMILLE EN ANJOU,49092,"47.2144,-0.6053",Pylône tubulaire,38m,ATC FRANCE,2026-07-01,ART,,False,False
1671379,BOUYGUES TELECOM,LTE 2100, (RIAU NAUDET) 19300 SOUDEILLES,19263,"45.4503,2.0639",Pylône autostable,32m,HIVORY,2026-07-23,ALL,,False,False
1671417,SFR,GSM 900,LES PLANCHES (L'OUILLÈRE) 53320 LOIRON RUILLE,53137,"48.0403,-0.9336",Pylône autostable,"30,4m",TDF,2018-03-02,SUP,,False,False
1671498,BOUYGUES TELECOM,LTE 2100, (LA GRANDE PLANCHE) 17250 STE RADEGONDE,17389,"45.8347,-0.8856",Pylône autostable,32m,SFR,2026-07-18,ALL,,False,False
1671814,SFR,GSM 900,GARE 4 TELECABINE JARDIN ALPIN (LES VERDONS) 73120 COURCHEVEL,73227,"45.4011,6.6294",Bâtiment,13m,Société Privée,2017-03-31,SUP,,False,False
1671908,BOUYGUES TELECOM,UMTS 2100,R DES JACINTHES IMM BOURGOGNE 59330 HAUTMONT,59291,"50.2439,3.9278",Immeuble,17m,Société Privée,2008-06-26,SUP,,False,False
1674084,SFR,GSM 900,5 ALLÉES DU GRAND TOUR DÉPOT MUNICIPAL 64000 PAU,64445,"43.2981,-0.3806",Pylône arbre,"28,5m",HIVORY,2016-06-21,SUP,,False,False
1674256,ORANGE,5G NR 700,ROUTE DE SAUZET CENTRAL TÉLÉPHONIQUE (LES JONQUIÈRES) 30190 ST GENIES DE MALGOIRES,30255,"43.9514,4.2144",Pylône autostable,23m,TOTEM,,AJO,,False,False
1674256,ORANGE,LTE 700,ROUTE DE SAUZET CENTRAL TÉLÉPHONIQUE (LES JONQUIÈRES) 30190 ST GENIES DE MALGOIRES,30255,"43.9514,4.2144",Pylône autostable,23m,TOTEM,,SUP,,False,False
1674796,SFR,GSM 900,AV DE LA COTE DE NACRE 14000 CAEN,14118,"49.205,-0.3586",Bâtiment,"19,9m",Établissement de soins,2016-09-30,SUP,,False,False
1675180,SFR,GSM 900,18 PLACE ST AYOUL 77160 PROVINS,77379,"48.5606,3.3025",Bâtiment,"23,1m",Association,2017-07-03,SUP,,False,False
1675201,FREE MOBILE,"LTE 2100, LTE 2600", (LE GIBOT) 21190 MERCEUIL,21405,"46.9556,4.835",Pylône autostable,30m,HIVORY,,SUP,,False,True
1675627,BOUYGUES TELECOM,LTE 2100,94  CHEMIN VICINAL ORDINAIRE RD 575 (L'ÉTANG) 51140 COURCELLES SAPICOURT,51181,"49.2806,3.8431",Pylône autostable,"42,2m",TDF,2026-07-20,ALL,,False,False
1678276,BOUYGUES TELECOM,LTE 2100,D 326 (LES PRÉS - LES ROUTES) 26460 LE POET CELARD,26241,"44.6028,5.1119",Pylône autostable,23m,TDF,,AJO,,False,False
1679186,FREE MOBILE,"LTE 2100, LTE 2600",CAMPING DE LA MIELLERIE (PIANA A TAOLA) 20250 CASANOVA,2B074,"42.2556,9.1769",Pylône tubulaire,"28,6m",HIVORY,,SUP,,False,True
1679243,BOUYGUES TELECOM,UMTS 2100,RN 329 D'ALBERT A MONTDIDIER (AU CHEM DE PROYART) 80131 FRAMERVILLE RAINECOURT,80342,"49.8714,2.7103",Pylône autostable,37m,HIVORY,2016-07-28,SUP,,False,False
1679771,BOUYGUES TELECOM,UMTS 2100,6 AV MAL SÉBASTIANI 20600 BASTIA,2B033,"42.7025,9.4492",Immeuble,18m,Société Privée,2016-07-28,SUP,,False,False
1679820,ORANGE,GSM 900,CHEM DE CAUBETON (CAP D'ARMAS) 31420 BOUSSAN,31083,"43.2231,0.8903",Pylône autostable,20m,TOTEM,2002-10-19,SUP,,False,False
1679895,BOUYGUES TELECOM,UMTS 2100,R DES ESSARTES 25700 MATHAY,25370,"47.4344,6.7789",Pylône autostable,"23,5m",TDF,2008-07-08,SUP,,False,False
1680971,SFR,LTE 700,CEA CADARACHE (LE CASTELLET) 13115 ST PAUL LES DURANCE,13099,"43.6947,5.7333",Pylône autostable,23m,TOTEM,2026-07-08,ALL,,False,False
1682143,BOUYGUES TELECOM,5G NR 2100, (LA VALLEE) 80570 DARGNIES,80235,"50.0469,1.5189",Pylône autostable,"22,5m",HIVORY,2026-07-10,ALL,,False,False
1683017,ORANGE,LTE 700,RTE DE LAGNY (L'EPINETTE) 77131 PEZARCHES,77360,"48.7344,2.9775",Pylône tubulaire,32m,TOTEM,2026-07-22,ALL,,False,False
1684120,SFR,GSM 900,ROUTE COMMUNALE (INCAMPS) 64800 IGON,64270,"43.1631,-0.2453",Pylône autostable,"38,2m",HIVORY,1997-03-28,SUP,,False,False
1684727,FREE MOBILE,"LTE 2100, 5G NR 3500",BELLE VUE RTE DE LOCHRIST 29430 PLOUNEVEZ LOCHRIST,29206,"48.6203,-4.2194",Pylône autostable,"34,7m",TOTEM,2026-07-24,ALL,,False,False
1684778,SFR,LTE 700, (TRÉLUBAN) 56130 PEAULE,56153,"47.5914,-2.3256",Pylône autostable,"47,6m",HIVORY,,AJO,,False,False
1685024,ORANGE,5G NR 2100,FONTALLÈS (LES MAZUTS) 46090 ARCAMBAL,46007,"44.4478,1.5539",Pylône autostable,"36,5m",ATC FRANCE,,AJO,,False,False
1685087,FREE MOBILE,LTE 2100,CHEMIN DES BOIS (MARBOEUF) 44140 GENESTON,44223,"47.0625,-1.5217",Pylône autostable,33m,TOTEM,2026-07-07,ALL,,False,False
1685115,BOUYGUES TELECOM,5G NR 2100,R DE LA BRIQUETERIE 80210 CHEPY,80190,"50.0675,1.6347",Pylône autostable,37m,HIVORY,2026-07-20,ALL,,False,False
1685119,FREE MOBILE,5G NR 700,D 38 (LA MALADRERIE) 80290 NAMPS MAISNIL,80582,"49.8092,2.1044",Pylône autostable,30m,HIVORY,2026-07-07,ALL,,False,False
1685696,BOUYGUES TELECOM,LTE 2600, (FRAY ET MANNESART) 08500 LES MAZURES,08284,"49.8739,4.5992",Pylône tubulaire,26m,CELLNEX,2026-07-01,ART,,False,False
1685777,BOUYGUES TELECOM,LTE 2600,Z.A. DE KERVENDRAS (LE COSQUER) 56250 SULNIAC,56247,"47.6675,-2.5697",Pylône autostable,32m,HIVORY,,SUP,,False,False
1686543,SFR,"LTE 700, LTE 800, LTE 1800, LTE 2100, LTE 2600",43 RUE DE LA MAILLERAYE IMMEUBLE ALCÉANE 76620 LE HAVRE,76351,"49.4881,0.1019",Immeuble,"24,7m",Société HLM,,SUP,,False,True
1687073,BOUYGUES TELECOM,LTE 700,LE STADE RUE DU BRUDIOU 29300 GUILLIGOMARC H,29071,"47.9417,-3.4144",Pylône autostable,32m,HIVORY,2026-07-17,ALL,,False,False
1687179,ORANGE,5G NR 2100,"VOIE COM ST-MAGNANCE À ST-ANDRÉ-EN-TERRE-PLAINE, L (LES BRÛLOTS) 89420 STE MAGNANCE",89351,"47.4564,4.0678",Pylône autostable,"44,1m",TDF,,AJO,,False,False
1689267,BOUYGUES TELECOM,UMTS 2100, (MAS DE L'ALLEMAGNE) 38940 ROYBON,38347,"45.2481,5.2297",Pylône autostable,"24,5m",ATC FRANCE,2016-09-29,SUP,,False,False
1689764,SFR,"LTE 700, LTE 1800, LTE 2100, 5G NR 2100",53 LES COURTS CHAMPS 89144 VARENNES,89430,"47.9242,3.7867",Pylône autostable,42m,TDF,,AJO,,False,False
1689764,SFR,UMTS 2100,53 LES COURTS CHAMPS 89144 VARENNES,89430,"47.9242,3.7867",Pylône autostable,42m,TDF,2016-10-21,SUP,,False,False
1689768,ORANGE,GSM 900, (LES TALCS) 09300 MONTFERRIER,09206,"42.8819,1.7564",Pylône autostable,43m,TOTEM,2016-11-30,SUP,,True,False
1689809,BOUYGUES TELECOM,"LTE 700, LTE 2100, 5G NR 2100",HAMEAU DE PONT D'HERAULT (LE PAGES) 30440 SUMENE,30325,"43.995,3.6797",Pylône autostable,27m,TDF,,AJO,,False,False
1689855,BOUYGUES TELECOM,UMTS 2100, (LES RAPAILLES) 54370 BATHELEMONT,54050,"48.7003,6.5136",Pylône autostable,33m,CELLNEX,2019-11-26,SUP,,False,False
1689882,SFR,GSM 900,PL DE L'EGLISE HOTEL LATITUDES 73150 VAL D ISERE,73304,"45.4475,6.9806",Bâtiment,24m,Société Privée,2017-09-29,SUP,,False,False
1689893,BOUYGUES TELECOM,"LTE 700, LTE 1800, LTE 2100, 5G NR 2100",SEDE ENVIRONNEMENT ZA LA CROIX BAUDY 86220 INGRANDES,86111,"46.8539,0.5906",Pylône autostable,"14,5m",HIVORY,,AJO,,False,False
1690761,BOUYGUES TELECOM,"LTE 1800, LTE 2100",COUR DU PRESSOIR (LA DUMONDERIE) 14290 VALORBIQUET,14570,"49.0775,0.3283",Pylône autostable,"31,4m",HIVORY,2026-06-30,ART,,False,False
1690761,SFR,"LTE 1800, LTE 2100",COUR DU PRESSOIR (LA DUMONDERIE) 14290 VALORBIQUET,14570,"49.0775,0.3283",Pylône autostable,"31,4m",HIVORY,2026-07-08,ALL,,False,False
1691453,BOUYGUES TELECOM,"LTE 2100, 5G NR 2100", (LE CIMETIÈRE) 08310 HAUVINE,08220,"49.3056,4.3992",Pylône autostable,32m,ATC FRANCE,,AJO,,False,False
1691952,BOUYGUES TELECOM,"LTE 700, 5G NR 2100",22 RUE DES ROSES 67170 BRUMATH,67067,"48.7286,7.7053",Bâtiment,34m,"Coopérative Agricole, Vinicole",2026-07-12,ALL,,False,False
1691952,SFR,5G NR 2100,22 RUE DES ROSES 67170 BRUMATH,67067,"48.7286,7.7053",Bâtiment,34m,"Coopérative Agricole, Vinicole",2026-07-10,ALL,,False,False
1691956,BOUYGUES TELECOM,LTE 2100, (LE DEVES OUEST) 46160 MARCILHAC SUR CELE,46183,"44.5506,1.7733",Pylône autostable,"13,2m",ATC FRANCE,2026-07-24,ALL,,False,False
1692052,BOUYGUES TELECOM,LTE 2100,CH RURAL DE LA DOUCEUR (CUTLAZ) 74200 MARIN,74166,"46.3664,6.5161",Pylône autostable,18m,TDF,2026-07-15,ALL,,False,False
1692738,SFR,"LTE 700, 5G NR 2100",88 R VAUVERT 18000 BOURGES,18033,"47.0831,2.3786",Bâtiment,"24,9m","Copropriété, Syndic, SCI",2026-07-08,ALL,,False,False
1693139,ORANGE,"UMTS 900, LTE 700, LTE 800, LTE 1800, 5G NR 2100", (LES AISANCES) 08500 LES MAZURES,08284,"49.8953,4.6264",Pylône autostable,"42,4m",HIVORY,,AJO,,False,True
1693166,BOUYGUES TELECOM,"LTE 700, LTE 1800, LTE 2100, 5G NR 2100",D 905 LES 4 ROUTES (LES GAGNEUX) 89320 CERISIERS,89066,"48.1208,3.5275",Pylône autostable,"35,9m",HIVORY,2026-07-23,ALL,,False,False
1693532,BOUYGUES TELECOM,"LTE 1800, LTE 2100", (BOS DU PEYRE) 87400 ST DENIS DES MURS,87142,"45.7681,1.5083",Pylône autostable,"47,9m",HIVORY,2026-06-29,ART,,False,False
1693532,SFR,"LTE 700, LTE 1800, LTE 2100", (BOS DU PEYRE) 87400 ST DENIS DES MURS,87142,"45.7681,1.5083",Pylône autostable,"47,9m",HIVORY,2026-07-08,ALL,,False,False
1693532,SFR,5G NR 2100, (BOS DU PEYRE) 87400 ST DENIS DES MURS,87142,"45.7681,1.5083",Pylône autostable,"47,9m",HIVORY,2026-07-01,ART,,False,False
1694166,BOUYGUES TELECOM,"LTE 700, LTE 2600",ROUTE DU VIEUX FORT (ER PRAD) 56170 ILE D HOUAT,56086,"47.3883,-2.9617",Château d'eau - réservoir,"5,4m","Syndicat des eaux, Adduction",,AJO,,False,False
1694750,BOUYGUES TELECOM,"UMTS 2100, LTE 1800",CHEM D EXPLOITATION (LA PETITE RAVEROTTE) 70290 CHAMPAGNEY,70120,"47.6831,6.6964",Pylône autostable,40m,ATC FRANCE,2018-06-28,SUP,,False,False
1694815,SFR,LTE 700,RTE N85 (LA GROSSE COUASSE) 04000 DIGNE LES BAINS,04070,"44.0486,6.205",Pylône tubulaire,"13,2m",HIVORY,2026-07-01,ART,,False,False
1695589,BOUYGUES TELECOM,5G NR 3500,CHABANAS (MONT COLOMBIS) 05190 THEUS,05171,"44.4958,6.2194",Pylône autostable,30m,HIVORY,2026-07-13,ALL,,False,False
1695636,ORANGE,5G NR 2100,LES GUILLAUMAUX (MELLET) 24120 BEAUREGARD DE TERRASSON,24030,"45.1586,1.2208",Pylône autostable,29m,CELLNEX,,AJO,,False,False
1695644,BOUYGUES TELECOM,LTE 2100,D81 (SAN MARTINU) 20115 PIANA,2A212,"42.2172,8.6422",Pylône tubulaire,6m,HIVORY,2026-07-20,ALL,,False,False
1696202,BOUYGUES TELECOM,UMTS 2100,RUE DU MONT DE L' ÉGLISE-EGLISE 67620 SOUFFLENHEIM,67472,"48.83,7.9622",Monument religieux,39m,"Commune, communauté de communes",2010-06-28,SUP,,False,False
1696290,FREE MOBILE,"LTE 2100, 5G NR 700", (LA BROSSE) 85190 MACHE,85130,"46.7778,-1.6747",Pylône autostable,36m,TOTEM,2026-07-07,ALL,,False,False
1696354,BOUYGUES TELECOM,UMTS 2100,8 PLACE DU THÉATRE 08000 CHARLEVILLE MEZIERES,08105,"49.7733,4.7183",Immeuble,"15,5m",Société Privée,2011-10-05,SUP,,False,False
1696978,FREE MOBILE,LTE 2100, (ARCOLIERE) 73170 YENNE,73330,"45.7008,5.7814",Pylône autostable,28m,CELLNEX,,SUP,,False,False
1697415,BOUYGUES TELECOM,LTE 700,CHÂTEAU D'EAU (LE CABINET) 86510 CHAUNAY,86068,"46.2083,0.1681",Château d'eau - réservoir,"49,2m","Syndicat des eaux, Adduction",,AJO,,False,False
1697481,SFR,LTE 700, (MONTIFAUX) 42440 NOIRETABLE,42159,"45.8203,3.7594",Pylône autostable,"26,5m",HIVORY,2026-07-01,ART,,False,False
1697610,BOUYGUES TELECOM,LTE 700,D N° 7B (LE MARTOULET OUEST) 87380 ST GERMAIN LES BELLES,87146,"45.5797,1.4667",Pylône autostable,39m,HIVORY,2026-08-03,AAV,,False,False
1698147,ORANGE,"LTE 700, LTE 800, LTE 1800, 5G NR 2100",CHEMIN DES CARRIÈRES DU SALIN (CHAMPS BÉCOT) 73460 GRESY SUR ISERE,73129,"45.6042,6.2497",Pylône autostable,25m,HIVORY,,AJO,,False,False
1698521,SFR,GSM 900,GRANDE RUE COPROPRIÉTÉ LE LAC DU LOU (VAL THORENS) 73600 LES BELLEVILLE,73257,"45.2989,6.5833",Immeuble,29m,"Copropriété, Syndic, SCI",2001-01-04,SUP,,False,False
1698529,SFR,GSM 900,IMM REBERTY MÉDIAN HOTEL CLUB MEDITERANNEE (REBERTY) 73600 LES BELLEVILLE,73257,"45.3167,6.5439",Immeuble,27m,"Copropriété, Syndic, SCI",2000-10-20,SUP,,False,False
1698867,BOUYGUES TELECOM,"LTE 1800, LTE 2100",B CHEM DÉPARTEMENTAL N° 112 (LES BARBARAS) 28400 NOGENT LE ROTROU,28280,"48.3011,0.845",Pylône autostable,32m,HIVORY,2026-07-20,ALL,,False,False
1698867,BOUYGUES TELECOM,5G NR 2100,B CHEM DÉPARTEMENTAL N° 112 (LES BARBARAS) 28400 NOGENT LE ROTROU,28280,"48.3011,0.845",Pylône autostable,32m,HIVORY,2026-06-12,ART,,False,False
1698940,BOUYGUES TELECOM,LTE 2100,1 PLACE DE LA RÉSISTANCE ET DE LA DÉPORTATION 57700 HAYANGE,57306,"49.33,6.0647",Immeuble,36m,"Copropriété, Syndic, SCI",2026-07-03,ALL,,False,False
1699377,BOUYGUES TELECOM,UMTS 2100,CHEMIN DE LA FORET SCIERIE CD 910 (TRIAGE DU NAIS) 76430 TANCARVILLE,76684,"49.4842,0.4522",Pylône tubulaire,24m,ATC FRANCE,2008-12-09,SUP,,False,False
1701418,SFR,5G NR 2100,RUE DE HEIDOLSHEIM 67390 OHNENHEIM,67360,"48.1861,7.5086",Château d'eau - réservoir,35m,"Syndicat des eaux, Adduction",,SUP,,False,False
1701426,FREE MOBILE,"LTE 2100, 5G NR 700",RTE D103 (LE CLAUD DE CAPITAINE) 24350 MONTAGRIER,24286,"45.2775,0.4833",Pylône autostable,35m,HIVORY,2026-07-24,ALL,,False,False
1701430,BOUYGUES TELECOM,"LTE 1800, LTE 2100, 5G NR 2100", (LA FORÊT) 24110 ST LEON SUR L ISLE,24442,"45.1258,0.4969",Pylône autostable,"35,4m",HIVORY,2026-07-20,ALL,,False,False
1701430,SFR,"LTE 1800, LTE 2100, 5G NR 2100", (LA FORÊT) 24110 ST LEON SUR L ISLE,24442,"45.1258,0.4969",Pylône autostable,"35,4m",HIVORY,2026-07-02,ALL,,False,False
1701576,SFR,GSM 900,ZA DU BOIS NICOLAS POSTE ÉLECTRIQUE DE PENLY (CNPE) EDF (VASSONVILLE) 76910 PETIT CAUX,76618,"49.9675,1.2239",Pylône haubané,84m,EDF ou GDF,2023-01-03,SUP,,False,False
1702662,ORANGE,GSM 900,AV LOUISE NADEAU TOUR DE GUET 47420 HOUEILLES,47119,"44.1931,0.0264",Pylône autostable,42m,"SDIS, secours, incendie",2012-08-06,SUP,,False,False
1702669,SFR,"LTE 700, LTE 1800, LTE 2100, 5G NR 2100",CHEM DES PORNINS (LA CROIX) 36350 LUANT,36101,"46.7364,1.5511",Pylône tubulaire,25m,HIVORY,,AJO,,False,False
1702697,SFR,"LTE 700, LTE 2100, 5G NR 2100", (LES TIMBRELLES) 37120 FAYE LA VINEUSE,37105,"46.9525,0.3872",Pylône autostable,30m,HIVORY,,AJO,,False,False
1702807,BOUYGUES TELECOM,LTE 700, (SAINT THOMAS) 27170 BARQUET,27040,"49.0325,0.8172",Pylône autostable,25m,HIVORY,2026-07-13,ALL,,False,False
1703648,BOUYGUES TELECOM,UMTS 2100,CHEM RURAL N° 3 (LA PIERRE) 10400 FERREUX QUINCEY,10148,"48.4583,3.6206",Pylône autostable,31m,HIVORY,2016-09-28,SUP,,False,False
1703652,BOUYGUES TELECOM,5G NR 2100, (LES VIGNES AUX MOINES) 10400 TRAINEL,10382,"48.4222,3.4458",Pylône autostable,30m,HIVORY,2026-07-11,ALL,,False,False
1703684,SFR,"LTE 700, LTE 2600",PARKING  DU PARC ANIMALIER DE CERZA (SAINT LAURENT) 14100 HERMIVAL LES VAUX,14326,"49.1819,0.3122",Pylône autostable,22m,ATC FRANCE,,AJO,,False,False
1704719,ORANGE,"LTE 700, 5G NR 2100",ST-CYR-LE-GRAVELAIS TGV (LA CHESNAIE) 53320 BEAULIEU SUR OUDON,53026,"48.0111,-1.0181",Pylône autostable,"30,3m",TDF,,AJO,,False,False
1704719,ORANGE,LTE 2100,ST-CYR-LE-GRAVELAIS TGV (LA CHESNAIE) 53320 BEAULIEU SUR OUDON,53026,"48.0111,-1.0181",Pylône autostable,"30,3m",TDF,,SUP,,False,False
1705506,BOUYGUES TELECOM,"LTE 1800, LTE 2100",RUE DES TILLEULS (LES COUS DE CHÈVRES) 86400 CIVRAY,86078,"46.1494,0.2903",Château d'eau - réservoir,"44,2m","Syndicat des eaux, Adduction",2026-07-22,ALL,,False,False
1706178,ORANGE,GSM 900,RTE DE CASSOU (CURSOR) 47480 PONT DU CASSE,47209,"44.2244,0.6886",Pylône autostable,33m,TOTEM,2007-10-30,SUP,,False,False
1706198,SFR,LTE 700,CHEM RURAL (LA MARQUERIE) 49140 CORZE,49110,"47.5161,-0.4025",Pylône autostable,40m,TDF,2026-07-01,ART,,False,False
1707491,SFR,GSM 900,R DU STADE 67810 HOLTZHEIM,67212,"48.5572,7.6364",Pylône tubulaire,31m,ATC FRANCE,2017-07-21,SUP,,False,False
1708086,BOUYGUES TELECOM,UMTS 2100,CHEM DE GRAYE CH D'EAU 52400 BOURBONNE LES BAINS,52060,"47.9539,5.7375",Château d'eau - réservoir,"26,8m","Commune, communauté de communes",2008-08-27,SUP,,False,False
1709390,SFR,5G NR 2100, (FONT-DE-L'EYMAT) 24560 MONSAGUEL,24282,"44.7347,0.5475",Pylône autostable,"49,6m",TDF,,AJO,,False,False
1709394,SFR,"LTE 700, LTE 2100, 5G NR 2100",LE GRAND VAL 42330 AVEIZIEUX,42010,"45.5711,4.3764",Pylône autostable,25m,HIVORY,,AJO,,False,False
1709394,SFR,UMTS 2100,LE GRAND VAL 42330 AVEIZIEUX,42010,"45.5711,4.3764",Pylône autostable,25m,HIVORY,2011-02-11,SUP,,False,False
1709839,BOUYGUES TELECOM,UMTS 2100, (LES BELLOIRS) 73100 ST OFFENGE,73263,"45.735,6.0133",Pylône autostable,33m,ATC FRANCE,2009-11-16,SUP,,False,False
1710271,BOUYGUES TELECOM,UMTS 2100,IMP DE CASSEL 59470 HERZEELE,59305,"50.8714,2.5297",Pylône tubulaire,25m,HIVORY,2016-10-14,SUP,,False,False
1710666,BOUYGUES TELECOM,LTE 2100, (LES VILLARS) 16130 SALLES D ANGLES,16359,"45.6194,-0.3153",Pylône autostable,22m,ATC FRANCE,2026-07-19,ALL,,False,False
1710689,BOUYGUES TELECOM,UMTS 2100,C.D N°45 RÉSERVOIR D'EAU (LE REPLAT) 73160 ST JEAN DE COUZ,73246,"45.4647,5.8225",Pylône tubulaire,"26,5m",HIVORY,2016-10-14,SUP,,False,False
1710782,BOUYGUES TELECOM,UMTS 2100,RD N°153 DE PANJAS À AIGNAN (LARROQUE) 32370 STE CHRISTIE D ARMAGNAC,32369,"43.7953,0.0036",Château d'eau - réservoir,"22,6m","Syndicat des eaux, Adduction",2009-01-29,SUP,,False,False
1711647,ORANGE,5G NR 700,1 RUE MOLIERE 78000 VERSAILLES,78646,"48.795,2.1475",Immeuble,"19,6m","Copropriété, Syndic, SCI",,AJO,,False,False
1711647,ORANGE,LTE 700,1 RUE MOLIERE 78000 VERSAILLES,78646,"48.795,2.1475",Immeuble,"19,6m","Copropriété, Syndic, SCI",2025-01-29,SUP,,False,False
1712762,FREE MOBILE,"LTE 2100, 5G NR 700",QUARTIER SAINT MICHEL 83560 RIANS,83104,"43.6214,5.7486",Pylône tubulaire,"13,8m",ON TOWER FRANCE,2026-07-24,ALL,,False,False
1713516,ORANGE,5G NR 2100,PYLÔNE SFR (LA PRÊLE) 54370 ARRACOURT,54023,"48.7172,6.5678",Pylône autostable,30m,SFR,2026-06-30,ART,,False,False
1713527,BOUYGUES TELECOM,UMTS 2100,RUE DES ESSARTS (ESSARTS CLEMENT) 25190 VILLARS SOUS DAMPJOUX,25617,"47.3572,6.7547",Pylône autostable,30m,CELLNEX,2012-11-09,SUP,,False,False
1713558,SFR,LTE 700, (LE VIEUX VERGEZAY) 79400 AZAY LE BRULE,79024,"46.3875,-0.2542",Pylône autostable,35m,HIVORY,,AJO,,False,False
1714372,ORANGE,"LTE 700, LTE 800, LTE 1800, 5G NR 2100", (LE VIALLARD) 19380 FORGES,19084,"45.1714,1.8461",Pylône autostable,41m,HIVORY,2026-07-15,ALL,,False,True
1714453,FREE MOBILE,"LTE 2100, 5G NR 700",RD 24 (LES PÂTURES) 60310 OGNOLLES,60474,"49.6844,2.9136",Château d'eau - réservoir,"27,5m","Syndicat des eaux, Adduction",2026-07-24,ALL,,False,False
1714600,BOUYGUES TELECOM,"LTE 700, LTE 2600", (PUECH NOLIEU) 34460 CESSENON SUR ORB,34074,"43.46,3.0456",Pylône autostable,"18,3m",HIVORY,,AJO,,False,False
1715261,BOUYGUES TELECOM,LTE 700,409 RTE DE ST MARTIN 45240 MENESTREAU EN VILLETTE,45200,"47.7025,2.025",Pylône tubulaire,30m,ATC FRANCE,2026-08-03,AAV,,False,False
1715335,SFR,"LTE 700, LTE 1800, LTE 2100, 5G NR 2100",FORÊT DOMANIALE DE CHATEAUROUX (LE RIAU DE LA MOTTE) 36330 ARTHON,36009,"46.7383,1.7267",Pylône tubulaire,39m,HIVORY,,AJO,,False,False
1715335,SFR,UMTS 2100,FORÊT DOMANIALE DE CHATEAUROUX (LE RIAU DE LA MOTTE) 36330 ARTHON,36009,"46.7383,1.7267",Pylône tubulaire,39m,HIVORY,2017-01-27,SUP,,False,False
1715344,SFR,"LTE 700, LTE 1800, LTE 2100, 5G NR 2100",VGE DE MENAS (LES MENAS) 36120 ETRECHET,36071,"46.8033,1.7486",Pylône autostable,30m,HIVORY,,AJO,,False,False
1715344,SFR,UMTS 2100,VGE DE MENAS (LES MENAS) 36120 ETRECHET,36071,"46.8033,1.7486",Pylône autostable,30m,HIVORY,2017-01-27,SUP,,False,False
1715879,FREE MOBILE,"LTE 2100, 5G NR 700",RUE SAINT SYMPHORIEN 44170 ABBARETZ,44001,"47.5522,-1.5281",Pylône autostable,"32,6m",TOTEM,2026-07-07,ALL,,False,False
1715891,FREE MOBILE,"LTE 900, LTE 2100, 5G NR 700",CHE DU MOULIN BAS (SCHINDKLOPP) 57925 DISTROFF,57179,"49.3336,6.2478",Pylône autostable,"35,4m",HIVORY,2026-07-24,ALL,,False,False
1715942,SFR,LTE 2100,RESERVOIR (BELLEVUE) 83990 ST TROPEZ,83119,"43.26,6.6467",Pylône tubulaire,"12,5m",HIVORY,2026-07-15,ALL,,False,False
1715978,FREE MOBILE,"LTE 2100, 5G NR 700", (EN TRÉMILLY ET BOIS SALLÉ) 89240 CHEVANNES,89102,"47.7472,3.5133",Pylône autostable,22m,HIVORY,2026-07-07,ALL,,False,False
1717306,FREE MOBILE,5G NR 3500,PYLÔNE HERTZIEN (LA GUIBRETIERE) 44310 ST PHILBERT DE GRAND LIEU,44188,"47.0236,-1.6453",Pylône autostable,40m,TOTEM,2026-07-28,ALL,,False,False
1718001,BOUYGUES TELECOM,"LTE 700, LTE 1800, LTE 2100, 5G NR 2100",V COMMUNALE N°7 (LES FOUILLARDES) 79350 AMAILLOUX,79008,"46.7214,-0.2922",Pylône autostable,32m,HIVORY,,AJO,,False,False
1718710,SFR,GSM 900,RUE DE PORT HALIGUEN STADE DES PILOTINS (ROC H PRIOL) 56170 QUIBERON,56186,"47.4825,-3.1131",Pylône tubulaire,26m,HIVORY,2007-07-17,SUP,,False,False
1718833,SFR,LTE 700, (LOGE SANS CULOTTE) 56930 PLUMELIAU BIEUZY,56173,"47.9528,-2.9953",Pylône autostable,30m,HIVORY,,AJO,,False,False
1719313,BOUYGUES TELECOM,LTE 700,PRE ROUSSET ET COULET D'AU ROUTE NAPOLEON (LA BATIE) 04120 PEYROULES,04148,"43.8142,6.5942",Pylône tubulaire,12m,HIVORY,2026-07-17,ALL,,False,False
1719991,SFR,LTE 700,CHATEAU D'EAU (LA GRISERIE) 28160 UNVERRE,28398,"48.1861,1.0939",Château d'eau - réservoir,51m,"Syndicat des eaux, Adduction",,AJO,,False,False
1720017,SFR,LTE 700,1 CHEMIN DU PLESSIS 28120 VIEUVICQ,28409,"48.2792,1.2",Pylône autostable,"38,5m",TDF,,AJO,,False,False
1721587,BOUYGUES TELECOM,"LTE 700, LTE 2100, 5G NR 2100", (LA FONTAINE MITTAY -BOIS DE TH) 89210 BRIENON SUR ARMANCON,89055,"48.0039,3.6453",Pylône autostable,27m,ATC FRANCE,2026-07-23,ALL,,False,False
1721679,BOUYGUES TELECOM,LTE 2100,PL DE LA REPUBLIQUE EGLISE 80190 NESLE,80585,"49.7569,2.9081",Monument religieux,"44,4m","Commune, communauté de communes",2026-07-20,ALL,,False,False
1721744,BOUYGUES TELECOM,LTE 2100, (LES HAUTS DE MOUZON) 55700 MOULINS ST HUBERT,55362,"49.5847,5.1092",Pylône autostable,29m,TDF,2026-07-20,ALL,,False,False
1722546,SFR,UMTS 2100,STADE MUNICIPAL (LE BAS DU COURREAU) 21500 ST REMY,21568,"47.6347,4.2914",Pylône autostable,31m,HIVORY,2016-09-21,SUP,,False,False
1722592,FREE MOBILE,"LTE 2100, LTE 2600",RURAL N°17 (LA COUAS) 21450 ST MARC SUR SEINE,21557,"47.6958,4.6075",Pylône autostable,39m,HIVORY,,SUP,,False,True
1724005,BOUYGUES TELECOM,LTE 2100, (FIEF DE BELLEVUE) 17610 CHERAC,17100,"45.7125,-0.4675",Château d'eau - réservoir,47m,"Syndicat des eaux, Adduction",2026-07-20,ALL,,False,False
1724854,SFR,GSM 900, (LES BUCHETS) 25500 LES COMBES,25160,"47.0397,6.5158",Pylône autostable,23m,HIVORY,2004-10-29,SUP,,True,False
1724888,SFR,"LTE 700, LTE 2100, 5G NR 2100",1 RUE BLAISE PASCAL 34290 ABEILHAN,34001,"43.4497,3.2953",Monument religieux,25m,"Commune, communauté de communes",,AJO,,False,False
1724888,SFR,"GSM 1800, UMTS 2100",1 RUE BLAISE PASCAL 34290 ABEILHAN,34001,"43.4497,3.2953",Monument religieux,25m,"Commune, communauté de communes",2017-03-31,SUP,,False,False
1725433,SFR,GSM 900,STATION D'EPURATION R DE LA BÉTAUDIÈRE (LES PETITS MARAIS) 17650 ST DENIS D OLERON,17323,"46.015,-1.38",Pylône tubulaire,33m,HIVORY,2016-06-09,SUP,,False,False
1725440,BOUYGUES TELECOM,LTE 700,PRÈS RD 96 (LE VILLAGE) 70400 COURMONT,70182,"47.6114,6.6303",Pylône autostable,22m,ATC FRANCE,,AJO,,False,False
1725440,BOUYGUES TELECOM,LTE 800,PRÈS RD 96 (LE VILLAGE) 70400 COURMONT,70182,"47.6114,6.6303",Pylône autostable,22m,ATC FRANCE,2026-06-18,ART,,False,False
1725482,BOUYGUES TELECOM,"LTE 700, LTE 2600",D7 RUE DES FUSILLÉS (ETANG DE LA CROIX) 45240 MARCILLY EN VILLETTE,45193,"47.7672,2.0342",Pylône autostable,"45,8m",HIVORY,2026-07-13,AJA,,False,False
1725739,FREE MOBILE,5G NR 3500,RUE SAINT LAZARE RÉSIDENCE MARTHE LAZARE BÂTIMENT B 59400 CAMBRAI,59122,"50.1792,3.2281",Immeuble,25m,"Copropriété, Syndic, SCI",2026-07-24,ALL,,False,False
1726300,BOUYGUES TELECOM,LTE 2100, (LES VERNÈDES) 66740 LAROQUE DES ALBERES,66093,"42.5314,2.9269",Pylône tubulaire,17m,HIVORY,2026-07-18,ALL,,False,False
1726477,BOUYGUES TELECOM,"LTE 700, LTE 2600, 5G NR 2100, 5G NR 3500",CHEM DE LA JUSTICE (LES MARANGERS) 77100 MEAUX,77284,"48.9639,2.8925",Pylône autostable,30m,HIVORY,2026-07-04,ALL,,False,False
1727668,BOUYGUES TELECOM,LTE 2100,RTE DE DONZENAC À THEIL (SALEIX) 19270 DONZENAC,19072,"45.2506,1.5433",Pylône autostable,"45,2m",HIVORY,2026-07-22,ALL,,False,False
1727702,FREE MOBILE,"LTE 2100, 5G NR 700", (LE BASPEYRAT SUD) 24800 ST PIERRE DE COLE,24485,"45.3869,0.7978",Pylône autostable,44m,HIVORY,2026-07-07,ALL,,False,False
1727805,BOUYGUES TELECOM,"GSM 1800, UMTS 2100", (LA ROCHE) 19130 ST CYR LA ROCHE,19196,"45.2858,1.4031",Pylône autostable,"35,9m",HIVORY,2017-05-23,SUP,,False,False
1728402,SFR,LTE 700, (ROCHEFORT) 72220 ST MARS D OUTILLE,72299,"47.8775,0.3278",Pylône autostable,28m,ATC FRANCE,,AJO,,False,False
1731312,BOUYGUES TELECOM,LTE 2100,R DU ACKER CH D EAU 57570 HAGEN,57282,"49.4967,6.1689",Château d'eau - réservoir,"35,6m","Syndicat des eaux, Adduction",2026-07-20,ALL,,False,False
1731332,SFR,LTE 700, (LA NOUETTE) 28190 MITTAINVILLIERS VERIGNY,28254,"48.5275,1.3428",Pylône autostable,49m,HIVORY,,AJO,,False,False
1731339,FREE MOBILE,"LTE 2100, 5G NR 700", (RONCHOUX) 63660 ST ANTHEME,63319,"45.5217,3.9056",Pylône autostable,20m,HIVORY,2026-07-07,ALL,,False,False
1731413,SFR,GSM 900,RTE DE STE MARIE À PY 51600 SOMMEPY TAHURE,51544,"49.2472,4.5531",Pylône tubulaire,"40,5m",HIVORY,2015-12-21,SUP,,False,False
1732490,BOUYGUES TELECOM,LTE 2100, (L'ARBRE ESPIC) 19400 HAUTEFAGE,19091,"45.0869,1.9622",Pylône autostable,27m,HIVORY,2026-07-23,ALL,,False,False
1732661,BOUYGUES TELECOM,LTE 1800,GRANGEVIEILLE (LES CHIERS) 42550 USSON EN FOREZ,42318,"45.3997,3.9381",Pylône autostable,36m,HIVORY,2026-06-30,ART,,False,False
1732661,SFR,"LTE 700, LTE 1800",GRANGEVIEILLE (LES CHIERS) 42550 USSON EN FOREZ,42318,"45.3997,3.9381",Pylône autostable,36m,HIVORY,2026-07-08,ALL,,False,False
1732701,SFR,"LTE 700, LTE 2100, 5G NR 2100",D133 (LA FOSSE À L'ANE) 41190 ST LUBIN EN VERGONNOIS,41223,"47.6275,1.2161",Pylône autostable,"48,4m",HIVORY,,AJO,,False,False
1733797,SFR,GSM 900,PROCHE RUE DES BARRIS (QUARTIER BEAULIEU OUEST) 26300 ALIXAN,26004,"44.9789,4.9892",Pylône autostable,34m,ATC FRANCE,2017-03-31,SUP,,False,False
1733816,SFR,"LTE 700, LTE 1800, LTE 2100, 5G NR 2100", (L'ETERNYS) 28130 BOUGLAINVAL,28052,"48.5633,1.5022",Pylône autostable,21m,ATC FRANCE,,AJO,,False,False
1733816,SFR,UMTS 2100, (L'ETERNYS) 28130 BOUGLAINVAL,28052,"48.5633,1.5022",Pylône autostable,21m,ATC FRANCE,2018-07-03,SUP,,False,False
1733834,SFR,"LTE 700, LTE 1800, LTE 2100, 5G NR 2100",LE BOIS GAILLARD (LA FOLIE) 28150 OUARVILLE,28291,"48.3403,1.7714",Pylône autostable,30m,ATC FRANCE,,AJO,,False,False
1733834,SFR,UMTS 2100,LE BOIS GAILLARD (LA FOLIE) 28150 OUARVILLE,28291,"48.3403,1.7714",Pylône autostable,30m,ATC FRANCE,2018-09-06,SUP,,False,False
1734529,BOUYGUES TELECOM,"LTE 1800, LTE 2100, 5G NR 2100",DIT DE VERCEL (PRÉ BELLE) 25800 EPENOY,25219,"47.1467,6.405",Pylône autostable,32m,HIVORY,2026-07-15,ALL,,False,False
1734529,SFR,LTE 700,DIT DE VERCEL (PRÉ BELLE) 25800 EPENOY,25219,"47.1467,6.405",Pylône autostable,32m,HIVORY,,SUP,,False,False
1734535,BOUYGUES TELECOM,LTE 700, (CERNEUX TISSOT) 25140 FOURNET BLANCHEROCHE,25255,"47.1717,6.8261",Pylône autostable,"37,3m",HIVORY,,AJO,,False,False
1735311,BOUYGUES TELECOM,"LTE 2100, 5G NR 2100",STE BORDAPE RUE DE L'ÉGLISE (DERRIERE OROER VERS FONTAINE) 60510 OROER,60480,"49.4992,2.1619",Pylône tubulaire,"41,3m",HIVORY,,AJO,,False,False
1735311,SFR,5G NR 2100,STE BORDAPE RUE DE L'ÉGLISE (DERRIERE OROER VERS FONTAINE) 60510 OROER,60480,"49.4992,2.1619",Pylône tubulaire,"41,3m",HIVORY,2026-07-03,AJA,,False,False
1735358,FREE MOBILE,LTE 2100,CHEM DES TENNIS (LARIS DE PONCHON) 60430 PONCHON,60504,"49.35,2.2031",Pylône autostable,47m,HIVORY,2026-07-28,ALL,,False,False
1735565,BOUYGUES TELECOM,"LTE 2100, 5G NR 2100", (PECH MERLE) 46300 LE VIGAN EN QUERCY,46334,"44.7492,1.4194",Pylône autostable,"35,6m",HIVORY,2026-07-26,ALL,,False,False
1735587,BOUYGUES TELECOM,LTE 2600, (PECH DE NAUDY) 46360 SABADEL LAUZES,46245,"44.5611,1.5922",Pylône autostable,32m,HIVORY,2026-07-24,ALL,,False,False
1736256,SFR,"LTE 700, LTE 2100, 5G NR 2100",129 RTE DE CHATILLON PIECE DU PARC COLIGNY 45220 CHATEAU RENARD,45083,"47.9269,2.9292",Pylône autostable,"38,2m",ATC FRANCE,,AJO,,False,False
1736256,SFR,UMTS 2100,129 RTE DE CHATILLON PIECE DU PARC COLIGNY 45220 CHATEAU RENARD,45083,"47.9269,2.9292",Pylône autostable,"38,2m",ATC FRANCE,2018-09-26,SUP,,False,False
1738733,BOUYGUES TELECOM,LTE 2100,LA FERME DE BELLEVUE (LE MONT BLANC DE PROUVAIS) 02190 NEUFCHATEL SUR AISNE,02541,"49.4522,4.0114",Pylône autostable,30m,HIVORY,2026-07-20,ALL,,False,False
1741156,SFR,"LTE 700, LTE 1800, LTE 2100, 5G NR 2100",CHEMIN RURAL N°19 (LES 16 MINES) 28140 TILLAY LE PENEUX,28390,"48.1506,1.7289",Pylône autostable,50m,ATC FRANCE,,AJO,,False,False
1741768,SRR,LTE 2100,CHEM CAMALON (BRAS MADELEINE) 97470 ST BENOIT,97410,"-21.0533,55.7006",Pylône autostable,20m,ORANGE,2026-05-07,ART,,False,False
1741869,FREE MOBILE,"LTE 2100, 5G NR 700",TRAVERSE LEO LAGRANGE STADE LOUIS GILLY 83300 DRAGUIGNAN,83050,"43.5397,6.4447",Pylône tubulaire,25m,HIVORY,2026-07-24,ALL,,False,False
1743880,ORANGE,GSM 900,PRÉS D12 (ANCIENNE DÉCHETTERIE) 09340 VERNIOLLE,09332,"43.0844,1.6597",Pylône autostable,30m,TOTEM,2012-02-19,SUP,,False,False
1743941,BOUYGUES TELECOM,"LTE 700, LTE 2600",5 BOULEVARD TALABOT - RESIDENCE LE ROUSSY 30900 NIMES,30189,"43.8336,4.3667",Immeuble,"32,7m","Copropriété, Syndic, SCI",,AJO,,False,False
1743941,BOUYGUES TELECOM,GSM 900,5 BOULEVARD TALABOT - RESIDENCE LE ROUSSY 30900 NIMES,30189,"43.8336,4.3667",Immeuble,"32,7m","Copropriété, Syndic, SCI",2017-01-23,SUP,,False,False
1745090,FREE MOBILE,"LTE 2100, 5G NR 700",VOIE COMMUNALE N°12 (CHEZ SAVARY) 17240 BOIS,17050,"45.4631,-0.6131",Pylône autostable,40m,TOTEM,2026-07-28,ALL,,False,False
1745126,FREE MOBILE,"LTE 2100, 5G NR 700",PRÈS D19 (CHEM D'EMPURÉ) 16240 VILLEFAGNAN,16409,"46.0225,0.0889",Pylône autostable,"24,2m",TOTEM,2026-07-07,ALL,,False,False
1745231,SFR,"LTE 700, LTE 1800, LTE 2100, 5G NR 2100", (VILLEMALIN) 41100 CRUCHERAY,41072,"47.7586,1.1106",Pylône autostable,30m,HIVORY,,AJO,,False,False
1745231,SFR,UMTS 2100, (VILLEMALIN) 41100 CRUCHERAY,41072,"47.7586,1.1106",Pylône autostable,30m,HIVORY,2017-01-13,SUP,,False,False
1746571,SFR,"LTE 700, LTE 1800, LTE 2100, 5G NR 2100",CROISEMENT CHEM VICINAL N°6 ET N° 3 (LE BOIS DU BREUIL) 41330 VILLEFRANCOEUR,41281,"47.6953,1.2019",Pylône autostable,42m,HIVORY,,AJO,,False,False
1747520,SFR,"LTE 700, LTE 1800, LTE 2100, 5G NR 2100",CHE DU PAVÉ DE VENDÔME 41100 SELOMMES,41243,"47.7586,1.1858",Pylône tubulaire,25m,HIVORY,,AJO,,False,False
1747520,SFR,UMTS 2100,CHE DU PAVÉ DE VENDÔME 41100 SELOMMES,41243,"47.7586,1.1858",Pylône tubulaire,25m,HIVORY,2017-01-13,SUP,,False,False
1747547,ORANGE,GSM 900,VOIE DE LA ZONE ARTISANALE PRÈS D.931 (BELLEVUE) 32330 GONDRIN,32149,"43.8944,0.2439",Pylône autostable,"32,5m",TOTEM,2007-08-24,SUP,,False,False
1747925,ORANGE,"LTE 700, LTE 2100, 5G NR 3500", (HABITATION BAIE DU MARIN) 97290 LE MARIN,97217,"14.4739,-60.88",Pylône autostable,20m,ORANGE,,AJO,,False,False
1749509,BOUYGUES TELECOM,LTE 2100,CROISEMENT D107/D74 CHATEAU D'EAU MONTIGNY LE ROI  52240 VAL DE MEUSE,52332,"48.0,5.4872",Château d'eau - réservoir,37m,Sociétés d'Autoroutes,2026-07-20,ALL,,False,False
1749526,BOUYGUES TELECOM,"GSM 1800, UMTS 2100",STATION D'EPURATION ZONE D'ACTIVITÉS LA MARTELLE (LA BARAQUE) 81150 TERSSAC,81297,"43.9178,2.0772",Pylône autostable,"32,3m",HIVORY,2017-05-23,SUP,,False,False
1750288,ORANGE,"5G NR 700, 5G NR 3500",LA PETITE LUCTIÈRE 85440 GROSBREUIL,85103,"46.5483,-1.6147",Pylône autostable,35m,TOTEM,2026-07-02,ALL,,False,False
1750310,FREE MOBILE,"LTE 2100, 5G NR 700",16 R DU CÔTEAU (FONTRABLE) 86370 CHATEAU LARCHER,86065,"46.4258,0.2728",Pylône autostable,31m,TOTEM,2026-07-24,ALL,,False,False
1751269,ORANGE,"LTE 700, LTE 1800, 5G NR 2100",N22 LA CROISADE (BAC DE LA LLATA) 66760 PORTE PUYMORENS,66147,"42.5639,1.7817",Pylône tubulaire,12m,TOTEM,,AJO,,False,False
1751269,ORANGE,LTE 2100,N22 LA CROISADE (BAC DE LA LLATA) 66760 PORTE PUYMORENS,66147,"42.5639,1.7817",Pylône tubulaire,12m,TOTEM,2021-05-19,SUP,,False,False
1752765,FREE MOBILE,"LTE 2100, 5G NR 700",CHEMIN RURAL N°4 (LA GRANDE BROSSE) 41700 CHEMERY,41049,"47.3817,1.4733",Pylône autostable,39m,ATC FRANCE,2026-07-24,ALL,,False,False
1752771,BOUYGUES TELECOM,LTE 2100,56 RUE DE CHATEAUDUN 41290 OUCQUES LA NOUVELLE,41171,"47.8294,1.2978",Château d'eau - réservoir,57m,"Syndicat des eaux, Adduction",2026-07-06,ALL,,False,False
1752771,BOUYGUES TELECOM,5G NR 2100,56 RUE DE CHATEAUDUN 41290 OUCQUES LA NOUVELLE,41171,"47.8294,1.2978",Château d'eau - réservoir,57m,"Syndicat des eaux, Adduction",2026-06-15,ART,,False,False
1752771,SFR,"LTE 700, LTE 1800, LTE 2100, 5G NR 2100",56 RUE DE CHATEAUDUN 41290 OUCQUES LA NOUVELLE,41171,"47.8294,1.2978",Château d'eau - réservoir,57m,"Syndicat des eaux, Adduction",2026-07-08,ALL,,False,False
1754153,SFR,GSM 900,ANCIENNE STATION D'EPURATION (LES AGULIERS ET PAROUZEL) 30129 MANDUEL,30155,"43.8228,4.4706",Pylône autostable,"22,8m",HIVORY,2006-10-30,SUP,,False,False
1754175,SFR,"LTE 700, LTE 2100, LTE 2600, 5G NR 2100",PRÈS RN 79 (LE MOULIN DU BLAME) 71850 CHARNAY LES MACON,71105,"46.2881,4.7786",Pylône autostable,27m,HIVORY,,AJO,,False,False
1754175,SFR,UMTS 2100,PRÈS RN 79 (LE MOULIN DU BLAME) 71850 CHARNAY LES MACON,71105,"46.2881,4.7786",Pylône autostable,27m,HIVORY,2013-02-06,SUP,,False,False
1755046,BOUYGUES TELECOM,LTE 700,PÉAGE DE SALBIRS (VALAUDRAN/A71 PK157) 41300 SALBRIS,41232,"47.4186,2.0283",Pylône autostable,35m,BOUYGUES,2026-07-17,ALL,,False,False
1755139,ORANGE,GSM 900,RUE DES LANDES 31830 PLAISANCE DU TOUCH,31424,"43.5619,1.2703",Pylône tubulaire,30m,TOTEM,2014-09-10,SUP,,False,False
1755250,FREE MOBILE,5G NR 3500,6 RUE WATT 85000 LA ROCHE SUR YON,85191,"46.6425,-1.415",Pylône autostable,30m,TOTEM,2026-07-24,ALL,,False,False
1755586,SFR,"LTE 700, LTE 1800, LTE 2100, 5G NR 2100",RUE DES PASSÉES-STADE MUNICIPAL 41300 PIERREFITTE SUR SAULDRE,41176,"47.5083,2.1533",Pylône tubulaire,27m,ATC FRANCE,,AJO,,False,False
1755731,ORANGE,GSM 900,ZA MONTS ET VALLÉES DE L'ADOUR PRÉS D935 (JANMOUNTET) 32400 ST GERME,32378,"43.6825,-0.1503",Pylône autostable,"27,8m",TOTEM,2009-05-28,SUP,,False,False
1755761,SFR,"GSM 900, UMTS 900, LTE 800, LTE 1800, LTE 2100, LTE 2600, 5G NR 2100",CHEMIN DE LA GRANDE COMMUNICATION N°9 (LE CALVAIRE) 76280 CRIQUETOT L ESNEVAL,76196,"49.6531,0.2608",Pylône autostable,"33,8m",SFR,2016-09-05,SUP,,False,False
1759682,BOUYGUES TELECOM,"UMTS 900, LTE 2100",A8 DES ALPES VERS NICE PR 204.76 (SEMBOLA) 06340 LA TRINITE,06149,"43.7439,7.3389",Pylône autostable,"27,5m",Sociétés d'Autoroutes,,SUP,,False,True
1761129,ORANGE,"5G NR 700, 5G NR 3500",CHATEAU D'EAU (TY NEVEZ) 29830 PLOUGUIN,29196,"48.525,-4.6061",Château d'eau - réservoir,"39,5m","Syndicat des eaux, Adduction",,AJO,,False,False
1761129,SFR,"LTE 700, LTE 2600",CHATEAU D'EAU (TY NEVEZ) 29830 PLOUGUIN,29196,"48.525,-4.6061",Château d'eau - réservoir,"39,5m","Syndicat des eaux, Adduction",,AJO,,False,False
1762728,FREE MOBILE,"LTE 2100, 5G NR 700", (LASSALLE) 32150 CAZAUBON,32096,"43.8964,-0.0047",Pylône autostable,"31,1m",HIVORY,2026-07-24,ALL,,False,False
1763271,ORANGE,"LTE 700, LTE 1800, 5G NR 2100", (CHEZ JOYEAU) 17770 ST CESAIRE,17314,"45.7592,-0.4964",Pylône autostable,43m,HIVORY,2026-07-16,ALL,,False,False
1763402,BOUYGUES TELECOM,LTE 2100,58 DÉPARTEMENTALE (L'ESSART) 17100 LA CHAPELLE DES POTS,17089,"45.7622,-0.5306",Pylône autostable,"37,6m",HIVORY,2026-07-17,ALL,,False,False
1764666,BOUYGUES TELECOM,LTE 2100,CHATEAU D'EAU (LE CRIAULÉ) 88270 HAROL,88233,"48.13,6.2372",Château d'eau - réservoir,"25,2m",SFR,2026-07-20,ALL,,False,False
1766820,BOUYGUES TELECOM,LTE 2100, (LES TOURETTES) 12150 SEVERAC D AVEYRON,12270,"44.2753,3.0828",Pylône autostable,"50,9m",HIVORY,2026-07-22,ALL,,False,False
1766854,ORANGE,GSM 900, (LE POUTGE) 65700 SOUBLECAUSE,65432,"43.5306,-0.0328",Château d'eau - réservoir,32m,"Syndicat des eaux, Adduction",1998-11-13,SUP,,False,False
1770407,ORANGE,GSM 900,CHÂTEAU D'EAU (PICOU) 65700 CASTELNAU RIVIERE BASSE,65130,"43.5744,-0.0428",Château d'eau - réservoir,28m,"Syndicat des eaux, Adduction",2012-03-31,SUP,,False,False
1770439,ORANGE,GSM 900,VOIE COMMUNALE N°1 (LA POINTE) 32120 LABRIHE,32173,"43.7633,0.8811",Pylône autostable,33m,TOTEM,1998-08-20,SUP,,False,False
1770496,ORANGE,5G NR 2100,DÉCHARGE (LES COSTES) 30330 CAVILLARGUES,30076,"44.1083,4.5181",Pylône autostable,27m,ATC FRANCE,2026-07-09,ALL,,False,False
1770707,BOUYGUES TELECOM,"LTE 700, LTE 2600, 5G NR 3500",RD 13 (TERRE DES GRANGES) 69620 LEGNY,69111,"45.9072,4.5689",Pylône autostable,35m,HIVORY,,AJO,,False,False
1770737,SFR,LTE 700, (LES GOUTTES) 42380 LURIECQ,42126,"45.4558,4.095",Pylône tubulaire,21m,SFR,,AJO,,False,False
1771243,ORANGE,5G NR 2100,PRÈS D. 932 (LES LANDES DE PIGÉ) 40090 LUCBARDEZ ET BARGUES,40162,"43.9842,-0.3808",Pylône autostable,37m,TOTEM,2026-05-29,ART,,False,False
1771305,SFR,UMTS 2100, (CAMP DE LA SEGOL) 46150 CATUS,46064,"44.5506,1.3614",Pylône autostable,"38,9m",ATC FRANCE,2018-06-08,SUP,,False,False
1771711,BOUYGUES TELECOM,LTE 2100, (LA GRAUVE) 57840 OTTANGE,57529,"49.45,6.0131",Pylône autostable,39m,CELLNEX,2026-07-20,ALL,,False,False
1771832,SRR,"LTE 700, LTE 2100",16 R LEO LAGRANGE 97490 ST DENIS,97411,"-20.9042,55.4822",Immeuble,"31,5m",Société HLM,2025-03-11,ART,,False,False
1771851,SFR,"LTE 700, LTE 2100, 5G NR 2100",BOIS DES LOGIS CHEM DE LA PORCHERIE (LA BRANDE DU MOREAU) 86160 SOMMIERES DU CLAIN,86264,"46.2756,0.3386",Pylône autostable,32m,ATC FRANCE,,AJO,,False,False
1771988,BOUYGUES TELECOM,5G NR 3500,22 RUE MOLIERE 59100 ROUBAIX,59512,"50.6897,3.2006",Bâtiment,38m,Société Privée,,AJO,,False,False
1772355,SFR,LTE 700,RD 956 (PLAINE DE VILLAVRAIN) 41700 CHEVERNY,41050,"47.4711,1.4239",Pylône autostable,35m,CELLNEX,,AJO,,False,False
1772539,ORANGE,5G NR 700,80 RUE CAMILLE DESMOULINS 92130 ISSY LES MOULINEAUX,92040,"48.8303,2.2647",Immeuble,"35,1m","Copropriété, Syndic, SCI",2026-07-13,ALL,,False,False
1772558,FREE MOBILE,"LTE 2100, 5G NR 700",R DE LA GRANGE SANS TERRE (LA VAL DE POTHY) 91720 VALPUISEAUX,91629,"48.3839,2.2914",Pylône tubulaire,35m,HIVORY,2026-07-07,ALL,,False,False
1773171,ORANGE,GSM 900,19 RUE DU CHÂTEAU D'EAU 31430 LE FOUSSERET,31193,"43.285,1.0692",Pylône autostable,"26,7m",TOTEM,2017-08-17,SUP,,False,False
1773290,SFR,UMTS 2100,RD 105 RÉSERVOIR DU BOIS FLEURI (LE PLATEAU DU BOIS LE COMTE) 77181 LE PIN,77363,"48.9292,2.6436",Pylône autostable,48m,SFR,2011-10-20,SUP,,False,False
1774602,ORANGE,GSM 900,"7, CHEMIN DES SILOS 31500 TOULOUSE",31555,"43.5572,1.4186",Pylône autostable,25m,TOTEM,2017-08-10,SUP,,False,False
1774984,ORANGE,GSM 900,CHEMIN DE LA PALE (LES MAILLICHES) 09140 SEIX,09285,"42.7961,1.1853",Pylône autostable,24m,ORANGE,2006-01-18,SUP,,True,False
1775580,BOUYGUES TELECOM,"GSM 1800, UMTS 2100, LTE 1800",13 RUE SAINTE CLAIRE 74960 ANNECY,74010,"45.8983,6.125",Bâtiment,16m,"Copropriété, Syndic, SCI",2017-12-21,SUP,,False,False
1776481,FREE MOBILE,"LTE 2100, 5G NR 700", (VILLEPOUPIN) 41100 VILLIERS SUR LOIR,41294,"47.795,1.0006",Pylône autostable,"17,5m",ATC FRANCE,2026-07-28,ALL,,False,False
1778795,ORANGE,5G NR 2100,RTE DES ROBERTS PRÈS LIEU-DIT LES RIBES (LES ROBERTS) 05310 FREISSINIERES,05058,"44.7553,6.5322",Pylône autostable,"20,3m",TDF,2026-06-23,ART,,False,False
1779272,SFR,LTE 2100,ÉGLISE ST-PIERRE 89450 VEZELAY,89446,"47.4656,3.7456",Monument religieux,32m,"Commune, communauté de communes",2026-07-01,ART,,False,False
1780303,ORANGE,GSM 900, (LA GRAVE) 31750 ESCALQUENS,31169,"43.5089,1.5531",Pylône autostable,28m,TOTEM,1997-09-26,SUP,,False,False
1780360,BOUYGUES TELECOM,GSM 1800,COL DE LA MUETTE PYL SFR (GRANDE GARRIGUE OUEST) 11200 NEVIAN,11264,"43.2019,2.8844",Pylône autostable,16m,HIVORY,1998-06-11,SUP,,False,False
1781658,BOUYGUES TELECOM,LTE 2100,D 386 SILO CHAMPAGNE CEREALES (LES SABLONS) 51170 SERZY ET PRIN,51534,"49.2531,3.755",Silo,"49,2m","Coopérative Agricole, Vinicole",2026-07-20,ALL,,False,False
1782961,ORANGE,GSM 900,R DU STADE RENÉ FERRÉ (CAMON - LABARRE) 09000 VERNAJOUL,09329,"42.9944,1.6122",Pylône tubulaire,42m,TOTEM,2009-05-13,SUP,,False,False
1783021,BOUYGUES TELECOM,,STATION AURIS OISANS (LES BOUCHERES ET LES COTES) 38142 AURIS,38020,"45.0603,6.0758",Pylône autostable,"20,8m",ATC FRANCE,2023-10-25,CHA,LES BOUCHERES ET LES COTES,False,False
1783021,FREE MOBILE,,STATION AURIS OISANS (LES BOUCHERES ET LES COTES) 38142 AURIS,38020,"45.0603,6.0758",Pylône autostable,"20,8m",ATC FRANCE,2019-09-10,CHA,LES BOUCHERES ET LES COTES,False,False
1783021,SFR,,STATION AURIS OISANS (LES BOUCHERES ET LES COTES) 38142 AURIS,38020,"45.0603,6.0758",Pylône autostable,"20,8m",ATC FRANCE,2023-10-13,CHA,LES BOUCHERES ET LES COTES,False,False
1784215,ORANGE,GSM 900,CHEM FORESTIER DE LA COUME (LA COUME) 09800 BORDES UCHENTEIN,09062,"42.9025,1.0247",Pylône autostable,18m,"Commune, communauté de communes",2006-05-06,SUP,,True,False
1784317,ORANGE,"5G NR 700, 5G NR 3500",34/40 RUE CORNEILLE 91330 YERRES,91691,"48.6964,2.4806",Immeuble,"15,2m","Copropriété, Syndic, SCI",2026-07-20,AJA,,False,False
1784333,BOUYGUES TELECOM,LTE 2100,COPROPRIÉTÉ DHAULAGHIRI/EVEREST/HIMALAYA (LA PICLIÈRE) 74220 LA CLUSAZ,74080,"45.895,6.4236",Bâtiment,6m,"Copropriété, Syndic, SCI",2026-07-13,ALL,,False,False
1784369,ORANGE,GSM 900,TOUR DE BIROS (COL DE MARTY) 09800 ANTRAS,09011,"42.8736,0.9372",Pylône autostable,20m,TDF,2005-06-11,SUP,,True,False
1786152,BOUYGUES TELECOM,LTE 1800,CHEMIN DU DEVES (LES CONDAMINES) 26770 TAULIGNAN,26348,"44.4558,4.9944",Pylône autostable,17m,TDF,,AJO,,False,False
1786152,ORANGE,LTE 1800,CHEMIN DU DEVES (LES CONDAMINES) 26770 TAULIGNAN,26348,"44.4558,4.9944",Pylône autostable,17m,TDF,,AJO,,True,False
1786152,SFR,LTE 1800,CHEMIN DU DEVES (LES CONDAMINES) 26770 TAULIGNAN,26348,"44.4558,4.9944",Pylône autostable,17m,TDF,,AJO,,True,False
1787525,SFR,5G NR 3500,15 CHEM FALQUET ZI DE VOVRAY - DÉCHETTERIE (ZI DE VOVRAY) 74960 ANNECY,74010,"45.8869,6.1217",Pylône autostable,"25,8m",HIVORY,2022-09-02,SUP,,False,False
1787623,ORANGE,GSM 900,117-119 R DU FAUBOURG BONNEFOY 31500 TOULOUSE,31555,"43.6206,1.4575",Immeuble,30m,"Copropriété, Syndic, SCI",2017-11-27,SUP,,False,False
1789667,FREE MOBILE,5G NR 3500,23 BD  ALBERT CHARRIER BOWLING DU BRAS D'OR 13540 AIX EN PROVENCE,13001,"43.5219,5.4453",Bâtiment,14m,Société Privée,,AJO,,False,True
1789831,FREE MOBILE,5G NR 700,13 ALL CHARLES DE FITTE 31500 TOULOUSE,31555,"43.5939,1.4333",Immeuble,"48,5m","Copropriété, Syndic, SCI",2026-07-07,ALL,,False,False
1791433,ORANGE,GSM 900, (LES TOUTOUS) 09220 AUZAT,09030,"42.7194,1.4469",Bâtiment,8m,ORANGE,2012-10-11,SUP,,True,False
1791758,BOUYGUES TELECOM,LTE 2600, (LE DRETGENQ MÉTAIRIE) 81700 PUYLAURENS,81219,"43.5739,2.0022",Pylône autostable,30m,HIVORY,2026-07-20,ALL,,False,False
1792543,SFR,"LTE 700, LTE 1800, 5G NR 2100",D 936 COL DE FRANCE (VERS LES FOURS A CHAUX) 01250 DROM,01150,"46.2314,5.3569",Pylône autostable,32m,HIVORY,2026-07-01,ART,,False,False
1792789,FREE MOBILE,"LTE 2100, 5G NR 700",N 134 (LE ROND) 40090 UCHACQ ET PARENTIS,40320,"43.9536,-0.5864",Pylône autostable,36m,TOTEM,2026-07-24,ALL,,False,False
1793572,SFR,GSM 900,LE PETIT LEVAT (GARRIGUE HAUTE NORD) 11210 PORT LA NOUVELLE,11266,"43.0106,3.0333",Pylône autostable,14m,CELLNEX,2017-12-04,SUP,,False,False
1794386,BOUYGUES TELECOM,5G NR 2100, (BOIS D'AIGREMONT) 02650 FOSSOY,02328,"49.0422,3.4878",Pylône autostable,32m,HIVORY,2026-07-11,ALL,,False,False
1795210,BOUYGUES TELECOM,"LTE 700, LTE 2600, 5G NR 2100, 5G NR 3500",AVENUE DU CHÂTEAU D'EAU 80550 LE CROTOY,80228,"50.2197,1.6306",Château d'eau - réservoir,37m,"Syndicat des eaux, Adduction",2026-07-04,ALL,,False,False
1798792,SFR,"LTE 700, LTE 2100, 5G NR 2100",R DES SOUPIRS/R DES COMBATTANTS (LE CLOS DES ASSORTS) 45250 OUZOUER SUR TREZEE,45245,"47.6786,2.8122",Château d'eau - réservoir,"55,9m","Commune, communauté de communes",,AJO,,False,False
1798840,FREE MOBILE,LTE 2100, (LES BEAUMES) 06750 CAILLE,06028,"43.7869,6.7367",Pylône autostable,45m,TDF,,SUP,,False,False
1798849,ORANGE,GSM 900, (BARRY D'EN HAUT) 09500 ST QUENTIN LA TOUR,09274,"43.0353,1.8942",Pylône autostable,39m,TOTEM,1997-07-11,SUP,,False,False
1799921,ORANGE,LTE 700,D 40 (LE CHAUSSET) 43320 FIX ST GENEYS,43095,"45.1481,3.6692",Pylône autostable,33m,TOTEM,2026-07-30,ALL,,False,False
1800319,ORANGE,"5G NR 700, 5G NR 3500",1 R LUCIEN ET SACHA GUITRY 75020 PARIS 20,75120,"48.8481,2.4039",Immeuble,30m,Société HLM,,AJO,,False,False
1800599,BOUYGUES TELECOM,LTE 2100, (LA MONTAGNETTE) 46100 FAYCELLES,46100,"44.5756,2.0017",Pylône autostable,34m,ATC FRANCE,,AJO,,False,False
1801034,ORANGE,LTE 700,ROUTE DE BÉZUT (LA SALLELE) 30700 BARON,30030,"44.0572,4.2717",Pylône autostable,24m,SFR,2026-07-27,ALL,,False,False
1801089,ORANGE,GSM 900,RN124 CHEM RURAL DIT DE GISCARO (AU PETIT SAVES) 32490 MONFERRAN SAVES,32268,"43.6081,0.9603",Pylône autostable,30m,TOTEM,2004-11-13,SUP,,False,False
1803742,BOUYGUES TELECOM,LTE 700,CHEM DU CARCOUET À EVREUX (LA BRUYÈRE DES MARNIÈRES) 27930 ST GERMAIN DES ANGLES,27546,"49.0958,1.1478",Pylône tubulaire,30m,HIVORY,,AJO,,False,False
1806130,ORANGE,GSM 900,CHEMIN DE LA CABIROLE À BREIGNE (LE SARRAT) 09000 LE BOSC,09063,"42.9406,1.4608",Pylône autostable,14m,TDF,2006-01-06,SUP,,True,False
1806576,FREE MOBILE,"LTE 2100, LTE 2600",CLOS DE L EPAUCHE 77320 CHEVRU,77113,"48.7269,3.18",Pylône autostable,25m,HIVORY,,SUP,,False,False
1808244,SFR,GSM 900,PRÈS TERRAIN DE SPORT (LES TERRES DU MONTS) 71530 CRISSEY,71154,"46.8147,4.8978",Pylône autostable,"29,5m",HIVORY,2013-01-31,SUP,,False,False
1808700,BOUYGUES TELECOM,"GSM 1800, UMTS 2100",TUNNEL A 13 PORTE DE BOULOGNE VERS PARIS (AMBROISE PARÉ) 75116 PARIS 16,75116,"48.8483,2.2425",Tunnel,9m,Sociétés d'Autoroutes,2018-08-09,SUP,,False,False
1809392,ORANGE,GSM 900,D59 - RN20 (MALAUDIES) 46230 MONTDOUMERC,46202,"44.2972,1.4719",Pylône autostable,39m,TOTEM,2006-06-24,SUP,,False,False
1810406,BOUYGUES TELECOM,LTE 2100, (MORINET) 35270 CUGUEN,35092,"48.4564,-1.6589",Pylône autostable,27m,HIVORY,2026-06-29,ART,,False,False
1810406,SFR,LTE 2100, (MORINET) 35270 CUGUEN,35092,"48.4564,-1.6589",Pylône autostable,27m,HIVORY,2026-07-08,ALL,,False,False
1810571,BOUYGUES TELECOM,LTE 2100, (LA LANDE DU BREIL CAULNETTE) 35720 PLEUGUENEUC,35226,"48.4194,-1.8975",Pylône autostable,33m,HIVORY,2026-06-29,ART,,False,False
1810571,SFR,LTE 2100, (LA LANDE DU BREIL CAULNETTE) 35720 PLEUGUENEUC,35226,"48.4194,-1.8975",Pylône autostable,33m,HIVORY,2026-07-08,ALL,,False,False
1810630,BOUYGUES TELECOM,LTE 700, (ENVERS DE PY FROID) 69510 YZERON,69269,"45.7042,4.5961",Pylône autostable,34m,ATC FRANCE,2026-07-23,ALL,,False,False
1810630,SFR,LTE 700, (ENVERS DE PY FROID) 69510 YZERON,69269,"45.7042,4.5961",Pylône autostable,34m,ATC FRANCE,,AJO,,False,False
1810676,SFR,GSM 900,R DE L'INDUSTRIE ZONE D'ACTIVITÉ DU RIED 67840 KILSTETT,67237,"48.6794,7.8411",Pylône autostable,40m,HIVORY,1997-07-17,SUP,,False,False
1810897,FREE MOBILE,5G NR 3500,STADE JEAN MERMOZ 94310 ORLY,94054,"48.7506,2.4139",Pylône tubulaire,"25,5m","Commune, communauté de communes",2026-07-07,ALL,,False,False
1811433,SFR,GSM 900,9 R GASPARD MONGE BÉTON REDLAND SOCIÉTÉ AXIMA 13280 ARLES,13004,"43.6647,4.6264",Pylône autostable,28m,HIVORY,2000-11-22,SUP,,False,False
1811480,ORANGE,GSM 900,D.513 (EN CHARROULES) 32270 AUBIET,32012,"43.6408,0.7983",Pylône autostable,24m,TOTEM,2010-12-06,SUP,,False,False
1811490,BOUYGUES TELECOM,LTE 700, (LE BRETON) 42660 ST ROMAIN LES ATHEUX,42286,"45.3531,4.3856",Pylône autostable,"29,7m",ATC FRANCE,,AJO,,False,False
1812220,BOUYGUES TELECOM,LTE 2100, (BOIS DES HAUTES TERRES) 27370 LE THUIT DE L OISON,27638,"49.2456,0.9247",Château d'eau - réservoir,"50,7m","Syndicat des eaux, Adduction",,SUP,,False,False
1812903,SFR,GSM 900,CAPITAINERIE (CARYATIDES) 83600 FREJUS,83061,"43.4214,6.7492",Bâtiment,14m,"Copropriété, Syndic, SCI",2001-04-04,SUP,,False,False
1812919,BOUYGUES TELECOM,"LTE 700, LTE 2100, LTE 2600, 5G NR 2100",RD 37 (SUD DE MORTEAS) 06320 LA TURBIE,06150,"43.7361,7.3969",Pylône autostable,"14,1m",HIVORY,,AJO,,False,False
1813679,FREE MOBILE,LTE 2100,LANDE DE BEIGNON (CAMP DE COETQUIDAN) 56380 ST MALO DE BEIGNON,56226,"47.9483,-2.1528",Pylône autostable,30m,TOTEM,,SUP,,False,False
1815699,SFR,GSM 900,HLM COLETTO (PAS DE GRIMAUD) 83310 COGOLIN,83042,"43.2553,6.5356",Bâtiment,"19,6m",Société HLM,1998-06-19,SUP,,False,False
1815773,BOUYGUES TELECOM,, (LA TREMBLAIE) 41190 HERBAULT,41101,"47.6047,1.1294",Pylône autostable,"30,6m",ATC FRANCE,2024-12-17,CHH,30m,False,False
1815773,SFR,, (LA TREMBLAIE) 41190 HERBAULT,41101,"47.6047,1.1294",Pylône autostable,"30,6m",ATC FRANCE,2024-12-18,CHH,30m,False,False
1816905,SFR,GSM 900,RN 113 - DIRECTION CARCASSONNE RÉSERVOIR DE LA MOULINASSE (LA MOULINASSE) 11170 PEZENS,11288,"43.2531,2.2764",Pylône autostable,25m,HIVORY,1997-08-18,SUP,,False,False
1819149,BOUYGUES TELECOM,"LTE 1800, 5G NR 2100",R DU MARÉCHAL LECLERCQ COUR DE LA GARE 59310 LANDAS,59330,"50.4683,3.2928",Silo,"42,9m","Coopérative Agricole, Vinicole",,AJO,,False,False
1819971,BOUYGUES TELECOM,LTE 2100,CHEM RURAL DE HAUTEFONTAINE À JAULZY (LES TERRES À L'ARGENT) 60350 HAUTEFONTAINE,60305,"49.3708,3.0564",Pylône autostable,49m,HIVORY,2026-07-02,ALL,,False,False
1821393,ORANGE,GSM 900,1 ALL PAUL GAUGUIN PL CLAUDE MONNET RES NONCESSE 31130 BALMA,31044,"43.5958,1.5064",Immeuble,30m,Société HLM,1997-01-17,SUP,,False,False
1822514,FREE MOBILE,5G NR 700,AV DES SPORTS (LA PARÉE NOTRE DAME) 85690 NOTRE DAME DE MONTS,85164,"46.8278,-2.1372",Pylône autostable,23m,ATC FRANCE,2026-07-24,ALL,,False,False
1822782,BOUYGUES TELECOM,LTE 2100,106 AVENUE JOHN FITTZGERALD KENNEDY 33700 MERIGNAC,33281,"44.8353,-0.6872",Pylône tubulaire,"24,6m",BOUYGUES,2023-07-12,SUP,,False,False
1823801,FREE MOBILE,LTE 900,25 R DU 19 MARS 1962 (LA TUILERIE) 71160 LA MOTTE ST JEAN,71325,"46.5,3.9675",Pylône autostable,30m,HIVORY,2026-07-24,ALL,,False,True
1823801,FREE MOBILE,"LTE 2100, LTE 2600",25 R DU 19 MARS 1962 (LA TUILERIE) 71160 LA MOTTE ST JEAN,71325,"46.5,3.9675",Pylône autostable,30m,HIVORY,,SUP,,False,True
1825023,SFR,GSM 900, (LE PETIT ETRICHÉ) 53170 BAZOUGERS,53025,"48.0456,-0.5783",Pylône autostable,"30,5m",TDF,2018-02-21,SUP,,False,False
1825063,SFR,GSM 900,CHEMIN DE ROSIÈRE CARRIÈRE (ROSIÈRE) 71320 TOULON SUR ARROUX,71542,"46.6881,4.1317",Pylône autostable,30m,HIVORY,2001-08-13,SUP,,True,False
1825129,BOUYGUES TELECOM,"LTE 1800, LTE 2100",CHEMIN RURAL DE LA SALETTE (CHATAVILAIN) 69170 JOUX,69102,"45.8869,4.3639",Pylône autostable,19m,TDF,2026-07-06,ALL,,False,False
1825129,SFR,"LTE 700, LTE 1800, LTE 2100, 5G NR 2100",CHEMIN RURAL DE LA SALETTE (CHATAVILAIN) 69170 JOUX,69102,"45.8869,4.3639",Pylône autostable,19m,TDF,2026-07-15,ALL,,False,False
1826340,FREE MOBILE,"LTE 2100, LTE 2600", (VERS D'AMONT) 01510 LA BURBANCHE,01066,"45.8833,5.5361",Pylône autostable,27m,HIVORY,,SUP,,False,True
1827484,SFR,UMTS 2100,CHEM RURAL DIT DES POMMIERS (LES AUNETTES) 77131 PEZARCHES,77360,"48.7392,3.0008",Pylône autostable,"37,9m",HIVORY,2011-06-24,SUP,,False,False
1828751,SFR,GSM 900,D 22 LGV-BPL (LA BIGOTIÈRE) 72540 CRANNES EN CHAMPAGNE,72107,"47.9667,-0.0411",Pylône autostable,32m,TDF,2018-03-02,SUP,,False,False
1830363,ORANGE,"LTE 2600, 5G NR 2100", (LA MERCERIE) 72350 FONTENAY SUR VEGRE,72136,"47.9097,-0.2297",Pylône autostable,"30,4m",TDF,,AJO,,False,False
1830372,ORANGE,LTE 2100, (GUEDRAY) 72460 SAVIGNE L EVEQUE,72329,"48.0992,0.2736",Pylône autostable,"30,5m",TDF,2026-07-06,AJA,,False,False
1830372,ORANGE,LTE 2600, (GUEDRAY) 72460 SAVIGNE L EVEQUE,72329,"48.0992,0.2736",Pylône autostable,"30,5m",TDF,2026-07-03,ALL,,False,False
1830372,SFR,GSM 900, (GUEDRAY) 72460 SAVIGNE L EVEQUE,72329,"48.0992,0.2736",Pylône autostable,"30,5m",TDF,2018-03-16,SUP,,False,False
1830380,ORANGE,"LTE 2600, 5G NR 2100", (L'ETINIÈRE) 72430 CHANTENAY VILLEDIEU,72059,"47.9136,-0.1917",Pylône autostable,"30,4m",TDF,2026-07-23,ALL,,False,False
1834498,SFR,GSM 900,"2, R ARISTIDE BRIAND RÉSIDENCE FLEURIE - LA TOUR 18 01000 BOURG EN BRESSE",01053,"46.2103,5.2253",Immeuble,50m,"Copropriété, Syndic, SCI",1999-03-18,SUP,,False,False
1836949,ORANGE,GSM 900,"35, CHEMIN DE NICOL R WILLIAM ET CATHERINE BOOTH (MICHOUN) 31500 TOULOUSE",31555,"43.6281,1.4719",Immeuble,"18,7m","Copropriété, Syndic, SCI",2013-07-12,SUP,,False,False
1838996,SFR,5G NR 2100,CAPITAINERIE (MARINES DE COGOLIN) 83310 COGOLIN,83042,"43.2653,6.5881",Bâtiment,"20,1m",Société Privée,2026-07-15,ALL,,False,False
1839523,BOUYGUES TELECOM,LTE 2100,LE GRAND FIEF (LA GRANDE PIÈCE) 17380 TONNAY BOUTONNE,17448,"45.9719,-0.7183",Pylône autostable,32m,HIVORY,2026-07-17,ALL,,False,False
1839941,SFR,LTE 2600,ZA SAINTE ANNE 85600 LA BOISSIERE DE MONTAIGU,85025,"46.9489,-1.2036",Pylône autostable,32m,HIVORY,2026-07-01,ART,,False,False
1843701,BOUYGUES TELECOM,"LTE 700, LTE 2100, 5G NR 2100",4 RUE CARNOT 30600 VAUVERT,30341,"43.6922,4.2772",Immeuble,"15,9m","Copropriété, Syndic, SCI",2026-07-13,ALL,,False,False
1843701,SFR,"LTE 700, 5G NR 2100",4 RUE CARNOT 30600 VAUVERT,30341,"43.6922,4.2772",Immeuble,"15,9m","Copropriété, Syndic, SCI",2026-07-22,ALL,,False,False
1844606,ORANGE,GSM 900,CHEMIN DE SIDALOS (AUZON ET HAURE) 65100 LES ANGLES,65011,"43.0906,-0.0039",Pylône autostable,24m,TOTEM,2001-10-12,SUP,,False,False
1846911,SFR,LTE 2100, (MONLIT) 69770 VILLECHENEVE,69263,"45.8036,4.4067",Pylône autostable,30m,HIVORY,2026-07-01,ART,,False,False
1847669,SFR,GSM 900,243 RUE JULIAN GRIMAUD 94400 VITRY SUR SEINE,94081,"48.7831,2.3717",Pylône autostable,"24,5m",HIVORY,2000-01-10,SUP,,False,False
1851294,SRR,"LTE 1800, LTE 2600",BALTHAZAR RUE ALBANY (RAVINE À MARQUET) 97419 LA POSSESSION,97408,"-20.9583,55.3361",Pylône arbre,20m,Société Réunionnaise de Radiotéléphonie,2025-06-21,ART,,False,False
1852145,SFR,LTE 700, (LA MANCELIÈRE) 35680 PIRE CHANCE,35220,"48.0339,-1.4297",Pylône autostable,"50,4m",HIVORY,2026-07-01,ART,,False,False
1853013,SFR,5G NR 3500,CHEM ESPARTES LES BREGUIERES ORIENTALES 06800 CAGNES SUR MER,06027,"43.6636,7.1778",Pylône autostable,12m,HIVORY,2026-07-03,AJA,,False,False
1853013,SFR,UMTS 2100,CHEM ESPARTES LES BREGUIERES ORIENTALES 06800 CAGNES SUR MER,06027,"43.6636,7.1778",Pylône autostable,12m,HIVORY,2014-12-08,SUP,,False,False
1853691,SFR,GSM 900,22 BOULEVARD GAMBETTA (LA COUPOLE DES HALLES) 30900 NIMES,30189,"43.8394,4.3583",Bâtiment,29m,"Copropriété, Syndic, SCI",2017-07-13,SUP,,False,False
1853706,SFR,"GSM 900, LTE 800",RUE BATAILLE 59154 CRESPIN,59160,"50.4078,3.6622",Pylône autostable,30m,TOTEM,,SUP,,False,False
1853762,BOUYGUES TELECOM,"GSM 1800, UMTS 2100",R DU CHÂTEAU D'EAU 77580 VOULANGIS,77529,"48.8464,2.9008",Pylône autostable,30m,HIVORY,2018-07-31,SUP,,False,False
1855682,BOUYGUES TELECOM,LTE 2600, (LE BANQUET) 81330 VABRE,81305,"43.6861,2.4108",Pylône autostable,27m,HIVORY,2026-07-26,ALL,,False,False
1857344,BOUYGUES TELECOM,LTE 2100,21 RUE PRINCIPALE EGLISE EGLISE 90110 ST GERMAIN LE CHATELET,90091,"47.6994,6.9589",Monument religieux,39m,SFR,2026-07-29,ALL,,False,False
1857350,ORANGE,5G NR 2100,CHEMIN COMMUNAL (LE BAURE) 38660 PLATEAU DES PETITES ROCHES,38395,"45.2864,5.8436",Mât métallique,7m,ORANGE,2026-06-17,ART,,False,False
1860621,SFR,GSM 900,25 R DU COMMANDAND LAMY RÉSIDENCE  LE CAPRI 06110 LE CANNET,06030,"43.5764,7.0164",Immeuble,"18,7m","Copropriété, Syndic, SCI",2014-09-01,SUP,,False,False
1861288,FREE MOBILE,"LTE 2100, LTE 2600",CHEMIN RURAL (LE CRÊT) 73670 ST PIERRE D ENTREMONT,73274,"45.4167,5.8622",Pylône autostable,"27,9m",ATC FRANCE,,SUP,,False,True
1861513,BOUYGUES TELECOM,"LTE 2600, 5G NR 3500",AVENUE DE LA GARE 45600 SULLY SUR LOIRE,45315,"47.7603,2.3697",Pylône tubulaire,27m,BOUYGUES,2026-06-24,ART,,False,False
1861513,SFR,"LTE 700, LTE 2600, 5G NR 3500",AVENUE DE LA GARE 45600 SULLY SUR LOIRE,45315,"47.7603,2.3697",Pylône tubulaire,27m,BOUYGUES,2026-07-08,ALL,,False,False
1862462,SFR,LTE 700, (BEAUVAIS) 35240 LE THEIL DE BRETAGNE,35333,"47.9194,-1.4372",Pylône autostable,30m,HIVORY,,AJO,,False,False
1862579,BOUYGUES TELECOM,LTE 700, (KER ARHANT) 22450 COATREVEN,22042,"48.7575,-3.3256",Pylône autostable,32m,HIVORY,2026-07-23,ALL,,False,False
1862595,SFR,GSM 900,CHEMIN DES JOUAZIÈRES (LES BESLIÈRES) 72450 LOMBRON,72165,"48.0639,0.4272",Pylône autostable,"30,5m",TDF,2018-03-02,SUP,,False,False
1865772,ORANGE,5G NR 2100,CHATEAU D'EAU (PIECE DE BIERE) 16150 CHABRAC,16071,"45.9133,0.7492",Château d'eau - réservoir,31m,"Commune, communauté de communes",2026-06-24,ART,,False,False
1866211,ORANGE,"GSM 900, LTE 2100, 5G NR 3500",RTE DÉPARTEMENTALE 103 97142 LES ABYMES,97101,"16.2428,-61.4936",Pylône autostable,20m,ORANGE,,AJO,,False,False
1869325,PMT-VODAFONE,5G NR 3500,PK 39.4 OUEST (POINTE OUTUMANOMANO) 98712 PAPARA,98734,"-17.7772,-149.4753",Pylône autostable,35m,Pacific Mobile Telecom,2026-03-10,ART,,False,False
1869619,PMT-VODAFONE,5G NR 3500,PK 17 ITI EST (TAUTIRA) 98722 TAIARAPU EST,98747,"-17.7506,-149.1592",Pylône autostable,30m,Pacific Mobile Telecom,,AJO,,False,False
1869750,ORANGE,LTE 700,R NEUVE CHEM RURAL N°1 (LE CHAPERON) 80240 LIERAMONT,80475,"49.9944,3.0447",Pylône autostable,32m,TOTEM,2026-07-30,ALL,,False,False
1872351,FREE MOBILE,5G NR 700,538 R DE L'INDUSTRIE ZI OUEST LA GRANDE ILES GARAGE MERCEDES 74300 MAGLAND,74159,"46.0144,6.6219",Pylône tubulaire,"22,3m",TOTEM,2026-07-28,ALL,,False,False
1873403,PMT-VODAFONE,5G NR 3500,ATIHIVA PK5 ITI EST (AFAAHITI) 98722 TAIARAPU EST,98747,"-17.7389,-149.2678",Pylône autostable,35m,Pacific Mobile Telecom,,AJO,,False,False
1873405,PMT-VODAFONE,5G NR 3500,PK14.8 EST (PAPENOO:FAARIPO) 98708 HITIAA O TE RA,98722,"-17.5089,-149.4472",Pylône arbre,25m,Pacific Mobile Telecom,,AJO,,False,False
1874159,PMT-VODAFONE,LTE 700,PK12.5 EST (AHONU) 98710 MAHINA,98725,"-17.5072,-149.4686",Pylône autostable,25m,Pacific Mobile Telecom,,AJO,,False,False
1874177,PMT-VODAFONE,5G NR 3500,PK 25.5 OUEST (MARAA) 98711 PAEA,98733,"-17.7222,-149.5808",Pylône tubulaire,25m,Pacific Mobile Telecom,,AJO,,False,False
1874354,SFR,GSM 900,LE PRÉ DES NOÈS (L'AUBOURGÈRE) 35113 DOMAGNE,35096,"48.0639,-1.4189",Pylône autostable,"32,5m",TDF,2018-03-02,SUP,,False,False
1875745,SFR,5G NR 2100,R EMILLE LESOMMIER (LA BUCAILLE) 27700 GUISENIERS,27307,"49.2047,1.4744",Pylône autostable,30m,ATC FRANCE,2026-07-16,ALL,,False,False
1875896,ORANGE,LTE 700,RUE DU CHARDONNET 91740 CHALOU MOULINEUX,91131,"48.3867,2.0203",Château d'eau - réservoir,"33,8m","Commune, communauté de communes",2026-07-22,ALL,,False,False
1877538,ORANGE,LTE 700, (LES BAS GADOIS) 72380 JOUE L ABBE,72150,"48.0986,0.2169",Pylône autostable,30m,TDF,2026-07-31,AAV,,False,False
1877538,SFR,GSM 900, (LES BAS GADOIS) 72380 JOUE L ABBE,72150,"48.0986,0.2169",Pylône autostable,30m,TDF,2018-03-02,SUP,,False,False
1877576,BOUYGUES TELECOM,LTE 700, (KERLASTRE) 22740 PLEUMEUR GAUTIER,22199,"48.7922,-3.1758",Château d'eau - réservoir,40m,"Commune, communauté de communes",,AJO,,False,False
1878500,ORANGE,"LTE 1800, 5G NR 2100",CHEM RURAL (MONT GOS) 81320 BARRE,81023,"43.7469,2.8153",Pylône autostable,29m,TDF,,AJO,,False,False
1878774,SFR,GSM 900,75 R DENFERT ROCHEREAU 47000 AGEN,47001,"44.2006,0.6292",Immeuble,19m,"Copropriété, Syndic, SCI",2004-07-26,SUP,,False,False
1879372,ORANGE,"LTE 700, 5G NR 2100",D69 (LA PIEMORDIERE) 72540 VALLON SUR GEE,72367,"47.945,-0.0756",Pylône autostable,"32,5m",TDF,,AJO,,False,False
1879372,ORANGE,LTE 2100,D69 (LA PIEMORDIERE) 72540 VALLON SUR GEE,72367,"47.945,-0.0756",Pylône autostable,"32,5m",TDF,,SUP,,False,False
1880987,ORANGE,GSM 900,BOIS DE LA MOLE (PRÉ BEDIAU) 09160 MAUVEZIN DE PRAT,09183,"43.0336,0.9953",Pylône tubulaire,36m,TOTEM,1997-08-30,SUP,,True,False
1881382,SFR,GSM 900,RTE DE LA CROISETTE IMM EDELWEISS 38410 CHAMROUSSE,38567,"45.1161,5.8775",Immeuble,20m,"Copropriété, Syndic, SCI",2001-10-16,SUP,,False,False
1881878,BOUYGUES TELECOM,"LTE 700, 5G NR 3500",36 R CAMILLE ROY 69007 LYON 07,69387,"45.7453,4.8478",Immeuble,"26,1m","Copropriété, Syndic, SCI",2026-07-23,ALL,,False,False
1881989,ORANGE,LTE 800,122 R ANDRE JACQUES PARKING FALAISE 73000 CHAMBERY,73065,"45.5622,5.9261",Bâtiment,23m,Société Privée,,AJO,,False,False
1884177,ORANGE,5G NR 2100,ROUTE DE FONCOUVERT (MONT PENSARD) 38570 GONCELIN,38181,"45.3464,5.9867",Pylône autostable,29m,HIVORY,,AJO,,False,False
1884202,SFR,LTE 2100,CHATEU D'EAU (LES MINIÈRES) 28170 MAILLEBOIS,28226,"48.6203,1.1575",Château d'eau - réservoir,"42,7m","Commune, communauté de communes",2026-07-01,ART,,False,False
1886432,ORANGE,"LTE 2600, 5G NR 2100", (LA CORMERIE) 72460 ST CORNEILLE,72275,"48.0831,0.3556",Pylône autostable,"32,7m",TDF,2026-07-09,ALL,,False,False
1888228,BOUYGUES TELECOM,"GSM 900, GSM 1800, UMTS 2100",TUNNEL DU PÉRIPHÉRIQUE STADE PAUL FABER ( PTE DE VILLIERS ) (PORTE DES TERNES) 75017 PARIS 17,75117,"48.8844,2.2858",Tunnel,"7,8m","Commune, communauté de communes",2018-06-25,SUP,,False,False
1888549,FREE MOBILE,"LTE 700, LTE 900, LTE 1800, LTE 2100, LTE 2600, 5G NR 700, 5G NR 3500",178 R DES RENOUILLERS HOP LOUIS MOURIER 92700 COLOMBES,92025,"48.925,2.2361",Bâtiment,"44,5m",Établissement de soins,,AJO,,False,True
1888579,SFR,"LTE 700, LTE 1800, LTE 2100, 5G NR 2100",TERRAIN DE CROSS RD 136 (LES SABLONS) 28210 NERON,28275,"48.5983,1.5189",Pylône tubulaire,26m,ATC FRANCE,,AJO,,False,False
1888579,SFR,UMTS 2100,TERRAIN DE CROSS RD 136 (LES SABLONS) 28210 NERON,28275,"48.5983,1.5189",Pylône tubulaire,26m,ATC FRANCE,2018-07-03,SUP,,False,False
1889283,SFR,GSM 900,6 R DE LA MONNAIE 30900 NIMES,30189,"43.8358,4.3578",Immeuble,15m,Particulier,1997-09-19,SUP,,False,False
1889298,ORANGE,GSM 900,42 BOULEVARD DU MARTINET LE MOZART 65000 TARBES,65440,"43.2358,0.0836",Bâtiment,29m,"Copropriété, Syndic, SCI",2013-09-24,SUP,,False,False
1889697,ORANGE,GSM 900,BARRAVES 82240 SEPTFONDS,82179,"44.1789,1.6339",Pylône autostable,32m,TOTEM,1997-12-11,SUP,,False,False
1889732,ORANGE,LTE 2600,RTE DE MARCKOLSHEIM ATELIERS MUNICIPAUX (TANZMATT) 67600 SELESTAT,67462,"48.2553,7.4589",Mât béton,32m,TOTEM,2026-06-29,ART,,False,False
1889885,ORANGE,"UMTS 2100, LTE 1800, LTE 2600",111 RUE DE LORIENT STADE DE FOOTBALL 35700 RENNES,35238,"48.1081,-1.7133",Bâtiment,38m,"Commune, communauté de communes",2017-11-08,SUP,,False,False
1889887,ORANGE,"UMTS 2100, LTE 1800, LTE 2600",111 RUE DE LORIENT STADE DE FOOTBALL 35700 RENNES,35238,"48.1069,-1.7125",Bâtiment,38m,"Commune, communauté de communes",2017-11-08,SUP,,False,False
1890863,ORANGE,GSM 900,CHEMIN DE LAS CARTOUNADOS 31840 AUSSONNE,31032,"43.6917,1.3061",Pylône autostable,23m,TOTEM,2018-02-12,SUP,,False,False
1891266,ORANGE,"LTE 700, 5G NR 2100",ROUTE DU PETIT CLAIRET (LA BROCHARDIÈRE) 72550 COULANS SUR GEE,72096,"48.0208,0.0375",Pylône autostable,"30,4m",TDF,,AJO,,False,False
1891266,ORANGE,LTE 2100,ROUTE DU PETIT CLAIRET (LA BROCHARDIÈRE) 72550 COULANS SUR GEE,72096,"48.0208,0.0375",Pylône autostable,"30,4m",TDF,,SUP,,False,False
1892226,ORANGE,"LTE 700, 5G NR 2100", (LE CHAMP D'EU) 35410 CHATEAUGIRON,35069,"48.0625,-1.4628",Pylône autostable,"32,5m",TDF,2026-07-21,ALL,,False,False
1892226,SFR,GSM 900, (LE CHAMP D'EU) 35410 CHATEAUGIRON,35069,"48.0625,-1.4628",Pylône autostable,"32,5m",TDF,2018-03-02,SUP,,False,False
1894897,FREE MOBILE,"LTE 2100, 5G NR 700",LES MOUILLES 71390 MARCILLY LES BUXY,71277,"46.7417,4.5819",Pylône autostable,42m,ON TOWER FRANCE,2026-07-07,ALL,,False,False
1894909,FREE MOBILE,5G NR 3500,"28, RUE DU DOCTEUR FINLAY 75015 PARIS 15",75115,"48.8517,2.2892",Bâtiment,30m,Société Privée,2026-07-07,ALL,,False,False
1895360,ORANGE,GSM 900,46 BD DE STRASBOURG (METRO JEANNE D'ARC) 31500 TOULOUSE,31555,"43.6092,1.4456",Intérieur sous-terrain,0m,Société Privée,2017-11-10,SUP,,False,False
1895452,SFR,GSM 900, (BEAU VALLON) 30390 ARAMON,30012,"43.9189,4.6622",Pylône autostable,14m,HIVORY,2007-12-12,SUP,,False,False
1896102,ORANGE,GSM 900,SEIGNAUX (LA HIÉRASSE) 09000 MONTOULIEU,09210,"42.8997,1.6247",Pylône autostable,24m,TOTEM,1997-10-10,SUP,,False,False
1896523,ORANGE,5G NR 700, (LES SALLES VIEILLES) 43170 SAUGUES,43234,"44.9625,3.5606",Pylône autostable,29m,TDF,2026-06-12,ART,,False,False
1897359,BOUYGUES TELECOM,LTE 2600,VC N°8 DE LA JUMELIERE À ST LEZIN (LA GRANDE LANDE) 49750 CHEMILLE EN ANJOU,49092,"47.2728,-0.7372",Pylône autostable,33m,HIVORY,2026-06-29,ART,,False,False
1897359,SFR,"LTE 700, LTE 2600",VC N°8 DE LA JUMELIERE À ST LEZIN (LA GRANDE LANDE) 49750 CHEMILLE EN ANJOU,49092,"47.2728,-0.7372",Pylône autostable,33m,HIVORY,2026-07-08,ALL,,False,False
1897974,BOUYGUES TELECOM,LTE 2600, (LA PIÈCE DE DESSOUS LES VIGNES) 44640 ROUANS,44145,"47.1914,-1.8492",Pylône autostable,"27,5m",HIVORY,2026-07-01,ART,,False,False
1897974,SFR,"LTE 700, LTE 2600", (LA PIÈCE DE DESSOUS LES VIGNES) 44640 ROUANS,44145,"47.1914,-1.8492",Pylône autostable,"27,5m",HIVORY,2026-07-08,ALL,,False,False
1899083,ORANGE,"LTE 700, 5G NR 2100",CHEMIN DE BARROIS ROUTE DE CONNERRÉ - D119 72450 LOMBRON,72165,"48.0581,0.4439",Pylône autostable,"42,5m",TDF,,AJO,,False,False
1899083,ORANGE,LTE 2100,CHEMIN DE BARROIS ROUTE DE CONNERRÉ - D119 72450 LOMBRON,72165,"48.0581,0.4439",Pylône autostable,"42,5m",TDF,,SUP,,False,False
1899662,ORANGE,"LTE 700, 5G NR 2100",LES FRÊNES (PIERRE FOULON) 72430 CHANTENAY VILLEDIEU,72059,"47.9142,-0.1589",Pylône autostable,30m,TDF,,AJO,,False,False
1899662,ORANGE,LTE 2100,LES FRÊNES (PIERRE FOULON) 72430 CHANTENAY VILLEDIEU,72059,"47.9142,-0.1589",Pylône autostable,30m,TDF,,SUP,,False,False
1899669,ORANGE,"LTE 2600, 5G NR 2100", (LES VIGNES GATES) 72430 CHANTENAY VILLEDIEU,72059,"47.9258,-0.1156",Pylône autostable,40m,TDF,,AJO,,False,False
1899694,BOUYGUES TELECOM,"LTE 700, 5G NR 3500",AVENUE DU GRAND PONT 81200 AUSSILLON,81021,"43.5044,2.3633",Immeuble,30m,Société HLM,,AJO,,False,False
1905170,FREE MOBILE,"LTE 2100, 5G NR 700", (LA CONDAMINE DE ROUSSET) 05110 CURBANS,04066,"44.4058,5.99",Bâtiment,"12,4m",Société Privée,2026-07-07,ALL,,False,False
1906103,ORANGE,GSM 900,3 R GEORGES BERNANOS (METRO BELLEFONTAINE) 31500 TOULOUSE,31555,"43.5656,1.3972",Intérieur sous-terrain,1m,Société Privée,2017-11-10,SUP,,False,False
1906109,ORANGE,GSM 900,4 PLACE AGAPITO NADAL (METRO ARENES) 31500 TOULOUSE,31555,"43.5933,1.4189",Intérieur sous-terrain,1m,Société Privée,2017-11-10,SUP,,False,False
1906223,FREE MOBILE,"LTE 2100, LTE 2600",RUE DE LA COMBE SAINT SEINE (FERME DU PLAIN D'AHUY) 21121 VAL SUZON,21651,"47.4131,4.8806",Pylône autostable,42m,FREE-MOBILE,,SUP,,False,True
1906546,ORANGE,GSM 900,RUE DE SAINT JEAN ROUTE DE LAVAUR (METRO BALMA GRAMONT) 31130 BALMA,31044,"43.6289,1.4822",Intérieur sous-terrain,0m,Société Privée,2017-11-10,SUP,,False,False
1906570,ORANGE,GSM 900,5 RUE DE GAILLAC (METRO ARGOULETS) 31500 TOULOUSE,31555,"43.6242,1.4767",Intérieur sous-terrain,1m,Société Privée,2017-11-10,SUP,,False,False
1906580,ORANGE,GSM 900,10 RUE DU POIDS DE L'HUILE (METRO CAPITOLE) 31500 TOULOUSE,31555,"43.6042,1.445",Intérieur sous-terrain,1m,Société Privée,2017-11-10,SUP,,False,False
1906587,ORANGE,GSM 900,29 RUE DE L'UKRAINE (METRO BAGATELLE) 31500 TOULOUSE,31555,"43.5797,1.4125",Intérieur sous-terrain,1m,Société Privée,2017-11-10,SUP,,False,False
1906594,ORANGE,GSM 900,4 RUE DE LA MEURTHE (METRO FONTAINE LESTANG) 31500 TOULOUSE,31555,"43.5875,1.4183",Intérieur sous-terrain,1m,Société Privée,2017-11-10,SUP,,False,False
1906621,ORANGE,GSM 900,1 PLACE DE LA TRINITÉ (METRO ESQUIROL) 31500 TOULOUSE,31555,"43.6,1.4439",Intérieur sous-terrain,1m,Société Privée,2017-11-10,SUP,,False,False
1906627,ORANGE,GSM 900,169 RUE HENRI DESBALS (METRO MERMOZ) 31500 TOULOUSE,31555,"43.5836,1.415",Intérieur sous-terrain,1m,Société Privée,2017-11-10,SUP,,False,False
1906636,ORANGE,GSM 900,8 IMPASSE DU PROF NOUGAYROL (METRO MIRAIL UNIVERSITE) 31500 TOULOUSE,31555,"43.575,1.4025",Intérieur sous-terrain,1m,Société Privée,2017-11-10,SUP,,False,False
1906642,ORANGE,GSM 900,4 PLACE DE LA PATTE D'OIE (METRO PATTE D'OIE) 31500 TOULOUSE,31555,"43.5967,1.4231",Intérieur sous-terrain,1m,Société Privée,2017-11-10,SUP,,False,False
1906651,ORANGE,GSM 900,177 AVENUE DES MINIMES (METRO BARRIERE DE PARIS) 31500 TOULOUSE,31555,"43.6267,1.4336",Intérieur sous-terrain,1m,Société Privée,2017-11-10,SUP,,False,False
1906651,SFR,LTE 2600,177 AVENUE DES MINIMES (METRO BARRIERE DE PARIS) 31500 TOULOUSE,31555,"43.6267,1.4336",Intérieur sous-terrain,1m,Société Privée,2024-08-19,ART,,False,False
1906657,ORANGE,GSM 900,21 BD DE L'EMBOUCHURE (METRO CANAL DU MIDI) 31500 TOULOUSE,31555,"43.6156,1.4344",Intérieur sous-terrain,1m,Société Privée,2017-11-10,SUP,,False,False
1906663,ORANGE,GSM 900,95 RUE BONNAT (METRO SAOUZELONG) 31500 TOULOUSE,31555,"43.58,1.4592",Intérieur sous-terrain,1m,Société Privée,2017-11-10,SUP,,False,False
1906672,ORANGE,GSM 900,18 R ST-MICHEL (METRO ST MICHEL-MARCEL-LANGER) 31500 TOULOUSE,31555,"43.5861,1.4475",Intérieur sous-terrain,1m,Société Privée,2017-11-10,SUP,,False,False
1907306,ORANGE,GSM 900,2 AVENUE FLORA TRISTAN (METRO RAMONVILLE) 31520 RAMONVILLE ST AGNE,31446,"43.5558,1.4767",Intérieur sous-terrain,1m,Société Privée,2017-11-10,SUP,,False,False
1907313,ORANGE,GSM 900,56 B AV DE L'URSS (METRO ST-AGNE SNCF) 31500 TOULOUSE,31555,"43.5803,1.4497",Intérieur sous-terrain,1m,Société Privée,2017-11-10,SUP,,False,False
1907329,ORANGE,GSM 900,7 RUE RENÉ LEDUC (METRO MARENGO-SNCF) 31500 TOULOUSE,31555,"43.6106,1.4558",Intérieur sous-terrain,1m,Société Privée,2017-11-10,SUP,,False,False
1907340,SFR,GSM 900,2  AV HENRI SELLIER IMM ESSONNE HABITAT 91130 RIS ORANGIS,91521,"48.6475,2.4047",Immeuble,49m,Société HLM,2002-02-01,SUP,,False,False
1907346,ORANGE,GSM 900,17 AVENUE WINSTON CHURCHILL (METRO REYNERIE) 31500 TOULOUSE,31555,"43.5717,1.4022",Intérieur sous-terrain,1m,Société Privée,2017-11-10,SUP,,False,False
1907355,ORANGE,GSM 900,PLACE CARRÉ DE LA MAOURINE (METRO BORDEROUGE) 31500 TOULOUSE,31555,"43.6406,1.4528",Intérieur sous-terrain,1m,Société Privée,2017-11-10,SUP,,False,False
1907362,ORANGE,GSM 900,2 RUE OZENNE (METRO CARMES) 31500 TOULOUSE,31555,"43.5975,1.4458",Intérieur sous-terrain,1m,Société Privée,2017-11-10,SUP,,False,False
1907371,ORANGE,GSM 900,40 R DE VENISE (METRO EMPALOT) 31500 TOULOUSE,31555,"43.5797,1.4419",Intérieur sous-terrain,1m,Société Privée,2017-11-10,SUP,,False,False
1907381,ORANGE,GSM 900,2 BD LAZARE-CARNOT (METRO FRANCOIS-VERDIER) 31500 TOULOUSE,31555,"43.6006,1.4519",Intérieur sous-terrain,1m,Société Privée,2017-11-10,SUP,,False,False
1907399,ORANGE,GSM 900,8 ESPLANADE COMPANS CAFFARELLI (METRO COMPANS-CAFFARELLI) 31500 TOULOUSE,31555,"43.6106,1.4347",Intérieur sous-terrain,1m,Société Privée,2017-11-10,SUP,,False,False
1907416,ORANGE,GSM 900,18 ALL JEAN JAURÈS (METRO JEAN JAURES) 31500 TOULOUSE,31555,"43.6056,1.4486",Intérieur sous-terrain,1m,Société Privée,2017-11-10,SUP,,False,False
1907423,ORANGE,GSM 900,1 R MARGUERITE DURAS (METRO LA VACHE) 31500 TOULOUSE,31555,"43.6339,1.4361",Intérieur sous-terrain,1m,Société Privée,2017-11-10,SUP,,False,False
1907429,ORANGE,GSM 900,12 PL LAFOURCADE (METRO PALAIS DE JUSTICE) 31500 TOULOUSE,31555,"43.5922,1.4447",Intérieur sous-terrain,1m,Société Privée,2017-11-10,SUP,,False,False
1907439,ORANGE,GSM 900,35 CHEM DES MARAÎCHERS (METRO FACULTE DE PHARMACIE) 31500 TOULOUSE,31555,"43.5681,1.4644",Intérieur sous-terrain,1m,Société Privée,2017-11-10,SUP,,False,False
1907445,ORANGE,GSM 900,120 ROUTE DE NARBONNE (METRO UNIVERSITE PAUL SABATIE) 31500 TOULOUSE,31555,"43.5608,1.4631",Intérieur sous-terrain,1m,Société Privée,2017-11-10,SUP,,False,False
1907455,ORANGE,GSM 900,88 AV DES MINIMES (METRO MINIMES CLAUDE NOUGARO) 31500 TOULOUSE,31555,"43.6203,1.4358",Intérieur sous-terrain,1m,Société Privée,2017-11-10,SUP,,False,False
1907462,ORANGE,GSM 900,21 R EMILE GUYOU (METRO RANGUEIL) 31500 TOULOUSE,31555,"43.5747,1.4617",Intérieur sous-terrain,1m,Société Privée,2017-11-10,SUP,,False,False
1907471,BOUYGUES TELECOM,LTE 700,LA BOURBONNAISE A79 (LA DIENNE) 03470 PIERREFITTE SUR LOIRE,03207,"46.495,3.7953",Pylône autostable,31m,TDF,,AJO,,False,False
1907471,BOUYGUES TELECOM,,LA BOURBONNAISE A79 (LA DIENNE) 03470 PIERREFITTE SUR LOIRE,03207,"46.495,3.7953",Pylône autostable,31m,TDF,2023-06-30,CHA,La Dienne,False,False
1907471,FREE MOBILE,,LA BOURBONNAISE A79 (LA DIENNE) 03470 PIERREFITTE SUR LOIRE,03207,"46.495,3.7953",Pylône autostable,31m,TDF,2021-07-16,CHA,La Dienne,False,False
1907471,SFR,,LA BOURBONNAISE A79 (LA DIENNE) 03470 PIERREFITTE SUR LOIRE,03207,"46.495,3.7953",Pylône autostable,31m,TDF,2023-06-21,CHA,La Dienne,False,False
1907475,ORANGE,GSM 900,"6 BIS, AVENUE DU PARC (METRO ROSERAIE) 31500 TOULOUSE",31555,"43.62,1.4697",Intérieur sous-terrain,1m,Société Privée,2017-11-10,SUP,,False,False
1907482,ORANGE,GSM 900,13 PLACE INTÉRIEURE ST CYPRIEN (METRO ST CYPRIEN) 31500 TOULOUSE,31555,"43.5981,1.4317",Intérieur sous-terrain,1m,Société Privée,2017-11-10,SUP,,False,False
1907488,ORANGE,GSM 900,18 CHEM DES IZARDS (METRO TROIS COCUS) 31500 TOULOUSE,31555,"43.6378,1.4442",Intérieur sous-terrain,1m,Société Privée,2017-11-10,SUP,,False,False
1907844,ORANGE,GSM 900,11 AVENUE LÉON BLUM (METRO JOLIMONT) 31500 TOULOUSE,31555,"43.615,1.4631",Intérieur sous-terrain,0m,Société Privée,2017-11-10,SUP,,False,False
1908125,FREE MOBILE,LTE 2100,AU GRAND BARRAIL (LE PALANAT) 33185 LE HAILLAN,33200,"44.8481,-0.7158",Pylône tubulaire,"31,5m",ON TOWER FRANCE,2026-07-24,ALL,,False,False
1911790,ORANGE,GSM 900,RUE DES ERABLES PARKING DU CIMETIERE GRANON 47200 MARMANDE,47157,"44.495,0.1742",Pylône tubulaire,"26,5m",TOTEM,2005-03-26,SUP,,False,False
1911908,ORANGE,GSM 900, (STÉPHANO) 82110 ST AMANS DE PELLAGAL,82154,"44.2278,1.1281",Pylône autostable,"39,3m",TOTEM,2007-08-27,SUP,,False,False
1915778,FREE MOBILE,"LTE 700, LTE 900, LTE 1800, LTE 2100, 5G NR 700",EN BORDURE DE LA D 9 (LE PRÉ LUGET) 77290 MITRY MORY,77294,"48.9767,2.5958",Pylône autostable,27m,TOTEM,,AJO,,False,True
1924995,ORANGE,5G NR 2100,CHEMIN RURAL (LES LANDES) 16410 DIRAC,16120,"45.5806,0.2772",Pylône autostable,38m,TOTEM,2026-07-08,ALL,,False,False
1929516,FREE MOBILE,LTE 2100,LES PETITES LOGES (LASCROUX) 23320 FLEURAT,23082,"46.2264,1.7025",Pylône autostable,43m,TDF,,SUP,,False,False
1930202,SRR,"LTE 700, LTE 2100",4-133 RUE DE SAINT PAUL (REPLI CATILINA) 97420 LE PORT,97407,"-20.9442,55.2892",Mât métallique,"28,7m",Société Réunionnaise de Radiotéléphonie,2026-07-02,ALL,,False,False
1930206,SRR,LTE 2100,29 RUE DE LESCURE (LES JACQUES) 97480 ST JOSEPH,97412,"-21.3772,55.6294",Pylône arbre,20m,Société Réunionnaise de Radiotéléphonie,2026-05-19,ART,,False,False
1932111,FREE MOBILE,"LTE 2100, 5G NR 700",ROUTE DE LA BROSSE CONGE 89200 SERMIZELLES,89392,"47.5369,3.7844",Pylône autostable,"32,9m",ON TOWER FRANCE,2026-07-07,ALL,,False,False
1932842,FREE MOBILE,5G NR 3500,R DE BEAUVAIS ÉGLISE 60130 ST JUST EN CHAUSSEE,60581,"49.5061,2.4317",Monument religieux,"44,4m","Commune, communauté de communes",2026-07-07,ALL,,False,False
1932883,BOUYGUES TELECOM,"LTE 700, LTE 1800, LTE 2100, 5G NR 2100, 5G NR 3500", (KERAVEL) 29800 PENCRAN,29156,"48.4314,-4.2347",Pylône autostable,12m,SFR,,AJO,,False,False
1934747,SFR,LTE 700,ZONE DE LA COOPÉRATIVE AGRICOLE (KERDREIN) 29180 GUENGAT,29066,"48.0481,-4.2069",Pylône autostable,39m,ATC FRANCE,,AJO,,False,False
1934747,SFR,UMTS 2100,ZONE DE LA COOPÉRATIVE AGRICOLE (KERDREIN) 29180 GUENGAT,29066,"48.0481,-4.2069",Pylône autostable,39m,ATC FRANCE,2018-07-06,SUP,,False,False
1936459,ORANGE,5G NR 2100, (LAFUGE) 33420 NAUJAN ET POSTIAC,33301,"44.7858,-0.1786",Pylône tubulaire,"31,2m",ATC FRANCE,2026-07-16,ALL,,False,False
1936906,FREE MOBILE,"LTE 2100, LTE 2600",CHEM RURAL DU PEUCH À CHANTEREL (LES PIEDS BRÛLÉS) 19190 BEYNAT,19023,"45.1411,1.7667",Pylône autostable,37m,TOTEM,,SUP,,False,False
1936973,ORANGE,GSM 900,LES PLAINES (MAS DE SOUNAT) 46150 CRAYSSAC,46080,"44.5125,1.3433",Pylône autostable,"36,9m",TDF,1998-04-03,SUP,,False,False
1937789,ORANGE,GSM 900,CHEMIN DES MURES STATION DE POMPAGE (RAMES) 47310 ROQUEFORT,47225,"44.1819,0.56",Pylône autostable,24m,TOTEM,1997-06-06,SUP,,False,False
1941926,SFR,LTE 700,RUE DE LA CROIX BLANCHE (LES CARRIÈRES DE BEAU TERTRE) 28260 GUAINVILLE,28187,"48.9303,1.4597",Pylône autostable,32m,HIVORY,,AJO,,False,False
1942045,BOUYGUES TELECOM,LTE 2600, (LES PLATRIÈRES) 84190 GIGONDAS,84049,"44.1478,5.0044",Pylône haubané,22m,SFR,2026-07-14,ALL,,False,False
1942045,SFR,LTE 2600, (LES PLATRIÈRES) 84190 GIGONDAS,84049,"44.1478,5.0044",Pylône haubané,22m,SFR,2026-07-22,AJA,,False,False
1942631,SFR,"LTE 2100, 5G NR 2100", (BOIS DU CHATAIGNIER) 01390 ST JEAN DE THURIGNEUX,01362,"45.9442,4.8739",Pylône autostable,40m,HIVORY,2026-07-01,ART,,False,False
1943198,BOUYGUES TELECOM,LTE 700,COL DE LA GARDE QUARTIER BIATONÉA 06500 CASTILLON,06036,"43.8447,7.4608",Pylône tubulaire,12m,HIVORY,2026-07-06,ALL,,False,False
1944277,SFR,GSM 900,2 ALLEE PIERRE CORNEILLE 95400 VILLIERS LE BEL,95680,"49.0003,2.4133",Immeuble,"36,8m",Particulier,2016-02-01,SUP,,False,False
1944782,SFR,GSM 900,36 R RENOIR 44600 ST NAZAIRE,44184,"47.2906,-2.2194",Immeuble,28m,Société HLM,1999-12-21,SUP,,False,False
1944879,FREE MOBILE,"LTE 2100, 5G NR 3500",4 RUE DE LA DENISIÈRE 72300 SOLESMES,72336,"47.8331,-0.3011",Pylône autostable,"35,4m",TOTEM,2026-07-24,ALL,,False,False
1948425,FREE MOBILE,"LTE 2100, 5G NR 700",6 BOULEVARD LÉON BUREAU 44300 NANTES,44109,"47.2047,-1.5631",Bâtiment,31m,"Commune, communauté de communes",2026-07-24,ALL,,False,False
1948816,SFR,LTE 700,LA PORCHERIE 17340 YVES,17483,"46.0522,-1.0681",Pylône tubulaire,30m,ATC FRANCE,,SUP,,False,False
1948853,BOUYGUES TELECOM,"LTE 700, 5G NR 2100, 5G NR 3500",4 PLACE DES TILLEULS-BAT  A2 BAT A2 60700 PONT STE MAXENCE,60509,"49.2953,2.5997",Immeuble,40m,Société Privée,2026-07-03,ALL,,False,False
1949408,SFR,LTE 700,CHEM LA BUTTE MONTMARTHE DÉCHARGE (ST FLORENTIN) 28140 TILLAY LE PENEUX,28390,"48.1689,1.7514",Pylône autostable,50m,HIVORY,,AJO,,False,False
1950435,SFR,GSM 900,17 R CLÉRISSEAU 30900 NIMES,30189,"43.8414,4.3586",Immeuble,20m,"Copropriété, Syndic, SCI",2009-05-01,SUP,,False,False
1951582,SFR,GSM 900,9  RUE SAINTE BARBE 71400 AUTUN,71014,"46.9439,4.3006",Immeuble,21m,Société Privée,2018-11-16,SUP,,False,False
1952474,BOUYGUES TELECOM,LTE 700,STATION DE TRAITEMENT DES EAUX TERRAIN COMMUNAL (LI BAGUET) 06450 LANTOSQUE,06074,"43.9733,7.305",Pylône autostable,22m,HIVORY,2026-07-13,ALL,,False,False
1953600,FREE MOBILE,"LTE 2100, LTE 2600",ROUTE NAPOLÉON (COL DE VAL FERRIÈRE) 06750 SERANON,06134,"43.7514,6.7294",Pylône autostable,29m,FREE-MOBILE,,SUP,,False,True
1955172,ORANGE,LTE 1800,ROUTE DE BERNIERES 76210 ROUVILLE,76543,"49.6142,0.4936",Château d'eau - réservoir,65m,"Commune, communauté de communes",2026-07-21,AJA,,False,False
1955172,ORANGE,"LTE 700, 5G NR 2100",ROUTE DE BERNIERES 76210 ROUVILLE,76543,"49.6142,0.4936",Château d'eau - réservoir,65m,"Commune, communauté de communes",,AJO,,False,False
1961480,BOUYGUES TELECOM,LTE 700,"8, R GABRIEL MOUILLERON 54100 NANCY",54395,"48.6853,6.175",Immeuble,34m,Société Privée,2026-07-17,AJA,,False,False
1962308,ORANGE,"LTE 700, LTE 1800, 5G NR 2100", (THÉRON) 40190 ST GEIN,40259,"43.8475,-0.3086",Pylône autostable,39m,TOTEM,,AJO,,False,False
1962308,ORANGE,LTE 2100, (THÉRON) 40190 ST GEIN,40259,"43.8475,-0.3086",Pylône autostable,39m,TOTEM,2022-09-01,SUP,,False,False
1966313,FREE MOBILE,"LTE 700, LTE 900, LTE 1800, LTE 2100, LTE 2600, 5G NR 3500",18/22 RUE JEAN JAURES 29200 BREST,29019,"48.3919,-4.4836",Bâtiment,28m,"Copropriété, Syndic, SCI",2026-07-24,ALL,,False,True
1969590,ORANGE,GSM 900,CHEMIN DE LA PUJADE (ARGELES) 65220 LUBY BETMONT,65289,"43.3014,0.2872",Pylône autostable,30m,TOTEM,1998-02-13,SUP,,False,False
1970755,FREE MOBILE,"LTE 2100, LTE 2600",CHEMIN LATÉRAL AU TUNNEL DE PENEY RD 55D (LE PENEY) 01130 LE POIZAT LALLEYRIAT,01204,"46.1572,5.66",Pylône autostable,"7,5m",FREE-MOBILE,,SUP,,False,True
1973600,BOUYGUES TELECOM,"LTE 700, LTE 2600, 5G NR 3500",D 15 (KERBAN) 22860 PLOURIVO,22233,"48.7356,-3.0867",Pylône autostable,32m,HIVORY,2026-07-06,ALL,,False,False
1973600,SFR,"LTE 700, LTE 2600, 5G NR 3500",D 15 (KERBAN) 22860 PLOURIVO,22233,"48.7356,-3.0867",Pylône autostable,32m,HIVORY,2026-07-15,ALL,,False,False
1973605,FREE MOBILE,"LTE 2100, 5G NR 700",IMPASSE DE LA GARE (LA GRANDE PALISSE) 17600 ST ROMAIN DE BENET,17393,"45.6856,-0.8361",Pylône autostable,32m,TOTEM,2026-07-28,ALL,,False,False
1974833,BOUYGUES TELECOM,LTE 700,LES HALENDIÈRES 72430 NOYEN SUR SARTHE,72223,"47.8536,-0.1247",Pylône autostable,37m,HIVORY,2026-07-13,ALL,,False,False
1977073,BOUYGUES TELECOM,"LTE 700, LTE 2600","CHEM DES COTEAUX (""LOUS COUTAUX"") 34430 ST JEAN DE VEDAS",34270,"43.5717,3.8425",Pylône autostable,46m,BOUYGUES,,AJO,,False,False
1977108,ORANGE,"LTE 700, LTE 1800, 5G NR 2100",CHEMIN DES BOIS (MARUEJOULS) 15800 POLMINHAC,15154,"44.9253,2.5742",Pylône autostable,28m,TOTEM,2026-07-03,ALL,,False,False
1983435,FREE MOBILE,5G NR 700,R DES ANCIENS COMBATTANTS 85340 LES SABLES D OLONNE,85194,"46.5022,-1.7378",Pylône tubulaire,27m,TOTEM,2026-07-24,ALL,,False,False
1987289,ORANGE,GSM 900,4 RUE CAULET 31500 TOULOUSE,31555,"43.6056,1.3539",Pylône tubulaire,"25,5m",TOTEM,2021-06-15,SUP,,False,False
1987293,ORANGE,GSM 900,CHEM V.O. N17 DIT DU FONTANAL (FONTANAL) 31810 VERNET,31574,"43.4278,1.4144",Pylône autostable,30m,TOTEM,2012-01-05,SUP,,False,False
1990864,ORANGE,"LTE 700, LTE 1800, 5G NR 2100",SOUGE D107 (PEUPULA GRANDE LANDE EST) 33680 LE TEMPLE,33528,"44.8756,-0.9017",Pylône autostable,35m,TOTEM,,AJO,,False,False
1990864,ORANGE,GSM 900,SOUGE D107 (PEUPULA GRANDE LANDE EST) 33680 LE TEMPLE,33528,"44.8756,-0.9017",Pylône autostable,35m,TOTEM,2009-05-13,SUP,,False,False
1996288,FREE MOBILE,"LTE 2100, 5G NR 700",CHEMIN FORESTIER (LA MEYNARDIE) 24260 ST FELIX DE REILLAC ET MORTEMART,24404,"45.0194,0.91",Pylône autostable,33m,TOTEM,2026-07-24,ALL,,False,False
1998955,ORANGE,"LTE 2600, 5G NR 2100", (LA FRESNIÈRE) 53600 EVRON,53097,"48.1267,-0.3761",Pylône autostable,30m,TOTEM,2026-07-09,ALL,,False,False
2002413,ORANGE,5G NR 2100, (PATTÉ ) 28130 MEVOISINS,28249,"48.5611,1.5961",Pylône autostable,"35,4m",TOTEM,,AJO,,False,False
2002482,ORANGE,"5G NR 700, 5G NR 3500",5 SQ PHILIPPE LE BON 77185 LOGNES,77258,"48.8389,2.6303",Immeuble,27m,Société HLM,2026-06-29,ART,,False,False
2004058,ORANGE,GSM 900,146 RUE ACHILLE VIADIEU 31500 TOULOUSE,31555,"43.5911,1.4444",Immeuble,"19,3m","Copropriété, Syndic, SCI",2021-04-08,SUP,,False,False
2006958,FREE MOBILE,"LTE 700, LTE 1800, LTE 2600",588 ROUTE DU LOUP PENDU (LOUPENDU) 72210 ROEZE SUR SARTHE,72253,"47.9006,0.0328",Pylône autostable,30m,TOTEM,2026-07-24,ALL,,False,True
2007399,FREE MOBILE,5G NR 700,RUE DES VANNIERS (LE TANGY) 89400 EPINEAU LES VOVES,89152,"47.9586,3.4883",Pylône autostable,37m,ON TOWER FRANCE,2026-07-24,ALL,,False,False
2010230,ORANGE,LTE 700,ZA DU BOSC (LES MAYOLS) 34130 MUDAISON,34176,"43.64,4.0181",Pylône autostable,30m,TOTEM,2026-07-20,ALL,,False,False
2013528,FREE MOBILE,"LTE 2100, 5G NR 700",17 AV DE GEMOZAC 17100 SAINTES,17415,"45.7211,-0.6411",Pylône tubulaire,32m,TOTEM,2026-07-24,ALL,,False,False
2013532,ORANGE,LTE 700,PRÉS D87 (LA FORTERESSE) 39290 POINTRE,39432,"47.2314,5.5",Pylône autostable,22m,TOTEM,2026-08-07,AAV,,False,False
2017155,ORANGE,"LTE 700, 5G NR 2100",LE FOUGERAY 35440 DINGE,35094,"48.3683,-1.7094",Pylône autostable,32m,TOTEM,2026-07-23,ALL,,False,False
2020349,ORANGE,GSM 900,2 PL ÉTIENNE BIRON ÉGLISE 82600 MAS GRENIER,82105,"43.8903,1.1972",Monument religieux,"34,7m","Commune, communauté de communes",2021-07-21,SUP,,False,False
2025209,FREE MOBILE,"LTE 2100, 5G NR 700", (LES CARRIERES) 51270 FEREBRIANGES,51247,"48.8781,3.8303",Pylône autostable,"45,4m",TDF,2026-07-24,ALL,,False,False
2027754,FREE MOBILE,"LTE 700, LTE 900, LTE 1800, LTE 2100, LTE 2600, 5G NR 3500",AV DE LA SOURCE CHÂTEAU D EAU  (LE VIGNAUD ) 17420 ST PALAIS SUR MER,17380,"45.6533,-1.0775",Château d'eau - réservoir,"34,1m","Syndicat des eaux, Adduction",2026-07-24,ALL,,False,True
2027804,ORANGE,GSM 900, (LAS LANNES) 31470 FONTENILLES,31188,"43.5547,1.2222",Pylône autostable,26m,TOTEM,2015-05-26,SUP,,False,False
2029900,FREE MOBILE,UMTS 2100,18 PLACE DE LA GARE (METRO GARES) 35700 RENNES,35238,"48.1039,-1.6722",Intérieur sous-terrain,0m,"Commune, communauté de communes",2026-12-31,SUP,,False,False
2036100,BOUYGUES TELECOM,LTE 2100,CHÂTEAU D'EAU LES COURTS FOUS (HAMEL) 50630 QUETTEHOU,50417,"49.5675,-1.3369",Château d'eau - réservoir,33m,"Syndicat des eaux, Adduction",2021-11-25,SUP,,False,False
2040673,ORANGE,GSM 900,DÉPARTEMENTALE 15 (BÉLÈME) 97232 LE LAMENTIN,97213,"14.6519,-61.0106",Pylône autostable,20m,DIGICEL,2020-03-11,SUP,,False,False
2041078,FREE MOBILE,LTE 2100,V COM. DE ST MARTIN 84120 PERTUIS,84089,"43.7064,5.5114",Pylône autostable,26m,BOUYGUES,,SUP,,False,False
2046261,SFR,LTE 700,15 RUE DU BOURG - STADE MUNICIPAL-PRES 45140 BOULAY LES BARRES,45046,"47.985,1.7844",Pylône autostable,16m,ATC FRANCE,,AJO,,False,False
2052057,SFR,GSM 900,R DES CITÉS STADE LÉO LAGRANGE 50470 CHERBOURG EN COTENTIN,50129,"49.6406,-1.5864",Pylône tubulaire,32m,HIVORY,2019-12-19,SUP,,False,False
2053148,BOUYGUES TELECOM,LTE 2100,290 R JUDAÏQUE 33800 BORDEAUX,33063,"44.84,-0.5986",Immeuble,"22,6m","Copropriété, Syndic, SCI",2019-04-17,SUP,,False,False
2053561,ORANGE,"LTE 700, 5G NR 2100",GARE DE LA FEE -LES 2 ALPES (LA BELLE ÉTOILE) 38860 LES DEUX ALPES,38253,"45.0036,6.1681",Pylône autostable,29m,HIVORY,,AJO,,False,False
2053561,ORANGE,LTE 2100,GARE DE LA FEE -LES 2 ALPES (LA BELLE ÉTOILE) 38860 LES DEUX ALPES,38253,"45.0036,6.1681",Pylône autostable,29m,HIVORY,2020-06-03,SUP,,False,False
2058114,BOUYGUES TELECOM,5G NR 2100, (LES TOURS) 42660 ST GENEST MALIFAUX,42224,"45.3522,4.4719",Pylône tubulaire,27m,HIVORY,2026-07-07,ALL,,False,False
2058114,SFR,5G NR 2100, (LES TOURS) 42660 ST GENEST MALIFAUX,42224,"45.3522,4.4719",Pylône tubulaire,27m,HIVORY,2026-07-15,ALL,,False,False
2059477,FREE MOBILE,"LTE 2100, 5G NR 700",RUE DE LA BATELLERIE CHEMIN DE HALAGE TERRAIN COMMUNAL 62137 COULOGNE,62244,"50.9244,1.8722",Pylône tubulaire,41m,TOTEM,2026-07-07,ALL,,False,False
2060086,ORANGE,GSM 900,D 104 (EN BIANNE) 32260 ORNEZAN,32302,"43.5058,0.6111",Pylône autostable,39m,TOTEM,2007-03-03,SUP,,False,False
2061746,ORANGE,GSM 900, (MIRABEL) 46500 LAVERGNE,46165,"44.8119,1.7858",Pylône autostable,30m,TOTEM,1997-12-11,SUP,,False,False
2062046,FREE MOBILE,LTE 2100,1 RUE DU GENERAL DE GAULLE 39200 ST CLAUDE,39478,"46.3975,5.8619",Immeuble,37m,Société HLM,2026-07-07,ALL,,False,False
2065432,FREE MOBILE,"LTE 2100, 5G NR 700",CHEMIN DES PATIS (COLLET BLANC) 84240 ANSOUIS,84002,"43.73,5.4644",Pylône autostable,21m,ON TOWER FRANCE,2026-07-07,ALL,,False,False
2067560,BOUYGUES TELECOM,UMTS 2100,970 AV DE SUISSE NORMANDE 14123 FLEURY SUR ORNE,14271,"49.1458,-0.3644",Bâtiment,20m,Société Privée,2019-06-12,SUP,,False,False
2068215,ORANGE,"LTE 800, 5G NR 700",2-6 R FRANCOIS LEVEQUE 33800 BORDEAUX,33063,"44.8617,-0.5758",Immeuble,50m,"Copropriété, Syndic, SCI",2026-07-27,ALL,,False,True
2068215,SFR,GSM 900,2-6 R FRANCOIS LEVEQUE 33800 BORDEAUX,33063,"44.8617,-0.5758",Immeuble,50m,"Copropriété, Syndic, SCI",2020-07-09,SUP,,False,False
2068219,BOUYGUES TELECOM,LTE 2600,STATION DE SKI PEYRAGUDES RÉSIDENCES LES BALCONS DE PEYRASOURDECULAS (CULAS) 65240 GERM,65199,"42.7942,0.4422",Bâtiment,27m,"Copropriété, Syndic, SCI",2026-07-26,ALL,,False,False
2068219,ORANGE,GSM 900,STATION DE SKI PEYRAGUDES RÉSIDENCES LES BALCONS DE PEYRASOURDECULAS (CULAS) 65240 GERM,65199,"42.7942,0.4422",Bâtiment,27m,"Copropriété, Syndic, SCI",2015-01-08,SUP,,False,False
2068228,ORANGE,GSM 900,AV DES SPORTS 31170 TOURNEFEUILLE,31557,"43.5792,1.3461",Pylône tubulaire,30m,TOTEM,2004-10-09,SUP,,False,False
2069207,SFR,LTE 2100,RUE DE CHANZY 59260 LEZENNES,59346,"50.6108,3.1172",Pylône tubulaire,12m,SFR,,SUP,,False,False
2074215,SFR,"GSM 900, GSM 1800",117 AVENUE MAURICE THOREZ (MÉTRO PIERRE CURIE L7) 94200 IVRY SUR SEINE,94041,"48.8158,2.3769",Intérieur sous-terrain,0m,RATP,2018-11-05,SUP,,False,False
2074257,ORANGE,GSM 900,RUE DE LA POSTE 32400 RISCLE,32344,"43.6547,-0.0883",Pylône autostable,"27,5m",TOTEM,2007-01-30,SUP,,False,False
2074833,SFR,GSM 900,2-4 R DE LA SOLIDARITE 77410 CLAYE SOUILLY,77118,"48.9467,2.6947",Immeuble,"15,9m","Copropriété, Syndic, SCI",2018-12-21,SUP,,False,False
2076981,FREE MOBILE,LTE 2100,ROUTE DE CROIX MARE (LE VILLAGE) 76570 CIDEVILLE,76174,"49.6147,0.8936",Pylône autostable,30m,ATC FRANCE,,SUP,,False,False
2077891,BOUYGUES TELECOM,LTE 2100,17 R SEGALIER 33800 BORDEAUX,33063,"44.8422,-0.5872",Immeuble,"20,9m","Copropriété, Syndic, SCI",2019-05-28,SUP,,False,False
2081207,ORANGE,GSM 900,RUE DU FAUCON (LE RÉSERVOIR) 31240 L UNION,31561,"43.6631,1.4753",Pylône tubulaire,23m,TOTEM,1997-01-17,SUP,,False,False
2083826,ORANGE,"LTE 700, 5G NR 2100",MONTCHOVET (MOREL) 42220 BOURG ARGENTAL,42023,"45.2894,4.5364",Pylône autostable,34m,TDF,,AJO,,False,False
2083826,ORANGE,LTE 2100,MONTCHOVET (MOREL) 42220 BOURG ARGENTAL,42023,"45.2894,4.5364",Pylône autostable,34m,TDF,2020-06-30,SUP,,False,False
2084483,FREE MOBILE,"LTE 2100, LTE 2600",RUE DES EMBRUNS BRACQUEMONT (LES VENTEUSES) 76910 PETIT CAUX,76618,"49.9419,1.1397",Pylône autostable,36m,TOTEM,,SUP,,False,True
2089557,ORANGE,GSM 900,ZONE D'ACTIVITÉ BOGUES 31750 ESCALQUENS,31169,"43.5264,1.5372",Pylône autostable,30m,TOTEM,2022-02-23,SUP,,False,False
2091172,FREE MOBILE,UMTS 2100,METRO DURANDY 06300 NICE,06088,"43.7014,7.2717",Tunnel,0m,"Commune, communauté de communes",2026-12-31,SUP,,False,False
2091176,FREE MOBILE,UMTS 2100,66 BOULEVARD RISSO 06300 NICE,06088,"43.7017,7.2789",Tunnel,0m,"Commune, communauté de communes",2026-12-31,SUP,,False,False
2091178,ORANGE,GSM 900,2 RUE ANTOINE GAUTIER 06300 NICE,06088,"43.6986,7.2822",Tunnel,4m,"Commune, communauté de communes",,SUP,,False,False
2106331,ORANGE,5G NR 2100,ZI LES CAMPS DE LAFEUILLADE 15130 LAFEUILLADE EN VEZIE,15090,"44.8014,2.4683",Pylône autostable,"30,4m",ORANGE,,AJO,,False,False
2106333,ORANGE,"LTE 1800, 5G NR 2100",D120 JAVIALLE CIMETIERE 15150 MONTVERT,15135,"44.9939,2.1519",Pylône autostable,"28,4m",ATC FRANCE,2026-06-15,ART,,False,False
2106599,ORANGE,"LTE 2100, 5G NR 700, 5G NR 3500",PL DE VERDUN 91 R DE ST-AMAND EGLISE ST-PIERRE 59310 MOUCHIN,59419,"50.5183,3.2922",Monument religieux,35m,"Commune, communauté de communes",2026-07-03,ALL,,False,False
2106778,FREE MOBILE,"LTE 2100, 5G NR 700",LES ARCS 2000 TELESIEGE DES PLAGNETTES (COL DE LA CHAL) 73210 PEISEY NANCROIX,73197,"45.5508,6.8111",Bâtiment,"11,1m",Société Privée,2026-07-28,ALL,,False,False
2107109,ORANGE,5G NR 2100,LES MURIERS - LA DEVESSE-OUEST 07570 DESAIGNES,07079,"44.9844,4.5222",Pylône autostable,17m,TDF,2026-06-17,ART,,False,False
2107926,FREE MOBILE,"LTE 2100, LTE 2600",VC N°10 DITE DES JONQUETS GRAND AUNAY (LA PECVINIÈRE) 14330 CARTIGNY L EPINAY,14138,"49.2389,-0.9828",Pylône autostable,40m,TOTEM,,SUP,,False,False
2108602,ORANGE,GSM 900,RÉSERVOIR DE MARCIAC (LAUEILLOU) 32230 MARCIAC,32233,"43.5194,0.1522",Pylône haubané,25m,TOTEM,1997-06-06,SUP,,False,False
2109877,ORANGE,"LTE 700, 5G NR 2100",LE CHAMP DU CORMIER (LA GRENONNIÈRE) 72370 ARDENAY SUR MERIZE,72007,"48.0083,0.4344",Pylône autostable,40m,TOTEM,2026-07-21,ALL,,False,False
2109881,ORANGE,GSM 900,CHEM RURAL N°15 DIT DU CALVAIRE (CATIES) 82200 MOISSAC,82112,"44.1094,1.0733",Pylône autostable,34m,TOTEM,2011-06-21,SUP,,False,False
2111318,ORANGE,"LTE 2100, 5G NR 3500",RÉÉMETTEUR TDF (BOIS VILLIOT) 21370 VELARS SUR OUCHE,21661,"47.3231,4.9119",Pylône autostable,20m,TDF,2026-07-02,ALL,,False,False
2112577,ONATI,5G NR 3500,ROUTE 471035 (MARCHE) 98722 TAIARAPU EST,98747,"-17.7281,-149.3122",Mât béton,22m,Onati,,AJO,,False,False
2113131,ORANGE,"LTE 1800, 5G NR 2100",CHEMIN LES TRANCHEES (LES PETITS CHATELLIERS) 51230 PLEURS,51432,"48.6836,3.8714",Pylône autostable,47m,TDF,,AJO,,True,False
2113650,ORANGE,"LTE 1800, 5G NR 2100", (AGARD LES ESCURES) 12110 AUBIN,12013,"44.5422,2.2208",Pylône autostable,12m,TDF,,AJO,,False,False
2116042,ORANGE,"LTE 800, LTE 2100, LTE 2600",1 AV. DE L'EUROPE 93420 VILLEPINTE,93078,"48.9575,2.5578",Immeuble,43m,Société HLM,2026-07-20,AJA,,False,False
2116042,ORANGE,LTE 700,1 AV. DE L'EUROPE 93420 VILLEPINTE,93078,"48.9575,2.5578",Immeuble,43m,Société HLM,2023-11-03,SUP,,False,False
2121216,FREE MOBILE,"LTE 2100, LTE 2600",CR DE LA CALVERIE AUX MARES DE BLAY LES LONGS BISSONS (LE SAULT BÉNARD) 14400 BLAY,14078,"49.2614,-0.835",Pylône autostable,40m,TOTEM,,SUP,,False,False
2123339,ORANGE,GSM 900,ROUTE DE SAINT-JULIEN (FONTARAILLE) 31310 RIEUX VOLVESTRE,31455,"43.2547,1.1922",Pylône tubulaire,30m,ATC FRANCE,2021-04-08,SUP,,False,False
2125218,FREE MOBILE,"LTE 2100, 5G NR 700",RD 7 (LA AOUILLÉ) 47310 MONCAUT,47172,"44.1478,0.4994",Pylône autostable,36m,TOTEM,2026-07-07,ALL,,False,False
2125218,ORANGE,GSM 900,RD 7 (LA AOUILLÉ) 47310 MONCAUT,47172,"44.1478,0.4994",Pylône autostable,36m,TOTEM,1997-09-05,SUP,,False,False
2125542,ORANGE,5G NR 2100,ROUTE DE MONTMARAULT D46 - MONTJOURNAL (LE BOIS SAUMON) 03500 CESSET,03049,"46.315,3.1933",Pylône autostable,30m,TOTEM,2026-07-03,ALL,,False,False
2125861,SFR,"GSM 900, UMTS 900, LTE 700, LTE 800, LTE 1800, LTE 2100, LTE 2600, 5G NR 2100",AV DE LA LIBERTE (CAP ROUX) 06360 EZE,06059,"43.7158,7.3506",Mât,4m,SFR,2022-08-10,SUP,,False,False
2125864,SFR,5G NR 3500,AV DE LA LIBERTE (CAP ROUX) 06360 EZE,06059,"43.7158,7.3506",Mât,4m,SFR,2022-08-04,SUP,,False,False
2126261,ORANGE,5G NR 2100,CHEMIN LES PLAINES (LA PLAINE) 15170 VALJOUZE,15247,"45.1644,3.0506",Pylône autostable,30m,ATC FRANCE,,AJO,,False,False
2127125,FREE MOBILE,5G NR 700,PLACE SAINT CHRISTOPHE 36000 CHATEAUROUX,36044,"46.8172,1.6844",Monument religieux,"37,1m","Commune, communauté de communes",2026-07-28,ALL,,False,False
2129437,ORANGE,5G NR 2100,PYLÔNE TDF 1125301 (MONTPERTUS) 11170 MONTOLIEU,11253,"43.3022,2.2056",Pylône autostable,15m,TDF,,AJO,,False,False
2134552,BOUYGUES TELECOM,"GSM 900, UMTS 900",RTE D'EVOSGES D 102A (SOURCE DE PRÉ MARTIN EN BRUET) 01230 TENAY,01416,"45.9428,5.5072",Pylône autostable,20m,ATC FRANCE,2026-07-14,ALL,,False,False
2135271,FREE MOBILE,LTE 2100,3 RUE ANGÉLIQUE VÉRIEN 92200 NEUILLY SUR SEINE,92051,"48.8814,2.2744",Immeuble,"34,1m",Société Privée,2026-07-07,ALL,,False,False
2137922,ORANGE,"LTE 700, 5G NR 2100",148 PL DE MONT BLANC IMM COLOMBE 76690 CLERES,76179,"49.6031,1.1128",Immeuble,17m,Société HLM,,AJO,,False,False
2137922,ORANGE,LTE 2100,148 PL DE MONT BLANC IMM COLOMBE 76690 CLERES,76179,"49.6031,1.1128",Immeuble,17m,Société HLM,2020-11-20,SUP,,False,False
2138581,ORANGE,"5G NR 700, 5G NR 3500",COURS DES QUAIS LA CRIÉE (LE PORT) 56470 LA TRINITE SUR MER,56258,"47.5872,-3.0267",Bâtiment,10m,"Commune, communauté de communes",,AJO,,False,False
2138581,ORANGE,"GSM 1800, LTE 700",COURS DES QUAIS LA CRIÉE (LE PORT) 56470 LA TRINITE SUR MER,56258,"47.5872,-3.0267",Bâtiment,10m,"Commune, communauté de communes",2008-02-07,SUP,,False,False
2141659,ORANGE,5G NR 2100, (D118 - PEX TDF) 11390 CAUDEBRONDE,11079,"43.3764,2.3119",Pylône autostable,30m,TDF,,AJO,,False,False
2142242,ORANGE,"LTE 700, 5G NR 2100",RUE DES ANCIENS COMBATTANTS D'AFRIQUE DU NORD 36120 ETRECHET,36071,"46.7814,1.7894",Pylône autostable,24m,TOTEM,2026-07-23,AJA,,False,False
2142242,ORANGE,LTE 2100,RUE DES ANCIENS COMBATTANTS D'AFRIQUE DU NORD 36120 ETRECHET,36071,"46.7814,1.7894",Pylône autostable,24m,TOTEM,2020-03-02,SUP,,False,False
2146639,FREE MOBILE,"LTE 2100, 5G NR 700",10 R DE CADELAC HOTEL LES VOYAGEURS 22600 LOUDEAC,22136,"48.1769,-2.755",Immeuble,19m,Société Privée,2026-07-07,ALL,,False,False
2149790,BOUYGUES TELECOM,LTE 700,43 ALLÉE DES LERINS DOMAINE DE SÉGURET LOT ESTELLE 44 83600 LES ADRETS DE L ESTEREL,83001,"43.5383,6.8333",Bâtiment,"9,1m",Particulier,2026-07-13,ALL,,False,False
2150721,BOUYGUES TELECOM,LTE 2100,STATION D'EPURATION (ZA LES OULIVEDES) 66300 BANYULS DELS ASPRES,66015,"42.5561,2.8731",Pylône autostable,35m,SFR,2026-07-19,ALL,,False,False
2151640,ORANGE,5G NR 2100,CHEMIN LE THEVENET (MONTLIT) 69770 VILLECHENEVE,69263,"45.8039,4.4083",Pylône autostable,26m,TOTEM,2026-06-26,ART,,False,False
2151676,ORANGE,GSM 900,AÉROGARE AIMÉ CÉSAIRE (LAREINTY) 97232 LE LAMENTIN,97213,"14.5964,-60.9969",Pylône autostable,30m,ORANGE Services Fixes,2001-10-19,SUP,,False,False
2151886,SFR,"UMTS 900, LTE 700, LTE 800, LTE 1800, LTE 2100, LTE 2600, 5G NR 3500",6 RUE DU CLOS FLEURI 94800 VILLEJUIF,94076,"48.7881,2.3722",Pylône autostable,34m,SFR,,SUP,,False,True
2152501,ORANGE,GSM 900,ACAJOU SUD- D14 CENTRE COMMERCIAL LA GALLERIA 97232 LE LAMENTIN,97213,"14.6197,-61.0208",Intérieur galerie,4m,Société Privée,2025-09-15,SUP,,False,False
2152503,ORANGE,GSM 900,ACAJOU SUD- D14 CENTRE COMMERCIAL LA GALLERIA 97232 LE LAMENTIN,97213,"14.6197,-61.0211",Intérieur galerie,5m,Société Privée,2025-09-15,SUP,,False,False
2154395,BOUYGUES TELECOM,LTE 2600, (MIJOULAN) 34680 ST GEORGES D ORQUES,34259,"43.625,3.7753",Pylône autostable,27m,CELLNEX,2026-07-03,ALL,,False,False
2154436,ORANGE,5G NR 2100, (LA FORET) 43120 LA CHAPELLE D AUREC,43058,"45.3231,4.22",Pylône autostable,31m,ATC FRANCE,,AJO,,False,False
2155977,ORANGE,GSM 900,6 RTE DE FRONTON CHÂTEAU D'EAU 31620 VILLAUDRIC,31581,"43.8306,1.4258",Château d'eau - réservoir,"23,8m","Commune, communauté de communes",2020-09-03,SUP,,False,False
2156114,FREE MOBILE,"LTE 2100, 5G NR 700",DÉPARTEMENTALE 436 TERRAIN MULTISPORTS (VERS LE MURGER) 39360 CHASSAL MOLINGES,39339,"46.3525,5.755",Pylône autostable,32m,TDF,2026-07-07,ALL,,False,False
2158538,BOUYGUES TELECOM,5G NR 3500,2/4 QUAI DE PRAGUE 45100 ORLEANS,45234,"47.8942,1.8997",Immeuble,"30,9m",BOUYGUES,,AJO,,False,False
2159267,ORANGE,5G NR 700,CHEMIN RURAL DE ST AUBIN À ST LOUP (LA GRANDE CORVÉE) 39410 ST AUBIN,39476,"47.0286,5.3203",Pylône autostable,30m,ATC FRANCE,2026-07-28,ALL,,False,False
2161943,ORANGE,GSM 900,98 RUE PAUL DANGLA RÉSIDENCE PONT DE LA GARDE 47000 AGEN,47001,"44.1947,0.6192",Immeuble,33m,Société Privée,2005-07-02,SUP,,False,False
2162303,FREE MOBILE,5G NR 3500,36_38 BOULEVARD DU MARÉCHAL LECLERC 94340 JOINVILLE LE PONT,94042,"48.8131,2.4683",Bâtiment,21m,"Copropriété, Syndic, SCI",2026-07-24,ALL,,False,False
2163936,FREE MOBILE,"LTE 2100, 5G NR 700",CHE RURAL DE COULOMBIERS (BEAUVAIS) 86370 MARCAY,86145,"46.4872,0.2203",Pylône autostable,40m,TOTEM,2026-07-07,ALL,,False,False
2164870,BOUYGUES TELECOM,,139 RUE ROGER SALENGRO 93700 DRANCY,93029,"48.9136,2.4367",Immeuble,"52,6m","Copropriété, Syndic, SCI",2023-10-12,CHH,"49,5m",False,False
2166042,SFR,"UMTS 900, LTE 700, LTE 800, LTE 1800, LTE 2100, LTE 2600, 5G NR 3500",13 IMPASSE DE LA PAPETERIE VILLA BAILLE 13005 MARSEILLE 05,13205,"43.2875,5.3964",Bâtiment,26m,Société HLM,,SUP,,False,True
2166106,SFR,UMTS 900,6 RUE JULES VALLES IMMEUBLE EDELWEISS 76920 AMFREVILLE LA MI VOIE,76005,"49.4028,1.1311",Immeuble,20m,Société HLM,,SUP,,False,True
2166442,ORANGE,5G NR 3500,CHEMIN DANS LA CONTINUITÉ DE LA RUE DU MOQUE CHIEN (MOQUE CHIEN) 17570 ST AUGUSTIN,17311,"45.6739,-1.0819",Pylône autostable,24m,ATC FRANCE,2026-06-23,ART,,False,False
2167457,TELCO OI,"LTE 2100, LTE 2600",CHEMIN SOUCANE 97439 STE ROSE,97419,"-21.1269,55.7694",Pylône autostable,30m,TDF,2026-06-23,ART,,False,False
2171536,FREE MOBILE,"LTE 700, LTE 900, LTE 1800, LTE 2100, LTE 2600, 5G NR 3500",RUE DE BRENESQUEN  D 75 (BRENESQUEN IZELLA) 29250 SANTEC,29273,"48.6942,-4.0347",Pylône autostable,30m,TOTEM,2026-07-24,ALL,,False,True
2173526,ORANGE,"LTE 1800, 5G NR 2100", (BOIS DE FONCLAIRET) 16350 CHAMPAGNE MOUTON,16076,"45.9797,0.4147",Pylône autostable,24m,ATC FRANCE,2026-06-22,ART,,False,False
2176292,SRR,LTE 1800,CHEM DE LA COLLINE (GRAND BOIS) 97432 ST PIERRE,97416,"-21.3575,55.5297",Mât béton,"15,5m",Société Réunionnaise de Radiotéléphonie,2021-10-29,ART,,False,False
2177281,ORANGE,"LTE 700, LTE 800, LTE 1800, 5G NR 2100",LA MOUILLE (À L'ECHAUX) 74550 ORCIER,74206,"46.3075,6.505",Pylône autostable,23m,TDF,,AJO,,False,True
2177377,SFR,GSM 900,AV DE LA MER PARKING PORT GRIMAUD (QUAI DES FOSSES) 83310 GRIMAUD,83068,"43.2775,6.58",Pylône tubulaire,20m,BOUYGUES,2019-09-20,SUP,,False,False
2180919,ORANGE,"LTE 700, 5G NR 2100",CROISEMENT D94/C2 VERS NONANT (LE CHÂTEAU) 14400 NONANT,14465,"49.2389,-0.6553",Pylône autostable,40m,TOTEM,,AJO,,False,False
2180933,ORANGE,GSM 900, (LA BOUSCARE) 09100 ST MARTIN D OYDES,09270,"43.1664,1.5033",Pylône tubulaire,20m,TOTEM,2007-06-14,SUP,,False,False
2181498,BOUYGUES TELECOM,LTE 2600,QUAI DU ROTHGRABEN 3 A COTE DU CHATEAU D'EAU (STOCKPLATZ) 67110 REICHSHOFFEN,67388,"48.9614,7.7075",Pylône autostable,45m,TDF,,AJO,,False,False
2186423,ORANGE,5G NR 2100,STADE HENRY DE BONNEVAL 87500 COUSSAC BONNEVAL,87049,"45.5169,1.3228",Pylône tubulaire,25m,ATC FRANCE,2026-07-17,ALL,,False,False
2186547,FREE MOBILE,5G NR 700,RUE DE FENITON PRÈS D212 14111 LOUVIGNY,14383,"49.1519,-0.4028",Pylône autostable,36m,TOTEM,2026-07-28,ALL,,False,False
2187769,ORANGE,5G NR 2100,LE CHENOT (LES HUIT BORNES) 60360 AUCHY LA MONTAGNE,60026,"49.5681,2.1172",Pylône autostable,39m,ATC FRANCE,2026-04-27,ART,,False,False
2188166,FREE MOBILE,"LTE 2100, LTE 2600",PRÈS VOIE DE CHEMIN DE FER TOUL MIN (GOAZ NINON) 22420 LANVELLEC,22119,"48.5919,-3.525",Pylône autostable,36m,ATC FRANCE,,SUP,,False,False
2189988,ORANGE,GSM 900,CHEM DÉPARTEMENTAL D59 (LE PLO) 31570 VALLESVILLES,31567,"43.6006,1.6336",Pylône autostable,30m,TOTEM,2019-09-26,SUP,,False,False
2192064,SFR,UMTS 900,57 RUE DES MORILLONS 75015 PARIS 15,75115,"48.8325,2.3017",Immeuble,27m,Société HLM,,SUP,,False,False
2193651,FREE MOBILE,LTE 2100,RTE DE SEBASTURES AV DE LA CALPRENEDE (LE FOIRAIL VIEUX) 24590 SALIGNAC EYVIGUES,24516,"44.9706,1.3214",Pylône autostable,33m,TOTEM,,SUP,,False,False
2195345,FREE MOBILE,LTE 2100,RUE DE LA DOUVE PRÈS ST. EPURATION LE BOURG (LE BOURG) 50260 SOTTEVAST,50579,"49.5228,-1.5906",Pylône autostable,45m,TOTEM,,SUP,,False,False
2198737,SFR,"GSM 900, GSM 1800",175 AVENUE MAXIME GORKI (MÉTRO VILLEJUIF L ARAGON L7) 94800 VILLEJUIF,94076,"48.7881,2.3683",Intérieur sous-terrain,0m,RATP,2018-10-22,SUP,,False,False
2201744,SFR,GSM 900,RUE JACQUARD 33700 MERIGNAC,33281,"44.8514,-0.6722",Pylône autostable,30m,SFR,2020-03-27,SUP,,False,False
2202379,BOUYGUES TELECOM,"GSM 900, UMTS 900, LTE 800, LTE 1800",42 MONTÉE DU CRIÉ (LE BAS DU CRIÉ) 71420 PERRECY LES FORGES,71346,"46.6064,4.2242",Pylône autostable,"38,4m",TOTEM,,AJO,,False,True
2206385,ORANGE,5G NR 2100,THEMES RD3 (LE PORT DE LA BOUVIÈRE) 89410 CEZY,89067,"48.0075,3.2961",Pylône autostable,40m,TDF,,AJO,,False,False
2207498,SFR,UMTS 900,2 RUE MOQUE SOURIS 95210 ST GRATIEN,95555,"48.9619,2.2892",Immeuble,35m,"Copropriété, Syndic, SCI",,SUP,,False,True
2210924,FREE MOBILE,"LTE 2100, 5G NR 700",QUARTIER PAMPELONNE CAMPING KON TIKI 83350 RAMATUELLE,83101,"43.2314,6.6581",Pylône tubulaire,13m,SFR,2026-07-07,ALL,,False,False
2211711,SFR,5G NR 3500,GARE D'AVIGNON TGV 84140 AVIGNON,84007,"43.9206,4.7878",Pylône autostable,30m,TDF,,SUP,,False,False
2212072,ORANGE,,"15 CHEMIN DES FONTAINES, MERCIER 84110 VAISON LA ROMAINE",84137,"44.2356,5.0758",Pylône tubulaire,13m,TOTEM,2020-04-06,CHH,12m,False,False
2212171,ORANGE,5G NR 2100,CHEMIN RURAL DE COUBARON AUX GAZETTES LE TENEMENT DE COUBARON COMMUNE DE VELLUIRE SUR VENDEE (COUBARON) 85770 LES VELLUIRE SUR VENDEE,85177,"46.4167,-0.8853",Pylône autostable,"40,3m",ATC FRANCE,2026-07-21,ALL,,False,False
2212549,ORANGE,5G NR 2100,CHEMIN RURAL DE BALAMBIT (CHIOULE) 40465 PONTONX SUR L ADOUR,40230,"43.8008,-0.9822",Pylône autostable,30m,ATC FRANCE,2026-06-30,ART,,False,False
2213430,BOUYGUES TELECOM,LTE 2100,21 B BOULEVARDD PIERRE 1ER 33110 LE BOUSCAT,33069,"44.855,-0.5928",Immeuble,"19,4m","Copropriété, Syndic, SCI",2020-12-02,SUP,,False,False
2213521,FREE MOBILE,"LTE 2100, LTE 2600",PRES DU CHEMIN DES GRIVES 83690 SILLANS LA CASCADE,83128,"43.5708,6.1856",Pylône autostable,"32,8m",FREE-MOBILE,,SUP,,False,True
2214020,SFR,GSM 900,CHEMIN DES CRÈTES STATION TDF (LA GAUCHERIE) 38160 ST VERAND,38463,"45.1825,5.3228",Pylône autostable,28m,TDF,1993-11-26,SUP,,False,False
2214555,ORANGE,"LTE 1800, 5G NR 2100",VOIE COMMUNALE N°78 DE LA FIOLE (CHAMP DU CIMETIERE) 79360 LA FOYE MONJAULT,79127,"46.1833,-0.5456",Pylône autostable,36m,TOTEM,2026-06-23,ART,,False,False
2216092,ORANGE,5G NR 2100,CHEMIN D'ARBALESSE (LES FOURNIERS) 63350 MARINGUES,63210,"45.93,3.3425",Pylône autostable,30m,ATC FRANCE,,AJO,,False,False
2222398,FREE MOBILE,"LTE 2100, 5G NR 700",CHEMIN DES PRES SALES 57100 THIONVILLE,57672,"49.4003,6.195",Pylône autostable,"33,3m",TDF,2026-07-07,ALL,,False,False
2222858,ORANGE,"LTE 1800, 5G NR 2100",ROUTE DU MONTET (CHAUSSINEL) 48230 LES SALELLES,48185,"44.4803,3.2736",Pylône autostable,12m,TOTEM,2026-07-07,ALL,,False,False
2223463,FREE MOBILE,"LTE 2100, LTE 2600",CHEMIN RURAL DES GOUTIÈRERIES AU JONCHER (LES GOUTIÈRERIES) 37140 CHOUZE SUR LOIRE,37074,"47.2394,0.1069",Pylône autostable,"42,3m",ATC FRANCE,,SUP,,False,False
2223898,ORANGE,GSM 900,LE CREIL (SOURDES) 46100 CAPDENAC,46055,"44.5883,2.0542",Pylône autostable,24m,TOTEM,2021-02-18,SUP,,False,False
2224747,ORANGE,5G NR 2100,ROUTE D'ORNON DÉPARTEMENTALE 332 (LE MONTAT) 63350 CULHAT,63131,"45.8644,3.3475",Pylône autostable,30m,ATC FRANCE,,AJO,,False,False
2225191,FREE MOBILE,5G NR 3500,CHEMIN DE LA ROCHE A LA VOUTE (LA ROCHE PERCEE) 69250 POLEYMIEUX AU MONT D OR,69153,"45.8503,4.8058",Pylône autostable,22m,ON TOWER FRANCE,2026-07-24,ALL,,False,False
2229496,FREE MOBILE,LTE 2100,CHEM DES CHATAIGNERS PROCHE DU BOIS DE LOYE (SUR LA VILLE) 74330 NONGLARD,74202,"45.9264,6.0267",Pylône autostable,24m,TOTEM,,SUP,,False,False
2234421,ORANGE,GSM 900,RTE DE BEAUZIAC CD 230 (MANGANE) 47700 CASTELJALOUX,47052,"44.3161,0.0767",Pylône autostable,35m,TOTEM,1997-06-06,SUP,,False,False
2234963,FREE MOBILE,LTE 2100,2 R DU BOIS SIMON 44690 CHATEAU THEBAUD,44037,"47.1056,-1.4425",Pylône autostable,38m,BOUYGUES,,SUP,,False,False
2236386,SFR,GSM 900,CHEMIN DES ECOLIERS 13140 MIRAMAS,13063,"43.5936,5.0092",Bâtiment,"37,2m","Copropriété, Syndic, SCI",2020-10-02,SUP,,False,False
2238115,BOUYGUES TELECOM,5G NR 3500,R JULES LADOUMEGUE (STADE DU LAC DE MAINE) 49100 ANGERS,49007,"47.47,-0.5864",Pylône tubulaire,31m,BOUYGUES,,AJO,,False,False
2238743,ORANGE,"5G NR 700, 5G NR 3500",T10 ROUTE DE BONIFACIO TERRAIN PANDOLFI (DURABILE) 20137 PORTO VECCHIO,2A247,"41.5222,9.2564",Pylône autostable,12m,TOTEM,2026-06-12,ART,,False,False
2239280,ORANGE,"LTE 700, 5G NR 2100", (L'OISELIÈRE) 76430 LES TROIS PIERRES,76714,"49.5469,0.3889",Pylône autostable,43m,"Commune, communauté de communes",,AJO,,False,False
2239280,ORANGE,LTE 2100, (L'OISELIÈRE) 76430 LES TROIS PIERRES,76714,"49.5469,0.3889",Pylône autostable,43m,"Commune, communauté de communes",2020-03-10,SUP,,False,False
2241802,ORANGE,GSM 900,RUE DE LA PLAGE (MILLIERES VIEILLES) 31150 FENOUILLET,31182,"43.6733,1.3908",Pylône autostable,38m,TOTEM,2012-09-17,SUP,,False,False
2246691,FREE MOBILE,5G NR 3500,7 R DU GENERAL DE GAULLE 27380 FLEURY SUR ANDELLE,27246,"49.3631,1.3553",Monument religieux,"37,9m","Commune, communauté de communes",,AJO,,False,False
2246885,ORANGE,GSM 900,"27, R DE LA DIGUE 31500 TOULOUSE",31555,"43.5814,1.4272",Immeuble,"45,8m","Copropriété, Syndic, SCI",1993-11-05,SUP,,False,False
2247567,ORANGE,"LTE 2600, 5G NR 2100",ROUTE DE WISSEMBOURG D245 (LIKERSHUTT) 67160 SEEBACH,67351,"48.98,7.9864",Pylône autostable,49m,TOTEM,2026-07-10,ALL,,False,False
2247607,ORANGE,5G NR 2100,ROSTASSAC (TRIGODINA) 46150 ST MEDARD,46280,"44.5286,1.2789",Pylône autostable,30m,TDF,,AJO,,False,False
2253026,FREE MOBILE,"LTE 2100, LTE 2600",VC N° 3 DE HAUT BOURG (LE BORNAIS) 86380 ST MARTIN LA PALLU,86281,"46.6892,0.1978",Pylône autostable,"43,8m",ATC FRANCE,,SUP,,False,False
2253479,ORANGE,"LTE 1800, 5G NR 2100",CHEMIN COMMUNAL (LES PETITS AJOTS) 17620 CHAMPAGNE,17083,"45.8208,-0.9175",Pylône autostable,38m,TOTEM,2026-07-13,AJA,,False,False
2255911,SRR,LTE 700,79 RUE DU FOUR À CHAUX 97432 ST PIERRE,97416,"-21.3411,55.4697",Immeuble,22m,Société Privée,2022-08-20,ART,,False,False
2257666,FREE MOBILE,"LTE 2100, LTE 2600",D152 LES MONTS (LE FORT DES MONTS) 50690 SIDEVILLE,50575,"49.595,-1.6994",Pylône autostable,"40,5m",BOUYGUES,,SUP,,False,True
2257807,SFR,LTE 700, (LES POULINS) 04300 NIOZELLES,04138,"43.9419,5.845",Pylône autostable,28m,BOUYGUES,2026-07-08,ALL,,False,False
2261333,ORANGE,"LTE 1800, 5G NR 2100", (LA CABANE) 17700 ST GEORGES DU BOIS,17338,"46.1569,-0.7125",Pylône autostable,42m,TDF,2026-06-18,ART,,False,False
2262024,ORANGE,5G NR 2100,RUE DU PONT ST POMP (LE COIN) 89160 ARGENTEUIL SUR ARMANCON,89017,"47.7589,4.1142",Pylône autostable,37m,TDF,,AJO,,False,False
2263851,FREE MOBILE,"LTE 2100, LTE 2600",DÉPT 785 (LA VILLENEUVE) 29410 PLOUNEOUR MENEZ,29202,"48.4742,-3.8769",Pylône autostable,36m,ATC FRANCE,,SUP,,False,False
2263889,TELCO OI,"LTE 2100, LTE 2600",162T ROUTE HUBERT DELISLE 97436 ST LEU,97413,"-21.1839,55.3281",Pylône autostable,"32,5m",TDF,2026-06-16,ART,,False,False
2265007,SRR,LTE 2100,BOULEVARD DE VERDUN 97420 LE PORT,97407,"-20.9414,55.2939",Immeuble,"18,5m",Société Réunionnaise de Radiotéléphonie,2024-05-06,ART,,False,False
2265009,SRR,LTE 700,RUE DU LYCÉE - PRÈS DU STADE 97432 ST PIERRE,97416,"-21.3447,55.4919",Pylône tubulaire,23m,Société Réunionnaise de Radiotéléphonie,2023-09-27,ART,,False,False
2266819,FREE MOBILE,"LTE 2100, LTE 2600",D 134 LE JARDIN (LES MINIÈRES) 49600 MONTREVAULT SUR EVRE,49218,"47.2492,-0.9733",Pylône autostable,30m,TOTEM,,SUP,,False,False
2266878,SFR,LTE 700,BOIS DU BIOLET (MOUTON EN HAUT) 39200 ST CLAUDE,39478,"46.3769,5.8503",Pylône autostable,"30,7m",PHOENIX FRANCE INFRASTRUCTURES,2026-07-10,AJA,,False,False
2266880,SFR,LTE 2100,CHEM DES BARRES A CRAMIN (LES BARRES) 58350 CHASNAY,58061,"47.2406,3.1778",Pylône autostable,36m,BOUYGUES,2026-07-01,ART,,False,False
2267234,FREE MOBILE,LTE 2100,VOIE COMMUNALE N°1 DITE DU CHATELET LE CLOS JANNY (LE CHATELET) 22350 CAULNES,22032,"48.3086,-2.1881",Pylône autostable,36m,TOTEM,,SUP,,False,False
2267901,SFR,"GSM 900, UMTS 900, LTE 700, LTE 800, LTE 1800, LTE 2100, LTE 2600, 5G NR 2100, 5G NR 3500",AÉROPORT MARSEILLE-PROVENCE EUROCOPTER BAT R05 (LE CELIER) 13127 VITROLLES,13117,"43.4311,5.2339",Bâtiment,24m,Société Privée,2020-12-18,SUP,,False,False
2267995,FREE MOBILE,LTE 2100,D971 BEAUMONT (BEAUMONT) 50290 MUNEVILLE SUR MER,50365,"48.9436,-1.4856",Pylône autostable,"34,5m",BOUYGUES,,SUP,,False,False
2268467,FREE MOBILE,"LTE 2100, LTE 2600",ROUTE DE LADON VC N°7  (LA MOTTE) 45270 AUVILLIERS EN GATINAIS,45017,"47.965,2.5006",Pylône autostable,30m,ATC FRANCE,,SUP,,False,True
2269295,ORANGE,5G NR 2100,PROCHE CHEMIN DE FER DE RENNES À REDON (LA REBINTENAIS) 35480 GUIPRY MESSAC,35176,"47.7903,-1.8364",Pylône autostable,36m,ATC FRANCE,,AJO,,False,False
2271027,BOUYGUES TELECOM,UMTS 900,RUE DE PFETTISHEIM (GEHREN) 67450 LAMPERTHEIM,67256,"48.6564,7.6869",Pylône autostable,37m,ORANGE,2025-01-27,SUP,,False,False
2271052,BOUYGUES TELECOM,"GSM 900, UMTS 900, LTE 800",CHEMIN DES SALARDS (LES SALARDS) 63190 ORLEAT,63265,"45.8539,3.4464",Pylône autostable,30m,ORANGE,2022-09-22,SUP,,False,False
2271052,SFR,"GSM 900, UMTS 900, LTE 800, LTE 1800",CHEMIN DES SALARDS (LES SALARDS) 63190 ORLEAT,63265,"45.8539,3.4464",Pylône autostable,30m,ORANGE,2022-07-25,SUP,,False,False
2272652,BOUYGUES TELECOM,5G NR 2100,46 RUE DE BEAUBOURG 77184 EMERAINVILLE,77169,"48.8156,2.6208",Bâtiment,"21,4m",Société Privée,,AJO,,False,False
2274328,FREE MOBILE,5G NR 3500,9 PLACE DE LA RÉSISTANCE 94500 CHAMPIGNY SUR MARNE,94017,"48.8136,2.5583",Immeuble,12m,Société Privée,2026-07-24,ALL,,False,False
2276384,FREE MOBILE,"LTE 2100, LTE 2600",LES HAUTS DE BRIERE ROUTE DE PRÉFONTAINE 45210 NARGIS,45222,"48.1069,2.735",Pylône autostable,"52,5m",BOUYGUES,,SUP,,False,True
2276384,SFR,5G NR 2100,LES HAUTS DE BRIERE ROUTE DE PRÉFONTAINE 45210 NARGIS,45222,"48.1069,2.735",Pylône autostable,"52,5m",BOUYGUES,2026-07-22,ALL,,False,False
2277513,BOUYGUES TELECOM,"LTE 700, 5G NR 3500",13 R PIERRE MAC ORLAN 29200 BREST,29019,"48.3867,-4.5247",Immeuble,50m,Société HLM,,AJO,,False,False
2277815,FREE MOBILE,"LTE 2100, LTE 2600",CHEMIN D'EXPLOITATION N° 43 LES TERRES NEUVES PRÈS N165 (RISTINEC) 56520 GUIDEL,56078,"47.8269,-3.4794",Pylône autostable,36m,ATC FRANCE,,SUP,,False,False
2278656,BOUYGUES TELECOM,,SQ BOIS DES ROCHES 28630 LE COUDRAY,28110,"48.4242,1.4872",Pylône tubulaire,30m,"Commune, communauté de communes",2022-11-24,CHH,31m,False,False
2278656,SFR,,SQ BOIS DES ROCHES 28630 LE COUDRAY,28110,"48.4242,1.4872",Pylône tubulaire,30m,"Commune, communauté de communes",2022-12-30,CHH,31m,False,False
2279198,BOUYGUES TELECOM,"UMTS 900, LTE 700, LTE 800",QUARTIER CHATEAU 09500 LAPENNE,09153,"43.1569,1.7492",Pylône autostable,30m,SFR,2023-06-22,SUP,,True,False
2279198,FREE MOBILE,"UMTS 900, LTE 700",QUARTIER CHATEAU 09500 LAPENNE,09153,"43.1569,1.7492",Pylône autostable,30m,SFR,2022-06-13,SUP,,True,False
2281151,ORANGE,5G NR 3500,ROUTE DE PATAY (AUTROCHE) 45410 ARTENAY,45008,"48.0808,1.8664",Château d'eau - réservoir,"38,5m","Commune, communauté de communes",2026-07-02,ALL,,False,False
2283720,FREE MOBILE,LTE 2100,D88 PROCHE D40 LES BARBITOTS (PETIT MAGNY) 14370 MEZIDON VALLEE D AUGE,14431,"49.0475,-0.1131",Pylône autostable,30m,ATC FRANCE,,SUP,,False,False
2285479,FREE MOBILE,LTE 2100,RUE DES SOUPIRS 76890 BIVILLE LA BAIGNARDE,76096,"49.7225,1.0517",Pylône autostable,36m,ATC FRANCE,,SUP,,False,False
2286433,ORANGE,"LTE 700, 5G NR 2100",CHÂTEAU D'EAU LEIGNES SUR FONTAINE (LES VIEILLES VIGNES) 86300 LEIGNES SUR FONTAINE,86126,"46.4853,0.7389",Château d'eau - réservoir,39m,"Commune, communauté de communes",2026-07-10,ALL,,False,False
2287592,FREE MOBILE,5G NR 3500,N12 PROCHE ÉCHANGEUR DE PRAD PIP (FORESTIC) 29490 GUIPAVAS,29075,"48.4378,-4.4214",Pylône tubulaire,40m,ATC FRANCE,2026-07-24,ALL,,False,False
2289175,FREE MOBILE,LTE 2100,RUE DE LA RUETTE DAVID D118 CROUTE À L'AIR (CROIX DE LA HAYE) 50690 LA HAGUE,50041,"49.6161,-1.815",Pylône autostable,30m,TOTEM,,SUP,,False,False
2289218,FREE MOBILE,LTE 2100,D316 (LES VALLEES DU MESNIL) 27930 LE BOULAY MORIN,27099,"49.0667,1.1886",Pylône autostable,"40,5m",BOUYGUES,,SUP,,False,False
2290430,ORANGE,GSM 900,D802 (CAMBES) 46100 LISSAC ET MOURET,46175,"44.6217,1.9433",Pylône autostable,27m,TOTEM,1999-11-25,SUP,,False,False
2290837,ORANGE,GSM 900,CHEM DE LA MÉTAIRIE (CHEVALIER) 09500 MIREPOIX,09194,"43.0947,1.9078",Pylône autostable,32m,TOTEM,1997-05-09,SUP,,False,False
2293743,FREE MOBILE,"LTE 2100, LTE 2600",VC N° 2 (LA MOZE) 07210 ST LAGER BRESSAC,07260,"44.6864,4.7033",Pylône autostable,"25,5m",ATC FRANCE,,SUP,,False,False
2293890,ORANGE,5G NR 2100,CHE RURAL DE LA MOTTE À BOISGROLLIER (PLAINE DE BOURGATE) 86480 ROUILLE,86213,"46.4103,-0.0069",Pylône autostable,36m,TDF,2026-07-09,ALL,,False,False
2295293,FREE MOBILE,"LTE 2100, LTE 2600",ROUTE VERS CHATEAU D'EAU (LES GRANGETTES SUD) 73340 AILLON LE JEUNE,73004,"45.6133,6.1056",Pylône autostable,33m,TDF,,SUP,,False,False
2295994,FREE MOBILE,"LTE 900, LTE 2100, 5G NR 700",RUE DU GRAND LARGE PRÈS STADE MENOURY ZEACH GOAREM PELVED (MERLOT) 29730 TREFFIAGAT,29284,"47.8056,-4.2533",Pylône autostable,30m,TOTEM,2026-07-24,ALL,,False,False
2296060,ORANGE,"LTE 700, 5G NR 2100",CHEMIN D'EXPLOITATION N° 8 (LE BROUILLARD) 72210 VOIVRES LES LE MANS,72381,"47.9375,0.1164",Pylône autostable,40m,TOTEM,2026-07-09,ALL,,False,False
2296075,ORANGE,"LTE 2100, 5G NR 700, 5G NR 3500",RUE DE BERSTETT RD 60 (NIEFFERNWEG) 67370 TRUCHTERSHEIM,67495,"48.665,7.6522",Pylône autostable,30m,ATC FRANCE,,AJO,,False,False
2296075,ORANGE,LTE 700,RUE DE BERSTETT RD 60 (NIEFFERNWEG) 67370 TRUCHTERSHEIM,67495,"48.665,7.6522",Pylône autostable,30m,ATC FRANCE,2020-10-27,SUP,,False,False
2297447,SRR,"LTE 700, 5G NR 3500",CHEM CAROSSE STATION D'EPURATION (L'ERMITAGE LES BAINS) 97460 ST PAUL,97415,"-21.0803,55.2317",Pylône autostable,35m,Société Réunionnaise de Radiotéléphonie,2025-07-09,ART,,False,False
2297629,BOUYGUES TELECOM,5G NR 3500,53B-57 R R DE CRIMEE 13003 MARSEILLE 03,13203,"43.3067,5.3808",Immeuble,28m,CELLNEX,,AJO,,False,False
2297629,BOUYGUES TELECOM,LTE 2100,53B-57 R R DE CRIMEE 13003 MARSEILLE 03,13203,"43.3067,5.3808",Immeuble,28m,CELLNEX,2020-12-28,SUP,,False,False
2299224,ORANGE,"LTE 1800, 5G NR 2100",D218 (LE PETIT FIEF) 17400 VERVANT,17467,"45.9778,-0.4475",Pylône autostable,"35,7m",ATC FRANCE,2026-07-06,AJA,,True,False
2306803,BOUYGUES TELECOM,"LTE 700, LTE 1800, LTE 2100, 5G NR 2100",CHEMIN DE LA BETOULLE (LA BETOULLE) 23300 ST MAURICE LA SOUTERRAINE,23219,"46.2186,1.43",Pylône autostable,"42,2m",BOUYGUES,,AJO,,False,False
2306803,SFR,"LTE 700, LTE 1800, LTE 2100, 5G NR 2100",CHEMIN DE LA BETOULLE (LA BETOULLE) 23300 ST MAURICE LA SOUTERRAINE,23219,"46.2186,1.43",Pylône autostable,"42,2m",BOUYGUES,,AJO,,False,False
2308387,ORANGE,"LTE 1800, 5G NR 2100",D 14 (LE CHÊNE) 23220 BONNAT,23025,"46.2867,1.9511",Pylône autostable,36m,ATC FRANCE,2026-06-30,ART,,False,False
2308821,ORANGE,5G NR 2100,VOIE COMMUNALE N°3 DU CHÂTEAU D'EAU (LA LOUTIÈRE) 72510 MANSIGNE,72182,"47.74,0.1369",Pylône autostable,36m,ATC FRANCE,2026-07-23,ALL,,False,False
2311680,ORANGE,5G NR 700,CHEMIN DE LA MONTAGNE (LA MONTAGNE) 60162 VIGNEMONT,60675,"49.5072,2.7758",Pylône autostable,"40,6m",TDF,2026-07-27,ALL,,False,False
2311825,BOUYGUES TELECOM,"LTE 700, LTE 1800, LTE 2100, 5G NR 2100",LA CROIX AUX LIÈVRES DEPARTEMENTALE 790 22320 LA HARMOYE,22073,"48.3539,-2.9667",Pylône autostable,"31,3m",BOUYGUES,,AJO,,False,False
2311825,SFR,"LTE 700, LTE 1800, LTE 2100, 5G NR 2100",LA CROIX AUX LIÈVRES DEPARTEMENTALE 790 22320 LA HARMOYE,22073,"48.3539,-2.9667",Pylône autostable,"31,3m",BOUYGUES,,AJO,,False,False
2312083,ORANGE,GSM 900,"1, BOULEVARD VINCENT AURIOL 31130 BALMA",31044,"43.6231,1.4883",Immeuble,"33,3m",ORANGE,2021-12-02,SUP,,False,False
2313466,ORANGE,GSM 900,CHEMIN DE PALIS PRES CHATEAU D'EAU ROUTE DE REVEL (PALIS) 31450 FOURQUEVAUX,31192,"43.4981,1.6233",Pylône tubulaire,35m,SFR,2021-03-03,SUP,,False,False
2313706,ORANGE,"LTE 1800, LTE 2100, 5G NR 700, 5G NR 3500",CHEMIN LE DEVAIS (LE DEVÈS) 38590 ST MICHEL DE ST GEOIRS,38427,"45.3081,5.3572",Pylône autostable,31m,TOTEM,,AJO,,True,False
2313706,ORANGE,LTE 700,CHEMIN LE DEVAIS (LE DEVÈS) 38590 ST MICHEL DE ST GEOIRS,38427,"45.3081,5.3572",Pylône autostable,31m,TOTEM,2021-03-31,SUP,,True,False
2315103,FREE MOBILE,"LTE 2100, LTE 2600",52 CLOS DES PERRUCHES PARCELLE 318 SECTION ZK 49320 BRISSAC LOIRE AUBANCE,49050,"47.3878,-0.4153",Pylône autostable,36m,ORANGE,,SUP,,False,False
2315514,FREE MOBILE,"LTE 2100, LTE 2600",LE DOMPTAIRE CHEMIN DE LA VOIE FERRÉE (LES FIRMINELLES) 30300 BEAUCAIRE,30032,"43.7886,4.5436",Pylône autostable,24m,ATC FRANCE,,SUP,,False,True
2318975,FREE MOBILE,LTE 2100,CHEMIN DE LA HOUSSAYE 76210 NOINTOT,76468,"49.6008,0.4581",Pylône autostable,40m,ATC FRANCE,,SUP,,False,False
2321352,ORANGE,"5G NR 700, 5G NR 3500",CHEMIN DES BUGES CIMETIERE (L ESCLOT) 26790 BOUCHET,26054,"44.2969,4.8658",Pylône autostable,33m,TOTEM,2026-06-22,ART,,False,False
2321845,SFR,"LTE 700, 5G NR 2100",1 BOULEVARD DE L OURCQ 77270 VILLEPARISIS,77514,"48.9511,2.6008",Immeuble,"15,3m","Copropriété, Syndic, SCI",,SUP,,False,False
2321857,FREE MOBILE,LTE 2100, (BECCON) 74350 CRUSEILLES,74096,"46.0303,6.1194",Pylône autostable,50m,ATC FRANCE,,SUP,,False,False
2324205,FREE MOBILE,"LTE 2100, 5G NR 700","CHEMIN RURAL N°26, CHEMIN DIT DU BOIS LAURENCE (LA FONDANCE) 76390 ILLOIS",76372,"49.7494,1.6583",Pylône autostable,30m,TOTEM,2026-07-07,ALL,,False,False
2324663,ORANGE,GSM 900,64 BOULEVARD PIERRE SÉMARD GARE DE TOULOUSE 31500 TOULOUSE,31555,"43.6111,1.4536",Bâtiment,18m,SNCF,2011-10-20,SUP,,False,False
2325817,BOUYGUES TELECOM,"LTE 700, LTE 1800, LTE 2100, 5G NR 2100",LE PONT GAILLARD 23150 ST HILAIRE LA PLAINE,23201,"46.1192,1.9686",Pylône autostable,"32,3m",BOUYGUES,,AJO,,False,False
2325990,ORANGE,5G NR 2100,RUE DE LA PAIX (HECKERSBERG) 57460 BOUSBACH,57101,"49.1492,6.9422",Pylône autostable,32m,ON TOWER FRANCE,,AJO,,False,False
2325994,ORANGE,5G NR 2100, (CHÂTEAU DE VILLEROY) 34200 SETE,34301,"43.3778,3.6311",Pylône tubulaire,12m,SNCF Réseau,2026-06-22,ART,,False,False
2326011,SRR,"LTE 700, LTE 1800, LTE 2100",CHEMIN HO CHI MINH 97419 LA POSSESSION,97408,"-20.9642,55.3406",Pylône autostable,20m,Société Réunionnaise de Radiotéléphonie,2026-07-10,ALL,,False,False
2326160,ORANGE,5G NR 2100,ROUTE DU REC (AL-REC) 82700 MONTBARTIER,82123,"43.9025,1.2667",Pylône autostable,30m,ATC FRANCE,2026-07-10,ALL,,False,False
2329832,FREE MOBILE,"LTE 2100, LTE 2600",ROUTE DES  PEUPLIERS (FERME CHEVALIER) 76110 ST SAUVEUR D EMALLEVILLE,76650,"49.6144,0.3181",Pylône autostable,36m,ATC FRANCE,,SUP,,False,True
2329836,ORANGE,GSM 900,1740 ROUTE DU CHÂTEAU D'EAU (GAUBERE) 32460 LE HOUGA,32155,"43.7792,-0.2006",Château d'eau - réservoir,43m,"Syndicat des eaux, Adduction",2008-11-06,SUP,,False,False
2330558,SFR,5G NR 2100, (LIMANDRE) 43320 VAZEILLES LIMANDRE,43254,"45.12,3.7136",Pylône autostable,30m,SFR,2026-07-17,AJA,,False,False
2331638,SFR,"LTE 1800, 5G NR 2100",BD JEAN SORLET RTE DES PÉNITENT (CAMPUS DE L'ESPACE) 27200 VERNON,27681,"49.1056,1.4953",Pylône autostable,50m,BOUYGUES,2026-07-01,ART,,False,False
2332502,BOUYGUES TELECOM,LTE 1800, (LES FREYDIES) 07210 ST SYMPHORIEN SOUS CHOMERAC,07298,"44.7267,4.7114",Pylône autostable,26m,BOUYGUES,,AJO,,True,False
2333050,FREE MOBILE,,CHEMIN DE CASSAN (VERLORONE) 34480 POUZOLLES,34214,"43.4919,3.2872",Pylône autostable,"32,1m",TOTEM,2025-05-13,CHI,2586718,False,True
2333937,FREE MOBILE,LTE 2100,ROUTE DE SAINT POMPAIN PROCHE CROISEMENT VOIE COMMUNALE DES DEVISES D66 79160 VILLIERS EN PLAINE,79351,"46.4142,-0.5453",Pylône autostable,"29,6m",ATC FRANCE,,SUP,,False,False
2334218,SFR,GSM 900, (VOIE D'EPAGNY) 21380 MARSANNAY LE BOIS,21391,"47.4397,5.0847",Pylône haubané,32m,HIVORY,2021-02-16,SUP,,False,False
2335595,FREE MOBILE,"LTE 2100, LTE 2600",RD675 (LA VALESERIE) 27500 CORNEVILLE SUR RISLE,27174,"49.3517,0.6039",Pylône autostable,"34,5m",BOUYGUES,,SUP,,False,False
2340357,BOUYGUES TELECOM,LTE 700,18 V DE LA LIBERTÉ 50220 PRECEY,50413,"48.6094,-1.3808",Pylône autostable,"32,3m",BOUYGUES,2026-07-13,AJA,,False,False
2340357,BOUYGUES TELECOM,LTE 2600,18 V DE LA LIBERTÉ 50220 PRECEY,50413,"48.6094,-1.3808",Pylône autostable,"32,3m",BOUYGUES,,AJO,,False,False
2342572,BOUYGUES TELECOM,GSM 1800,13 R DE L'ÉCOLE DE MEDECINE 75006 PARIS 06,75106,"48.8508,2.3414",Immeuble,15m,Société HLM,2020-11-24,SUP,,False,False
2342613,BOUYGUES TELECOM,"GSM 1800, UMTS 2100",47 R DE MONTPENSIER 75001 PARIS 01,75101,"48.8664,2.3375",Immeuble,20m,"Copropriété, Syndic, SCI",2020-11-17,SUP,,False,False
2344058,ORANGE,5G NR 2100,AVENUE DE L EUROPE Z.I. DE LA JUSTICE 37800 NOYANT DE TOURAINE,37176,"47.1156,0.5756",Pylône autostable,33m,TDF,,AJO,,False,False
2347706,FREE MOBILE,"LTE 2100, LTE 2600",BOIS DE LA GACHE (VRON) 86510 BRUX,86039,"46.2514,0.2431",Pylône autostable,36m,ATC FRANCE,,SUP,,False,False
2348298,SFR,"GSM 900, UMTS 900, UMTS 2100, LTE 800, LTE 1800",53  GRANDE RUE 25000 BESANCON,25056,"47.2383,6.0236",Immeuble,23m,"Copropriété, Syndic, SCI",,SUP,,False,True
2351177,FREE MOBILE,LTE 2100, (NAUTEZAT) 31530 THIL,31553,"43.7158,1.1517",Pylône autostable,32m,TOTEM,,SUP,,False,False
2351209,ORANGE,GSM 900,STATION DE GAVARNIE GÈDRE LES ESPÉCIÈRES CENTRE D'ACCUEIL (LASLOUZÈRES) 65120 GAVARNIE GEDRE,65192,"42.7294,-0.0308",Bâtiment,18m,"Commune, communauté de communes",2011-09-24,SUP,,False,False
2352851,ORANGE,5G NR 2100,QUAI DE LA GARE D4 D11 (GRANDES NAUX) 54170 BARISEY AU PLAIN,54046,"48.5344,5.8394",Pylône autostable,32m,TDF,,AJO,,False,False
2353542,BOUYGUES TELECOM,LTE 1800, (BRAVONE) 20230 LINGUIZZETTA,2B143,"42.2094,9.535",Pylône autostable,30m,SFR,2026-07-19,ALL,,False,False
2354485,FREE MOBILE,"LTE 2100, LTE 2600",ROUTE DE LA MAUGERIE D553 (LA PETITE TUILE) 50860 MOYON VILLAGES,50363,"49.0036,-1.1308",Pylône autostable,30m,ATC FRANCE,,SUP,,False,True
2354567,BOUYGUES TELECOM,LTE 2100,D16 (LA RIBIERE) 19300 EGLETONS,19073,"45.415,2.0394",Pylône autostable,"38,7m",HIVORY,2026-07-23,ALL,,False,False
2356461,FREE MOBILE,"LTE 2100, LTE 2600",ROUTE DE TORANCHE (HORMET EST) 42210 ST CYR LES VIGNES,42214,"45.6764,4.2761",Pylône autostable,30m,ATC FRANCE,,SUP,,False,False
2357591,TELCO OI,"LTE 2100, LTE 2600",CHEMIN DU VERSANT 97429 PETITE ILE,97405,"-21.3492,55.555",Pylône autostable,28m,TDF,2026-06-19,ART,,False,False
2359893,BOUYGUES TELECOM,"LTE 700, LTE 1800, LTE 2100, 5G NR 2100",D7 (HAGET) 47600 MONTAGNAC SUR AUVIGNON,47180,"44.1561,0.4736",Pylône autostable,"57,4m",RTE,2026-07-29,AJA,,False,True
2359893,BOUYGUES TELECOM,LTE 800,D7 (HAGET) 47600 MONTAGNAC SUR AUVIGNON,47180,"44.1561,0.4736",Pylône autostable,"57,4m",RTE,2026-07-25,ALL,,False,True
2359893,BOUYGUES TELECOM,GSM 900,D7 (HAGET) 47600 MONTAGNAC SUR AUVIGNON,47180,"44.1561,0.4736",Pylône autostable,"57,4m",RTE,,SUP,,False,True
2361207,ORANGE,5G NR 2100,																					 D419 (STOCKACKER) 68210 RETZWILLER,68268,"47.6314,7.0811",Pylône autostable,32m,TDF,,AJO,,False,False
2362015,FREE MOBILE,"LTE 2100, LTE 2600",862 CHEMIN DU FRICHE MOISY PROCHE A29 (FRICHE MOISY) 14130 ST BENOIT D HEBERTOT,14563,"49.3353,0.2547",Pylône autostable,"34,5m",PHOENIX FRANCE INFRASTRUCTURES,,SUP,,False,False
2364888,FREE MOBILE,,1117 RUE JACQUES BREL 87800 JOURGNAC,87081,"45.7328,1.2144",Pylône autostable,37m,ATC FRANCE,2023-08-25,CHI,2681751,False,True
2364888,ORANGE,,1117 RUE JACQUES BREL 87800 JOURGNAC,87081,"45.7328,1.2144",Pylône autostable,37m,ATC FRANCE,2026-03-11,CHH,30m,False,False
2365927,BOUYGUES TELECOM,"LTE 2600, 5G NR 3500",RUE DES PERFONDERIES LA FOSSE TERRIÈRE (HAMEAU ES FRANCS) 50340 SIOUVILLE HAGUE,50576,"49.5661,-1.8233",Pylône autostable,24m,ATC FRANCE,2026-07-13,ALL,,False,False
2365927,SFR,"LTE 2600, 5G NR 3500",RUE DES PERFONDERIES LA FOSSE TERRIÈRE (HAMEAU ES FRANCS) 50340 SIOUVILLE HAGUE,50576,"49.5661,-1.8233",Pylône autostable,24m,ATC FRANCE,2026-07-22,ALL,,False,False
2366823,FREE MOBILE,"LTE 700, LTE 900, LTE 1800, LTE 2100, LTE 2600, 5G NR 3500",60 COURS DE LA LIBERTE 69003 LYON 03,69383,"45.7572,4.8425",Immeuble,"25,5m",Établissement de soins,2026-07-24,ALL,,False,True
2367683,FREE MOBILE,"LTE 2100, LTE 2600",RTE DE FLAINE D106 PARKING DE VERNANT (VERNANT EST) 74300 ARACHES LA FRASSE,74014,"46.0197,6.6889",Pylône autostable,18m,Société Privée,,SUP,,False,True
2369293,SFR,"LTE 700, LTE 1800, LTE 2100, 5G NR 2100",LES QUATRES VENTS (LE GOULET) 28480 VICHERES,28407,"48.2875,0.9333",Château d'eau - réservoir,30m,"Commune, communauté de communes",,AJO,,True,False
2369298,ORANGE,"LTE 2100, 5G NR 700, 5G NR 3500",CHEMIN D'EXPLOITATION PRÈS D12 LES MARRES LES MARRES (LA LONGUE RAIE) 22100 CALORGUEN,22026,"48.4083,-2.0358",Pylône autostable,30m,TDF,,AJO,,False,False
2369298,ORANGE,LTE 700,CHEMIN D'EXPLOITATION PRÈS D12 LES MARRES LES MARRES (LA LONGUE RAIE) 22100 CALORGUEN,22026,"48.4083,-2.0358",Pylône autostable,30m,TDF,2021-09-15,SUP,,False,False
2369701,ORANGE,GSM 900,25 RUE DE NÉOUVIELLE 31120 PORTET SUR GARONNE,31433,"43.5372,1.3997",Pylône autostable,30m,TOTEM,2022-05-10,SUP,,False,False
2370182,BOUYGUES TELECOM,5G NR 3500,29 BD DE ROCHEPLATTE 45100 ORLEANS,45234,"47.9064,1.8983",Immeuble,33m,"Copropriété, Syndic, SCI",,AJO,,False,False
2370194,FREE MOBILE,LTE 2100,VC N°11 DITE DE LA FOSSE A28 E402 (LA FOSSE) 72170 VIVOIN,72380,"48.2664,0.1614",Pylône autostable,30m,ATC FRANCE,,SUP,,False,False
2374034,BOUYGUES TELECOM,"LTE 700, LTE 800",RUE DE LA MINE RUE DU STADE (LE BERNARDEAU) 85510 ROCHETREJOUX,85192,"46.7911,-0.9906",Pylône autostable,36m,TOTEM,2026-07-13,ALL,,False,True
2374034,SFR,"LTE 700, LTE 800, LTE 1800, LTE 2600, 5G NR 2100",RUE DE LA MINE RUE DU STADE (LE BERNARDEAU) 85510 ROCHETREJOUX,85192,"46.7911,-0.9906",Pylône autostable,36m,TOTEM,2026-07-09,ALL,,False,True
2375037,SFR,UMTS 900,44 AV DE LA PORTE DES POISSONNIERS 75018 PARIS 18,75118,"48.9,2.3525",Immeuble,27m,"Copropriété, Syndic, SCI",,SUP,,False,True
2376082,FREE MOBILE,"LTE 2100, LTE 2600",VOIE DE LA COUTURE AUX ALLÉES 37500 CHINON,37072,"47.1764,0.215",Pylône autostable,"35,5m",BOUYGUES,,SUP,,False,True
2376660,FREE MOBILE,5G NR 3500,6 ALLÉE PIERRE ROLLIN 80090 AMIENS,80021,"49.8764,2.3125",Immeuble,29m,Société HLM,2026-07-28,ALL,,False,False
2377357,BOUYGUES TELECOM,LTE 2100,ROUTE DE LA BRANDE (D144) 17800 AVY,17027,"45.5522,-0.5",Pylône autostable,"38,5m",HIVORY,2026-07-18,ALL,,False,False
2378394,ORANGE,"LTE 2600, 5G NR 2100",PROCHE D234 (LES QUARTIERS) 87250 FROMENTAL,87068,"46.1681,1.42",Pylône autostable,36m,TDF,2026-07-17,ALL,,False,False
2382965,FREE MOBILE,LTE 2100,LA CHAPONNAIS N12 53440 MARCILLE LA VILLE,53144,"48.3553,-0.4825",Pylône autostable,"32,6m",Société Privée,,SUP,,False,False
2384707,ORANGE,5G NR 2100, (LES JANNIERS DES ROCHERS) 35490 VIEUX VY SUR COUESNON,35355,"48.3394,-1.4703",Pylône autostable,30m,TDF,,AJO,,False,False
2385666,ORANGE,5G NR 2100,LE BOURG PROCHE D 174 16450 ST LAURENT DE CERIS,16329,"45.9447,0.4817",Pylône autostable,32m,TDF,,AJO,,False,False
2385666,ORANGE,LTE 2100,LE BOURG PROCHE D 174 16450 ST LAURENT DE CERIS,16329,"45.9447,0.4817",Pylône autostable,32m,TDF,2022-12-07,SUP,,False,False
2385674,FREE MOBILE,LTE 2100,IMPASSE DE KERSTRAT D 122 (KERSTRAT) 29910 TREGUNC,29293,"47.8794,-3.8336",Pylône autostable,30m,ATC FRANCE,,SUP,,False,False
2385728,ORANGE,"GSM 900, UMTS 900, LTE 800, LTE 1800, LTE 2100", (LE CHAMP DU BORDAGE) 85250 CHAVAGNES EN PAILLERS,85065,"46.9097,-1.2267",Château d'eau - réservoir,70m,"Syndicat des eaux, Adduction",1997-06-27,SUP,,False,False
2387433,BOUYGUES TELECOM,"GSM 900, LTE 2100",CHATEAU D EAU (LA VALLEE DES HEBREUX) 27820 ST CHRISTOPHE SUR AVRE,27521,"48.6986,0.815",Château d'eau - réservoir,"49,7m","Syndicat des eaux, Adduction",1998-06-26,SUP,,False,False
2387437,FREE MOBILE,LTE 2100,CHEM DES TROISGOTS AU GRAND VAL DE VIRE OU HEBERT LA FRANGELIÈRE (LE CLOS POIRIER) 50890 CONDE SUR VIRE,50139,"49.0144,-1.0725",Pylône autostable,"30,3m",TOTEM,,SUP,,False,False
2388617,FREE MOBILE,LTE 2100,PROCHE D2 ET ROUTE DE LA CHENARDIÈRE (LA COLINIÈRE) 37360 ROUZIERS DE TOURAINE,37204,"47.5431,0.6267",Pylône autostable,30m,ATC FRANCE,,SUP,,False,False
2388636,FREE MOBILE,"UMTS 900, UMTS 2100",BD VICTOR HUGO (METRO CLICHY SAINT OUEN L14) 93400 ST OUEN SUR SEINE,93070,"48.9044,2.3219",Intérieur sous-terrain,0m,RATP,2026-06-30,SUP,,False,False
2390289,ORANGE,5G NR 700,99 ROUTE DES RUTYS 74960 ANNECY,74010,"45.9439,6.1269",Pylône tubulaire,12m,ATC FRANCE,2026-07-24,ALL,,False,False
2397178,FREE MOBILE,UMTS 2100,18 PLACE DE LA GARE (MÉTRO STATION GARES) 35700 RENNES,35238,"48.1042,-1.6722",Intérieur sous-terrain,0m,"Commune, communauté de communes",2026-12-30,SUP,,False,False
2397860,FREE MOBILE,UMTS 2100,20 RUE DU PUITS MAUGER (METRO STATION COLOMBIER) 35700 RENNES,35238,"48.1058,-1.6819",Intérieur sous-terrain,0m,"Commune, communauté de communes",2026-12-31,SUP,,False,False
2397862,FREE MOBILE,UMTS 2100,PLACE SAINT GERMAIN (METRO STATION ST GERMAIN) 35700 RENNES,35238,"48.1106,-1.6761",Intérieur sous-terrain,0m,"Commune, communauté de communes",2026-12-31,SUP,,False,False
2398635,ORANGE,"LTE 2100, 5G NR 3500",LES BISES 26210 MORAS EN VALLOIRE,26213,"45.2875,4.9911",Pylône autostable,"40,2m",ON TOWER FRANCE,2026-06-29,ART,,False,False
2400015,BOUYGUES TELECOM,"LTE 700, LTE 2100",ROUTE D ARZACQ 64450 DOUMY,64203,"43.4506,-0.3867",Pylône autostable,"44,5m",HIVORY,2026-07-05,AJA,,False,False
2400015,SFR,LTE 700,ROUTE D ARZACQ 64450 DOUMY,64203,"43.4506,-0.3867",Pylône autostable,"44,5m",HIVORY,2026-06-26,ART,,False,False
2402375,FREE MOBILE,"LTE 2100, LTE 2600",LE CAMPART 50180 AGNEAUX,50002,"49.1175,-1.1508",Pylône autostable,"32,3m",PHOENIX FRANCE INFRASTRUCTURES,,SUP,,False,False
2402802,ORANGE,5G NR 2100,ROUTE DE LACQUY D933 40240 ST JUSTIN,40267,"43.9656,-0.2567",Pylône autostable,"41,5m",HIVORY,2026-06-30,ART,,False,False
2402894,FREE MOBILE,UMTS 2100,CTR ST-AUBIN PLACE SAINTE ANNE (METRO STATION ST ANNE) 35700 RENNES,35238,"48.1147,-1.68",Intérieur sous-terrain,0m,"Commune, communauté de communes",2026-12-30,SUP,,False,False
2403353,SFR,"LTE 700, LTE 1800, LTE 2100, 5G NR 2100",V COM. CHEM DU BOIS DE THENNEY (BOIS DES BRUYERES) 27270 ST JEAN DU THENNEY,27552,"49.0178,0.4464",Pylône autostable,"33,1m",BOUYGUES,,AJO,,False,False
2403703,SFR,LTE 2100, (LA CITERNE) 83860 NANS LES PINS,83087,"43.3903,5.7656",Pylône autostable,34m,BOUYGUES,2026-07-01,ART,,False,False
2404143,SFR,5G NR 2100,ROUTE DE SOUCHON 43260 ST HOSTIEN,43194,"45.0653,4.0458",Pylône autostable,42m,HIVORY,2026-07-17,AJA,,False,False
2404882,ORANGE,5G NR 2100,D 540 (SERRE CHAPADON) 26160 SOUSPIERRE,26343,"44.5328,4.9689",Pylône autostable,18m,TOTEM,2026-06-24,ART,,False,False
2405061,BOUYGUES TELECOM,"UMTS 900, LTE 2100",AU PRE CHAVARU 38420 LE VERSOUD,38538,"45.2269,5.8678",Pylône tubulaire,24m,CELLNEX,,SUP,,False,True
2405160,FREE MOBILE,"LTE 2100, LTE 2600",CHE DE TRAUSANES RÉSERVOIR COMMUNAL D118 (TRAUSANES) 11260 CAMPAGNE SUR AUDE,11063,"42.9169,2.2003",Pylône autostable,24m,HIVORY,,SUP,,False,True
2405160,SFR,LTE 700,CHE DE TRAUSANES RÉSERVOIR COMMUNAL D118 (TRAUSANES) 11260 CAMPAGNE SUR AUDE,11063,"42.9169,2.2003",Pylône autostable,24m,HIVORY,,AJO,,False,False
2405162,FREE MOBILE,LTE 2600,D624 MOUSQUES HAUTES (LES MOUSQUES HAUTES) 11400 ISSEL,11175,"43.3881,1.9731",Pylône autostable,42m,HIVORY,,SUP,,False,False
2406763,BOUYGUES TELECOM,"LTE 700, LTE 2100",CHEMIN RURAL LES PLANCHES DE VAUX 70000 ANDELARROT,70020,"47.5781,6.1106",Pylône haubané,38m,Société Privée,,AJO,,False,False
2406763,FREE MOBILE,"LTE 2100, LTE 2600",CHEMIN RURAL LES PLANCHES DE VAUX 70000 ANDELARROT,70020,"47.5781,6.1106",Pylône haubané,38m,Société Privée,,SUP,,False,True
2407285,ORANGE,"LTE 2100, 5G NR 3500",RUE DES ETANGS DECHETERIE (RIEDLE) 68320 KUNHEIM,68172,"48.0764,7.5469",Pylône autostable,32m,ATC FRANCE,2026-07-02,ALL,,False,False
2409273,BOUYGUES TELECOM,GSM 900,5 R PIERRE WECZERKA EGLISE 77420 CHAMPS SUR MARNE,77083,"48.8525,2.6028",Monument religieux,24m,"Commune, communauté de communes",,SUP,,False,False
2409297,FREE MOBILE,"UMTS 900, UMTS 2100",4 AVENUE DE LA PORTE DE CLICHY (MÉTRO PORTE DE CLICHY) 75017 PARIS 17,75117,"48.8944,2.3133",Intérieur sous-terrain,0m,RATP,2026-06-30,SUP,,False,False
2410092,FREE MOBILE,UMTS 2100,50 RUE DE REDON (MÉTRO STATION MABILAIS) 35700 RENNES,35238,"48.1053,-1.6928",Intérieur sous-terrain,0m,"Commune, communauté de communes",2026-12-31,SUP,,False,False
2411151,BOUYGUES TELECOM,LTE 700, (MONDOIGT) 03420 RONNET,03216,"46.2206,2.7189",Pylône autostable,"38,3m",PHOENIX FRANCE INFRASTRUCTURES,,AJO,,False,False
2415651,FREE MOBILE,"LTE 2100, LTE 2600",N12 - VOIE COMMUNALE DE GEARD (LA MAITERIE) 53500 VAUTORTE,53269,"48.3083,-0.7956",Pylône autostable,"50,5m",PHOENIX FRANCE INFRASTRUCTURES,,SUP,,False,False
2416083,ORANGE,"LTE 2100, 5G NR 700, 5G NR 3500",ROUTE DE LA ROCHE (BELLEBAT) 63260 CHAPTUZAT,63090,"46.0228,3.1844",Pylône autostable,39m,ON TOWER FRANCE,,AJO,,False,False
2416083,ORANGE,LTE 700,ROUTE DE LA ROCHE (BELLEBAT) 63260 CHAPTUZAT,63090,"46.0228,3.1844",Pylône autostable,39m,ON TOWER FRANCE,2022-01-04,SUP,,False,False
2417952,FREE MOBILE,LTE 2100,RUE DE LA VOULOGNE CHEMIN DIT DU ROUGET (CORBET) 52190 CHASSIGNY,52113,"47.7064,5.3811",Pylône autostable,30m,TOTEM,,SUP,,False,False
2418331,BOUYGUES TELECOM,LTE 1800, (BRANDES) 46200 SOUILLAC,46309,"44.9189,1.4331",Pylône autostable,"46,5m",PHOENIX FRANCE INFRASTRUCTURES,,AJO,,True,False
2420194,BOUYGUES TELECOM,5G NR 3500,3 PLACE THALES TOUR THALES 30900 NIMES,30189,"43.8283,4.3278",Immeuble,70m,Société HLM,,AJO,,False,False
2420211,ORANGE,5G NR 2100, (LES GRANDES PIÈCES) 16460 MOUTON,16237,"45.8992,0.2444",Pylône autostable,30m,TDF,,AJO,,False,False
2420631,SFR,"LTE 700, LTE 800, LTE 1800, LTE 2100, LTE 2600, 5G NR 2100",D143 RUE RENÉ COTY (LA MOTTE) 76480 YAINVILLE,76750,"49.4461,0.8275",Pylône autostable,38m,TOTEM,,AJO,,False,True
2421373,SFR,"LTE 700, LTE 2100",LE MAR 56750 DAMGAN,56052,"47.5258,-2.5506",Pylône autostable,"20,3m",BOUYGUES,2026-07-15,ALL,,False,False
2421975,ORANGE,5G NR 2100,RUE DU STADE STADE DE FOOT (LE BOIS) 49260 LE PUY NOTRE DAME,49253,"47.1217,-0.2292",Pylône autostable,39m,TOTEM,2026-07-20,ALL,,False,False
2424655,FREE MOBILE,"LTE 2100, LTE 2600",749 ROUTE DES ETOURNELLES A40 01200 VALSERHONE,01033,"46.1303,5.7994",Pylône autostable,"24,5m",PHOENIX FRANCE INFRASTRUCTURES,,SUP,,False,True
2425227,FREE MOBILE,"LTE 2100, LTE 2600",22  LA FONTAINE DU TRAIT 19300 ROSIERS D EGLETONS,19176,"45.3731,2.0042",Pylône autostable,"38,8m",HIVORY,,SUP,,False,True
2425789,ORANGE,GSM 900,ROUTE DE GAVARRET  D 240 (MATISSERE) 32390 MONTESTRUC SUR GERS,32286,"43.7839,0.6408",Pylône autostable,31m,TOTEM,2010-08-06,SUP,,False,False
2425836,ORANGE,"LTE 2100, 5G NR 3500",RÉSERVOIR COMMUNAL (LES BRECHETS) 26230 CHANTEMERLE LES GRIGNAN,26073,"44.3997,4.8389",Pylône autostable,30m,ON TOWER FRANCE,2026-07-02,ALL,,False,False
2430269,BOUYGUES TELECOM,LTE 2100, (PETIT PRE) 10260 VILLEMOYENNE,10419,"48.1897,4.265",Pylône autostable,46m,SFR,2026-07-20,ALL,,False,False
2431279,ORANGE,GSM 900,CHEMIN DE RONDE DU GAMAY NOIR (BELLEVUE) 47250 COCUMONT,47068,"44.4472,0.0247",Château d'eau - réservoir,56m,"Syndicat des eaux, Adduction",2007-10-06,SUP,,False,False
2433653,FREE MOBILE,"LTE 2100, LTE 2600",RTE DE SAUVE D999 (SERRE ET FONT DE JONQUE) 30730 PARIGNARGUES,30193,"43.8619,4.2003",Pylône autostable,28m,PHOENIX FRANCE INFRASTRUCTURES,,SUP,,False,True
2434057,BOUYGUES TELECOM,LTE 2100,CHEMIN LES SABLIERES D951 16490 AMBERNAC,16009,"45.95,0.5814",Pylône autostable,"43,9m",HIVORY,2026-07-19,ALL,,False,False
2434915,ORANGE,5G NR 2100,ACCÈS PAR LA D40 PUIS VC (LES MAUFRUITS) 16560 COULGENS,16107,"45.8144,0.2783",Pylône autostable,36m,TDF,,AJO,,False,False
2435794,BOUYGUES TELECOM,"LTE 700, LTE 2100",ROUTE DE CASSOUA 40090 CAMPAGNE,40061,"43.8694,-0.6328",Pylône autostable,"44,9m",HIVORY,,AJO,,False,False
243665,ONATI,5G NR 3500,RTE DE PUURAI ELECTRICITÉ DE TAHITI (EDT VEROTIA - TEPETI) 98704 FAAA,98715,"-17.5611,-149.5981",Pylône arbre,18m,Onati,,AJO,,False,False
2437891,ORANGE,5G NR 2100,															 (COL DE CRIE) 69430 LES ARDILLATS,69012,"46.2081,4.5411",Pylône autostable,33m,TOTEM,2026-06-30,ART,,False,False
2438171,ORANGE,GSM 900,D54 - LE VILLAGE SUD 31570 STE FOY D AIGREFEUILLE,31480,"43.5372,1.6078",Pylône autostable,24m,ATC FRANCE,2022-02-27,SUP,,False,False
2438456,FREE MOBILE,LTE 2100,N12 / GR 1 (LA FERME SAINT AUBIN) 78640 NEAUPHLE LE VIEUX,78443,"48.8042,1.8528",Pylône autostable,30m,TOTEM,,SUP,,False,False
2438594,FREE MOBILE,"UMTS 900, UMTS 2100",VOIE COMMUNALE 212 (LE MOULIN) 87520 VEYRAC,87202,"45.895,1.11",Pylône autostable,32m,ATC FRANCE,,SUP,,False,True
2439268,ORANGE,5G NR 2100,CHEMIN DIT DU BREULEUX 21130 BILLEY,21074,"47.1361,5.4194",Pylône autostable,39m,TDF,,AJO,,False,False
2441742,ORANGE,GSM 900,"3, CHEM DES MARAÎCHERS FACULTÉ DENTAIRE 31500 TOULOUSE",31555,"43.5658,1.4608",Bâtiment,33m,"État, Ministère",2013-07-12,SUP,,False,False
2442238,BOUYGUES TELECOM,"GSM 900, LTE 800",IMPASSE DES COTES D 104 07110 VINEZAC,07343,"44.5325,4.3464",Pylône autostable,42m,HIVORY,,SUP,,False,True
2442238,SFR,"GSM 900, UMTS 900, LTE 800, LTE 1800, LTE 2100",IMPASSE DES COTES D 104 07110 VINEZAC,07343,"44.5325,4.3464",Pylône autostable,42m,HIVORY,,SUP,,False,True
2443628,SFR,"LTE 700, LTE 1800, LTE 2100, 5G NR 2100",RD 157 DEPARTEMENTALE 157 (LA RENIERE) 53250 CHARCHIGNE,53061,"48.43,-0.4261",Château d'eau - réservoir,39m,"Commune, communauté de communes",,AJO,,False,False
2445082,ORANGE,5G NR 2100,50 RTE DE PRALOGNEUX D55 - RESERVOIR D'EAU (D55 - RESERVOIR D'EAU) 42890 SAIL SOUS COUZAN,42195,"45.7483,3.9558",Pylône autostable,30m,TOTEM,2026-06-24,ART,,False,False
2445901,ORANGE,5G NR 2100,ROUTE D 138 BUISSON ROUGE (PETELOUP) 58400 RAVEAU,58220,"47.1747,3.0972",Pylône autostable,36m,TOTEM,2026-07-17,ALL,,False,False
2446478,FREE MOBILE,LTE 2100,CHEMIN DE BRISEVENT (BRISEVENT) 36110 BRETAGNE,36024,"46.9989,1.6967",Pylône autostable,"32,3m",PHOENIX FRANCE INFRASTRUCTURES,,SUP,,False,False
2446621,ORANGE,"LTE 2100, 5G NR 700, 5G NR 3500",CARRIÈRE LA BOULINIÈRE ISDI (LA BOULINIÈRE) 45210 FERRIERES EN GATINAIS,45145,"48.1311,2.7683",Pylône autostable,40m,ORANGE,,AJO,,False,False
2446621,ORANGE,LTE 700,CARRIÈRE LA BOULINIÈRE ISDI (LA BOULINIÈRE) 45210 FERRIERES EN GATINAIS,45145,"48.1311,2.7683",Pylône autostable,40m,ORANGE,2022-09-12,SUP,,False,False
2447575,BOUYGUES TELECOM,LTE 700,LES ALEUX DEPARTEMENTALE 37 86400 LINAZAY,86134,"46.1708,0.17",Pylône autostable,"26,3m","Commune, communauté de communes",2026-08-03,AAV,,False,False
2447575,SFR,"LTE 700, LTE 1800, LTE 2100, 5G NR 2100",LES ALEUX DEPARTEMENTALE 37 86400 LINAZAY,86134,"46.1708,0.17",Pylône autostable,"26,3m","Commune, communauté de communes",,AJO,,False,False
2450184,BOUYGUES TELECOM,LTE 700,LES MOLIERES 69170 AFFOUX,69001,"45.8403,4.3939",Pylône autostable,"38,2m",PHOENIX FRANCE INFRASTRUCTURES,,AJO,,False,False
245066,ORANGE,GSM 900,4/6 R DE LA REINE ASTRID HOTEL ELISEO 65100 LOURDES,65286,"43.0953,-0.0564",Immeuble,40m,"Copropriété, Syndic, SCI",2004-06-26,SUP,,False,False
2451369,FREE MOBILE,LTE 900,2 RUE RACINE 44300 NANTES,44109,"47.2136,-1.5628",Bâtiment,"21,3m","Copropriété, Syndic, SCI",,AJO,,False,False
2451443,ORANGE,5G NR 2100,VC N° 4 PRÈS STATION D'ÉPURATION (MAUNY) 45130 EPIEDS EN BEAUCE,45134,"47.9511,1.6269",Pylône autostable,"32,6m",TDF,,AJO,,False,False
2451677,ORANGE,"LTE 1800, 5G NR 2100",D187 (LA GARENNE) 16460 AUNAC SUR CHARENTE,16023,"45.9222,0.2503",Pylône autostable,32m,ON TOWER FRANCE,2026-07-17,ALL,,False,False
2451860,FREE MOBILE,"LTE 900, LTE 2100, 5G NR 700",LE CROISTY 56440 LANGUIDIC,56101,"47.8589,-3.1053",Pylône haubané,"36,1m",PHOENIX FRANCE INFRASTRUCTURES,2026-07-07,ALL,,False,False
2452002,SFR,GSM 900,CHEMS DE LA BASE AERIENNE (PLAN DE ROQUES) 11100 NARBONNE,11262,"43.175,3.1247",Pylône autostable,"12,7m",PHOENIX FRANCE INFRASTRUCTURES,,SUP,,True,False
2452008,FREE MOBILE,LTE 2100,1 CHEM DE LA MERGEOIRE 72200 CLERMONT CREANS,72084,"47.7044,-0.0311",Pylône tubulaire,"37,5m",PHOENIX FRANCE INFRASTRUCTURES,,SUP,,False,False
2452238,ORANGE,"5G NR 700, 5G NR 3500",ROUTE DE BENEDIT 40560 VIELLE ST GIRONS,40326,"43.9086,-1.3197",Pylône autostable,37m,ATC FRANCE,2026-07-17,ALL,,False,False
2454161,BOUYGUES TELECOM,"LTE 700, LTE 2600, 5G NR 3500",RUE DE LA VILLE GALIO 22410 TREVENEUC,22377,"48.6586,-2.8694",Pylône autostable,38m,BOUYGUES,,AJO,,False,False
2454337,BOUYGUES TELECOM,LTE 700,ROUTE DE  KERCHOUX D 776 (KERCHOUX) 56250 ELVEN,56053,"47.7525,-2.5494",Pylône autostable,"32,6m",PHOENIX FRANCE INFRASTRUCTURES,2026-07-22,ALL,,False,False
2454337,SFR,"LTE 700, LTE 1800, LTE 2100, 5G NR 2100",ROUTE DE  KERCHOUX D 776 (KERCHOUX) 56250 ELVEN,56053,"47.7525,-2.5494",Pylône autostable,"32,6m",PHOENIX FRANCE INFRASTRUCTURES,,AJO,,False,False
2459126,BOUYGUES TELECOM,"UMTS 900, LTE 700, LTE 800",ROUTE D ECROMAGNY (LE MONT GÉRARD) 70270 LA LANTERNE ET LES ARMONTS,70295,"47.7894,6.5261",Pylône autostable,30m,SFR,2023-05-24,SUP,,True,False
2459126,FREE MOBILE,"UMTS 900, LTE 700",ROUTE D ECROMAGNY (LE MONT GÉRARD) 70270 LA LANTERNE ET LES ARMONTS,70295,"47.7894,6.5261",Pylône autostable,30m,SFR,2023-03-06,SUP,,True,False
2459608,ORANGE,5G NR 2100, (LE GRAND FLAGUET) 35850 LANGAN,35144,"48.2386,-1.85",Pylône autostable,"32,6m",TDF,,AJO,,False,False
2460289,BOUYGUES TELECOM,"LTE 700, LTE 2100",N21 (PEY) 32550 ST JEAN LE COMTAL,32381,"43.5694,0.5272",Pylône autostable,36m,HIVORY,2026-07-15,ALL,,False,False
2460289,SFR,5G NR 2100,N21 (PEY) 32550 ST JEAN LE COMTAL,32381,"43.5694,0.5272",Pylône autostable,36m,HIVORY,2026-07-24,AJA,,False,False
2460552,BOUYGUES TELECOM,LTE 2100,RUE DE BIOROUGE A20 46200 SOUILLAC,46309,"44.8853,1.5019",Pylône autostable,50m,TDF,2026-07-24,ALL,,False,False
2463541,FREE MOBILE,LTE 2100, (LE BOIS DE LA PRINCE) 49700 BROSSAY,49053,"47.1683,-0.205",Pylône autostable,"40,5m",PHOENIX FRANCE INFRASTRUCTURES,,SUP,,False,False
2464379,ORANGE,GSM 900,VOIE COMMUNALE DE BOIS-NEUF CHATEAU D'EAU RSMA 97232 LE LAMENTIN,97213,"14.6364,-61.0317",Château d'eau - réservoir,22m,"État, Ministère",2022-04-01,SUP,,False,False
2464520,FREE MOBILE,"LTE 2100, LTE 2600",ECHANGEUR DE CHATELLERAULT NORD (LES TRONCES) 86100 CHATELLERAULT,86066,"46.8414,0.5178",Pylône autostable,36m,TOTEM,,SUP,,False,True
2465067,FREE MOBILE,"LTE 700, LTE 1800, LTE 2600, 5G NR 3500",RUE DU PROFESSEUR MAURICE AUDI BASE DE LOISIRS DES GAYEULLES (BASE DE LOISIRS DES GAYEULLES) 35700 RENNES,35238,"48.1333,-1.6469",Pylône tubulaire,30m,TOTEM,2026-07-28,ALL,,False,True
2465548,ORANGE,GSM 900,1 CHE DE CASSELÈBRE CHÂTEAU D'EAU 31790 ST SAUVEUR,31516,"43.7425,1.4",Château d'eau - réservoir,42m,"Syndicat des eaux, Adduction",2011-12-15,SUP,,False,False
2465789,ORANGE,GSM 900, (LE CASTEL BIEL) 31320 REBIGUE,31448,"43.4897,1.4714",Pylône autostable,24m,ATC FRANCE,2022-10-11,SUP,,False,False
2465797,FREE MOBILE,"LTE 2100, LTE 2600",GOMMEE 07250 LE POUZIN,07181,"44.7583,4.7308",Pylône autostable,42m,HIVORY,,SUP,,False,False
2467606,SFR,LTE 700, (TERRE DE BRAS) 38460 ST HILAIRE DE BRENS,38392,"45.6828,5.2911",Pylône autostable,42m,HIVORY,,AJO,,False,False
2470787,FREE MOBILE,"LTE 700, LTE 900, LTE 1800, 5G NR 700",CHEMIN D ABRAHAM 07330 BARNAS,07025,"44.6633,4.1722",Pylône autostable,42m,HIVORY,2026-07-24,ALL,,False,True
2470787,FREE MOBILE,"LTE 2100, LTE 2600",CHEMIN D ABRAHAM 07330 BARNAS,07025,"44.6633,4.1722",Pylône autostable,42m,HIVORY,,SUP,,False,True
2470787,SFR,5G NR 2100,CHEMIN D ABRAHAM 07330 BARNAS,07025,"44.6633,4.1722",Pylône autostable,42m,HIVORY,2026-07-24,AJA,,False,False
2472857,FREE MOBILE,"LTE 2100, LTE 2600",CHEM DE CHAMPMILAN (BARBERY) 03500 BRANSAT,03038,"46.3239,3.2436",Pylône autostable,25m,TOTEM,,SUP,,False,False
2473878,SFR,"LTE 700, 5G NR 2100",1 COL DE LA SAVINE N5 39400 MORBIER,39367,"46.5642,6.0039",Pylône autostable,42m,HIVORY,,AJO,,False,False
2475016,ORANGE,5G NR 2100,CHE RURAL DIT DE LA GRÈVE (LES PIÈCES DE CRAMEUIL) 79000 BESSINES,79034,"46.2811,-0.5019",Pylône autostable,30m,TDF,2026-07-07,ALL,,False,False
2477199,BOUYGUES TELECOM,"GSM 900, UMTS 900",14 R CLAVEL 75019 PARIS 19,75119,"48.8756,2.3842",Immeuble,"34,1m","Copropriété, Syndic, SCI",,SUP,,False,False
2477903,SFR,"LTE 700, 5G NR 2100",1 RUE DU CHÊNE 39270 DOMPIERRE SUR MONT,39200,"46.5578,5.6006",Pylône autostable,42m,HIVORY,,AJO,,False,False
2477926,SFR,LTE 1800, (WALDBRUDERRAIN) 67530 BOERSCH,67052,"48.4706,7.4025",Pylône autostable,42m,SFR,,AJO,,True,False
2478677,ORANGE,GSM 900,98 AVENUE DE GAVARNIE 31240 L UNION,31561,"43.6525,1.4942",Pylône autostable,30m,CELLNEX,2022-04-10,SUP,,False,False
2479079,FREE MOBILE,"LTE 2100, LTE 2600",CHEMIN D'EXPLOITATION N° 211 PRÈS D 31 (LA CROIX SAINT GRATIEN) 50530 BACILLY,50027,"48.6969,-1.4303",Pylône autostable,30m,ATC FRANCE,,SUP,,False,False
2479950,FREE MOBILE,LTE 2100, (VOIE DE BAYARD) 55170 JUVIGNY EN PERTHOIS,55261,"48.5964,5.1514",Pylône autostable,24m,ATC FRANCE,,SUP,,False,False
248102,ORANGE,GSM 900,CHÂTEAU D EAU (A LABARTHETE/RD 287) 32380 ST CLAR,32370,"43.8906,0.7553",Château d'eau - réservoir,30m,"Commune, communauté de communes",2002-02-08,SUP,,False,False
2481058,SFR,5G NR 2100,CHEM COMMUNAL DE LA RUE DE L EGLISE (LES CORTENNES) 71440 SAVIGNY SUR SEILLE,71508,"46.6217,5.1147",Pylône autostable,"36,1m",SFR,,AJO,,False,False
2481925,FREE MOBILE,LTE 2100,LA GUILLOTERIE 37290 TOURNON ST PIERRE,37259,"46.7533,0.9517",Pylône autostable,"32,3m",PHOENIX FRANCE INFRASTRUCTURES,,SUP,,False,False
2482165,BOUYGUES TELECOM,"LTE 700, LTE 2100",RUE JEAN MOULIN D930 (PERES) 32410 AYGUETINTE,32024,"43.8431,0.4156",Pylône autostable,"32,5m",HIVORY,2026-07-15,ALL,,False,False
2482165,SFR,5G NR 2100,RUE JEAN MOULIN D930 (PERES) 32410 AYGUETINTE,32024,"43.8431,0.4156",Pylône autostable,"32,5m",HIVORY,2026-07-24,AJA,,False,False
2482497,FREE MOBILE,"LTE 2100, LTE 2600",350 CHEMIN DE BEAULIEU 26300 CHATEAUNEUF SUR ISERE,26084,"45.0208,5.0083",Pylône autostable,24m,TOTEM,,SUP,,False,False
2482497,ORANGE,"5G NR 700, 5G NR 3500",350 CHEMIN DE BEAULIEU 26300 CHATEAUNEUF SUR ISERE,26084,"45.0208,5.0083",Pylône autostable,24m,TOTEM,2026-06-22,ART,,False,False
2483411,TELCO OI,"LTE 2100, LTE 2600",CHEMIN DU PITON DES GOYAVES (MONT-VERT LES-HAUTS) 97429 PETITE ILE,97405,"-21.3206,55.5578",Mât béton,16m,Telco OI,2026-06-09,ART,,False,False
2486319,ORANGE,5G NR 2100,RD 318 ROUTE DE LA BARDE (LA GRANDE PIÈCE) 16500 LESSAC,16181,"46.0639,0.6606",Pylône autostable,24m,ATC FRANCE,2026-06-22,ART,,False,False
2487267,BOUYGUES TELECOM,LTE 700,ROUTE DE L'OLME 07340 FELINES,07089,"45.3161,4.7408",Pylône autostable,"26,7m",PHOENIX FRANCE INFRASTRUCTURES,2026-07-30,ALL,,False,False
2487851,FREE MOBILE,"LTE 2100, LTE 2600",PRÈS DE LA RUE DE LA FONTAINE (LA FAISSE) 43450 TORSIAC,43247,"45.3411,3.1994",Pylône autostable,"44,3m",HIVORY,,SUP,,False,True
2490305,FREE MOBILE,LTE 2100,980 ROUTE DE SAINT-CRICQ D123 (BRIDES) 40300 SORDE L ABBAYE,40306,"43.5381,-1.0656",Pylône autostable,39m,TOTEM,,SUP,,False,False
2492217,FREE MOBILE,"LTE 2100, LTE 2600",ROUTE DE CONFOLENS (D30) 16490 HIESSE,16164,"46.0514,0.5969",Pylône autostable,"38,3m",HIVORY,,SUP,,False,False
2493618,BOUYGUES TELECOM,LTE 1800, (CAMP DE COULOP) 34190 MOULES ET BAUCELS,34174,"43.9475,3.7583",Pylône autostable,"32,9m",BOUYGUES,2026-06-29,ART,,False,False
2493618,SFR,"LTE 700, LTE 1800", (CAMP DE COULOP) 34190 MOULES ET BAUCELS,34174,"43.9475,3.7583",Pylône autostable,"32,9m",BOUYGUES,2026-07-08,ALL,,False,False
2493618,SFR,5G NR 2100, (CAMP DE COULOP) 34190 MOULES ET BAUCELS,34174,"43.9475,3.7583",Pylône autostable,"32,9m",BOUYGUES,2026-07-01,ART,,False,False
2493626,FREE MOBILE,LTE 2100,LA GANNERIE 37350 BARROU,37019,"46.8892,0.7608",Pylône autostable,"38,3m",PHOENIX FRANCE INFRASTRUCTURES,,SUP,,False,False
2493639,BOUYGUES TELECOM,"LTE 700, LTE 1800, LTE 2100, 5G NR 2100",ROUTE DE LA BAUME (LA VALLEE) 12230 LAPANOUSE DE CERNON,12122,"44.0142,3.1131",Pylône autostable,"26,3m",PHOENIX FRANCE INFRASTRUCTURES,,AJO,,False,False
2493639,SFR,"LTE 700, LTE 1800, LTE 2100, 5G NR 2100",ROUTE DE LA BAUME (LA VALLEE) 12230 LAPANOUSE DE CERNON,12122,"44.0142,3.1131",Pylône autostable,"26,3m",PHOENIX FRANCE INFRASTRUCTURES,,AJO,,False,False
2496613,ORANGE,5G NR 2100,11 RUE DE BEAUMETZ (LA SOLE DE LA QUERNOY) 62124 VELU,62840,"50.1106,2.9772",Pylône autostable,"32,6m",TDF,2026-07-09,ALL,,False,False
2499415,FREE MOBILE,"LTE 2100, 5G NR 700",D994 (LA GARENNE) 05700 LA BATIE MONTSALEON,05016,"44.4606,5.7342",Pylône autostable,33m,ON TOWER FRANCE,2026-07-24,ALL,,False,False
2499454,FREE MOBILE,"LTE 2100, LTE 2600",RD N°55 DE CARENTOIR À LANGON (LA COINTAIS) 35660 LANGON,35145,"47.7192,-1.8928",Pylône autostable,30m,TOTEM,,SUP,,False,True
2506798,FREE MOBILE,LTE 2100,RUE DU POINT DU JOUR (LA TERRIERE) 02640 TUGNY ET PONT,02752,"49.7636,3.1594",Pylône autostable,44m,HIVORY,,SUP,,False,False
2509719,SFR,"UMTS 900, LTE 800, LTE 1800, LTE 2100", (CHEMIN DE LASSERRE) 31510 SEILHAN,31542,"43.0506,0.5836",Pylône autostable,43m,HIVORY,,SUP,,False,True
2510840,BOUYGUES TELECOM,"LTE 700, LTE 2100",D730 (TIRRIER DE BEAUMORE) 17120 MORTAGNE SUR GIRONDE,17248,"45.5158,-0.7558",Pylône autostable,32m,HIVORY,2026-07-15,AJA,,False,False
2510840,SFR,LTE 700,D730 (TIRRIER DE BEAUMORE) 17120 MORTAGNE SUR GIRONDE,17248,"45.5158,-0.7558",Pylône autostable,32m,HIVORY,2026-07-21,ALL,,False,False
2511095,Gouv Nelle Calédonie (OPT),LTE 2100,33 PROMENADE ROGER LAROQUE (CASA DEL SOLE) 98800 NOUMEA,98818,"-22.3011,166.4389",Immeuble,51m,Office des Postes et Télécom,2025-11-14,ART,,False,False
2512588,ORANGE,"LTE 2100, 5G NR 700, 5G NR 3500",D 906 PARCELLE MERE ZH 8  NOUVELLE PARCELLE ZH 107 (LE PLESSIS BRETON) 49340 VEZINS,49371,"47.1286,-0.7156",Pylône autostable,30m,TOTEM,,AJO,,False,False
2512588,ORANGE,LTE 700,D 906 PARCELLE MERE ZH 8  NOUVELLE PARCELLE ZH 107 (LE PLESSIS BRETON) 49340 VEZINS,49371,"47.1286,-0.7156",Pylône autostable,30m,TOTEM,2021-09-29,SUP,,False,False
2512731,BOUYGUES TELECOM,5G NR 3500,2 AVENUE FRACHON QUALYS HOTEL 92000 NANTERRE,92050,"48.8967,2.1956",Immeuble,29m,Société Privée,,AJO,,False,False
2513355,ORANGE,GSM 900, (LESPIET) 32350 BARRAN,32029,"43.6144,0.4461",Pylône autostable,30m,ATC FRANCE,2020-06-08,SUP,,True,False
2514021,ORANGE,"LTE 700, LTE 2600, 5G NR 2100",ROUTE DE D31 VERS PETIT PARIS (LA COSTE) 24260 LE BUGUE,24067,"44.9256,0.9478",Pylône autostable,45m,ORANGE,,AJO,,False,False
2514021,ORANGE,"LTE 2100, 5G NR 700",ROUTE DE D31 VERS PETIT PARIS (LA COSTE) 24260 LE BUGUE,24067,"44.9256,0.9478",Pylône autostable,45m,ORANGE,2025-11-18,SUP,,False,False
2514117,FREE MOBILE,"LTE 2100, LTE 2600",LIGNE 63KV (LAUGAREL) 56220 ST JACUT LES PINS,56221,"47.6767,-2.1686",Pylône autostable,40m,ATC FRANCE,,SUP,,False,False
2515438,ORANGE,5G NR 2100,RUE DE LA BRIQUETERIE D12 STADE 76680 CRITOT,76200,"49.6058,1.2428",Pylône autostable,36m,ATC FRANCE,,AJO,,False,False
2515442,ORANGE,"LTE 800, LTE 1800, LTE 2100, LTE 2600, 5G NR 700, 5G NR 3500",3 RUE FERDINAND BUISSON 95190 GOUSSAINVILLE,95280,"49.0303,2.4761",Château d'eau - réservoir,38m,Société Privée,,AJO,,False,True
2515563,SFR,LTE 700,CHEMIN DE LA CHANOURDIE 19270 USSAC,19274,"45.1833,1.4819",Pylône autostable,44m,HIVORY,,AJO,,False,False
2521469,SFR,LTE 700, (LE BOIS DES CHASES) 07340 ST ETIENNE DE VALOUX,07234,"45.2369,4.7828",Pylône autostable,"42,1m",SFR,2026-07-24,AJA,,False,False
2522180,ORANGE,GSM 900,TUNNEL DE FOIX / TÊTE SUD (LA GRAOUSSE) 09000 FOIX,09122,"42.9558,1.6247",Pylône autostable,"41,2m",TDF,2021-12-29,SUP,,True,False
2522554,ORANGE,5G NR 2100,IMPASSE DES MASSOTTES (LA CROIX BLANCHE OUEST) 39700 ROCHEFORT SUR NENON,39462,"47.1264,5.5553",Pylône autostable,38m,TDF,,AJO,,False,False
2522558,SFR,GSM 900,16 RUE VICTOR HUGO 94220 CHARENTON LE PONT,94018,"48.8194,2.4122",Immeuble,51m,Société Privée,2022-06-13,SUP,,False,False
2522978,ORANGE,"LTE 1800, 5G NR 2100",PONT D ALIÈS 11140 AXAT,11021,"42.8119,2.2397",Pylône autostable,39m,ATC FRANCE,2026-06-23,ART,,False,False
2523723,ORANGE,"GSM 900, UMTS 900, LTE 800, LTE 1800, LTE 2100, LTE 2600",8 RUE JEAN-JACQUES VERNAZZA SERVICES DES SPORTS 13016 MARSEILLE 16,13216,"43.3608,5.3233",Pylône tubulaire,13m,TOTEM,2022-03-23,SUP,,False,False
2526296,ORANGE,"LTE 2100, 5G NR 700, 5G NR 3500",ROUTE DE LA DISTILLERIE 45230 STE GENEVIEVE DES BOIS,45278,"47.8222,2.8342",Pylône autostable,"32,6m",TDF,,AJO,,False,False
2526296,ORANGE,LTE 700,ROUTE DE LA DISTILLERIE 45230 STE GENEVIEVE DES BOIS,45278,"47.8222,2.8342",Pylône autostable,"32,6m",TDF,2022-07-07,SUP,,False,False
2526421,FREE MOBILE,LTE 2100, (LA GAROUSELLE) 11170 MOUSSOULENS,11259,"43.2853,2.2306",Pylône autostable,33m,TOTEM,,SUP,,False,False
2526428,ORANGE,5G NR 2100,RUE DE SENS D58 (LE TUREAU) 89140 VILLEPERROT,89465,"48.2547,3.2375",Pylône autostable,39m,TDF,,AJO,,False,False
2526506,ORANGE,5G NR 2100,LE CLOCHER D606 D196 (LES JAMIS) 89140 VILLEMANOCHE,89456,"48.3069,3.1817",Pylône autostable,32m,TDF,,AJO,,False,False
2527762,BOUYGUES TELECOM,LTE 700,A71 LA VERGNE (LES PETTES BEAUX) 18340 ST GERMAIN DES BOIS,18212,"46.8953,2.4183",Pylône autostable,30m,BOUYGUES,2026-08-03,AAV,,False,False
2527762,FREE MOBILE,LTE 2100,A71 LA VERGNE (LES PETTES BEAUX) 18340 ST GERMAIN DES BOIS,18212,"46.8953,2.4183",Pylône autostable,30m,BOUYGUES,,SUP,,False,False
2527762,SFR,"LTE 700, LTE 1800, LTE 2100, 5G NR 2100",A71 LA VERGNE (LES PETTES BEAUX) 18340 ST GERMAIN DES BOIS,18212,"46.8953,2.4183",Pylône autostable,30m,BOUYGUES,,AJO,,False,False
2527766,SFR,"LTE 700, LTE 1800, LTE 2100, 5G NR 2100",CHEM DES MARAIS 18390 SAVIGNY EN SEPTAINE,18247,"47.0417,2.5614",Pylône autostable,"30,1m",BOUYGUES,,AJO,,False,False
2528725,BOUYGUES TELECOM,LTE 2100,RUE DE LA FORET 17500 CLAM,17108,"45.4894,-0.4567",Pylône autostable,"38,9m",HIVORY,2026-07-18,ALL,,False,False
2528767,ORANGE,GSM 900,ALLÉE DES SCIENCES APPLIQUÉES ADM 135 AVENUE DE RANGUEIL 31500 TOULOUSE,31555,"43.5736,1.4667",Pylône autostable,24m,ATC FRANCE,2022-06-13,SUP,,False,False
2529898,FREE MOBILE,"UMTS 900, UMTS 2100",127 AVENUE VICTOR HUGO (METRO_AIME CESAIRE_L12) 93300 AUBERVILLIERS,93001,"48.9083,2.3781",Intérieur sous-terrain,0m,RATP,2026-06-30,SUP,,False,False
2531537,BOUYGUES TELECOM,UMTS 900,12 R DU GENERAL DE MAUD'HUY 75014 PARIS 14,75114,"48.8242,2.3161",Immeuble,26m,Société HLM,2024-09-11,SUP,,False,False
2531758,BOUYGUES TELECOM,"LTE 700, LTE 1800, LTE 2100, 5G NR 2100",LA LANDE CHALUBOT DEPARTEMENTALE 306 (LA CROIX MARIE) 72800 THOREE LES PINS,72357,"47.6878,0.0225",Pylône autostable,"38,6m",PHOENIX FRANCE INFRASTRUCTURES,,AJO,,False,False
2534704,ORANGE,5G NR 2100,CHEMIN RURAL N°30 PROCHE VOIE DE CHEMIN DE FER DE PARIS À BREST LA PETITE CAVE (LA RUETTE) 28300 AMILLY,28006,"48.4369,1.4039",Pylône autostable,"24,1m",TOTEM,2026-07-02,ALL,,False,False
2535349,SFR,GSM 900,50 QUAI VENDEUVRE 14000 CAEN,14118,"49.1817,-0.3536",Bâtiment,26m,BOUYGUES,2022-03-04,SUP,,False,False
2535631,FREE MOBILE,"LTE 2100, LTE 2600",ROUTE DE KERNOUN PENN AR MENEZ (LEZOULIEN) 29770 GOULIEN,29063,"48.0622,-4.5969",Pylône autostable,30m,ATC FRANCE,,SUP,,False,False
2535873,FREE MOBILE,LTE 2100, (PUJOLO) 20151 CANNELLE,2A060,"42.0514,8.8189",Pylône autostable,36m,SFR,,SUP,,False,False
2536190,ORANGE,5G NR 700,LA VOIE GUILLEMETTE (CHEMIN RURAL DIT D'ARLEUX) 62580 NEUVIREUIL,62612,"50.3528,2.9028",Pylône autostable,36m,ATC FRANCE,2026-08-06,AAV,,False,False
2536215,FREE MOBILE,"LTE 700, LTE 900, LTE 1800, 5G NR 700, 5G NR 3500",17 BELLEVUE PRÈS D768 TALVA (LE FOUGERAY) 22130 CREHEN,22049,"48.5458,-2.2036",Pylône autostable,24m,TOTEM,2026-07-24,ALL,,False,True
2536233,ORANGE,"LTE 2100, 5G NR 3500","3 ROUTE D ACHEVILLE, D33 D919 D33 D919 62580 FRESNOY EN GOHELLE",62358,"50.3708,2.8881",Pylône autostable,43m,ATC FRANCE,2026-07-01,ART,,False,False
2537301,FREE MOBILE,LTE 2100,16 RUE JEAN BRENAS 43000 LE PUY EN VELAY,43157,"45.0114,3.9011",Pylône autostable,"38,4m",SFR,,SUP,,False,False
2537608,FREE MOBILE,"LTE 2100, LTE 2600",RUE DU STADE D82 (LE GRAND PRE) 18240 BELLEVILLE SUR LOIRE,18026,"47.5025,2.8442",Pylône tubulaire,35m,ATC FRANCE,,SUP,,False,True
2537616,ORANGE,5G NR 2100,LA CHAUMIERE D20 (PRE DU BUET) 35440 FEINS,35110,"48.3264,-1.6308",Pylône autostable,36m,TDF,,AJO,,False,False
2537623,BOUYGUES TELECOM,UMTS 900,CHEMIN RURAL DE GAUDRY N10 33240 GAURIAGUET,33183,"45.0586,-0.3967",Pylône autostable,30m,TOTEM,,SUP,,False,False
2537635,ORANGE,5G NR 2100,CHEMIN DE LA PLAINE LES COUDRAIS (LES TROIS MOULINS) 85200 SERIGNE,85281,"46.4978,-0.8544",Pylône autostable,32m,ATC FRANCE,2026-07-21,ALL,,False,False
2538183,FREE MOBILE,LTE 2100,15  ROUTE DU PETIT BREUIL 23100 LA COURTINE,23067,"45.7169,2.2444",Pylône autostable,33m,BOUYGUES,,SUP,,False,False
2542815,FREE MOBILE,"LTE 2100, LTE 2600", (LA PREE) 85700 ST MESMIN,85254,"46.7992,-0.7264",Pylône autostable,"40,5m",FREE-MOBILE,,SUP,,False,False
2543912,FREE MOBILE,"LTE 2100, LTE 2600",VOIE COMMUNALE N°35 DITE DU MOULIN DE LONGUE ROCHE LA LONGUE ROCHE (LES BAS CHAMPS) 22240 PLURIEN,22242,"48.6186,-2.4072",Pylône autostable,30m,ATC FRANCE,,SUP,,False,False
2544557,FREE MOBILE,"LTE 700, LTE 900, 5G NR 700",RUE SAINT-PIERRE (LA GARE DE MONTEBOURG) 50310 LE HAM,50227,"49.4603,-1.4067",Pylône autostable,30m,TOTEM,2026-07-07,ALL,,False,False
254506,ONATI,"LTE 1800, 5G NR 3500",COMPLEXE SPORTIF DRAGON RTE DU BAIN LOTI VALLE DE TITIORO (TITIORO) 98714 PAPEETE,98735,"-17.5542,-149.5478",Mât métallique,22m,Onati,,AJO,,False,False
2545288,ORANGE,5G NR 2100, (LE CAIRE) 15400 CHEYLADE,15049,"45.2472,2.7422",Pylône autostable,"42,2m",HIVORY,2026-06-15,ART,,False,False
2547162,BOUYGUES TELECOM,"LTE 700, LTE 2100",ROICHEFONT ET LES TERRIERS D16 (CHEZ TRAPE) 16380 MARTHON,16211,"45.6225,0.4456",Pylône autostable,42m,SFR,2026-07-15,ALL,,False,False
2547174,ORANGE,GSM 900,CHEM RURAL PRÈS A.62 - SENS TOULOUSE-BORDEAUX (MAZÈRES ) 47130 BRUCH,47041,"44.2142,0.3986",Pylône autostable,36m,TOTEM,1997-12-26,SUP,,False,False
2547578,SFR,LTE 700,DRAYE DU PERTUIS (LES TOUCHES) 38220 LAFFREY,38203,"45.0394,5.755",Pylône autostable,"42,1m",HIVORY,2026-07-27,AJA,,False,False
2550786,ORANGE,5G NR 2100,D 28A (VILCEY) 54470 SEICHEPREY,54499,"48.8689,5.8033",Pylône autostable,35m,TDF,2026-06-22,ART,,False,False
2550860,SFR,"LTE 700, LTE 800, LTE 1800, LTE 2100, LTE 2600, 5G NR 3500",ROUTE D HEYRIEUX D318 A46 69780 MIONS,69283,"45.6761,4.9681",Pylône autostable,30m,CELLNEX,2026-07-06,ALL,,False,True
2552884,FREE MOBILE,LTE 2100, (LA REJAILLIERE) 42480 LA FOUILLOUSE,42097,"45.5081,4.3014",Pylône autostable,37m,PHOENIX FRANCE INFRASTRUCTURES,,SUP,,False,False
2553057,FREE MOBILE,"LTE 2100, LTE 2600",RUE DES COMMANDERIES (SAGNE DE BOIS) 03380 LAMAIDS,03136,"46.3067,2.4314",Pylône autostable,"26,3m",PHOENIX FRANCE INFRASTRUCTURES,,SUP,,False,True
2559206,ORANGE,GSM 900,STATION D'ÉPURATION (BOURNEAU) 47160 BUZET SUR BAISE,47043,"44.2631,0.2956",Pylône autostable,51m,TOTEM,1994-04-01,SUP,,False,False
2559724,SFR,"GSM 900, UMTS 900, LTE 700, LTE 800, LTE 1800, LTE 2100, LTE 2600, 5G NR 3500",3 RUELLE DU PORT NEUF 64100 BAYONNE,64102,"43.4919,-1.4756",Bâtiment,"21,5m","Commune, communauté de communes",,SUP,,False,True
2560825,FREE MOBILE,"LTE 2100, LTE 2600",ROUTE DE SEILLIERES (PIERRE BLANCHE) 01340 MALAFRETAZ,01229,"46.3197,5.1356",Pylône autostable,"38,2m",PHOENIX FRANCE INFRASTRUCTURES,,SUP,,False,True
2560913,FREE MOBILE,LTE 2100,CHEMIN RURAL N°5 DE MORGNY À PIERREVAL RUE DE LA BRIQUETERIE 76750 MORGNY LA POMMERAYE,76453,"49.515,1.2564",Pylône autostable,30m,ATC FRANCE,,SUP,,False,False
2561830,BOUYGUES TELECOM,"LTE 1800, LTE 2600",R VICTOR BASCH 91300 MASSY,91377,"48.7286,2.2719",Pylône autostable,"31,9m",CELLNEX,2026-07-02,ALL,,False,False
2561830,BOUYGUES TELECOM,5G NR 2100,R VICTOR BASCH 91300 MASSY,91377,"48.7286,2.2719",Pylône autostable,"31,9m",CELLNEX,2026-06-26,ART,,False,False
2563341,ORANGE,"5G NR 700, 5G NR 3500",BAS FRAICHE DE LA BOTTIÈRE D756 (LA BOULAIE) 49750 CHEMILLE EN ANJOU,49092,"47.1836,-0.6864",Pylône autostable,32m,TDF,,AJO,,False,False
2563341,ORANGE,LTE 700,BAS FRAICHE DE LA BOTTIÈRE D756 (LA BOULAIE) 49750 CHEMILLE EN ANJOU,49092,"47.1836,-0.6864",Pylône autostable,32m,TDF,2021-11-15,SUP,,False,False
2563357,ORANGE,5G NR 2100,LA VIEILLE NOUILLERE 72300 VION,72378,"47.7997,-0.2925",Pylône autostable,32m,TDF,2026-07-02,ALL,,False,False
2564358,ORANGE,5G NR 700,RUE WALDECK ROUSSEAU D118 D114 (MALVAU) 59277 RIEUX EN CAMBRESIS,59502,"50.2058,3.3531",Pylône tubulaire,26m,ORANGE,2026-07-28,ALL,,False,False
2564382,FREE MOBILE,"LTE 2100, LTE 2600",LES PIECES A PRIEUR 79170 LUSSERAY,79160,"46.1403,-0.1614",Pylône autostable,"31,3m",BOUYGUES,,SUP,,False,True
2566147,SFR,"LTE 700, LTE 1800, 5G NR 2100", (LA PIGEONNIERE) 41120 CHAILLES,41032,"47.5289,1.3047",Pylône tubulaire,"32,5m",PHOENIX FRANCE INFRASTRUCTURES,2026-07-01,ART,,False,False
2566696,BOUYGUES TELECOM,LTE 1800,A89 (BARDEJOIS) 19250 MEYMAC,19136,"45.5014,2.1844",Pylône autostable,"44,9m",HIVORY,2026-07-25,ALL,,False,False
2567297,FREE MOBILE,"LTE 2100, LTE 2600",6 RUE DES PAGERIES 14500 VIRE NORMANDIE,14762,"48.7978,-0.9008",Pylône autostable,"20,3m",BOUYGUES,,SUP,,False,True
2567409,BOUYGUES TELECOM,GSM 1800,1 R NUNGESSER ET COLI D902 D116E 93110 ROSNY SOUS BOIS,93064,"48.88,2.4919",Immeuble,48m,Société HLM,2014-02-06,SUP,,False,False
2570014,ORANGE,5G NR 3500,6 RUE DES MARNAUDES 93380 ST DENIS,93066,"48.9408,2.3842",Immeuble,36m,Société HLM,2026-07-15,ALL,,False,False
2577887,FREE MOBILE,LTE 2100, (BRUYÈRES DES VALLÉES) 78113 ADAINVILLE,78006,"48.7139,1.6503",Pylône autostable,47m,SFR,,SUP,,False,False
2582346,FREE MOBILE,LTE 2100,LE CROEZOU VIEILLE ROUTE DE QUIMPER 29180 PLOGONNEC,29169,"48.0553,-4.1564",Pylône autostable,"26,7m",PHOENIX FRANCE INFRASTRUCTURES,,SUP,,False,False
2582358,SFR,"LTE 700, LTE 1800, LTE 2100, 5G NR 2100",D743 (LES PIERRIÈRES) 79310 MAZIERES EN GATINE,79172,"46.5142,-0.3306",Pylône autostable,26m,PHOENIX FRANCE INFRASTRUCTURES,,AJO,,True,False
2582868,ORANGE,GSM 900,CHEM DE MONT CALBECH - SOULEILLA (MONT CALBECH) 09290 LE MAS D AZIL,09181,"43.0911,1.3453",Pylône autostable,30m,TOTEM,2010-11-08,SUP,,False,False
2582894,ORANGE,5G NR 700,5 LA PASQUERIE RUE DES SPORTS 50750 BOURGVALLEES,50546,"49.0464,-1.1244",Pylône tubulaire,24m,ATC FRANCE,2026-07-24,ALL,,False,False
2583926,FREE MOBILE,"LTE 2100, LTE 2600",ROUTE DE GLENIC (LES PEUX) 23380 AJAIN,23002,"46.2106,1.9872",Pylône autostable,"30,3m",PHOENIX FRANCE INFRASTRUCTURES,,SUP,,False,False
2584386,BOUYGUES TELECOM,LTE 1800,LA CROIX DES LANDES TORTEV 00404 ERR CONV INSEE,14011,"49.1372,-0.7075",Pylône autostable,45m,BOUYGUES,,AJO,,True,False
2586939,ORANGE,,IMPASSE CLÉMENT GUMBS (LA SAVANE) 97150 ST MARTIN,97801,"18.0903,-63.0681",Pylône autostable,"11,6m",ORANGE,2026-05-15,CHT,Dalle en béton,False,False
2587623,ORANGE,5G NR 2100,RUE DE LA REPUBLIQUE N158 D658 D41 (LES LONGRAIS) 14540 CASTINE EN PLAINE,14538,"49.0936,-0.3106",Pylône autostable,38m,TDF,,AJO,,False,False
2591621,FREE MOBILE,"LTE 2100, LTE 2600",LE GRAND ASSELIN 50270 SORTOSVILLE EN BEAUMONT,50577,"49.4322,-1.6858",Pylône autostable,"40,5m",FREE-MOBILE,,SUP,,False,True
2595650,FREE MOBILE,LTE 2100,1 IMP BIHAN IMPASSE DIVELEN 56450 LE HEZO,56084,"47.5867,-2.6914",Pylône tubulaire,"31,5m",PHOENIX FRANCE INFRASTRUCTURES,,SUP,,False,False
2595790,FREE MOBILE,LTE 2100,LA BANDE JINCIEN 56220 PLUHERLIN,56171,"47.7144,-2.3842",Pylône autostable,38m,PHOENIX FRANCE INFRASTRUCTURES,,SUP,,False,False
2597381,FREE MOBILE,"LTE 700, LTE 900, LTE 1800, 5G NR 700",7 R DES FORGES 53440 ARON,53008,"48.2953,-0.5597",Pylône autostable,"23,4m",PHOENIX FRANCE INFRASTRUCTURES,,AJO,,False,True
2598069,ORANGE,5G NR 700,LE VINGT UN (ROUTE DU VINGT UN) 38510 VEZERONCE CURTIN,38543,"45.6386,5.4897",Pylône autostable,35m,ORANGE,2026-07-10,ALL,,False,False
2598076,ORANGE,5G NR 2100,ROUTE DES GRANDS CHAMPS QUARTIER MOTHES (CHANTEAU) 40160 YCHOUX,40332,"44.35,-0.9433",Pylône autostable,36m,ORANGE,2026-06-24,ART,,False,False
2598473,SFR,LTE 700, (LA VERNEAU) 39700 EVANS,39219,"47.1911,5.7517",Pylône autostable,"42,1m",SFR,2026-07-27,AJA,,False,False
2598583,ORANGE,5G NR 2100, (TUYAS) 40160 YCHOUX,40332,"44.2839,-0.9361",Pylône autostable,30m,ORANGE,,AJO,,False,False
2599562,FREE MOBILE,LTE 2100,RUE DE LA GRÉVIÈRE 02650 MEZY MOULINS,02484,"49.0664,3.4989",Pylône autostable,38m,ORANGE,,SUP,,False,False
2603842,FREE MOBILE,LTE 2100,HAMEAU DAMPONT (LA MARTINIÈRE) 76480 STE MARGUERITE SUR DUCLAIR,76608,"49.5272,0.8139",Pylône autostable,39m,ORANGE,,SUP,,False,False
2604477,SFR,"LTE 700, LTE 1800, LTE 2100, 5G NR 2100",ACCÈS PAR ROUTE D'ANJOUIN (LES SAPINS) 18310 GENOUILLY,18100,"47.1933,1.8703",Pylône autostable,36m,BOUYGUES,,AJO,,False,False
2605350,ORANGE,5G NR 700,44 AVENUE SAINT EXUPÉRY 31500 TOULOUSE,31555,"43.5861,1.4644",Immeuble,"23,1m",Particulier,2026-07-06,AJA,,False,False
2605350,ORANGE,LTE 700,44 AVENUE SAINT EXUPÉRY 31500 TOULOUSE,31555,"43.5861,1.4644",Immeuble,"23,1m",Particulier,2024-12-23,SUP,,False,False
2605913,SFR,LTE 700, (LA COIGNEE) 60480 PUITS LA VALLEE,60518,"49.5889,2.1922",Pylône autostable,42m,HIVORY,2026-07-24,AJA,,False,False
2606671,FREE MOBILE,"LTE 2100, LTE 2600",ROUTE DU CAPON 33550 HAUX,33201,"44.7361,-0.3906",Pylône autostable,26m,FREE-MOBILE,,SUP,,False,True
2610231,FREE MOBILE,"LTE 2100, LTE 2600",10 LE PETIT EPINAY (LE PETIT EPINAY) 35500 ERBREE,35105,"48.1214,-1.1503",Pylône autostable,30m,ATC FRANCE,,SUP,,False,False
2610235,ORANGE,5G NR 2100, (PETITS MONTS) 38440 ST JEAN DE BOURNAY,38399,"45.4758,5.1578",Pylône autostable,30m,ORANGE,2026-06-16,ART,,False,False
2610269,ORANGE,5G NR 2100, (RUE LA BRUYÈRE) 50410 MONTBRAY,50338,"48.8919,-1.1236",Pylône autostable,45m,ORANGE Services Fixes,,AJO,,False,False
2610978,SFR,"LTE 2600, 5G NR 3500",LA LANDE (LA LANDE) 50710 CREANCES,50151,"49.2006,-1.5358",Pylône autostable,"46,5m",PHOENIX FRANCE INFRASTRUCTURES,2026-07-08,ALL,,False,False
2612672,FREE MOBILE,"LTE 2100, LTE 2600",LES MILLARDS (LA NOË MENNAIS) 56800 LOYAT,56122,"47.9864,-2.3939",Pylône autostable,"38,6m",PHOENIX FRANCE INFRASTRUCTURES,,SUP,,False,False
2614441,ORANGE,5G NR 2100,VC N°455 (LA SAPINIÈRE DE LA TOUCHE) 72110 TORCE EN VALLEE,72359,"48.1303,0.4061",Pylône autostable,43m,ORANGE,2026-07-21,ALL,,False,False
2616466,BOUYGUES TELECOM,"UMTS 900, LTE 700, LTE 800",RUE DU BERVAL 60123 BONNEUIL EN VALOIS,60083,"49.2828,2.9867",Pylône autostable,30m,SFR,2026-07-29,ALL,,True,True
2616706,BOUYGUES TELECOM,LTE 700,D140 (LA HAIE) 56190 LAUZACH,56109,"47.6061,-2.5511",Pylône autostable,32m,BOUYGUES,,AJO,,False,False
2616749,SFR,"LTE 700, LTE 1800, LTE 2100, 5G NR 2100",LERAUD D122 56420 CRUGUEL,56051,"47.8828,-2.5808",Pylône autostable,32m,PHOENIX FRANCE INFRASTRUCTURES,,AJO,,False,False
2617399,ORANGE,"LTE 2100, 5G NR 700, 5G NR 3500",RUE DE LA GARE DÉCHETTERIE 08140 POURU ST REMY,08343,"49.6733,5.0825",Pylône autostable,30m,ATC FRANCE,,AJO,,False,False
2617399,ORANGE,LTE 700,RUE DE LA GARE DÉCHETTERIE 08140 POURU ST REMY,08343,"49.6733,5.0825",Pylône autostable,30m,ATC FRANCE,2019-10-29,SUP,,False,False
2618467,FREE MOBILE,"LTE 2100, LTE 2600",PARC DE ST DONAT D25 (LES BAGUIERS) 83120 STE MAXIME,83115,"43.3858,6.59",Pylône autostable,22m,TOTEM,,SUP,,False,True
2618843,FREE MOBILE,LTE 2100,ROUTE DE RAYMOND D15 18350 CORNUSSE,18072,"46.9561,2.7261",Pylône autostable,30m,ORANGE,,SUP,,False,False
2618879,SFR,GSM 900,161 BD JEAN-JAURÈS 83600 FREJUS,83061,"43.4336,6.7361",Immeuble,18m,"Copropriété, Syndic, SCI",1997-01-31,SUP,,False,False
2619863,SRR,GSM 900,RUE JEAN PIERRE VASSOR 97427 L ETANG SALE,97404,"-21.2756,55.3683",Bâtiment,13m,Société Réunionnaise de Radiotéléphonie,2022-04-08,ART,,False,False
2621275,ORANGE,"LTE 2100, 5G NR 700, 5G NR 3500",141 LA VIEILLE ROUTE 38150 BOUGE CHAMBALUD,38051,"45.3322,4.8903",Pylône autostable,24m,ORANGE,,AJO,,False,False
2621275,ORANGE,LTE 700,141 LA VIEILLE ROUTE 38150 BOUGE CHAMBALUD,38051,"45.3322,4.8903",Pylône autostable,24m,ORANGE,2024-08-16,SUP,,False,False
262190,ORANGE,"5G NR 700, 5G NR 3500",8 PARC DE BRUXEROLLES 86180 BUXEROLLES,86041,"46.5961,0.3444",Immeuble,24m,Société HLM,,AJO,,False,False
262190,ORANGE,LTE 700,8 PARC DE BRUXEROLLES 86180 BUXEROLLES,86041,"46.5961,0.3444",Immeuble,24m,Société HLM,,SUP,,False,False
2623111,ORANGE,5G NR 2100,LE GRAND BOIS 25660 LES MONTS RONDS,25375,"47.1606,6.0614",Pylône autostable,42m,SFR,,AJO,,False,False
2623232,ORANGE,5G NR 3500,AVENUE DE LA MARTELLE 81150 TERSSAC,81297,"43.9181,2.0772",Pylône autostable,37m,ON TOWER FRANCE,2026-06-26,ART,,False,False
2624046,ORANGE,5G NR 2100,PROCHE D751 (LA GODINIÈRE) 41150 RILLY SUR LOIRE,41189,"47.4597,1.1225",Pylône autostable,42m,ORANGE,,AJO,,False,False
2624521,ORANGE,GSM 900,CHEMIN DE PALANQUE (LA FOUGERE) 32110 LUPPE VIOLLES,32220,"43.7303,-0.1442",Pylône autostable,30m,TOTEM,1998-11-13,SUP,,False,False
2625070,FREE MOBILE,LTE 2100,ROUTE DE MATHONVILLE (MONT HALLEBOUT) 76440 MAUQUENCHY,76420,"49.5942,1.4381",Pylône autostable,30m,ATC FRANCE,,SUP,,False,False
2626032,BOUYGUES TELECOM,,LE LESNOT ROUTE LE LESNOT 56800 VAL D OUST,56197,"47.8756,-2.4058",Pylône autostable,"32,6m",PHOENIX FRANCE INFRASTRUCTURES,2023-10-25,CHA,LE LESNOT,False,False
2626032,SFR,,LE LESNOT ROUTE LE LESNOT 56800 VAL D OUST,56197,"47.8756,-2.4058",Pylône autostable,"32,6m",PHOENIX FRANCE INFRASTRUCTURES,2023-12-07,CHA,LE LESNOT,True,False
2626982,FREE MOBILE,LTE 2100,CHEMIN DE FOURQUES 11220 TALAIRAN,11386,"43.0406,2.6731",Pylône autostable,"24,5m",SFR,,SUP,,False,False
2627159,FREE MOBILE,LTE 2100,RUE DES BOISSIERES D922 (BOISSIERES) 15200 JALEYRAC,15079,"45.2469,2.355",Pylône autostable,"38,5m",FREE-MOBILE,,SUP,,False,False
2628518,FREE MOBILE,"LTE 2100, LTE 2600",LA PEGO (LE POT FENDU) 09100 ESCOSSE,09116,"43.1244,1.5564",Pylône autostable,36m,SFR,,SUP,,False,False
2628775,FREE MOBILE,LTE 2100,DECHETTERIE IMP ANDRE-MARIE AMPERE (ACTIPARC DE LA SABLONNIERE) 49220 LE LION D ANGERS,49176,"47.6392,-0.7044",Pylône autostable,26m,PHOENIX FRANCE INFRASTRUCTURES,,SUP,,False,False
2629888,BOUYGUES TELECOM,"5G NR 2100, 5G NR 3500",5 CHEMIN DU VERDON 31500 TOULOUSE,31555,"43.625,1.4789",Pylône tubulaire,"37,8m",CELLNEX,2026-07-30,ALL,,False,False
2629888,BOUYGUES TELECOM,"GSM 900, UMTS 900",5 CHEMIN DU VERDON 31500 TOULOUSE,31555,"43.625,1.4789",Pylône tubulaire,"37,8m",CELLNEX,,SUP,,False,False
2631290,FREE MOBILE,"LTE 2100, LTE 2600",CHEMIN DE LA TIRE A GYS RUISSEAU DE LA TIRE (LE PONT DE GYS) 74430 LE BIOT,74034,"46.2814,6.6217",Pylône tubulaire,36m,FREE-MOBILE,,SUP,,False,True
2632801,FREE MOBILE,LTE 2100,CHEMIN DES ANNELIERS (LES POINTIERES) 73720 QUEIGE,73211,"45.6919,6.4297",Pylône autostable,36m,TOTEM,,SUP,,False,False
2632801,ORANGE,5G NR 700,CHEMIN DES ANNELIERS (LES POINTIERES) 73720 QUEIGE,73211,"45.6919,6.4297",Pylône autostable,36m,TOTEM,2026-07-23,ALL,,False,False
2633666,FREE MOBILE,"LTE 2100, LTE 2600",2 CHEMIN DU BOIS SOLEIL (LE MOULIN NEUF) 85270 ST HILAIRE DE RIEZ,85226,"46.7828,-1.9697",Pylône autostable,39m,PHOENIX FRANCE INFRASTRUCTURES,,SUP,,False,False
2633689,FREE MOBILE,"LTE 2100, LTE 2600",RUE DU PAVÉ STATION EPURATION (GRENELLE) 49400 ROU MARSON,49262,"47.2408,-0.1411",Pylône autostable,32m,PHOENIX FRANCE INFRASTRUCTURES,,SUP,,False,False
2634062,SFR,"LTE 700, LTE 800, LTE 1800, LTE 2600, 5G NR 2100, 5G NR 3500", (RUE DU ROCHER) 57800 FREYMING MERLEBACH,57240,"49.1575,6.8094",Pylône autostable,32m,TOWEO,2026-07-24,ALL,,False,True
2634188,ORANGE,5G NR 2100,2 PL DES BATAILLES  (MONTCLAVEL) 63260 AUBIAT,63013,"45.9822,3.1742",Pylône autostable,30m,ATC FRANCE,,AJO,,False,False
2635681,FREE MOBILE,LTE 2100,CHEMIN DE LA PIOTIERE PROCHE STATION EPURATION 01800 BOURG ST CHRISTOPHE,01054,"45.8817,5.1606",Pylône autostable,"27,3m",PHOENIX FRANCE INFRASTRUCTURES,,SUP,,False,False
2635688,FREE MOBILE,"LTE 2100, LTE 2600",CHEMIN DU PONTET ZONE ARTISANALE QUARTIER DU SANTI DEPARTEMENTALE 994 (SANTI) 84840 LAMOTTE DU RHONE,84063,"44.2611,4.6589",Pylône autostable,20m,PHOENIX FRANCE INFRASTRUCTURES,,SUP,,False,False
2635897,SFR,LTE 700,AVENUE JEAN MOULIN 63910 VERTAIZON,63453,"45.7836,3.3017",Pylône autostable,36m,SFR,2026-07-24,AJA,,False,False
2636226,SFR,GSM 900,42 CHEMIN DU MORILLON HLM LES HARPES 74200 THONON LES BAINS,74281,"46.3592,6.4822",Immeuble,29m,Société Privée,2022-07-29,SUP,,False,False
2636993,ORANGE,GSM 900,4 AVENUE MARCEL DASSAULT 31500 TOULOUSE,31555,"43.5736,1.4947",Pylône autostable,30m,Sociétés d'Autoroutes,2024-03-05,SUP,,False,False
2637924,SFR,GSM 900,BOULEVARD DES PRINCES DES BAUX - HLM LES LAUNES 13300 SALON DE PROVENCE,13103,"43.6442,5.0886",Immeuble,18m,Société HLM,2023-10-12,SUP,,False,False
2638059,FREE MOBILE,"LTE 700, LTE 1800, LTE 2600, 5G NR 3500",1 ALLEE DE COCTEAU A20 (LE PUY IMBERT) 87280 LIMOGES,87085,"45.8408,1.2825",Immeuble,"31,6m",Société HLM,2026-07-28,ALL,,False,True
2640021,FREE MOBILE,"LTE 2100, LTE 2600",ROUTE DE SAINT GOUSSAUD D28 (LES BOUIGES) 87370 LAURIERE,87083,"46.0694,1.4892",Pylône autostable,36m,ATC FRANCE,,SUP,,False,False
2640566,BOUYGUES TELECOM,"LTE 700, LTE 800, LTE 1800, LTE 2100, LTE 2600, 5G NR 2100", (LA TONELLE) 17139 DOMPIERRE SUR MER,17142,"46.1753,-1.0561",Pylône autostable,36m,TDF,2026-07-04,ALL,,False,True
2641943,FREE MOBILE,"LTE 700, LTE 900, LTE 1800, LTE 2100, LTE 2600, 5G NR 700, 5G NR 3500",PL. DE LA GARE RUE DU CHEMIN VERT 50700 VALOGNES,50615,"49.5067,-1.4817",Pylône autostable,36m,TOTEM,,AJO,,False,True
2642100,FREE MOBILE,"LTE 2100, LTE 2600",ROUTE DE TRIQUEVILLE A13 27500 TOUTAINVILLE,27656,"49.3503,0.4386",Pylône autostable,"32,6m",TDF,,SUP,,False,True
2642286,ORANGE,"LTE 1800, 5G NR 2100",CHEMIN D'EXPLOITATION N°28 (LE POIRIER NORD) 87620 SEREILHAC,87191,"45.7572,1.0597",Pylône autostable,38m,TOTEM,,AJO,,False,False
2643514,BOUYGUES TELECOM,UMTS 900,"9, SQ GEORGES PITOËFF IMP DES BOULEREAUX 94500 CHAMPIGNY SUR MARNE",94017,"48.8261,2.5106",Immeuble,34m,Société HLM,,SUP,,False,False
2643700,FREE MOBILE,"LTE 2100, LTE 2600",PROCHE CAILLARDE DE DESSOUS (CAMPOT) 09400 SAURAT,09280,"42.8692,1.5192",Pylône autostable,"37,9m",FREE-MOBILE,,SUP,,False,True
2645757,FREE MOBILE,"LTE 2100, LTE 2600",RUE JEAN LE FUR 29640 SCRIGNAC,29275,"48.4342,-3.6825",Pylône autostable,37m,ATC FRANCE,,SUP,,False,True
2646149,FREE MOBILE,LTE 2100,3 IMP DE LA CURE 25490 DAMPIERRE LES BOIS,25190,"47.5078,6.9111",Monument religieux,22m,"Commune, communauté de communes",,SUP,,False,False
264648,ORANGE,LTE 2600,LES JARDINS DE TIZZANO SITE FRANCE TELECOM (TIZZANO) 20100 SARTENE,2A272,"41.5406,8.8583",Pylône tubulaire,14m,TOTEM,2026-06-25,ART,,False,False
2649881,ORANGE,5G NR 2100,CHEMIN RURAL DES CHENEVIÈRES RÉSERVOIR CRUSILLE (LES CHENEVIÈRES) 73240 STE MARIE D ALVEY,73254,"45.5969,5.7233",Pylône autostable,45m,SFR,2026-06-29,ART,,False,False
2650075,FREE MOBILE,"LTE 2100, LTE 2600", (LA CROIX DES BOBLINS) 77320 MONTDAUPHIN,77303,"48.845,3.4239",Pylône autostable,"40,2m",FREE-MOBILE,,SUP,,False,False
2652746,FREE MOBILE,"LTE 2100, LTE 2600",ROUTE DES PILLES D185 (LES PONCES) 26110 CHATEAUNEUF DE BORDETTE,26082,"44.3433,5.1769",Pylône autostable,"42,3m",SFR,,SUP,,False,False
265349,ORANGE,GSM 900,D209 - MARIGOT (ANSE DU GRAND CUL DE SAC) 97133 ST BARTHELEMY,97701,"17.9114,-62.805",Pylône arbre,12m,ORANGE,2005-01-21,SUP,,False,False
2654267,ORANGE,5G NR 2100,ALLÉE DE LA STATION D58 (LES ETANGS) 42110 POUILLY LES FEURS,42175,"45.7956,4.2211",Pylône autostable,"35,5m",TDF,2026-07-16,AJA,,False,False
2655461,FREE MOBILE,LTE 2100,PROCHE ROUTE DU LEOURE (LES AUQUES) 46230 MONTDOUMERC,46202,"44.2769,1.5058",Pylône autostable,"26,8m",FREE-MOBILE,,SUP,,False,False
2655557,FREE MOBILE,"LTE 2100, LTE 2600",COAT MEZ 29410 GUICLAN,29068,"48.5442,-3.9697",Pylône autostable,31m,PHOENIX FRANCE INFRASTRUCTURES,,SUP,,False,True
2658925,FREE MOBILE,"LTE 2100, LTE 2600",KEROURIOU (KERREC) 29180 QUEMENEVEN,29229,"48.115,-4.1417",Pylône autostable,30m,ATC FRANCE,,SUP,,False,True
2659584,FREE MOBILE,LTE 2100,PROCHE N137 (LE NOMBREIL) 44590 DERVAL,44051,"47.6508,-1.6742",Pylône autostable,"32,6m",TDF,,SUP,,False,False
2659804,ORANGE,"LTE 700, LTE 800",RTE DE CHAMPDENIERS (LA FAUGERE) 79220 GERMOND ROUVRE,79133,"46.4375,-0.4019",Pylône autostable,"24,5m",PHOENIX FRANCE INFRASTRUCTURES,2026-07-27,ALL,,False,True
2660493,ORANGE,GSM 900, (LABAT) 46100 LENTILLAC ST BLAISE,46168,"44.5847,2.1325",Pylône autostable,24m,ATC FRANCE,2021-04-08,SUP,,False,False
2661080,FREE MOBILE,"LTE 2100, LTE 2600",105 RTE DE LA TOUR DU CRIEU (MONEDE ET POUTICAYRE) 09100 ST AMADOU,09254,"43.1106,1.7169",Pylône autostable,38m,SFR,,SUP,,False,False
2661706,SFR,LTE 700,A89 (LE COUDERT) 19800 ST PRIEST DE GIMEL,19236,"45.3217,1.8931",Pylône autostable,"44,4m",HIVORY,,AJO,,False,False
2662875,SFR,"UMTS 900, LTE 700, LTE 800, LTE 1800, LTE 2100, LTE 2600, 5G NR 2100, 5G NR 3500",RUE DE SCHOENECK PUITS SIMON (TRINKERSCHLAG) 57600 FORBACH,57227,"49.2022,6.9186",Pylône autostable,"32,5m",SFR,,SUP,,False,True
2664080,FREE MOBILE,LTE 2100,362 IMP  DE LA FOIRE DU BOIS 42560 ST JEAN SOLEYMIEUX,42240,"45.5028,4.0297",Pylône autostable,"33,3m",PHOENIX FRANCE INFRASTRUCTURES,,SUP,,False,False
2665351,SFR,5G NR 3500,62 RTE DES MARINES 30240 LE GRAU DU ROI,30133,"43.5136,4.1256",Pylône tubulaire,"12,9m",BOUYGUES,2026-07-17,AJA,,False,False
2670495,FREE MOBILE,"LTE 700, LTE 1800, LTE 2600, 5G NR 3500",20 R GERMAIN PILON RÉSIDENCE CASSSENDE 59800 LILLE,59350,"50.6478,3.0919",Bâtiment,29m,"Copropriété, Syndic, SCI",2026-07-28,ALL,,False,True
2670533,ORANGE,5G NR 2100,RUE DES PATURES PRÈS DU CIMETIÈRE 76340 REALCAMP,76520,"49.845,1.6183",Pylône autostable,30m,ATC FRANCE,,AJO,,False,False
2670895,SFR,"UMTS 900, LTE 700, LTE 800, LTE 1800, LTE 2100, LTE 2600, 5G NR 3500",2515 CHEMIN LESCAUT SARDY 82800 NEGREPELISSE,82134,"44.0517,1.4997",Bâtiment,"28,4m",Particulier,,SUP,,False,True
2672489,BOUYGUES TELECOM,"LTE 700, 5G NR 3500",1 CHEMIN DE LA BAIE DE L'AMITIE 34300 AGDE,34003,"43.2783,3.4717",Pylône tubulaire,21m,BOUYGUES,2026-07-13,AJA,,False,False
2672489,BOUYGUES TELECOM,"UMTS 900, LTE 2100",1 CHEMIN DE LA BAIE DE L'AMITIE 34300 AGDE,34003,"43.2783,3.4717",Pylône tubulaire,21m,BOUYGUES,2022-10-06,SUP,,False,False
2672721,ORANGE,5G NR 2100,D106.2 (LA GARENNE) 28320 BAILLEAU ARMENONVILLE,28023,"48.5314,1.6375",Pylône autostable,36m,TOTEM,2026-07-21,ALL,,False,False
267278,SFR,5G NR 2100,R JEAN NICOT 45140 ST JEAN DE LA RUELLE,45285,"47.905,1.8597",Pylône tubulaire,30m,HIVORY,,SUP,,False,False
2673409,FREE MOBILE,"LTE 2100, LTE 2600",ST-MIREL VERS STATION ÉPURATION (SAINT-MIREL) 22330 LE MENE,22046,"48.2917,-2.5025",Pylône autostable,"38,6m",PHOENIX FRANCE INFRASTRUCTURES,,SUP,,False,False
2674207,FREE MOBILE,"LTE 2100, LTE 2600",CHEM DE DERRIERE MONTMOU 84550 MORNAS,84083,"44.2228,4.7361",Pylône autostable,31m,BOUYGUES,,SUP,,False,True
2678153,ORANGE,5G NR 2100,VOIE COMMUNALE 6 (LA  COUSSAIE) 79200 ADILLY,79002,"46.7019,-0.3478",Pylône autostable,36m,ATC FRANCE,,AJO,,False,False
2678970,BOUYGUES TELECOM,5G NR 3500,RTE DES HAUTS DU CAMP  83330 LE CASTELLET,83035,"43.255,5.7611",Pylône autostable,24m,CELLNEX,2026-07-06,ALL,,False,False
2678970,BOUYGUES TELECOM,5G NR 2100,RTE DES HAUTS DU CAMP  83330 LE CASTELLET,83035,"43.255,5.7611",Pylône autostable,24m,CELLNEX,2026-06-16,ART,,False,False
2679810,BOUYGUES TELECOM,"LTE 2100, 5G NR 3500",181 CHEM DES CLAUSURES (STADE RENE LAFFONT) 84450 ST SATURNIN LES AVIGNON,84119,"43.9608,4.9361",Pylône tubulaire,"19,6m",CELLNEX,,SUP,,False,True
2680706,SFR,LTE 700,RTE DE LA MADELAINE DÉCHETTERIE (BRANDES DE L'ESPIS) 17600 LE GUA,17185,"45.7503,-0.9558",Pylône autostable,"42,5m",HIVORY,,AJO,,False,False
2683815,ORANGE,5G NR 2100,ROUTE DE LESGOR D 380 40370 RION DES LANDES,40243,"43.8928,-0.9211",Pylône autostable,35m,ORANGE Services Fixes,,AJO,,False,False
2684323,ORANGE,GSM 900,IMP CLOS DU LAC A20 ECHANGEUR MONTAUBAN SUD 82710 BRESSOLS,82025,"43.9294,1.3169",Pylône autostable,40m,ORANGE,2008-02-27,SUP,,False,False
2684355,ORANGE,"LTE 2100, 5G NR 3500",CHEMIN DE TOUS VENTS (EN MATRE) 01480 CHALEINS,01075,"46.0314,4.8169",Pylône autostable,42m,ON TOWER FRANCE,2026-06-30,ART,,False,False
2685582,TELCO OI,5G NR 3500,5 RUE DU BASSIN (VAHIBENI) 97605 MAMOUDZOU,97611,"-12.7883,45.1772",Immeuble,16m,Particulier,2025-06-03,ART,,False,False
2687053,ORANGE,LTE 2100,CHEMIN DE MONPLAISIR D40B (LES BUZAINES) 85670 LA CHAPELLE PALLUAU,85055,"46.7956,-1.6314",Pylône autostable,36m,ATC FRANCE,2026-07-09,ALL,,False,False
2690685,FREE MOBILE,LTE 2100,ROUTE DU CHATELARD (LES PATUREAUX) 42210 MARCLOPT,42135,"45.6669,4.2358",Pylône autostable,33m,ORANGE,,SUP,,False,False
2690713,BOUYGUES TELECOM,5G NR 2100,RUE D HERICOURT D18 (LES PERRIERES) 90800 BANVILLARS,90007,"47.5944,6.8072",Pylône autostable,"30,6m",TDF,,AJO,,False,False
2690755,FREE MOBILE,LTE 2100,1 IMPASSE DU NOUVEAU MONDE (LE HAUT CLOS) 27110 STE OPPORTUNE DU BOSC,27576,"49.1797,0.8489",Pylône autostable,30m,ORANGE,,SUP,,False,False
2691347,SFR,LTE 700,CHEMIN D'EXPLOITATION N°13 (BIERREVERY) 70240 SAULX,70478,"47.6789,6.2581",Pylône autostable,"41,4m",TDF,2026-07-24,AJA,,False,False
2691739,BOUYGUES TELECOM,5G NR 3500,15-21 R VICTOR RENELLE 93240 STAINS,93072,"48.95,2.39",Immeuble,21m,"Copropriété, Syndic, SCI",,AJO,,False,False
2692060,SFR,LTE 700,D288 AU POMMIER 25170 JALLERANGE,25317,"47.2533,5.7331",Pylône autostable,"42,2m",HIVORY,2026-07-27,AJA,,False,False
2692709,BOUYGUES TELECOM,LTE 700,POGGIO 20218 MOLTIFAO,2B162,"42.4881,9.1139",Pylône autostable,22m,HIVORY,2026-07-19,ALL,,False,False
2693498,BOUYGUES TELECOM,LTE 1800, (LES PORTEAUX) 41150 VALLOIRE SUR CISSE,41055,"47.535,1.1936",Pylône autostable,"32,6m",PHOENIX FRANCE INFRASTRUCTURES,,AJO,,True,False
2693621,ORANGE,5G NR 2100,FORÊT DOMANIALE DE L'ASSISE (PIERRE DU JOUR) 03250 LAPRUGNE,03139,"46.0008,3.8003",Pylône autostable,42m,ON TOWER FRANCE,2026-06-16,ART,,False,False
269569,SFR,GSM 900,R DES MARNIÈRES PARC DES EXPOSITIONS 64140 BILLERE,64129,"43.3036,-0.3811",Pylône tubulaire,25m,HIVORY,2017-09-22,SUP,,False,False
2696000,FREE MOBILE,"LTE 2100, 5G NR 700",CHEM DE MAYRES (REYLLOU) 12100 ST GEORGES DE LUZENCON,12225,"44.0664,2.9931",Pylône autostable,38m,TDF,2026-07-07,ALL,,False,False
2697896,FREE MOBILE,"LTE 2100, LTE 2600",PROCHE DE D55 (PIALTELLU) 20166 COGNOCOLI MONTICCHI,2A091,"41.8067,8.8492",Pylône autostable,36m,SFR,,SUP,,False,False
2700077,BOUYGUES TELECOM,"LTE 2600, 5G NR 3500",CHE DE LA BLANCHARDIERE 85300 FROIDFOND,85095,"46.8725,-1.7558",Pylône autostable,"26,5m",PHOENIX FRANCE INFRASTRUCTURES,2026-07-16,ALL,,False,False
2700077,SFR,"LTE 2600, 5G NR 3500",CHE DE LA BLANCHARDIERE 85300 FROIDFOND,85095,"46.8725,-1.7558",Pylône autostable,"26,5m",PHOENIX FRANCE INFRASTRUCTURES,2026-07-22,ALL,,False,False
2701364,FREE MOBILE,LTE 2100,A29 (LES ARBRES LEFEBVRE) 80710 QUEVAUVILLERS,80656,"49.8311,2.0703",Pylône autostable,"38,6m",TDF,,SUP,,False,False
2701803,FREE MOBILE,LTE 2100,ROUTE DE VILLIERS (LE VILLAGE) 14950 GLANVILLE,14302,"49.2908,0.0769",Pylône tubulaire,"37,3m",FREE-MOBILE,,SUP,,False,False
2702276,ORANGE,5G NR 3500,CHEMIN FOND D237 (LA PERRAND) 84860 CADEROUSSE,84027,"44.0956,4.7622",Pylône autostable,39m,CELLNEX,2026-06-12,ART,,False,False
2703343,FREE MOBILE,LTE 2100, (BARBARIT) 85120 ANTIGNY,85005,"46.6158,-0.7767",Pylône autostable,"32,6m",TDF,,SUP,,False,False
2703725,ORANGE,5G NR 2100,CHEMIN D'EXPLOITATION N°2 (MAUVE SOURY) 72290 SOULIGNE SOUS BALLON,72340,"48.1444,0.2392",Pylône autostable,32m,TDF,,AJO,,False,False
2703796,SFR,LTE 700,ROUTE DE CORCONDRAY D11 (LA POMMERADE) 25410 CORCONDRAY,25164,"47.23,5.8397",Pylône autostable,44m,SFR,2026-07-27,AJA,,False,False
2704141,SFR,LTE 700,VOIE ROMAINE (LES FOSSES) 25170 PELOUSEY,25448,"47.2817,5.9222",Pylône autostable,"42,3m",HIVORY,2026-07-27,AJA,,False,False
2710488,FREE MOBILE,"LTE 2100, LTE 2600",D201 STATION D EPURATION (LE GRES) 77540 LUMIGNY NESLES ORMEAUX,77264,"48.6978,2.9622",Pylône arbre,30m,"Commune, communauté de communes",,SUP,,False,False
2710561,ORANGE,5G NR 2100,RUE DU PONT DU REY (REBERT) 40190 MONTEGUT,40193,"43.8747,-0.1975",Pylône tubulaire,25m,TOTEM,,AJO,,False,False
2710837,OUTREMER TELECOM,5G NR 3500,HABITATION BEAUREGARD ROUTE HABITATION MADET 97227 STE ANNE,97226,"14.4303,-60.8731",Pylône autostable,24m,Outremer Telecom,2026-07-24,ALL,,False,False
2715191,FREE MOBILE,"LTE 2100, LTE 2600",DÉPARTEMENTALE 950 (CHAMP MOUSSARD) 89130 VILLIERS ST BENOIT,89472,"47.7744,3.2314",Pylône autostable,40m,TOTEM,,SUP,,False,False
2715195,SFR,GSM 900,27 R MICHELET IMM BELLEDONNE 27000 EVREUX,27229,"49.0097,1.1653",Immeuble,28m,Société HLM,2022-12-23,SUP,,False,False
2715539,SFR,GSM 900,1 TER R MARCEL DORE 86000 POITIERS,86194,"46.5678,0.3867",Pylône tubulaire,"21,4m",PHOENIX FRANCE INFRASTRUCTURES,,SUP,,False,False
2715832,SFR,5G NR 3500,14 AVENUE DES SPORTS 56140 PLEUCADEUC,56159,"47.7597,-2.3708",Pylône tubulaire,37m,ON TOWER FRANCE,2026-07-01,ART,,False,False
2715844,SFR,"LTE 2600, 5G NR 3500",LA SOUCHAIS 85500 BEAUREPAIRE,85017,"46.8986,-1.0792",Pylône autostable,32m,TDF,,AJO,,False,False
2715934,BOUYGUES TELECOM,5G NR 3500,12 AVENUE MARCEL DASSAULT 93370 MONTFERMEIL,93047,"48.9022,2.5808",Pylône haubané,"25,5m",BOUYGUES,,AJO,,False,False
2716168,FREE MOBILE,LTE 2100,CHEM DE LA CAPELANE (VALAT DE LA FONT) 30740 LE CAILAR,30059,"43.6853,4.2292",Pylône autostable,24m,BOUYGUES,,SUP,,False,False
2719748,ORANGE,"LTE 800, LTE 1800, LTE 2100, 5G NR 700, 5G NR 3500",3 CHEMIN DES CRIQUAULINS (LES VERNOTTES) 21560 COUTERNON,21209,"47.3389,5.16",Pylône autostable,35m,TDF,2026-07-10,ALL,,False,True
2720552,BOUYGUES TELECOM,5G NR 3500,11 R NATHALIE MASSE RESIDENCE LES EAUX FRAICHES 06300 NICE,06088,"43.7114,7.2814",Immeuble,32m,"Copropriété, Syndic, SCI",,AJO,,False,False
2720792,ORANGE,"LTE 800, LTE 1800, LTE 2100, LTE 2600, 5G NR 700, 5G NR 3500",CHE DES LOUPS LA COUTURE DE MERCHIN (LA COUTURE DE MERCHIN) 59262 SAINGHIN EN MELANTOIS,59523,"50.5939,3.1467",Pylône autostable,32m,CELLNEX,,AJO,,False,True
2721742,FREE MOBILE,"LTE 900, LTE 2100",6 ALLEE DU CAMPING (KERHOSTIN) 56510 ST PIERRE QUIBERON,56234,"47.5406,-3.1344",Pylône arbre,27m,Société Privée,2026-07-07,ALL,,False,False
2721910,SFR,"GSM 900, UMTS 900, LTE 700, LTE 800, LTE 1800, LTE 2100, LTE 2600, 5G NR 3500",122 RUE LA FAYETTE 75010 PARIS 10,75110,"48.8778,2.3525",Bâtiment,28m,Société Privée,2022-11-07,SUP,,False,False
2725066,ORANGE,GSM 900,245 RUE DE LA BERGERO (LE CLOS) 31660 BESSIERES,31066,"43.7967,1.6061",Pylône tubulaire,"21,5m",TOTEM,2004-10-09,SUP,,False,False
2726425,ORANGE,5G NR 2100, (LA RUERE) 09200 MOULIS,09214,"42.9294,1.1022",Pylône autostable,36m,TDF,2026-07-02,ALL,,False,False
2726434,SFR,5G NR 3500,RUE SAINT-HERVÉ D 788 (RULÉA) 29430 LANHOUARNEAU,29111,"48.5806,-4.2019",Pylône autostable,30m,TOTEM,2026-07-15,ALL,,False,False
2730578,FREE MOBILE,LTE 2100,D8043 RTE NATIONALE PARADIS DES CHEVAUX (LA CORVÉE) 08140 DOUZY,08145,"49.6733,5.0503",Pylône autostable,"30,6m",TDF,,SUP,,False,False
2732571,FREE MOBILE,LTE 2600, (LES GRANDE CORNES) 70230 ORMENANS,70397,"47.4589,6.2108",Pylône autostable,"38,6m",TDF,,SUP,,False,False
2734913,FREE MOBILE,5G NR 3500,ROUTE DE CHARTREUSE (AU PARCHET) 38700 CORENC,38126,"45.2256,5.7614",Pylône autostable,39m,FREE-MOBILE,2026-07-24,ALL,,False,False
2734941,FREE MOBILE,LTE 2100,ROUTE DE LA SALLES DES FETES A89 42260 GREZOLLES,42106,"45.8711,3.9292",Pylône autostable,"32,6m",TDF,,SUP,,False,False
2734984,ORANGE,5G NR 2100,D37 (BOIS DE ROLLOT) 80500 ROLLOT,80678,"49.59,2.6664",Pylône autostable,40m,ATC FRANCE,2026-07-02,ALL,,False,False
2737268,BOUYGUES TELECOM,"LTE 700, LTE 800",39 R PIERRE  CURIE 78470 ST REMY LES CHEVREUSE,78575,"48.7031,2.0781",Immeuble,"12,1m","Copropriété, Syndic, SCI",2026-07-17,ALL,,False,True
2737274,BOUYGUES TELECOM,5G NR 3500,18 R TCHAIKOVSKI. 75018 PARIS 18,75118,"48.895,2.3653",Immeuble,"28,4m",Société HLM,,AJO,,False,False
2738952,ORANGE,GSM 900,RTE DE LOMBEZ BORDURE DE D632 (TAMBOURIN) 32130 SEYSSES SAVES,32432,"43.4875,1.0514",Pylône autostable,30m,TOTEM,1997-10-10,SUP,,False,False
2740115,FREE MOBILE,LTE 2100,D277 (LE REPLAIN) 25820 LAISSEY,25323,"47.3075,6.2392",Pylône autostable,36m,TDF,,SUP,,False,False
2742635,FREE MOBILE,"LTE 700, LTE 900, LTE 1800, LTE 2100, LTE 2600, 5G NR 700, 5G NR 3500",367 RUE DE TOMBELAINE 50380 ST PAIR SUR MER,50532,"48.7919,-1.5617",Pylône autostable,"26,3m",PHOENIX FRANCE INFRASTRUCTURES,,AJO,,False,True
2742681,FREE MOBILE,LTE 2100,LES QUAIZES VERS BEC D'ERRANT PROCHE DE LA A13 27600 AILLY,27005,"49.1564,1.2756",Pylône autostable,"32,6m",TDF,,SUP,,False,False
2742703,FREE MOBILE,LTE 2100,LE PETIT MARAIS 85770 L ILE D ELLE,85111,"46.3264,-0.9336",Pylône autostable,"32,6m",TDF,,SUP,,False,False
2744362,SFR,"LTE 2600, 5G NR 3500",R DU STADE 85700 ST MESMIN,85254,"46.7914,-0.7392",Pylône tubulaire,26m,PHOENIX FRANCE INFRASTRUCTURES,2026-07-15,ALL,,False,False
2745327,BOUYGUES TELECOM,"UMTS 900, LTE 700, LTE 800, LTE 1800, LTE 2100, 5G NR 2100",60 RUE PRINCIPALE (KATSTENWALD OBERWALD) 68600 WOLFGANTZEN,68379,"48.035,7.4861",Pylône autostable,42m,HIVORY,,AJO,,False,True
2746475,ORANGE,GSM 900,RUE DES ANCIENS (COSTO BERO) 09100 LA TOUR DU CRIEU,09312,"43.0992,1.6867",Château d'eau - réservoir,38m,"Syndicat des eaux, Adduction",1997-03-21,SUP,,False,False
2746939,FREE MOBILE,LTE 2100,VOIE COMMUNALE BRUNEHAUT (LE GRAND FUSSIAU) 59440 ST HILAIRE SUR HELPE,59534,"50.1397,3.8867",Pylône autostable,"32,6m",TDF,,SUP,,False,False
2748491,SFR,GSM 900,ZONE CHERINE RÉSIDENCE DE TOURISME LES MÉLÈZES BATIMENT D (LES CHALPS) 05600 RISOUL,05119,"44.6211,6.6306",Immeuble,33m,"Copropriété, Syndic, SCI",2025-08-08,SUP,,False,False
2749281,SFR,5G NR 3500,ROUTE DU BOSC RENOULT 61470 SAP EN AUGE,61460,"48.8981,0.3306",Pylône autostable,27m,CELLNEX,2026-07-15,ALL,,False,False
2750617,ORANGE,5G NR 2100,RTE DE MAZERES (LES PRAIRIES) 65700 CASTELNAU RIVIERE BASSE,65130,"43.5758,-0.0181",Pylône autostable,30m,ATC FRANCE,2026-07-08,ALL,,False,False
2751543,ORANGE,5G NR 3500,CHEM LES AULNAY DE TRECHE (LES BRUYERES) 71160 DIGOIN,71176,"46.5019,4.0281",Pylône autostable,33m,TDF,2026-06-26,ART,,False,False
2753247,SFR,LTE 2100,RUE DES MARTELETS (LES BARBEAUX) 60280 MARGNY LES COMPIEGNE,60382,"49.4294,2.8106",Pylône autostable,42m,SFR,,SUP,,False,True
2753906,FREE MOBILE,LTE 2100,PROCHE ROUTE SAINT MARDS (VALLON DE LA CAILLE) 27230 ST GERMAIN LA CAMPAGNE,27547,"49.0764,0.3939",Pylône autostable,"38,6m",TDF,,SUP,,False,True
2754733,SFR,GSM 900,BOULEVARD DU GRAND FOSSÉ 77700 CHESSY,77111,"48.8683,2.7672",Bâtiment,16m,Société Privée,,SUP,,False,False
2755568,ORANGE,GSM 900,10 LOUIS MAUROUX (AU CHATEAU DU GARROS) 32000 AUCH,32013,"43.6325,0.5936",Immeuble,"26,5m",TOTEM,2023-08-16,SUP,,False,False
2755879,ORANGE,5G NR 2100,ROUTE DE CISTERCIENS (FORET DE BEYNAC) 24470 ST SAUD LACOUSSIERE,24498,"45.5039,0.8458",Pylône autostable,36m,TOTEM,,AJO,,False,False
2756429,SRR,LTE 2100,27 RUE D'ANJOU 97460 ST PAUL,97415,"-21.0428,55.2214",Mât métallique,"2,5m",Société Réunionnaise de Radiotéléphonie,2024-05-07,ART,,False,False
2756431,SRR,LTE 2100,27 RUE D'ANJOU 97460 ST PAUL,97415,"-21.0428,55.2214",Mât métallique,"2,5m",Société Réunionnaise de Radiotéléphonie,2024-05-07,ART,,False,False
2757121,FREE MOBILE,LTE 2100,CHEMIN  DES ANTENNES 22560 PLEUMEUR BODOU,22198,"48.7867,-3.5103",Pylône autostable,"52,5m",FREE-MOBILE,,SUP,,False,False
2757634,SFR,"GSM 900, UMTS 900, LTE 700, LTE 800, LTE 1800, LTE 2100, LTE 2600, 5G NR 3500",BOULEVARD DU GRAND FOSSE DISNEYLAND SMALL WORLD 77700 CHESSY,77111,"48.8756,2.7761",Bâtiment,17m,Société Privée,,SUP,,False,True
2759351,FREE MOBILE,"LTE 2100, LTE 2600",SOUS LA CHARTRE D130 78440 BRUEIL EN VEXIN,78113,"49.0225,1.8192",Pylône autostable,"40,2m",FREE-MOBILE,,SUP,,False,False
2760032,FREE MOBILE,LTE 2100,R DE LA COUR NEUVE 35550 LOHEAC,35155,"47.8633,-1.8911",Pylône haubané,"33,8m",PHOENIX FRANCE INFRASTRUCTURES,,SUP,,False,False
2760180,SFR,5G NR 2100,CHEMIN DES BARQUETS (SAINT MARTIN) 26230 CHAMARET,26070,"44.3928,4.8906",Pylône autostable,"24,4m",SFR,2026-07-17,AJA,,False,False
2760449,ORANGE,5G NR 2100,CHEMIN RURAL DE LA BOISSIERE A LAUCHER 24140 BEAUREGARD ET BASSAC,24031,"44.9956,0.6114",Pylône autostable,30m,TOTEM,,AJO,,False,False
2762086,FREE MOBILE,"LTE 2100, LTE 2600",RUE DE NAVARRE 64270 ESCOS,64205,"43.4494,-1.0",Pylône autostable,42m,ATC FRANCE,,SUP,,False,False
2762139,BOUYGUES TELECOM,"LTE 700, LTE 800",23-25 AV DES CHUTES LAVIE 13004 MARSEILLE 04,13204,"43.3144,5.3958",Immeuble,"16,1m","Copropriété, Syndic, SCI",2026-07-15,ALL,,False,True
2762474,SFR,UMTS 900,2 IMPASSE DU BOL D AIR 93100 MONTREUIL,93048,"48.8719,2.4653",Pylône tubulaire,35m,CELLNEX,,SUP,,False,True
2763495,BOUYGUES TELECOM,5G NR 3500,2709 ROUTE ISLE SUR LA SORGUES 84440 ROBION,84099,"43.8728,5.0794",Pylône autostable,"27,3m",CELLNEX,2026-07-06,ALL,,False,False
2763495,BOUYGUES TELECOM,"LTE 2600, 5G NR 2100",2709 ROUTE ISLE SUR LA SORGUES 84440 ROBION,84099,"43.8728,5.0794",Pylône autostable,"27,3m",CELLNEX,2026-06-18,ART,,False,False
2763853,FREE MOBILE,LTE 2100,CHEMIN RURALE (LE NUBLE) 44160 STE ANNE SUR BRIVET,44152,"47.4656,-1.9919",Pylône autostable,38m,FREE-MOBILE,,SUP,,False,False
2764938,FREE MOBILE,"LTE 2100, LTE 2600",CAPU DI VERGIO VERGHIU SUPRANU 20126 EVISA,2A108,"42.2853,8.8833",Pylône autostable,"11,6m",FREE-MOBILE,,SUP,,False,True
2765200,BOUYGUES TELECOM,"GSM 900, UMTS 900",1 B PL DES ALLIES 34500 BEZIERS,34032,"43.3372,3.2083",Immeuble,"20,7m","Copropriété, Syndic, SCI",,SUP,,False,True
2765246,FREE MOBILE,LTE 2100,PROCHE RUE DES LILAS LA NOE PLESSIS DEPARTEMENTALE 18 (LES MESLIERS) 44522 LA ROCHE BLANCHE,44222,"47.4456,-1.1456",Pylône autostable,36m,PHOENIX FRANCE INFRASTRUCTURES,,SUP,,False,False
2765898,BOUYGUES TELECOM,"LTE 700, LTE 800",43-45 V ROMAINE 57280 MAIZIERES LES METZ,57433,"49.2128,6.1475",Immeuble,"14,8m","Copropriété, Syndic, SCI",2026-07-13,ALL,,False,True
2766202,ORANGE,5G NR 2100,CHEMIN VERS ROUTE DE MONTGAILLARD CHEM RUR DE HOUGARET 31260 HIS,31237,"43.065,0.9597",Pylône autostable,30m,TDF,2026-07-09,ALL,,False,False
2769355,SFR,UMTS 900,RUE TOULOUSE LAUTREC (COTE DE DIEPPE) 76770 MALAUNAY,76402,"49.5314,1.0381",Pylône tubulaire,40m,ON TOWER FRANCE,,SUP,,False,True
2770519,FREE MOBILE,"LTE 2100, LTE 2600",PIECE D EN HAUT 44470 CARQUEFOU,44026,"47.3331,-1.4428",Pylône autostable,33m,FREE-MOBILE,,SUP,,False,False
2770523,FREE MOBILE,"LTE 2100, LTE 2600",BRETELLE DE RACCORDEMENT DE L'A A71 À LA RN 20 45160 OLIVET,45232,"47.8406,1.8686",Pylône autostable,37m,Sociétés d'Autoroutes,,SUP,,False,False
2770583,FREE MOBILE,LTE 2100,CHEMIN DES CHAMPS CHERNAUX (LE RONNET) 88240 LA VOGE LES BAINS,88029,"48.0314,6.2267",Pylône autostable,45m,ATC FRANCE,,SUP,,False,False
277129,ORANGE,"5G NR 700, 5G NR 3500","8, R DU ROI SOLEIL 64000 PAU",64445,"43.2994,-0.3503",Immeuble,17m,"Copropriété, Syndic, SCI",,AJO,,False,False
2772483,FREE MOBILE,"LTE 2100, LTE 2600",LA GRANDE HAYE 00404 ERR CONV INSEE,85021,"47.0322,-1.2864",Pylône autostable,"32,4m",FREE-MOBILE,,SUP,,False,False
2772548,SFR,LTE 1800,CHEMIN NEUWEG 68420 HUSSEREN LES CHATEAUX,68150,"48.035,7.2772",Pylône tubulaire,"12,4m",SFR,,AJO,,True,False
2773922,ORANGE,"LTE 1800, 5G NR 2100",CHEMIN COMMUNAL 201  (CHEZ PABOT) 24800 CHALAIS,24095,"45.4831,0.9475",Pylône autostable,39m,TDF,,AJO,,True,False
2775164,BOUYGUES TELECOM,"GSM 900, GSM 1800, UMTS 2100",1 R FAIDHERBE 14 AVENUE DE LA REPUBLIQUE (TUNNEL NANTERRE A86) 92000 NANTERRE,92050,"48.8975,2.1972",Tunnel,7m,Sociétés d'Autoroutes,2009-02-13,SUP,,False,False
2777290,FREE MOBILE,LTE 2100,170 RUE DE LA GARE 57150 CREUTZWALD,57160,"49.195,6.6822",Pylône autostable,64m,TOTEM,,SUP,,False,False
2778977,FREE MOBILE,LTE 700,MONTÉE DU BOIS D'ONAY (ONAY ET BERTHALINIERES OUE) 26350 ST LAURENT D ONAY,26310,"45.1811,5.1086",Pylône autostable,30m,TDF,2026-07-20,ALL,,True,False
2782181,ORANGE,"GSM 900, UMTS 900",RUE DE LA RÉSISTANCE PROCHE CHEMIN DE FER 76410 ST AUBIN LES ELBEUF,76561,"49.305,1.0361",Immeuble,"21,5m",ORANGE,2023-03-20,SUP,,False,False
2784861,ORANGE,GSM 900,195 AVENUE DE CASTELNAU (BUGUET-NORD) 31620 FRONTON,31202,"43.8328,1.3903",Château d'eau - réservoir,27m,"Syndicat des eaux, Adduction",1998-08-28,SUP,,False,False
2785763,FREE MOBILE,"LTE 2100, LTE 2600",LES SABLES (LA LANDE BARON) 44750 CAMPBON,44025,"47.4078,-1.9561",Pylône autostable,46m,FREE-MOBILE,,SUP,,False,False
2786439,FREE MOBILE,LTE 2100,14 SENTIER DES VIEILLES ABBAYES (LE MOULIN RICHARD) 50140 LE NEUFBOURG,50371,"48.655,-0.9456",Pylône autostable,"32,3m",FREE-MOBILE,,SUP,,False,False
2786727,FREE MOBILE,"LTE 700, LTE 900, 5G NR 700","42-44, AVENUE DE RAMBOUILLET 93220 GAGNY",93032,"48.8756,2.5447",Immeuble,16m,"Copropriété, Syndic, SCI",2025-05-26,SUP,,False,False
2789391,FREE MOBILE,"LTE 700, LTE 900, LTE 1800, LTE 2100, LTE 2600, 5G NR 700, 5G NR 3500",6 R JEAN DE VIENNE 87280 LIMOGES,87085,"45.8381,1.1956",Pylône autostable,"38,3m",PHOENIX FRANCE INFRASTRUCTURES,,AJO,,False,True
2791701,FREE MOBILE,LTE 2100,D32 ROUTE D'EVRON D557 (LA GRANDE PIÈCE) 53150 BREE,53043,"48.1506,-0.5072",Pylône autostable,33m,ATC FRANCE,,SUP,,False,False
2794494,FREE MOBILE,"LTE 2100, LTE 2600",PROCHE D22 (QUERON) 63260 ST AGOULIN,63311,"46.0347,3.1442",Pylône autostable,39m,FREE-MOBILE,,SUP,,False,False
2796706,ORANGE,GSM 900,AV DU COMMINGES (LES ORMEAUX) 31350 BOULOGNE SUR GESSE,31080,"43.2878,0.6492",Pylône autostable,25m,TOTEM,1997-06-20,SUP,,False,False
2798308,FREE MOBILE,"LTE 2100, LTE 2600",1 AVENUE JEAN MONNET 54920 VILLERS LA MONTAGNE,54575,"49.4747,5.8519",Pylône autostable,"32,6m",TDF,,SUP,,False,True
2798318,FREE MOBILE,LTE 2600,L'ORMEAU DU ROI CENTRALE ELECTRIQUE (LES GRANDS CHAMPS) 86230 MONDION,86162,"46.9264,0.4514",Pylône autostable,"32,6m",TDF,,SUP,,False,False
2798928,FREE MOBILE,"LTE 2100, LTE 2600",PROCHE ROUTE DU BOIS-PRIEUR 86120 ST LEGER DE MONTBRILLAIS,86229,"47.0689,-0.0417",Pylône autostable,"32,8m",FREE-MOBILE,,SUP,,False,False
2799245,FREE MOBILE,"LTE 2100, LTE 2600",CHEMIN DU POTET (LE BOURG SUD) 86450 PLEUMARTIN,86193,"46.7367,0.7661",Pylône autostable,32m,TOTEM,,SUP,,False,False
2800278,SFR,LTE 1800,ROUTE DE CAL CASCAT (MAS D'EN CASALS) 66400 REYNES,66160,"42.4767,2.7136",Pylône autostable,36m,SFR,,AJO,,True,False
2800692,ORANGE,"UMTS 900, LTE 1800, LTE 2100, 5G NR 3500",RUE DES RONZIÈRES (LES GRANDS PAQUIERS) 71230 ST VALLIER,71486,"46.6392,4.3639",Pylône autostable,42m,HIVORY,2026-06-29,ART,,False,False
2802269,FREE MOBILE,"LTE 2100, LTE 2600", (LE NOIREAU) 86120 POUANCAY,86196,"47.0931,-0.0836",Pylône autostable,"37,9m",FREE-MOBILE,,SUP,,False,False
2803512,FREE MOBILE,LTE 2100,VC N°1 D'ETREPILLY A PUISIEUX PRÈS DU STADE (LES CHENNEVIERES) 77139 PUISIEUX,77380,"49.0606,2.9153",Pylône autostable,36m,HIVORY,,SUP,,False,False
2804921,SFR,"UMTS 900, LTE 700, LTE 800, LTE 1800, LTE 2100, LTE 2600, 5G NR 3500",AVENUE INDUSTRIELLE RUE COLETTE 59320 HALLENNES LEZ HAUBOURDIN,59278,"50.6053,2.9519",Pylône tubulaire,43m,CELLNEX,,SUP,,False,True
2805004,FREE MOBILE,"LTE 2100, LTE 2600", (FOND VIEILLE) 13830 ROQUEFORT LA BEDOULE,13085,"43.2478,5.6289",Pylône autostable,"12,6m",FREE-MOBILE,,SUP,,False,False
2806871,FREE MOBILE,LTE 2100,RUE DU COURNOT (LE CONNOT) 52600 CULMONT,52155,"47.8231,5.4353",Pylône autostable,44m,FREE-MOBILE,,SUP,,False,False
280806,ORANGE,"LTE 700, LTE 2100, 5G NR 3500",R DE LA LIBERTÉ ALLÉE DE L'EGLISE EGLISE (MORNE DES ESSES) 97230 STE MARIE,97228,"14.7453,-61.015",Monument religieux,28m,Association,,AJO,,False,False
280806,ORANGE,LTE 2600,R DE LA LIBERTÉ ALLÉE DE L'EGLISE EGLISE (MORNE DES ESSES) 97230 STE MARIE,97228,"14.7453,-61.015",Monument religieux,28m,Association,,SUP,,False,False
2808980,FREE MOBILE,"LTE 2100, LTE 2600",N24 (KERBRAZ) 56150 BAUD,56010,"47.8792,-3.0492",Pylône autostable,42m,FREE-MOBILE,,SUP,,False,False
281186,ORANGE,"LTE 2100, 5G NR 700, 5G NR 3500",41 R ERNEST RENAN MAGASIN DE MEUBLES 78800 HOUILLES,78311,"48.9214,2.1972",Bâtiment,"14,5m",Société Privée,2026-07-15,AJA,,False,False
281186,ORANGE,LTE 800,41 R ERNEST RENAN MAGASIN DE MEUBLES 78800 HOUILLES,78311,"48.9214,2.1972",Bâtiment,"14,5m",Société Privée,2026-07-15,ALL,,False,False
2813640,FREE MOBILE,LTE 2100, (MONTSEC) 09300 LAVELANET,09160,"42.9194,1.8636",Pylône autostable,"38,8m",FREE-MOBILE,,SUP,,False,False
2814220,PMT-VODAFONE,5G NR 3500,ROUTE DES PLAINES ROND-POINT DE PUNAVAI 98718 PUNAAUIA,98738,"-17.6217,-149.6083",Pylône arbre,20m,Pacific Mobile Telecom,,AJO,,False,False
2814650,BOUYGUES TELECOM,"LTE 1800, LTE 2600, 5G NR 2100",9 R FERNAND GUILBERT CHÂTEAU D EAU 59800 LILLE,59350,"50.645,2.9897",Château d'eau - réservoir,31m,"Commune, communauté de communes",2026-02-26,ART,,False,False
2814650,BOUYGUES TELECOM,UMTS 900,9 R FERNAND GUILBERT CHÂTEAU D EAU 59800 LILLE,59350,"50.645,2.9897",Château d'eau - réservoir,31m,"Commune, communauté de communes",,SUP,,False,False
2814660,FREE MOBILE,LTE 2100,PROCHE DE LA DEPARTEMENTAL 80 (LES VEAUX) 60190 LACHELLE,60337,"49.4394,2.7286",Pylône autostable,32m,TDF,,SUP,,False,False
2816010,FREE MOBILE,LTE 2100,"CR ENTRE ""LA PALOUSSIÈRE"" ET ""LES AULNAIS"" (LA BONDRAIRIE) 49520 SEGRE EN ANJOU BLEU",49331,"47.7106,-0.9197",Pylône autostable,39m,ATC FRANCE,,SUP,,False,False
2816022,FREE MOBILE,LTE 2100,N176 (GRAND BOIS DE LA FOSSE AUX LOU) 22100 ST SAMSON SUR RANCE,22327,"48.4914,-2.0419",Pylône autostable,49m,FREE-MOBILE,,SUP,,False,False
2817233,FREE MOBILE,"LTE 2100, LTE 2600",MOULIN DE COUTANCES (COUTANCES) 49170 ST GEORGES SUR LOIRE,49283,"47.3917,-0.7833",Pylône autostable,33m,FREE-MOBILE,,SUP,,False,False
2817547,SFR,"LTE 2600, 5G NR 3500",R DE RENAUDEAU 44150 VAIR SUR LOIRE,44163,"47.3767,-1.1089",Pylône autostable,33m,TDF,,AJO,,False,False
2818191,BOUYGUES TELECOM,"LTE 700, LTE 800, LTE 1800, LTE 2100, LTE 2600, 5G NR 2100",ROUTE DE SAINT-AULAYE (LES MOUILLÈRES) 24230 ST ANTOINE DE BREUILH,24370,"44.8422,0.145",Pylône autostable,33m,ATC FRANCE,2026-07-18,ALL,,False,True
2818191,SFR,"LTE 700, LTE 800, LTE 1800, LTE 2100, LTE 2600, 5G NR 2100",ROUTE DE SAINT-AULAYE (LES MOUILLÈRES) 24230 ST ANTOINE DE BREUILH,24370,"44.8422,0.145",Pylône autostable,33m,ATC FRANCE,2026-07-08,ALL,,False,True
2818960,FREE MOBILE,LTE 2100,ROUTE DE GODERVILLE (LA GRANDE RUE) 76430 ST GILLES DE LA NEUVILLE,76586,"49.5803,0.3539",Pylône autostable,"32,6m",TDF,,SUP,,False,False
2819167,BOUYGUES TELECOM,5G NR 3500,18 R PIERRE PAUL DE RIQUET 33610 CANEJAN,33090,"44.7772,-0.6622",Pylône tubulaire,"42,1m",CELLNEX,2026-07-13,ALL,,False,False
2819167,BOUYGUES TELECOM,LTE 2100,18 R PIERRE PAUL DE RIQUET 33610 CANEJAN,33090,"44.7772,-0.6622",Pylône tubulaire,"42,1m",CELLNEX,2024-03-11,SUP,,False,False
2819277,SFR,"LTE 2600, 5G NR 3500",RUE DE LA PAILLE (LE CHAMP PERDU) 18340 PLAIMPIED GIVAUDINS,18180,"46.995,2.445",Pylône autostable,30m,ATC FRANCE,,AJO,,False,False
2819359,FREE MOBILE,"LTE 2100, LTE 2600",KERABRAHAM 56230 QUESTEMBERT,56184,"47.7031,-2.4467",Pylône autostable,"38,3m",FREE-MOBILE,,SUP,,False,False
2819781,ORANGE,5G NR 2100,D.10 (LA PIÈCE DU PUITS SAINT RÉMY) 86390 LATHUS ST REMY,86120,"46.2917,0.8911",Pylône autostable,36m,ATC FRANCE,2026-07-16,ALL,,False,False
2819812,SRR,"UMTS 900, UMTS 2100, LTE 700, LTE 800, LTE 1800, LTE 2600",NOUVELLE ROUTE DU LITTORAL (LA GRANDE CHALOUPE) 97419 LA POSSESSION,97408,"-20.8975,55.3697",Pylône tubulaire,8m,TDF,2023-04-29,ART,,False,True
2820275,ORANGE,5G NR 2100,CHEMIN DES FORGES  CHEMIN RURAL (LA CROUZETTE) 24220 ST CYPRIEN,24396,"44.915,0.995",Pylône autostable,30m,TOTEM,,AJO,,False,False
2820941,FREE MOBILE,LTE 2100, (LA MOTTE) 85260 L HERBERGEMENT,85108,"46.9267,-1.3517",Pylône autostable,"32,3m",FREE-MOBILE,,SUP,,False,False
2821001,BOUYGUES TELECOM,5G NR 3500,2 TER R AU MAIRE 75003 PARIS 03,75103,"48.8644,2.3575",Immeuble,"28,6m","Copropriété, Syndic, SCI",,AJO,,False,False
2822232,FREE MOBILE,"LTE 2100, LTE 2600",ROUTE DE BOURG DE VISA (LA RATERIE) 82110 LAUZERTE,82094,"44.2661,1.1228",Pylône autostable,"26,8m",FREE-MOBILE,,SUP,,False,False
2822578,FREE MOBILE,LTE 2100,PROCHE RUE DES MARAIS D132 08260 ETALLE,08155,"49.8481,4.44",Pylône autostable,44m,HIVORY,,SUP,,False,False
2822604,ORANGE,5G NR 2100,ROUTE DES ARMELLES  ANCIENNE RD710 (LA BOUSSONNIE) 24380 LACROPTE,24220,"45.0408,0.8561",Pylône autostable,30m,TOTEM,,AJO,,False,False
2824904,FREE MOBILE,LTE 2100,PROCHE A89 (BOIS DU REVENANT) 24700 MONTPON MENESTEROL,24294,"44.9881,0.1922",Pylône autostable,43m,Sociétés d'Autoroutes,,SUP,,False,False
2825212,FREE MOBILE,LTE 2100, (LES SAGNES) 43800 ROSIERES,43165,"45.1669,3.9764",Pylône autostable,46m,SFR,,SUP,,False,False
2825245,FREE MOBILE,LTE 2100,PROCHE ROUTE DES BREVONNES (LA ROSE) 01390 MONTHIEUX,01261,"45.96,4.9467",Pylône autostable,30m,ATC FRANCE,,SUP,,False,False
2825249,FREE MOBILE,"LTE 2100, LTE 2600",D93 LA PIÈCE DU MOULIN (LA RANGAIE) 85600 MONTAIGU VENDEE,85146,"47.0069,-1.2886",Pylône autostable,42m,ATC FRANCE,,SUP,,False,False
2825280,SFR,GSM 900,AV GENERAL HARRIS SERVICE DES URGENCES (CHU COTE DE NACRE) 14000 CAEN,14118,"49.2056,-0.3564",Bâtiment,"23,5m","État, Ministère",2024-04-19,SUP,,False,False
2826043,FREE MOBILE,"LTE 2100, LTE 2600",PROCHE ROUTE POUTON SUD (POUTON SUD) 33910 BONZAC,33062,"45.0003,-0.2319",Pylône autostable,"38,9m",FREE-MOBILE,,SUP,,False,True
2826087,BOUYGUES TELECOM,"LTE 700, LTE 800, 5G NR 2100",CORNICHE JACQUES CHIRAC ZONE CARENAGE DU PORT (ZONE CARENAGE DU PORT) 13960 SAUSSET LES PINS,13104,"43.3297,5.1075",Pylône tubulaire,22m,CELLNEX,2026-07-30,ALL,,False,True
2826386,FREE MOBILE,"LTE 2100, LTE 2600",CHEMIN RURAL N°21 D64 (SENTE DU MOULIN) 95810 GRISY LES PLATRES,95287,"49.1303,2.0569",Pylône tubulaire,31m,ON TOWER FRANCE,,SUP,,False,False
2826874,ORANGE,"LTE 700, 5G NR 2100",RÉS LES MYRTILLES (LA PIERRE ST-MARTIN) 64570 ARETTE,64040,"42.9767,-0.7447",Immeuble,39m,"Copropriété, Syndic, SCI",,AJO,,False,False
2826874,ORANGE,LTE 2100,RÉS LES MYRTILLES (LA PIERRE ST-MARTIN) 64570 ARETTE,64040,"42.9767,-0.7447",Immeuble,39m,"Copropriété, Syndic, SCI",2020-11-12,SUP,,False,False
2827423,FREE MOBILE,LTE 2100,CHEMIN DE LA GRANDE METAIRIE (LE RUAU) 49640 MORANNES SUR SARTHE DAUMERAY,49220,"47.715,-0.4269",Pylône autostable,43m,TOTEM,,SUP,,False,False
2827470,ORANGE,5G NR 2100,RUE DU BOURG (LE HAMEAU JEANNE) 50110 LE MESNIL AU VAL,50305,"49.6083,-1.5311",Pylône autostable,31m,ATC FRANCE,2026-07-20,ALL,,False,False
2828364,ORANGE,5G NR 2100,VC N°1 D'AUGET À BRION D 13 (LES PIERRES) 86160 ST MAURICE LA CLOUERE,86235,"46.3839,0.4758",Pylône autostable,36m,ATC FRANCE,2026-07-09,ALL,,False,False
2828371,FREE MOBILE,"LTE 2100, LTE 2600",PROCHE RUE DE LORRAINE (TROUCHIOT) 57580 LEMUD,57392,"49.0392,6.3694",Pylône autostable,30m,ORANGE,,SUP,,False,True
2829210,BOUYGUES TELECOM,"LTE 1800, LTE 2600",4 AV FERNAND DUNAN (BARRATIER) 06310 BEAULIEU SUR MER,06011,"43.7039,7.3306",Bâtiment,"13,6m","Copropriété, Syndic, SCI",2026-07-02,ALL,,False,False
2829210,BOUYGUES TELECOM,5G NR 2100,4 AV FERNAND DUNAN (BARRATIER) 06310 BEAULIEU SUR MER,06011,"43.7039,7.3306",Bâtiment,"13,6m","Copropriété, Syndic, SCI",2026-06-26,ART,,False,False
2832078,FREE MOBILE,"LTE 2100, LTE 2600",NOYEUX (LES LONGUES VIGNES) 44680 ST HILAIRE DE CHALEONS,44164,"47.0831,-1.8878",Pylône autostable,"38,4m",FREE-MOBILE,,SUP,,False,False
2832080,FREE MOBILE,"LTE 2100, LTE 2600",119 ROUTE DE COHENNOZ (AU CHEF LIEU) 73590 COHENNOZ,73088,"45.7581,6.4822",Pylône tubulaire,"13,2m",TDF,,SUP,,False,False
283251,ORANGE,LTE 2600,CAMP MILITAIRE DE SISSONNE 02150 SISSONNE,02720,"49.5681,3.9139",Pylône autostable,54m,TDF,,AJO,,False,False
2834349,FREE MOBILE,LTE 2100, (LE HAUT ROMA) 22800 LANFAINS,22099,"48.3639,-2.885",Pylône autostable,"32,3m",FREE-MOBILE,,SUP,,False,False
2834373,FREE MOBILE,LTE 2100,CHEMIN DU TUNNEL (LE FOUR A CHAUX) 95650 BOISSY L AILLERIE,95078,"49.0744,2.0317",Pylône autostable,"37,9m",FREE-MOBILE,,SUP,,False,False
2835045,FREE MOBILE,LTE 2100,14 RUE DU MONUMENT 59740 FELLERIES,59226,"50.1475,4.0247",Pylône autostable,26m,ATC FRANCE,,SUP,,False,False
2835601,BOUYGUES TELECOM,"LTE 1800, LTE 2600, 5G NR 2100",8 R D'AYDAT 63100 CLERMONT FERRAND,63113,"45.7583,3.0808",Immeuble,20m,CELLNEX,2026-06-12,ART,,False,False
2835601,BOUYGUES TELECOM,5G NR 3500,8 R D'AYDAT 63100 CLERMONT FERRAND,63113,"45.7583,3.0808",Immeuble,20m,CELLNEX,,SUP,,False,False
2836721,ORANGE,5G NR 2100,CHEMIN DU BARAT (BARAT) 40090 GELOUX,40111,"43.9864,-0.6292",Pylône autostable,"35,7m",TOTEM,2026-06-29,ART,,False,False
2838713,FREE MOBILE,LTE 2100,RTE DE PORTETENY (PETIEU) 40210 LABOUHEYRE,40134,"44.2256,-0.9244",Pylône autostable,32m,ATC FRANCE,,SUP,,False,False
2839339,FREE MOBILE,"LTE 2100, LTE 2600",ROUTE DE LA MAILLERIE 86250 CHARROUX,86061,"46.1375,0.4019",Pylône autostable,"38,6m",TDF,,SUP,,False,False
2840882,ORANGE,"LTE 2100, 5G NR 700, 5G NR 3500",CHEMIN DE BOURGEA PRES RESERVOIR 07800 ST GEORGES LES BAINS,07240,"44.8567,4.8189",Pylône autostable,26m,ON TOWER FRANCE,,AJO,,False,False
2840882,ORANGE,LTE 700,CHEMIN DE BOURGEA PRES RESERVOIR 07800 ST GEORGES LES BAINS,07240,"44.8567,4.8189",Pylône autostable,26m,ON TOWER FRANCE,2023-11-20,SUP,,False,False
2842837,SRR,LTE 2100,50 R RAYMOND ALBIUS (COLLEGE) 97412 BRAS PANON,97402,"-21.0011,55.6825",Pylône autostable,30m,Société Réunionnaise de Radiotéléphonie,2026-06-26,ART,,False,False
2842902,FREE MOBILE,"LTE 2100, LTE 2600",PROCHE ROUTE DE KERASCOET 29590 LOPEREC,29139,"48.2756,-4.0589",Pylône autostable,"37,8m",FREE-MOBILE,,SUP,,False,False
2842918,FREE MOBILE,LTE 2100,ROUTE DE KERDUPERH (ER POULICQ) 56250 MONTERBLANC,56137,"47.7114,-2.685",Pylône autostable,45m,Particulier,,SUP,,False,False
2842932,FREE MOBILE,LTE 2100,CHEMIN DE LA BANE (L'AUMADE HAUTE) 83440 ST PAUL EN FORET,83117,"43.5908,6.6794",Pylône autostable,21m,FREE-MOBILE,,SUP,,False,False
2843179,BOUYGUES TELECOM,5G NR 3500,35 RUE DU CHATEAU D ORGEMONT 49100 ANGERS,49007,"47.4486,-0.5431",Bâtiment,33m,ATC FRANCE,,AJO,,False,False
2843207,BOUYGUES TELECOM,UMTS 900,35/37/39 R JULES LEFEVRE PROLONGEE BD ARISTIDE BRIAND 92400 COURBEVOIE,92026,"48.8989,2.2572",Immeuble,24m,Société HLM,,SUP,,False,False
2843222,FREE MOBILE,"LTE 2100, LTE 2600",4 RUE DU FOYER 68210 MAGNY,68196,"47.6033,7.0533",Pylône autostable,33m,ATC FRANCE,,SUP,,False,False
2843230,FREE MOBILE,LTE 2100,ROUTE DE BROGNON (LES ESSERVOLLES) 21310 BEIRE LE CHATEL,21056,"47.4083,5.1969",Pylône autostable,40m,ATC FRANCE,,SUP,,False,False
2844158,FREE MOBILE,"LTE 2100, LTE 2600",RUE DE VERDIN 02140 LA VALLEE AU BLE,02759,"49.8628,3.7831",Pylône autostable,38m,FREE-MOBILE,,SUP,,False,False
2844164,FREE MOBILE,"LTE 2100, LTE 2600",CHEMIN RURAL (LE GOUEZERIO) 22170 PLOUVARA,22234,"48.5231,-2.9403",Pylône autostable,39m,FREE-MOBILE,,SUP,,False,False
2844166,FREE MOBILE,LTE 2100,KERROPARTZ PARC PRIGENT BIHAN 22200 PLOUISY,22223,"48.6053,-3.1781",Pylône autostable,33m,FREE-MOBILE,,SUP,,False,False
2844715,BOUYGUES TELECOM,LTE 2100,1523 ROUTE DU CHATEAU D'EAU (JEAN DE LA FONT) 33750 NERIGEAN,33303,"44.8417,-0.2725",Château d'eau - réservoir,"46,7m","Syndicat des eaux, Adduction",2025-11-10,SUP,,False,False
2844890,FREE MOBILE,"LTE 2100, LTE 2600",VOIE COMMUNIALE N 11 (TRAON AR VILIN PARC AR CHO) 29400 LAMPAUL GUIMILIAU,29097,"48.4994,-4.0242",Pylône autostable,36m,FREE-MOBILE,,SUP,,False,False
2845156,SFR,5G NR 3500,PROCHE RUE DE L ÉGALITÉ (EN MARGILLAT) 01851 MARBOZ,01232,"46.3439,5.2619",Pylône autostable,"37,5m",ATC FRANCE,,AJO,,False,False
2845170,FREE MOBILE,LTE 2100,RUE DU STADE 56490 GUILLIERS,56080,"48.0467,-2.4042",Pylône tubulaire,31m,ATC FRANCE,,SUP,,False,False
2845207,FREE MOBILE,"LTE 2100, LTE 2600",5 IMP DU STADE PROCHE RUE PIERRE AUBRÉE LES AIRIAIS 35390 STE ANNE SUR VILAINE,35249,"47.7294,-1.8269",Pylône tubulaire,31m,ATC FRANCE,,SUP,,False,False
2845224,FREE MOBILE,"LTE 2100, LTE 2600",LA LANDE VC N°4 DE VERGEAL À LOUVIGNÉ DE BAIS (L'ASPRIE) 35680 VERGEAL,35350,"48.0378,-1.2742",Pylône autostable,32m,ATC FRANCE,,SUP,,False,False
2845228,FREE MOBILE,LTE 2100,D137 (LA CROIX NEUVE) 56350 BEGANNE,56011,"47.6031,-2.2383",Pylône autostable,38m,ATC FRANCE,,SUP,,False,False
2847857,ORANGE,5G NR 2100,RD 131 (LES CHAMPS - LE BECQUET) 50270 SENOVILLE,50572,"49.4283,-1.7967",Pylône autostable,36m,ORANGE Services Fixes,2026-07-20,ALL,,False,False
2847861,FREE MOBILE,LTE 2100,ROUTE DU MOULIN D66 (LA MARE DU PARC) 50340 PIERREVILLE,50401,"49.4592,-1.7928",Pylône autostable,40m,TOTEM,,SUP,,False,False
2848464,FREE MOBILE,LTE 2100,CHEMIN DES LABOURS (SPRAMBRICH) 57100 THIONVILLE,57672,"49.3942,6.0967",Pylône autostable,"37,4m",FREE-MOBILE,,SUP,,False,False
2848891,FREE MOBILE,"LTE 2100, LTE 2600",CREAC H AR FOREST (KERGONQUIS HUELLA) 29150 CHATEAULIN,29026,"48.1861,-4.1017",Pylône autostable,"31,9m",FREE-MOBILE,,SUP,,False,False
2848905,FREE MOBILE,LTE 2100,VOIE COMMUNALE DES PEROUZES 69700 LOIRE SUR RHONE,69118,"45.545,4.7736",Pylône autostable,"26,5m",FREE-MOBILE,,SUP,,False,False
2848974,FREE MOBILE,LTE 2100,PROCHE ROUTE ROLAND GARROS (LA MOUTHE) 19240 VARETZ,19278,"45.1692,1.4561",Pylône autostable,"32,6m",TDF,,SUP,,False,False
2849320,FREE MOBILE,"LTE 900, LTE 2100, 5G NR 700",RUE DE LA CROIX VERTE (TERRES DE L'HUMEAU SAINT-PORCH) 79300 BRESSUIRE,79049,"46.86,-0.4475",Pylône autostable,33m,ATC FRANCE,2026-07-07,ALL,,False,False
2849941,SFR,GSM 900,8-12 AV ADRIEN RAYNAL 94310 ORLY,94054,"48.7431,2.4028",Immeuble,"34,7m","Copropriété, Syndic, SCI",1999-08-02,SUP,,False,False
2850242,FREE MOBILE,"LTE 2100, LTE 2600",ROUTE DE L'ETANG 38500 VOIRON,38563,"45.3975,5.5917",Pylône autostable,"32,5m",FREE-MOBILE,,SUP,,False,True
2850244,FREE MOBILE,"LTE 2100, LTE 2600",ROUTE DE MONTFORT (LES MORTIERS) 72160 BEILLE,72031,"48.0767,0.4872",Pylône autostable,"44,6m",TDF,,SUP,,False,False
2850258,BOUYGUES TELECOM,"UMTS 900, LTE 2100, 5G NR 3500",15 ALL DE GERIS 13800 ISTRES,13047,"43.5058,4.9747",Pylône tubulaire,24m,CELLNEX,,SUP,,False,True
2850853,SFR,LTE 1800,PRES DU CHEMIN RURAL DE THUIR À CAMELAS (MAS DELS HORTS) 66300 CAMELAS,66033,"42.6289,2.6775",Pylône autostable,43m,TDF,,AJO,,True,False
2851815,SFR,"UMTS 900, LTE 700, LTE 800, LTE 1800, LTE 2100, LTE 2600, 5G NR 3500",58 ROUTE DES ROMAINS 67200 STRASBOURG,67482,"48.58,7.7164",Immeuble,"35,8m","Copropriété, Syndic, SCI",,SUP,,False,True
2852059,FREE MOBILE,"LTE 2100, LTE 2600",ROUTE BREZILLEC (BREZILLEC) 56390 COLPO,56042,"47.8169,-2.8467",Pylône autostable,"26,3m",FREE-MOBILE,,SUP,,False,False
2852063,FREE MOBILE,"LTE 2100, LTE 2600",D22 (LES MECHINS) 86230 ST GERVAIS LES TROIS CLOCHERS,86224,"46.9067,0.4353",Pylône autostable,"38,6m",TDF,,SUP,,False,True
2853371,FREE MOBILE,"LTE 2100, LTE 2600",RUE DU CHÂTENAY 85190 BEAULIEU SOUS LA ROCHE,85016,"46.6864,-1.6114",Pylône autostable,33m,FREE-MOBILE,,SUP,,False,False
2855281,ORANGE,"LTE 1800, 5G NR 2100",497 ROUTE DE LA ROUQUE (LA ROQUE) 12260 SALLES COURBATIES,12252,"44.4867,2.0886",Pylône autostable,23m,TDF,2026-06-29,ART,,False,False
2855629,FREE MOBILE,LTE 2100,3 LA CROIX FRANCOIS (BLANCHE COLOMBE) 44360 VIGNEUX DE BRETAGNE,44217,"47.3169,-1.6981",Pylône autostable,39m,FREE-MOBILE,,SUP,,False,False
2856280,FREE MOBILE,LTE 2600,CROISEMENT D35 LIGNE LGV (LES CHABANNES) 86510 CHAUNAY,86068,"46.2186,0.1406",Pylône autostable,30m,TOTEM,,SUP,,False,False
2856420,FREE MOBILE,LTE 2100,ROUTE DE MORVILLE (LA PETITE LONDE) 50700 YVETOT BOCAGE,50648,"49.485,-1.5022",Pylône autostable,"32,3m",FREE-MOBILE,,SUP,,False,False
2856715,FREE MOBILE,"LTE 2100, LTE 2600",ROUTE DÉPARTEMENTALE 133 (PRE DE L ARCHE ) 44540 VALLONS DE L ERDRE,44180,"47.5403,-1.1211",Pylône autostable,43m,ORANGE,,SUP,,False,True
2856715,ORANGE,LTE 1800,ROUTE DÉPARTEMENTALE 133 (PRE DE L ARCHE ) 44540 VALLONS DE L ERDRE,44180,"47.5403,-1.1211",Pylône autostable,43m,ORANGE,2026-07-08,ALL,,False,False
2856802,ORANGE,GSM 900, (CLOTS DE ROQUES) 47440 CASSENEUIL,47049,"44.4261,0.6506",Pylône autostable,33m,TOTEM,2005-12-24,SUP,,False,False
2856893,FREE MOBILE,LTE 2100,1 ROUTE DE QUENNE ZONE ARTISANALE DU SOLEIL LEVANT DEPARTEMENTALE 97 (LES BRUYÈRES) 89290 VENOY,89438,"47.8006,3.6497",Pylône autostable,38m,BOUYGUES,,SUP,,False,False
2857021,BOUYGUES TELECOM,LTE 1800,RUE MENAGE (LES COTES) 62990 CONTES,62236,"50.4108,1.9636",Pylône autostable,"33,3m",CELLNEX,,AJO,,True,False
2857021,FREE MOBILE,LTE 1800,RUE MENAGE (LES COTES) 62990 CONTES,62236,"50.4108,1.9636",Pylône autostable,"33,3m",CELLNEX,,AJO,,True,False
2857021,SFR,LTE 1800,RUE MENAGE (LES COTES) 62990 CONTES,62236,"50.4108,1.9636",Pylône autostable,"33,3m",CELLNEX,,AJO,,True,False
2857244,FREE MOBILE,"LTE 2100, LTE 2600",RUE DU BAC DE MENIL (LE CLOS DE BEAUVAIS) 53200 COUDRAY,53078,"47.7886,-0.6506",Pylône autostable,32m,ATC FRANCE,,SUP,,False,False
2857273,FREE MOBILE,"LTE 2100, LTE 2600",RUE DU STADE LE LAMPRE (LE MOULIN DU CLOSNE) 56190 LE GUERNO,56077,"47.5875,-2.4161",Pylône autostable,32m,ATC FRANCE,,SUP,,False,False
2857281,FREE MOBILE,"LTE 2100, LTE 2600",D309 (LE REPOS DU CHASSEUR) 72300 SOLESMES,72336,"47.8372,-0.2572",Pylône autostable,32m,ATC FRANCE,,SUP,,False,False
2858009,FREE MOBILE,"LTE 2100, LTE 2600",PROCHE ROUTE DE LA BALLE ST MARTIN DON (LA FAVRIE-ST MARTIN DON) 14350 SOULEUVRE EN BOCAGE,14061,"48.9256,-0.9392",Pylône autostable,32m,TDF,,SUP,,False,True
2858068,FREE MOBILE,"LTE 2100, LTE 2600", (LE FOUR À CHAUX) 49430 HUILLE LEZIGNE,49174,"47.6331,-0.3025",Pylône autostable,32m,FREE-MOBILE,,SUP,,False,False
2858457,ORANGE,UMTS 900,D 27 (ALZITELLA) 20119 BASTELICA,2A031,"42.01,9.0386",Pylône autostable,30m,TOTEM,2026-06-30,ART,,True,False
2860772,FREE MOBILE,"LTE 2100, LTE 2600",PROCHE PASSAGE A NIVEAU 404 (LA HAUDRAIE) 56220 MALANSAC,56123,"47.6742,-2.3119",Pylône autostable,"32,3m",FREE-MOBILE,,SUP,,False,False
2861213,SFR,5G NR 3500,CHEMIN DE L'ESPERANCE 49750 CHEMILLE EN ANJOU,49092,"47.2147,-0.7344",Pylône autostable,30m,CELLNEX,,AJO,,False,False
2861724,SFR,"UMTS 900, LTE 700, LTE 800, LTE 1800, LTE 2100, LTE 2600, 5G NR 2100, 5G NR 3500",D111 LE PETIT BEAUVAIS (LE PETIT BEAUVAIS) 17220 ST ROGATIEN,17391,"46.1514,-1.0767",Pylône tubulaire,"24,1m",SFR,,SUP,,False,True
2861787,ORANGE,5G NR 2100,5 CHEMIN DE LA FRENIÈRE (LE PATIS EST) 79240 LARGEASSE,79147,"46.6931,-0.4914",Pylône autostable,36m,ATC FRANCE,2026-07-02,ALL,,False,False
2862281,FREE MOBILE,LTE 2100,STADE MUNICIPAL DE BARSAC (ESPEC) 33720 BARSAC,33030,"44.6053,-0.3136",Pylône tubulaire,"37,4m",FREE-MOBILE,,SUP,,False,False
2862829,FREE MOBILE,LTE 2100,RUE DE REUILLY (LE COURTIL ROUGET) 77910 CHAMBRY,77077,"48.9919,2.8922",Pylône autostable,"31,9m",FREE-MOBILE,,SUP,,False,False
2862853,FREE MOBILE,"LTE 2100, LTE 2600",ROUTE DE CARRESSE D29 A64 (LANOT) 64270 LAHONTAN,64305,"43.52,-0.9806",Pylône autostable,"32,6m",TDF,,SUP,,False,True
2863132,ORANGE,GSM 900,10 RUE PAULE  RAYMONDIS (BOUAYSETTO) 31500 TOULOUSE,31555,"43.6394,1.4853",Pylône tubulaire,35m,TOTEM,2024-03-29,SUP,,False,False
2865254,FREE MOBILE,"LTE 2100, LTE 2600",RUE SILLONS 35850 PARTHENAY DE BRETAGNE,35216,"48.1908,-1.8222",Pylône autostable,"37,9m",FREE-MOBILE,,SUP,,False,False
2865256,FREE MOBILE,"LTE 2100, LTE 2600",LA BIDELLERIE PROCHE DE LA ROUTE LA BIDELLERIE 50320 FOLLIGNY,50188,"48.8272,-1.4333",Pylône autostable,"46,5m",FREE-MOBILE,,SUP,,False,True
2866127,FREE MOBILE,"LTE 2100, LTE 2600",RUE DU MOULINET (LE CAPADANT) 62310 MENCAS,62565,"50.5589,2.1458",Pylône autostable,"32,8m",FREE-MOBILE,,SUP,,False,False
2866145,BOUYGUES TELECOM,5G NR 3500,CHEMIN DES CLOS (LES DEFENDS) 83136 GAREOULT,83064,"43.3464,6.0336",Pylône autostable,29m,PHOENIX FRANCE INFRASTRUCTURES,,AJO,,False,False
2866389,FREE MOBILE,"LTE 2100, LTE 2600",PROCHE DE LA ROUTE LA SANSONNIÈRE (LA SANSONNIÈRE) 72440 BOULOIRE,72042,"47.9806,0.5564",Pylône autostable,24m,ATC FRANCE,,SUP,,False,False
2867487,FREE MOBILE,LTE 2100,550 ROUTE DES GORGES DU FIER 74650 CHAVANOD,74067,"45.8936,6.04",Pylône autostable,33m,FREE-MOBILE,,SUP,,False,False
2868335,FREE MOBILE,LTE 2100,42 RUE DU MARAICHON 59148 FLINES LEZ RACHES,59239,"50.4114,3.1914",Pylône autostable,"25,8m",FREE-MOBILE,,SUP,,False,False
2868935,FREE MOBILE,"LTE 2100, LTE 2600",ROUTE D HONDSCHOOTE 59114 STEENVOORDE,59580,"50.8211,2.5792",Pylône tubulaire,"31,2m",FREE-MOBILE,,SUP,,False,True
2870186,BOUYGUES TELECOM,"LTE 700, LTE 800",CHEM DE FONDBLANCHE ROUTE DE SEYSSUEL 38670 CHASSE SUR RHONE,38087,"45.5806,4.8319",Pylône tubulaire,25m,CELLNEX,2026-07-13,ALL,,False,True
2870186,BOUYGUES TELECOM,"UMTS 900, LTE 2100",CHEM DE FONDBLANCHE ROUTE DE SEYSSUEL 38670 CHASSE SUR RHONE,38087,"45.5806,4.8319",Pylône tubulaire,25m,CELLNEX,,SUP,,False,True
2870220,FREE MOBILE,"LTE 900, LTE 2100, 5G NR 700",7 RUE RENE COTY 27140 GISORS,27284,"49.2769,1.7769",Immeuble,20m,Société HLM,2026-07-07,ALL,,False,False
2870362,SFR,UMTS 900,RUE DE LA FOLLE AVOINE ALL. DES MAÏS 77380 COMBS LA VILLE,77122,"48.6567,2.5742",Pylône tubulaire,24m,SFR,,SUP,,False,True
2870702,FREE MOBILE,LTE 2100,AU-DELÀ DE LA RIVIÈRE (LES BUILLONS) 42600 MORNAND EN FOREZ,42151,"45.6825,4.1306",Pylône autostable,39m,CELLNEX,,SUP,,False,False
2871630,FREE MOBILE,"LTE 2100, LTE 2600",ROUTE DE LA CHAPELLE (KERJOZ) 29700 PLUGUFFAN,29216,"47.9667,-4.185",Pylône autostable,"32,3m",FREE-MOBILE,,SUP,,False,False
2871658,FREE MOBILE,LTE 2100,RUE DU STADE (CHAMPS DE LA BENIÈRE) 86120 BOURNAND,86036,"47.0797,0.0753",Pylône autostable,"37,8m",ATC FRANCE,,SUP,,False,False
2872021,FREE MOBILE,LTE 2100,2 RUE DU MOULIN (MARQUEDEBAT NORD) 64420 ANDOINS,64021,"43.3172,-0.2325",Pylône autostable,35m,ATC FRANCE,,SUP,,False,False
2872025,ORANGE,5G NR 2100,ROUTE DE LA COUSTÈTE (PELUHO) 40240 MAUVEZIN D ARMAGNAC,40176,"43.96,-0.1317",Pylône autostable,24m,TOTEM,,AJO,,False,False
2872109,FREE MOBILE,LTE 2100,ROUTE DÉPARTEMENTALE 33 (GOAREM BRAS) 22810 PLOUGONVER,22216,"48.4933,-3.3756",Pylône autostable,"37,9m",FREE-MOBILE,,SUP,,False,False
2872111,FREE MOBILE,"LTE 2100, LTE 2600",CHEMIN DE LA COSTE (COSTES) 31470 BONREPOS SUR AUSSONNELLE,31075,"43.5553,1.1508",Pylône autostable,"32,8m",FREE-MOBILE,,SUP,,False,False
2872117,FREE MOBILE,LTE 2100,PROCHE DE LA RUE DE LA VIGNE DE LA LANDE 44710 ST LEGER LES VIGNES,44171,"47.1422,-1.7222",Pylône autostable,"31,9m",FREE-MOBILE,,SUP,,False,False
2872766,FREE MOBILE,LTE 2100,ETANG COMMUNAL (LES FILÉES) 85310 LA CHAIZE LE VICOMTE,85046,"46.6769,-1.3158",Pylône autostable,39m,FREE-MOBILE,,SUP,,False,False
2872780,SFR,5G NR 3500,ROUTE DE BOURG (LA PRAIRIE) 01240 LENT,01211,"46.1278,5.1919",Pylône autostable,38m,CELLNEX,2026-07-08,ALL,,False,False
2873101,FREE MOBILE,LTE 2100,ROUTE DE CREPPEVILLE (LE GROS HÊTRE) 76590 LONGUEVILLE SUR SCIE,76397,"49.7911,1.1042",Pylône autostable,42m,FREE-MOBILE,,SUP,,False,False
2873125,ORANGE,GSM 900,R NOTRE-DAME (LE BOURG) 82120 LAVIT,82097,"43.9589,0.9211",Pylône autostable,25m,ORANGE Services Fixes,2002-01-15,SUP,,False,False
2873427,FREE MOBILE,"LTE 2100, LTE 2600",106 RUE ALAIN GOSSUIN 27210 BOULLEVILLE,27100,"49.3575,0.3939",Pylône autostable,33m,FREE-MOBILE,,SUP,,False,True
2873684,SFR,GSM 900, (BOIS DE NOE) 89320 NOE,89278,"48.1394,3.4131",Pylône autostable,"35,1m",ATC FRANCE,2024-04-19,SUP,,False,False
2874243,FREE MOBILE,"LTE 2100, LTE 2600",PROCHE DE LA ROUTE DU MOUSEAU (LA HAIE DE TAYE) 28300 CINTRAY,28100,"48.4481,1.3589",Pylône autostable,"38,6m",TDF,,SUP,,False,False
2874259,FREE MOBILE,LTE 2100,RUE PRINCIPALE (REITER) 57840 ROCHONVILLERS,57586,"49.4078,6.0308",Pylône autostable,"38,8m",FREE-MOBILE,,SUP,,False,False
2874748,FREE MOBILE,LTE 2100,ROUTE DEPARTEMENTAL 1504 (AUX FONTANETTES) 01230 TORCIEU,01421,"45.935,5.4128",Pylône autostable,34m,ATC FRANCE,,SUP,,False,False
2874756,FREE MOBILE,"LTE 2100, LTE 2600",RD N°106 (KERNABAT) 29380 BANNALEC,29004,"47.9092,-3.6256",Pylône autostable,33m,ATC FRANCE,,SUP,,False,True
2874760,ORANGE,5G NR 2100,2 RTE DE LUBETTE 40360 POMAREZ,40228,"43.6344,-0.8683",Pylône autostable,24m,TOTEM,2026-07-13,ALL,,False,False
2874870,SFR,"UMTS 900, LTE 700, LTE 800, LTE 1800, LTE 2100, LTE 2600, 5G NR 2100",CHEMIN DE LA PETITE VITESSE 51000 CHALONS EN CHAMPAGNE,51108,"48.9567,4.3492",Pylône autostable,42m,SFR,2026-06-26,SUP,,False,False
2874886,SFR,"UMTS 900, 5G NR 2100",1 RUE JUSTE HERAS 93150 LE BLANC MESNIL,93007,"48.9517,2.4447",Immeuble,"28,3m","Copropriété, Syndic, SCI",,SUP,,False,True
2875052,SFR,5G NR 2100,110 AVENUE DU PRÉSIDENT WILSON 93380 ST DENIS,93066,"48.9078,2.3592",Immeuble,30m,"Copropriété, Syndic, SCI",,SUP,,False,False
2875146,FREE MOBILE,LTE 2100,CHEMIN RURAL NUMÉRO 19 (LA FARIBOLE) 76116 RY,76548,"49.4639,1.3456",Pylône autostable,"31,9m",ATC FRANCE,,SUP,,False,False
2875427,FREE MOBILE,"LTE 2100, LTE 2600",CAMI DE SENT AUNIS (LE COUSCOUILH) 65500 CAMALES,65121,"43.3547,0.0631",Pylône autostable,32m,ATC FRANCE,,SUP,,False,False
2875437,ORANGE,5G NR 2100,CHEMIN DU CLOS CALTOT (CLOS CALTOT) 76910 PETIT CAUX,76618,"49.9419,1.2483",Pylône autostable,32m,ATC FRANCE,,AJO,,False,False
2876344,FREE MOBILE,LTE 2100,RUE NORD DES FOSSES (PETIT CLOS) 77890 OBSONVILLE,77342,"48.2186,2.5667",Pylône autostable,28m,FREE-MOBILE,,SUP,,False,False
2876348,FREE MOBILE,"LTE 2100, LTE 2600",ROUTE DE NICE DN7 (ROMPE COUAL) 83340 LE LUC,83073,"43.395,6.2656",Pylône autostable,"32,9m",FREE-MOBILE,,SUP,,False,True
2876511,FREE MOBILE,LTE 2100,CHEMIN DE LA GARENNE (LA MARE CADET) 60240 FRESNE LEGUILLON,60257,"49.2478,1.9769",Pylône autostable,32m,ATC FRANCE,,SUP,,False,False
2877584,SFR,UMTS 900,SENTIER DU MARAIS DE PONTCELLES STADE OMNISPORTS DES FAUVETTES 95330 DOMONT,95199,"49.0242,2.3417",Pylône arbre,25m,SFR,,SUP,,False,True
2877972,FREE MOBILE,LTE 2100,PROCHE D29 (LE PETIT OSIER) 22100 ST HELEN,22299,"48.4786,-1.9872",Pylône autostable,"37,9m",FREE-MOBILE,,SUP,,False,False
2878781,SFR,5G NR 2100,ROUTE DE LA TETE RICHARD (LA TETE RICHARD) 95350 PISCOP,95489,"49.0256,2.3575",Pylône autostable,20m,SNCF Réseau,,SUP,,False,False
2878820,FREE MOBILE,LTE 2100,CHEMIN DE BABURET (LASQUE) 64800 ASSON,64068,"43.1381,-0.2483",Pylône autostable,38m,FREE-MOBILE,,SUP,,False,False
287988,ORANGE,"LTE 1800, 5G NR 700",R DU CHEM DU MAURE ADM. : ALLÉE DU STADE STADE DE DAMIGNY 61250 DAMIGNY,61143,"48.4469,0.0778",Pylône tubulaire,30m,TOTEM,2026-07-09,ALL,,False,False
2879941,FREE MOBILE,"LTE 700, LTE 900, LTE 1800, LTE 2100, LTE 2600, 5G NR 3500",64 RUE SALVADOR ALLENDE 92000 NANTERRE,92050,"48.895,2.2222",Immeuble,"35,3m",Société HLM,2026-07-24,ALL,,False,True
2880247,FREE MOBILE,LTE 900,2 BOULEVARD DES JARDINIERS RS STADE MORAN / TRIBUNE NORD (STADE ALLIANZ RIVIERA) 06300 NICE,06088,"43.7058,7.1922",Bâtiment,"40,5m",Société Privée,2026-07-07,ALL,,False,False
2880249,FREE MOBILE,LTE 900,2 BOULEVARD DES JARDINIERS RS STADE MORAN / TRIBUNE EST (STADE ALLIANZ RIVIERA) 06300 NICE,06088,"43.705,7.1933",Bâtiment,"40,5m",Société Privée,2026-07-07,ALL,,False,False
2880251,FREE MOBILE,LTE 900,2 BOULEVARD DES JARDINIERS RS STADE MORAN / TRIBUNE SUD (STADE ALLIANZ RIVIERA) 06300 NICE,06088,"43.7042,7.1928",Bâtiment,"40,5m",Société Privée,2026-07-07,ALL,,False,False
2880253,FREE MOBILE,LTE 900,2 BOULEVARD DES JARDINIERS RS STADE MORAN / TRIBUNE OUEST (STADE ALLIANZ RIVIERA) 06300 NICE,06088,"43.7047,7.1917",Bâtiment,"40,5m",Société Privée,2026-07-07,ALL,,False,False
2881601,BOUYGUES TELECOM,5G NR 3500,85 R MONGE 59100 ROUBAIX,59512,"50.6897,3.19",Bâtiment,30m,"Commune, communauté de communes",,AJO,,False,False
2881601,BOUYGUES TELECOM,5G NR 2100,85 R MONGE 59100 ROUBAIX,59512,"50.6897,3.19",Bâtiment,30m,"Commune, communauté de communes",2024-10-23,ART,,False,False
2881617,FREE MOBILE,"LTE 700, LTE 900, 5G NR 700",9 AVENUE ARMAND ROUSSEAU 75012 PARIS 12,75112,"48.8358,2.4086",Immeuble,"30,7m",Société HLM,2025-02-17,SUP,,False,False
2881877,BOUYGUES TELECOM,5G NR 3500,CHEM DE SAINT-MACAIRE (LE PERUSSAS) 34120 TOURBES,34311,"43.4419,3.3728",Pylône autostable,"24,2m",ORANGE,2026-07-15,ALL,,False,False
2881877,SFR,5G NR 3500,CHEM DE SAINT-MACAIRE (LE PERUSSAS) 34120 TOURBES,34311,"43.4419,3.3728",Pylône autostable,"24,2m",ORANGE,2026-07-22,AJA,,False,False
2882022,FREE MOBILE,"LTE 2100, LTE 2600",RN 22 POSTE DOUANES (BAC D EN MORER) 66760 PORTA,66146,"42.5589,1.7572",Pylône autostable,"44,8m",FREE-MOBILE,,SUP,,False,True
2882357,FREE MOBILE,LTE 2100,ROUTE DE SEDAN 08200 WADELINCOURT,08494,"49.6894,4.9386",Pylône autostable,"32,9m",FREE-MOBILE,,SUP,,False,False
2883525,FREE MOBILE,LTE 2100,PROCHE D765 (KERVERET) 29380 BANNALEC,29004,"47.9183,-3.6594",Pylône autostable,"38,3m",FREE-MOBILE,,SUP,,False,False
2884011,FREE MOBILE,LTE 2100,PROCHE DE LA D128C (DERRIERE LA CHASSAGNE) 52190 CHOILLEY DARDENAY,52126,"47.6542,5.3433",Pylône autostable,"32,3m",FREE-MOBILE,,SUP,,False,False
2884277,ORANGE,GSM 900,PRÈS D933 (GRAND CROIX) 47800 MIRAMONT DE GUYENNE,47168,"44.5911,0.3453",Pylône autostable,42m,TOTEM,1997-06-20,SUP,,False,False
2884326,SFR,5G NR 3500,BRUNGUEN 29510 LANDREVARZEC,29106,"48.0881,-4.0533",Pylône tubulaire,"24,4m",PHOENIX FRANCE INFRASTRUCTURES,2026-07-15,ALL,,False,False
2884835,BOUYGUES TELECOM,UMTS 900,228 AV DE COLMAR 67200 STRASBOURG,67482,"48.5558,7.7453",Immeuble,21m,"Copropriété, Syndic, SCI",,SUP,,False,False
2885076,FREE MOBILE,LTE 2600,PROCHE DE LA D979 (LE RHONY) 30470 AIMARGUES,30006,"43.7072,4.2131",Pylône autostable,33m,TOTEM,,SUP,,False,True
2885174,FREE MOBILE,"LTE 2100, LTE 2600",RUE DE BEL AIR PROCHE RUE DE BEL AIR 17240 FLOIRAC,17160,"45.4828,-0.7247",Pylône autostable,"50,5m",TDF,,SUP,,False,True
2885176,FREE MOBILE,LTE 2100,ROUTE DE ROYAN  N2150 17600 LUCHAT,17214,"45.7117,-0.7511",Pylône autostable,"44,6m",TDF,,SUP,,False,False
2885178,FREE MOBILE,"LTE 2100, LTE 2600",CHEMIN SAINT CADO CHEMIN L'ÉCHALAY 22250 SEVIGNAC,22337,"48.3581,-2.3161",Pylône autostable,"38,6m",TDF,,SUP,,False,False
2885192,FREE MOBILE,"LTE 2100, LTE 2600",CHAMPS LES BOUSSELIERES (LES BOUSSELIERES) 86370 VIVONNE,86293,"46.3822,0.2569",Pylône autostable,"32,6m",TDF,,SUP,,False,True
2885194,FREE MOBILE,LTE 1800,CHEMIN DE VIVOUR 87260 ST HILAIRE BONNEVAL,87148,"45.7283,1.3492",Pylône autostable,"44,6m",TDF,2026-07-28,ALL,,False,True
2885194,FREE MOBILE,"LTE 2100, LTE 2600",CHEMIN DE VIVOUR 87260 ST HILAIRE BONNEVAL,87148,"45.7283,1.3492",Pylône autostable,"44,6m",TDF,,SUP,,False,True
2885555,FREE MOBILE,LTE 2100,ROUTE DU COL BASMONT (VERS LES CÔTES) 73730 ST PAUL SUR ISERE,73268,"45.5883,6.4289",Pylône tubulaire,43m,FREE-MOBILE,,SUP,,False,False
2885698,BOUYGUES TELECOM,"UMTS 900, LTE 700, LTE 800, LTE 1800, LTE 2100, LTE 2600, 5G NR 2100, 5G NR 3500",INTERSECTION A16 ET N1 (LE BON ECU) 80470 ARGOEUVES,80024,"49.935,2.2456",Pylône autostable,40m,SFR,,SUP,,False,True
2885698,SFR,"UMTS 900, LTE 700, LTE 800, LTE 1800, LTE 2100, LTE 2600, 5G NR 2100, 5G NR 3500",INTERSECTION A16 ET N1 (LE BON ECU) 80470 ARGOEUVES,80024,"49.935,2.2456",Pylône autostable,40m,SFR,,SUP,,False,True
2885918,ORANGE,5G NR 2100,RUE DU CHARMOIS 88220 RAON AUX BOIS,88371,"48.065,6.5128",Pylône autostable,35m,ORANGE,,AJO,,False,False
2886084,FREE MOBILE,"LTE 2100, LTE 2600",PROCHE D153 (LA MOIZONNAIS) 56220 MALANSAC,56123,"47.6806,-2.265",Pylône autostable,"31,6m",FREE-MOBILE,,SUP,,False,False
2886495,FREE MOBILE,LTE 2100,ROUTE DE LEMPAUT (LA PEYROUSE) 81700 ST GERMAIN DES PRES,81251,"43.5461,2.0586",Pylône autostable,"38,7m",FREE-MOBILE,,SUP,,False,False
2886909,FREE MOBILE,LTE 2100,PROCHE DE LA DÉPARTEMENTALE 35 (LES MARGOTS) 18500 MEHUN SUR YEVRE,18141,"47.1094,2.2011",Pylône autostable,"32,6m",TDF,,SUP,,False,False
2887091,FREE MOBILE,"LTE 2100, LTE 2600",STATION D'ÉPURATION (PRÉ BRUNET) 38160 ST ANTOINE L ABBAYE,38359,"45.1719,5.2225",Pylône autostable,30m,TOTEM,,SUP,,False,False
2887091,ORANGE,5G NR 2100,STATION D'ÉPURATION (PRÉ BRUNET) 38160 ST ANTOINE L ABBAYE,38359,"45.1719,5.2225",Pylône autostable,30m,TOTEM,2026-06-15,ART,,False,False
2887386,ORANGE,GSM 900,CHEMIN DE BAILLOT 82000 MONTAUBAN,82121,"44.035,1.3819",Pylône autostable,32m,TOTEM,2005-06-11,SUP,,False,False
2887528,FREE MOBILE,LTE 2100,LA LANDE DES BRÛLÉS 56200 LA GACILLY,56061,"47.7447,-2.1375",Pylône autostable,"38,3m",FREE-MOBILE,,SUP,,False,False
2888185,FREE MOBILE,LTE 2100,AV DU HAUT PAYS 06690 TOURRETTE LEVENS,06147,"43.7703,7.2803",Pylône tubulaire,12m,FREE-MOBILE,,SUP,,False,False
2888390,FREE MOBILE,LTE 2100,A89 (CHAMTELOUP) 63410 CHARBONNIERES LES VIEILLES,63093,"45.9597,3.0019",Pylône autostable,30m,ATC FRANCE,,SUP,,False,False
2888397,FREE MOBILE,LTE 2100,PROCHE D33 (PUECH DE ROUSSES) 34290 COULOBRES,34085,"43.4433,3.2758",Pylône autostable,25m,ATC FRANCE,,SUP,,False,False
2888405,FREE MOBILE,"LTE 700, LTE 900, LTE 1800, 5G NR 700",ROUTE DE LA VERGNE BABOUIN 85000 LA ROCHE SUR YON,85191,"46.635,-1.4122",Pylône autostable,64m,RTE,2026-07-24,ALL,,False,True
2888405,FREE MOBILE,"LTE 2100, LTE 2600",ROUTE DE LA VERGNE BABOUIN 85000 LA ROCHE SUR YON,85191,"46.635,-1.4122",Pylône autostable,64m,RTE,,SUP,,False,True
2888538,FREE MOBILE,LTE 2100,PROCHE D53 (LA ROULLIERE) 85130 ST AUBIN DES ORMEAUX,85198,"46.9825,-1.0467",Pylône autostable,39m,FREE-MOBILE,,SUP,,False,False
2888633,FREE MOBILE,"LTE 2100, LTE 2600",PROCHE CHEMIN DES PRIEURS (LES PRIEURS) 83340 CABASSE,83026,"43.4072,6.2578",Pylône autostable,"38,6m",TDF,,SUP,,False,False
2888648,BOUYGUES TELECOM,5G NR 3500,80 AV GALLIENI 93800 EPINAY SUR SEINE,93031,"48.9631,2.2964",Immeuble,"37,4m","Copropriété, Syndic, SCI",,AJO,,False,False
2889007,ORANGE,5G NR 700,17 BOULEVARD PIERRE ET MARIE CURIE (NEGRENEYS) 31500 TOULOUSE,31555,"43.6239,1.4439",Immeuble,26m,"Copropriété, Syndic, SCI",,AJO,,False,False
2889007,ORANGE,LTE 700,17 BOULEVARD PIERRE ET MARIE CURIE (NEGRENEYS) 31500 TOULOUSE,31555,"43.6239,1.4439",Immeuble,26m,"Copropriété, Syndic, SCI",,SUP,,False,False
2889142,FREE MOBILE,UMTS 2100,11 AVENUE RAYMOND BADIOU 31500 TOULOUSE,31555,"43.5983,1.4092",Bâtiment,"24,6m",Société Privée,2026-12-31,SUP,,False,False
2889154,FREE MOBILE,"LTE 2100, LTE 2600",PROCHE CHEMIN DES SAUTES (MALODRU) 38220 MONTCHABOUD,38252,"45.0994,5.7606",Pylône autostable,33m,FREE-MOBILE,,SUP,,False,True
2889428,FREE MOBILE,"LTE 2100, LTE 2600",CHEMIN VERS D41 - HERRENGUTER (WEINGARTEN) 67370 SCHNERSHEIM,67452,"48.6664,7.5475",Pylône autostable,30m,ATC FRANCE,,SUP,,False,False
2889448,FREE MOBILE,LTE 2100,8 RUE DE GRAND-RENG 59600 VIEUX RENG,59618,"50.3278,4.0489",Pylône autostable,32m,ATC FRANCE,,SUP,,False,False
2889678,FREE MOBILE,"LTE 700, LTE 900, LTE 2100, 5G NR 700, 5G NR 3500",43 CHEMIN DU TROU BLEU 38420 DOMENE,38150,"45.2106,5.8406",Pylône autostable,"18,5m",FREE-MOBILE,2026-07-07,ALL,,False,False
2889686,FREE MOBILE,"LTE 2100, LTE 2600",PLACE DE L'ÉGLISE 49710 SEVREMOINE,49301,"47.1192,-1.1244",Monument religieux,"38,6m","Commune, communauté de communes",,SUP,,False,True
2889764,SFR,UMTS 900,104 AVENUE GEORGES CLEMENCEAU 94360 BRY SUR MARNE,94015,"48.8444,2.5325",Bâtiment,17m,Société Privée,,SUP,,False,True
2890411,FREE MOBILE,"LTE 2100, LTE 2600",PROCHE ROUTE DE GOURNAY D16 LE VILLAGE 76220 MENERVAL,76423,"49.5611,1.6567",Pylône autostable,42m,ATC FRANCE,,SUP,,False,True
2890471,SFR,"UMTS 900, LTE 700, LTE 800, LTE 1800, LTE 2100, LTE 2600, 5G NR 2100, 5G NR 3500",7 / 9RUE NICOLAS HOUEL 75005 PARIS 05,75105,"48.8414,2.3614",Immeuble,36m,Société HLM,,SUP,,False,True
2890889,FREE MOBILE,"LTE 2100, LTE 2600",CHE DE LA GARENNE À MOUSSY (LA GARENNE) 95640 MOUSSY,95438,"49.1381,1.8972",Pylône autostable,33m,TDF,,SUP,,False,False
2891352,FREE MOBILE,"LTE 700, LTE 900, LTE 1800, 5G NR 700",TOREZZA 20233 SISCO,2B281,"42.8083,9.4431",Pylône autostable,"19,9m",FREE-MOBILE,2026-07-24,ALL,,False,True
2891352,FREE MOBILE,"LTE 2100, LTE 2600",TOREZZA 20233 SISCO,2B281,"42.8083,9.4431",Pylône autostable,"19,9m",FREE-MOBILE,,SUP,,False,True
2891382,FREE MOBILE,LTE 2100,RUE DU VIEUX CALVAIRE (LE CALVAIRE) 62127 TINCQUES,62820,"50.3556,2.4997",Pylône autostable,"37,9m","Commune, communauté de communes",,SUP,,False,False
2891390,FREE MOBILE,"LTE 2100, LTE 2600",ORÉE DU BOIS RIPAULT (LES COLLINIÈRES) 77600 JOSSIGNY,77237,"48.8292,2.7775",Pylône autostable,"20,6m",TDF,,SUP,,False,True
2892831,FREE MOBILE,"LTE 2100, LTE 2600",PROCHE DE LA GANDE GROUDIÈRE (TIRGRAY) 14350 SOULEUVRE EN BOCAGE,14061,"48.9378,-0.9033",Pylône autostable,"50,3m",FREE-MOBILE,,SUP,,False,False
2892835,FREE MOBILE,LTE 2100,CHEMIN AR BRIEC (RUBARDIRI) 29100 POULDERGAT,29224,"48.0369,-4.3217",Pylône autostable,"31,4m",FREE-MOBILE,,SUP,,False,False
2892849,FREE MOBILE,"LTE 700, LTE 900, 5G NR 700","167, AVENUE JEAN JAURÈS 75019 PARIS 19",75119,"48.8875,2.3875",Immeuble,"29,1m","Copropriété, Syndic, SCI",2025-06-16,SUP,,False,False
2893076,FREE MOBILE,"LTE 2100, LTE 2600",CHEMIN DE NEGUE CATS (NEGUE CATS) 34700 ST JEAN DE LA BLAQUIERE,34268,"43.7186,3.4192",Pylône autostable,27m,ATC FRANCE,,SUP,,False,False
2893084,FREE MOBILE,"LTE 2100, LTE 2600",D184 (ROUGIERAS) 34310 QUARANTE,34226,"43.3556,2.9644",Pylône autostable,32m,ATC FRANCE,,SUP,,False,False
2893084,ORANGE,5G NR 2100,D184 (ROUGIERAS) 34310 QUARANTE,34226,"43.3556,2.9644",Pylône autostable,32m,ATC FRANCE,,AJO,,False,False
2893689,SFR,5G NR 3500,6 ZONE ARTISANALE DE KERGADIC RTE DE PLEUMEUR BODOU 22700 PERROS GUIREC,22168,"48.805,-3.4711",Pylône autostable,"32,6m",CELLNEX,,AJO,,False,False
2893879,BOUYGUES TELECOM,"UMTS 900, LTE 700, LTE 800",ROUTE DE FOURQUES D615 TRA DE PASSA 66300 TORDERES,66211,"42.5653,2.7686",Pylône autostable,42m,HIVORY,,SUP,,True,True
2893879,FREE MOBILE,"UMTS 900, LTE 700",ROUTE DE FOURQUES D615 TRA DE PASSA 66300 TORDERES,66211,"42.5653,2.7686",Pylône autostable,42m,HIVORY,,SUP,,True,True
2894135,FREE MOBILE,"LTE 700, LTE 1800, LTE 2600, 5G NR 3500",301 RUE DE WALHALLA 34090 MONTPELLIER,34172,"43.6181,3.9172",Pylône tubulaire,"19,8m",FREE-MOBILE,2026-07-28,ALL,,False,True
2894457,ORANGE,5G NR 2100,PROCHE RUE DU STADE (LE HINGUET) 56120 LA CROIX HELLEAN,56050,"47.9539,-2.5117",Pylône autostable,32m,TDF,,AJO,,False,False
2894596,BOUYGUES TELECOM,UMTS 900,PROCHE D134 GRANDE RUE (LE CHAROUPIER) 25470 COURTEFONTAINE,25174,"47.3172,6.9017",Pylône autostable,37m,FREE-MOBILE,2026-07-22,ALL,,True,True
2894596,FREE MOBILE,"UMTS 900, LTE 700",PROCHE D134 GRANDE RUE (LE CHAROUPIER) 25470 COURTEFONTAINE,25174,"47.3172,6.9017",Pylône autostable,37m,FREE-MOBILE,2026-07-20,ALL,,True,True
2894596,ORANGE,"UMTS 900, LTE 700, LTE 800",PROCHE D134 GRANDE RUE (LE CHAROUPIER) 25470 COURTEFONTAINE,25174,"47.3172,6.9017",Pylône autostable,37m,FREE-MOBILE,2026-07-20,ALL,,True,True
2894596,SFR,"UMTS 900, LTE 700, LTE 800",PROCHE D134 GRANDE RUE (LE CHAROUPIER) 25470 COURTEFONTAINE,25174,"47.3172,6.9017",Pylône autostable,37m,FREE-MOBILE,2026-07-09,ALL,,True,True
2894628,FREE MOBILE,LTE 2100,1113 CHEMIN DE GRENOUILLET 83390 PUGET VILLE,83100,"43.2644,6.1411",Pylône autostable,17m,FREE-MOBILE,,SUP,,False,False
2894930,ORANGE,"LTE 700, LTE 800, LTE 1800, 5G NR 2100",RUE DES COMMANDIERES 01160 PRIAY,01314,"45.9967,5.2778",Pylône autostable,"38,3m",CELLNEX,,AJO,,False,True
2895083,FREE MOBILE,"LTE 2100, LTE 2600",CHEMIN GRISARDERIES (LES GOUESSES) 51480 CORMOYEUX,51173,"49.1133,3.9117",Pylône autostable,13m,TDF,,SUP,,False,True
2895358,FREE MOBILE,LTE 2100,RUE RESONANCE 19000 TULLE,19272,"45.2433,1.7353",Pylône autostable,"26,8m",FREE-MOBILE,,SUP,,False,False
2895640,FREE MOBILE,"LTE 2100, LTE 2600",1343 ROUTE D'ARCIS (ARCISSE) 01130 ST GERMAIN DE JOUX,01357,"46.1725,5.7542",Pylône autostable,32m,ATC FRANCE,,SUP,,False,True
2895676,FREE MOBILE,LTE 2100,D1075 (LA GARENNE) 05140 ST JULIEN EN BEAUCHENE,05146,"44.5931,5.7164",Pylône autostable,24m,ATC FRANCE,,SUP,,False,False
2896414,FREE MOBILE,LTE 2100,RUE DE BOUHEMI 40210 LABOUHEYRE,40134,"44.1881,-0.9164",Pylône autostable,39m,ATC FRANCE,,SUP,,False,False
2896418,ORANGE,GSM 900, (PLAINE DU MOULIN) 47110 STE LIVRADE SUR LOT,47252,"44.4119,0.5903",Château d'eau - réservoir,32m,"Commune, communauté de communes",1998-12-11,SUP,,False,False
2896467,FREE MOBILE,LTE 2100,RTE DE VALENCE FERME DU MARAIS (LE MARAIS) 77670 VERNOU LA CELLE SUR SEINE,77494,"48.4167,2.8783",Pylône autostable,40m,TOTEM,,SUP,,False,False
2896972,FREE MOBILE,"LTE 2100, LTE 2600",RUE DE LA PETITE CHAUME DERRIÈRE LE CHÂTEAU 71510 CHATEL MORON,71115,"46.7931,4.6511",Pylône autostable,32m,TOTEM,,SUP,,False,False
2898153,FREE MOBILE,"LTE 2100, LTE 2600",RUE DE CHÂTEAU-LANDON 45120 CORQUILLEROY,45104,"48.0458,2.7083",Pylône autostable,"38,4m",FREE-MOBILE,,SUP,,False,False
2898155,FREE MOBILE,LTE 2100,ROUTE SAULT DE NAVAILLES (HOURQUETS SUD) 64230 LESCAR,64335,"43.3544,-0.4425",Pylône autostable,33m,FREE-MOBILE,,SUP,,False,False
2898281,SFR,UMTS 900,RUE DARGENT CLOS DE L'AULNAY 76160 DARNETAL,76212,"49.4411,1.1314",Immeuble,"28,3m","Copropriété, Syndic, SCI",,SUP,,False,False
2898575,BOUYGUES TELECOM,5G NR 3500,D141 (DELLE DE LA VALLEE) 14550 BLAINVILLE SUR ORNE,14076,"49.2331,-0.3103",Pylône autostable,"26,7m",PHOENIX FRANCE INFRASTRUCTURES,,AJO,,False,False
2898938,FREE MOBILE,"LTE 2100, LTE 2600",PROCHE ROUTE DU FORT SAINT GEORGES D 43 (FERME LES AMBERTS) 10220 GERAUDOT,10165,"48.3047,4.3339",Pylône autostable,31m,FREE-MOBILE,,SUP,,False,False
2899062,BOUYGUES TELECOM,"LTE 700, LTE 800, LTE 1800, LTE 2600",ROUTE COPPE CAMBE METROPOLITAINE 5E4 (PUECH LAGASTIE) 34570 SAUSSAN,34295,"43.5744,3.7808",Pylône autostable,21m,TDF,2026-07-02,ALL,,False,True
2899062,BOUYGUES TELECOM,"LTE 2100, 5G NR 2100, 5G NR 3500",ROUTE COPPE CAMBE METROPOLITAINE 5E4 (PUECH LAGASTIE) 34570 SAUSSAN,34295,"43.5744,3.7808",Pylône autostable,21m,TDF,2026-06-19,ART,,False,True
2899062,BOUYGUES TELECOM,UMTS 900,ROUTE COPPE CAMBE METROPOLITAINE 5E4 (PUECH LAGASTIE) 34570 SAUSSAN,34295,"43.5744,3.7808",Pylône autostable,21m,TDF,,SUP,,False,True
2899198,SFR,UMTS 900,85 AVENUE DE WAGRAM 75017 PARIS 17,75117,"48.8806,2.2997",Immeuble,30m,"Copropriété, Syndic, SCI",,SUP,,False,True
2899392,FREE MOBILE,"LTE 900, LTE 2100, 5G NR 700",37 RUE MAC ORLAN 76620 LE HAVRE,76351,"49.5025,0.1286",Immeuble,"44,7m","Copropriété, Syndic, SCI",2026-07-24,ALL,,False,False
2899411,FREE MOBILE,LTE 2100,ROUTE DE STE COLOMBE 01851 MARBOZ,01232,"46.3592,5.2347",Pylône autostable,"32,3m",PHOENIX FRANCE INFRASTRUCTURES,,SUP,,False,False
289942,SRR,LTE 800,R DENIS DIDEROT (RESERVOIR) 97419 LA POSSESSION,97408,"-20.9686,55.3597",Pylône tubulaire,12m,Société Réunionnaise de Radiotéléphonie,2018-04-04,ART,,False,False
289944,SRR,"LTE 700, LTE 2100, 5G NR 3500",R ANTIMENE (CAROSSE) 97460 ST PAUL,97415,"-21.0725,55.2694",Mât béton,16m,Société Réunionnaise de Radiotéléphonie,2025-03-14,ART,,False,False
2900146,FREE MOBILE,"LTE 2100, LTE 2600",PRÈS DE ROUTE DE SAULT-DE-NAVAILLES 64230 BOUGARBER,64142,"43.3922,-0.4556",Pylône autostable,"32,8m",FREE-MOBILE,,SUP,,False,True
2900443,ORANGE,5G NR 2100,ROUTE D'ONJON SORTIE DE PINEY SUR LA DROITE PAR LA D126 (LA POTENCE) 10220 PINEY,10287,"48.3672,4.3156",Pylône autostable,38m,TDF,,AJO,,False,False
2900919,BOUYGUES TELECOM,LTE 2100,52 R MONDENARD RÉSIDENCE SAYONARA 33800 BORDEAUX,33063,"44.8461,-0.5883",Immeuble,18m,"Copropriété, Syndic, SCI",2024-10-31,SUP,,False,False
2901082,BOUYGUES TELECOM,"UMTS 900, LTE 2100",3  ALLÉE DES PERVENCHES 94240 L HAY LES ROSES,94038,"48.7772,2.3475",Immeuble,"48,7m","Copropriété, Syndic, SCI",,SUP,,False,True
2901414,FREE MOBILE,LTE 2100,RUE DU MOULIN 62920 GONNEHEM,62376,"50.5725,2.5878",Pylône autostable,"38,8m",FREE-MOBILE,,SUP,,False,False
2901420,FREE MOBILE,LTE 2100, (BROUCHETIÈRE) 54790 VAL DE BRIEY,54099,"49.2392,6.0219",Pylône autostable,47m,SFR,,SUP,,False,False
2901504,SFR,UMTS 900,41 RUE DES MONTIBOEUFS 75020 PARIS 20,75120,"48.8669,2.4039",Immeuble,25m,"Copropriété, Syndic, SCI",,SUP,,False,True
2901511,SFR,UMTS 900,10 RUE DE LA POINTE À L'ANGLE AV DE SAINT GERMAIN 78450 VILLEPREUX,78674,"48.8297,1.9928",Immeuble,"23,8m","Copropriété, Syndic, SCI",,SUP,,False,True
2901513,SFR,UMTS 900,70 RUE DES PLANTES 91200 ATHIS MONS,91027,"48.7033,2.3758",Immeuble,18m,"Copropriété, Syndic, SCI",,SUP,,False,True
2901527,SFR,5G NR 2100,79 RUE PHILIPPE DARTIS 4 AVENUE GALLIENI 93800 EPINAY SUR SEINE,93031,"48.9658,2.2997",Immeuble,27m,"Copropriété, Syndic, SCI",,SUP,,False,False
290170,SRR,"LTE 700, LTE 2100",19 CHEM DES FRELONS (LA CRETE) 97480 ST JOSEPH,97412,"-21.3347,55.6481",Mât béton,16m,Société Réunionnaise de Radiotéléphonie,2025-10-22,ART,,False,False
2901855,FREE MOBILE,LTE 2100,RUE DU BACHASSOU (LE BUISSON) 43150 SALETTES,43231,"44.8625,4.0194",Pylône autostable,42m,TDF,,SUP,,False,False
2901870,SFR,5G NR 2100,32 RUE DE MAINVILLE 91210 DRAVEIL,91201,"48.6864,2.4156",Immeuble,12m,"Copropriété, Syndic, SCI",,SUP,,False,False
2902116,BOUYGUES TELECOM,UMTS 900,51 AV ANDRÉ LECOQ 78520 LIMAY,78335,"48.9969,1.7233",Pylône tubulaire,"26,3m",BOUYGUES,2025-02-05,SUP,,False,False
2902266,FREE MOBILE,"LTE 2100, LTE 2600",ROUTE DE CASISCCIA (PONTE) 20276 ASCO,2B023,"42.4503,9.03",Pylône tubulaire,"18,8m",TDF,,SUP,,False,False
2902361,ORANGE,GSM 900,ROUTE DU FOUSSERET CHÂTEAU D'EAU 31430 ST ELIX LE CHATEAU,31476,"43.2803,1.125",Château d'eau - réservoir,52m,"Syndicat des eaux, Adduction",1997-07-11,SUP,,False,False
2902401,FREE MOBILE,LTE 2100,CH RURAL DE L'ECHENEAU (LES CAVES) 49160 BLOU,49030,"47.3619,-0.0222",Pylône autostable,30m,ATC FRANCE,,SUP,,False,False
2902414,SFR,UMTS 900,203 AVENUE DE FONTAINEBLEAU 94320 THIAIS,94073,"48.7675,2.3683",Bâtiment,25m,Société Privée,,SUP,,False,True
2903025,SFR,UMTS 900,200 RUE DE LA RÉSISTANCE 76410 ST AUBIN LES ELBEUF,76561,"49.3042,1.035",Immeuble,20m,"Copropriété, Syndic, SCI",,SUP,,False,True
2903130,SFR,5G NR 3500,150 ZONE ARTISANALE DE DOMAGNE 01250 CEYZERIAT,01072,"46.1828,5.3108",Pylône autostable,"25,8m",CELLNEX,2026-07-01,ART,,False,False
2903171,FREE MOBILE,LTE 2100,PRÈS DE BISCONTE 31290 MONTGAILLARD LAURAGAIS,31377,"43.4203,1.6894",Pylône autostable,39m,ATC FRANCE,,SUP,,False,False
2903195,FREE MOBILE,LTE 2100,IMPASSE DE LA GARE RD 280A 14130 FIERVILLE LES PARCS,14269,"49.2514,0.2169",Pylône autostable,40m,TOTEM,,SUP,,False,False
2903215,ORANGE,GSM 900,PROCHE INTERSECTION VC5 DE COUBÉ  (GALAUBON) 32400 BERNEDE,32046,"43.6714,-0.2086",Pylône autostable,30m,TOTEM,2013-01-30,SUP,,False,False
2903682,BOUYGUES TELECOM,UMTS 900,8-10 R JEAN MOULIN 95190 GOUSSAINVILLE,95280,"49.0339,2.4508",Immeuble,"16,3m",CELLNEX,,SUP,,False,True
2903713,SFR,"UMTS 900, LTE 700, LTE 800, LTE 1800, LTE 2100, LTE 2600, 5G NR 2100, 5G NR 3500",24 RUE FEUTRIER 75018 PARIS 18,75118,"48.8869,2.3461",Immeuble,"22,6m","Copropriété, Syndic, SCI",,SUP,,False,True
2903733,SFR,UMTS 900,1 BIS RUE JOLIOT CURIE 91190 GIF SUR YVETTE,91272,"48.71,2.1644",Immeuble,"22,7m","Copropriété, Syndic, SCI",,SUP,,False,True
2903751,SFR,UMTS 900,1 RUE FRANKLIN 94190 VILLENEUVE ST GEORGES,94078,"48.7478,2.4483",Immeuble,22m,"Copropriété, Syndic, SCI",,SUP,,False,True
2903902,ORANGE,5G NR 2100,D 7 (LA GAUBERTIÈRE) 86470 BOIVRE LA VALLEE,86123,"46.5444,0.1161",Pylône autostable,36m,ATC FRANCE,2026-06-23,ART,,False,False
2904218,FREE MOBILE,LTE 2100,PRÈS DE LA RUE DU COUREAU (PRÉ DE SOULSOU) 49800 LOIRE AUTHION,49307,"47.4258,-0.3628",Pylône autostable,33m,ATC FRANCE,,SUP,,False,False
2904264,SFR,UMTS 900,28 BOULEVARD DU GÉNÉRAL LECLERC 92200 NEUILLY SUR SEINE,92051,"48.8897,2.2606",Immeuble,25m,"Copropriété, Syndic, SCI",,SUP,,False,True
2904494,FREE MOBILE,LTE 2100,PRÈS DE LES GRANDS PRÉS 33620 CEZAC,33123,"45.0867,-0.4672",Pylône autostable,33m,FREE-MOBILE,,SUP,,False,False
2904496,FREE MOBILE,"LTE 2100, LTE 2600",LA CARMERIE 37510 SAVONNIERES,37243,"47.3364,0.5733",Pylône autostable,"42,3m",FREE-MOBILE,,SUP,,False,True
2904589,SFR,"UMTS 900, LTE 2100",ROUTE DEPARTEMENTALE N°113 76910 PETIT CAUX,76618,"49.9519,1.1681",Pylône tubulaire,30m,TDF,,SUP,,False,True
2904623,FREE MOBILE,"LTE 2100, LTE 2600",ROUTE DÉPARTEMENTALE 10A 18 LE CHATEAU 09100 ESCOSSE,09116,"43.1197,1.5811",Pylône autostable,42m,SFR,,SUP,,False,False
2905078,SFR,5G NR 2100,9 RUE HENRI BARBUSSE 94340 JOINVILLE LE PONT,94042,"48.8136,2.4644",Immeuble,"47,2m","Copropriété, Syndic, SCI",,SUP,,False,False
2905562,BOUYGUES TELECOM,LTE 700,211 BD DE TOURNAI HOTEL PARK INN 59650 VILLENEUVE D ASCQ,59009,"50.6131,3.1333",Bâtiment,33m,Société Privée,2026-07-30,ALL,,False,False
2905935,SFR,UMTS 900,80B RUE DES LIMITES 76140 LE PETIT QUEVILLY,76498,"49.4258,1.0681",Immeuble,15m,"Copropriété, Syndic, SCI",,SUP,,False,True
2906154,SFR,UMTS 900,6 ALLEE DE BELLEVUE RÉS DES GROUAISONS - BAT 6 91290 ARPAJON,91021,"48.5944,2.2442",Immeuble,17m,Société HLM,,SUP,,False,True
2906784,FREE MOBILE,"LTE 2100, LTE 2600",BOULEVARD DU NORD DE LA TOMBE 32310 ST PUY,32404,"43.8781,0.4614",Pylône autostable,"32,8m",FREE-MOBILE,,SUP,,False,True
2907949,FREE MOBILE,,28 RUE ETIENNE DOLET RÉSIDENCE LES ABEILLES 59800 LILLE,59350,"50.6306,3.1028",Immeuble,32m,"Copropriété, Syndic, SCI",2021-07-16,CHH,26m,False,False
2907949,ORANGE,,28 RUE ETIENNE DOLET RÉSIDENCE LES ABEILLES 59800 LILLE,59350,"50.6306,3.1028",Immeuble,32m,"Copropriété, Syndic, SCI",2021-06-30,CHH,26m,False,False
2907949,SFR,,28 RUE ETIENNE DOLET RÉSIDENCE LES ABEILLES 59800 LILLE,59350,"50.6306,3.1028",Immeuble,32m,"Copropriété, Syndic, SCI",2025-07-23,CHH,26m,False,False
2908875,BOUYGUES TELECOM,"UMTS 900, LTE 700, LTE 800, LTE 1800, LTE 2100, 5G NR 2100",AVENUE DE LA CHENERAIE 40310 GABARRET,40102,"43.9858,0.0158",Pylône autostable,36m,HIVORY,,SUP,,False,True
2908875,SFR,"UMTS 900, LTE 700, LTE 800, LTE 1800, LTE 2100, 5G NR 2100",AVENUE DE LA CHENERAIE 40310 GABARRET,40102,"43.9858,0.0158",Pylône autostable,36m,HIVORY,,SUP,,False,True
2909069,ORANGE,5G NR 2100,RUE DE LA GARE FAVIÈRES (EN ROSIERE) 54115 FAVIERES,54189,"48.4644,5.9481",Pylône autostable,33m,TDF,2026-07-09,ALL,,False,False
2909154,SFR,5G NR 3500,14 LA HAYE DE TERRE 53100 MOULAY,53162,"48.2811,-0.6222",Pylône autostable,31m,CELLNEX,2026-07-08,ALL,,False,False
2909174,FREE MOBILE,"LTE 2100, LTE 2600",PROCHE ROUTE NATIONALE 43 (LE BOIS PETRUS) 62920 CHOCQUES,62224,"50.5406,2.55",Pylône autostable,"38,8m",FREE-MOBILE,,SUP,,False,True
2909182,FREE MOBILE,5G NR 700,120-122 BOULEVARD HENRI BARBUSSE 78800 HOUILLES,78311,"48.9317,2.1839",Immeuble,"15,7m",Société HLM,2026-07-07,ALL,,False,False
2909332,ORANGE,GSM 900,PRÈS DE LA ROUTE DU PIN (PETITE LAUBIE) 47350 PUYMICLAN,47216,"44.5283,0.3036",Pylône autostable,32m,TOTEM,1998-12-30,SUP,,False,False
2909439,FREE MOBILE,LTE 2100,RUE DE L'EGLISE (AU DESSUS DE RUBECOURT) 08140 BAZEILLES,08053,"49.6897,5.0253",Pylône autostable,38m,FREE-MOBILE,,SUP,,False,False
2909675,FREE MOBILE,"LTE 2100, LTE 2600",ROUTE DE SENS  TERRAIN ENEDIS - RD81 89150 ST VALERIEN,89370,"48.1783,3.1028",Pylône autostable,37m,ATC FRANCE,,SUP,,False,True
2909837,FREE MOBILE,"LTE 2100, LTE 2600",CHEMIN LES PETITS VERGERS 13840 ROGNES,13082,"43.6697,5.3272",Pylône autostable,"26,8m",FREE-MOBILE,,SUP,,False,True
291088,SRR,"LTE 700, LTE 1800, LTE 2100",CHEM POIVRE 97430 LE TAMPON,97422,"-21.2481,55.5025",Mât béton,16m,Société Réunionnaise de Radiotéléphonie,2025-02-18,ART,,False,False
2910973,SFR,5G NR 2100,CHEMIN RURAL SENTIER DES JUSTICES (LA JUSTICE) 78570 ANDRESY,78015,"48.9867,2.0469",Pylône arbre,"30,2m",TOWEO,,SUP,,False,False
2911162,SFR,UMTS 900,9007 CHEMIN LATÉRAL (LE BAS DES GROUX) 91320 WISSOUS,91689,"48.74,2.3447",Pylône autostable,35m,ON TOWER FRANCE,,SUP,,False,True
2911183,SFR,UMTS 900,CHEMIN DU BOIS PELLETIER RUE PAUL SIMON 91220 BRETIGNY SUR ORGE,91103,"48.6114,2.2956",Pylône tubulaire,36m,CELLNEX,,SUP,,False,True
2911682,BOUYGUES TELECOM,UMTS 900,44 QUATER CHEM DE HURGUET 31600 MURET,31395,"43.4542,1.3164",Pylône tubulaire,18m,CELLNEX,,SUP,,False,True
2912370,FREE MOBILE,LTE 2100,PROCHE D15 (LA SENTINELLE) 10150 FEUGES,10149,"48.3983,4.12",Pylône autostable,"42,5m",FREE-MOBILE,,SUP,,False,False
2912380,FREE MOBILE,"LTE 2100, LTE 2600",CLOS DE LA BOUVIÈRE 44370 LOIREAUXENCE,44213,"47.3869,-0.9889",Pylône autostable,"32,9m",FREE-MOBILE,,SUP,,False,True
2912428,FREE MOBILE,LTE 2100,PRÈS DU CHEMIN DU CHÂTEAU 47430 CALONGES,47046,"44.3769,0.2122",Pylône autostable,"44,6m",TDF,,SUP,,False,False
2912432,FREE MOBILE,LTE 2100,PRÈS DE LA RUE DES GRANDS CHAMPS 63310 ST SYLVESTRE PRAGOULIN,63400,"46.0617,3.425",Pylône autostable,"32,6m",TDF,,SUP,,False,False
2912533,SFR,UMTS 900,34 RUE DEFRANCE 94300 VINCENNES,94080,"48.8478,2.4483",Immeuble,27m,"Copropriété, Syndic, SCI",,SUP,,False,True
2912788,SFR,UMTS 900,15 RUE MARGUERITE 91200 ATHIS MONS,91027,"48.6942,2.3844",Pylône tubulaire,31m,TOTEM,,SUP,,False,True
2913091,FREE MOBILE,"LTE 900, LTE 2100",ROUTE DE GRATENTOUR (LE DELPHI) 31620 LABASTIDE ST SERNIN,31252,"43.7319,1.4625",Pylône autostable,"32,8m",FREE-MOBILE,2026-07-24,ALL,,False,False
2913105,FREE MOBILE,LTE 2100,ALLÉE DU CHÂTEAU D EAU (AU CHARROUX) 87110 BOSMIE L AIGUILLE,87021,"45.7594,1.2172",Pylône autostable,"26,8m",FREE-MOBILE,,SUP,,False,False
2913112,BOUYGUES TELECOM,"LTE 1800, LTE 2600",ANCIEN CHEM DE CASTELNAU-VALENCE (LES PEIRIÈRES) 30190 MOUSSAC,30184,"43.9869,4.2303",Pylône autostable,"20,5m",BOUYGUES,2026-07-02,ALL,,False,False
2913112,BOUYGUES TELECOM,5G NR 2100,ANCIEN CHEM DE CASTELNAU-VALENCE (LES PEIRIÈRES) 30190 MOUSSAC,30184,"43.9869,4.2303",Pylône autostable,"20,5m",BOUYGUES,2026-06-15,ART,,False,False
2913112,SFR,"LTE 700, LTE 800, LTE 1800, LTE 2600, 5G NR 2100",ANCIEN CHEM DE CASTELNAU-VALENCE (LES PEIRIÈRES) 30190 MOUSSAC,30184,"43.9869,4.2303",Pylône autostable,"20,5m",BOUYGUES,2026-07-03,ALL,,False,True
2913572,FREE MOBILE,"LTE 2100, LTE 2600",PRÈS DE KERGOFF ROUTE DE TREOUERGAT 29290 MILIZAC GUIPRONVEL,29076,"48.4917,-4.5811",Pylône autostable,32m,TDF,,SUP,,False,False
2913594,FREE MOBILE,LTE 2100,D152 (LA BORNE RONDE) 59268 ABANCOURT,59001,"50.2322,3.2219",Pylône autostable,32m,TDF,,SUP,,False,False
2913594,ORANGE,LTE 2100,D152 (LA BORNE RONDE) 59268 ABANCOURT,59001,"50.2322,3.2219",Pylône autostable,32m,TDF,2026-07-07,ALL,,False,False
2913772,BOUYGUES TELECOM,UMTS 900,112 AV ROBERT BASSAGET RESIDENCE VILLA D'ESTE 34130 ST AUNES,34240,"43.6436,3.9689",Immeuble,"13,2m",Société HLM,,SUP,,False,True
2913795,FREE MOBILE,"LTE 700, LTE 900, LTE 2100",3 RUE EMILE ZOLA 25000 BESANCON,25056,"47.2375,6.0214",Bâtiment,"21,7m",Association,2026-07-07,ALL,,False,False
2914204,FREE MOBILE,LTE 2100,PRÈS DE L'IMPASSE DE LA JAUNIÈRE (LES TERTRES) 49330 ETRICHE,49132,"47.6725,-0.4528",Pylône autostable,38m,TOTEM,,SUP,,False,False
2914215,FREE MOBILE,5G NR 3500,CHEMIN DE SEOLANE (LACHAUD ET CHAUVET) 04260 ALLOS,04006,"44.2886,6.5658",Pylône autostable,"44,6m",TDF,2026-07-07,ALL,,False,False
2914226,SFR,LTE 2600,CHEMIN DE NONAIN ROUTE  DEPARTEMENTALE N°88 DE VALENCIENNES À CAMBRAI 59188 VILLERS EN CAUCHIES,59622,"50.2386,3.3881",Pylône autostable,32m,TDF,2026-07-24,AJA,,False,False
2914372,FREE MOBILE,"LTE 2100, LTE 2600",AVENUE DES VICTIMES DU DEVOIR CHEMIN DU POT AU VIN A63 33610 CESTAS,33122,"44.6986,-0.7594",Pylône autostable,"32,6m",TDF,,SUP,,False,False
2914382,FREE MOBILE,LTE 2100,PROCHE CHEMIN DES MARTRES 63500 SAUVAGNAT STE MARTHE,63411,"45.5892,3.2161",Pylône autostable,"20,6m",TDF,,SUP,,False,False
2914390,FREE MOBILE,"LTE 900, LTE 2100",3 HLM LA MAURELLE BAT B 83500 LA SEYNE SUR MER,83126,"43.0867,5.8828",Immeuble,"31,8m",Société HLM,2026-07-07,ALL,,False,False
2914450,SFR,"UMTS 900, LTE 700, LTE 800, LTE 1800, LTE 2100, LTE 2600, 5G NR 3500",5 RUE JACQUES DUCLOS 94800 VILLEJUIF,94076,"48.7856,2.3647",Immeuble,33m,"Copropriété, Syndic, SCI",,SUP,,False,True
2914513,FREE MOBILE,LTE 2100,ROUTE DE FONTAGNAL (PUY SAINT-PIERRE) 26400 AOUSTE SUR SYE,26011,"44.7178,5.0619",Pylône autostable,"35,6m",ATC FRANCE,,SUP,,False,False
2914536,SFR,UMTS 900,22 RUE JULIAN GRIMAU RÉSIDENCE GRIMAUD 76800 ST ETIENNE DU ROUVRAY,76575,"49.3892,1.0897",Immeuble,21m,"Copropriété, Syndic, SCI",,SUP,,False,True
2914538,SFR,"LTE 700, LTE 800, LTE 1800, LTE 2100, LTE 2600, 5G NR 3500",CHEMIN DU CATELIER 76350 OISSEL SUR SEINE,76484,"49.3364,1.0642",Pylône autostable,42m,SFR,2026-07-03,ALL,,False,True
2914538,SFR,UMTS 900,CHEMIN DU CATELIER 76350 OISSEL SUR SEINE,76484,"49.3364,1.0642",Pylône autostable,42m,SFR,,SUP,,False,True
2914683,BOUYGUES TELECOM,"LTE 1800, LTE 2100, LTE 2600, 5G NR 2100",RUE DE LA BELLE BORNE 93290 TREMBLAY EN FRANCE,93073,"48.9878,2.5303",Pylône autostable,34m,Aviation Civile,2026-05-27,ART,,False,False
2914683,BOUYGUES TELECOM,UMTS 900,RUE DE LA BELLE BORNE 93290 TREMBLAY EN FRANCE,93073,"48.9878,2.5303",Pylône autostable,34m,Aviation Civile,,SUP,,False,False
2914683,SFR,UMTS 900,RUE DE LA BELLE BORNE 93290 TREMBLAY EN FRANCE,93073,"48.9878,2.5303",Pylône autostable,34m,Aviation Civile,,SUP,,False,False
2914697,FREE MOBILE,LTE 2100,PROCHE DE LA A31 (LES FONDS DE TOUL) 54250 CHAMPIGNEULLES,54115,"48.6936,6.0972",Pylône autostable,37m,CELLNEX,,SUP,,False,False
2914827,BOUYGUES TELECOM,"LTE 1800, LTE 2600, 5G NR 2100",1 AV DES CATELINES 69720 ST LAURENT DE MURE,69288,"45.6919,5.0481",Pylône autostable,"36,6m",CELLNEX,2026-07-14,ALL,,False,False
2915151,FREE MOBILE,"LTE 2100, LTE 2600",CHEMIN PRÈS DE LA RUE DE KERBOR (HALÉGUEN) 22740 PLEUMEUR GAUTIER,22199,"48.805,-3.1639",Pylône autostable,32m,TOTEM,,SUP,,False,False
2915446,FREE MOBILE,"LTE 2100, LTE 2600",PROCHE DE LA D48 (LES JACQS) 45420 DAMMARIE EN PUISAYE,45120,"47.6203,2.8697",Pylône autostable,"38,9m",FREE-MOBILE,,SUP,,False,False
2915574,SFR,UMTS 900,2 BOULEVARD DE COURCELLES 75017 PARIS 17,75117,"48.8814,2.315",Immeuble,"28,5m","Copropriété, Syndic, SCI",,SUP,,False,True
2915841,FREE MOBILE,LTE 2100,CHEMIN DE LA FORÊT ROUTE DE DIJON 21250 AUVILLARS SUR SAONE,21035,"47.0672,5.0981",Pylône autostable,38m,TOTEM,,SUP,,False,False
2915883,FREE MOBILE,"LTE 2100, LTE 2600",ROUTE DES BALCONS 42650 ST JEAN BONNEFONDS,42237,"45.4653,4.4475",Pylône autostable,24m,CELLNEX,,SUP,,False,False
2915930,BOUYGUES TELECOM,UMTS 900,185 RUE DES PEUPLIERS (ZONE INDUSTRIELLE FOURNILLIERS) 13220 CHATEAUNEUF LES MARTIGUES,13026,"43.3922,5.1606",Pylône autostable,14m,CELLNEX,,SUP,,False,True
2916374,FREE MOBILE,"LTE 2100, LTE 2600",PRÈS DE LA ROUTE D'ARGENTAT (ROUZEYRIE) 19380 ST CHAMANT,19192,"45.1142,1.9108",Pylône autostable,44m,TDF,,SUP,,False,False
2916378,ORANGE,"LTE 2100, LTE 2600, 5G NR 700, 5G NR 3500",CHE DE LA TRAVERSIÈRE  (LA PIERRE À MOSSUL) 74580 VIRY,74309,"46.1294,6.0081",Pylône autostable,"36,4m",ON TOWER FRANCE,,AJO,,False,False
2916378,ORANGE,LTE 700,CHE DE LA TRAVERSIÈRE  (LA PIERRE À MOSSUL) 74580 VIRY,74309,"46.1294,6.0081",Pylône autostable,"36,4m",ON TOWER FRANCE,2024-03-04,SUP,,False,False
2916685,FREE MOBILE,"LTE 700, LTE 900, 5G NR 700",RUE EMILE BAUDOT 91120 PALAISEAU,91477,"48.7189,2.2633",Immeuble,"35,3m",FREE-MOBILE,2025-02-10,SUP,,False,False
2916886,ORANGE,5G NR 3500,CHEMIN DE FLORAC AU PRADAL D16 (PEYRE PLANTADE) 48400 FLORAC TROIS RIVIERES,48061,"44.3281,3.5708",Pylône autostable,"30,7m",TDF,2026-06-23,ART,,False,False
2917077,FREE MOBILE,LTE 2100,35 ROUTE DES INTENDANTS (PONT DE JASSE) 87260 VICQ SUR BREUILH,87203,"45.6642,1.3886",Pylône autostable,39m,FREE-MOBILE,,SUP,,False,False
2917089,FREE MOBILE,"LTE 2100, LTE 2600",PRÈS DE LA ROUTE DE LA MOTTE 83830 FIGANIERES,83056,"43.5442,6.5369",Pylône autostable,"32,6m",TDF,,SUP,,False,False
2917548,FREE MOBILE,LTE 2100,CHEMIN RURAL DE LA FORÊT (NEGRET) 82290 LACOURT ST PIERRE,82085,"43.9658,1.2742",Pylône autostable,34m,TOTEM,,SUP,,False,False
2917548,ORANGE,GSM 900,CHEMIN RURAL DE LA FORÊT (NEGRET) 82290 LACOURT ST PIERRE,82085,"43.9658,1.2742",Pylône autostable,34m,TOTEM,2009-06-04,SUP,,False,False
2918081,FREE MOBILE,"LTE 700, LTE 900, LTE 1800, 5G NR 700",RUE DE KERROC'H 29510 LANDREVARZEC,29106,"48.0919,-4.0544",Pylône autostable,"37,9m",FREE-MOBILE,2026-07-24,ALL,,False,True
2918081,FREE MOBILE,"LTE 2100, LTE 2600",RUE DE KERROC'H 29510 LANDREVARZEC,29106,"48.0919,-4.0544",Pylône autostable,"37,9m",FREE-MOBILE,,SUP,,False,True
2918868,FREE MOBILE,LTE 2100,LES GÂTS 85150 STE FLAIVE DES LOUPS,85211,"46.6356,-1.5556",Pylône autostable,"34,2m",FREE-MOBILE,,SUP,,False,False
2920455,SFR,5G NR 3500,8BIS RUE ST-MARC 89100 MAILLOT,89236,"48.1711,3.3042",Pylône autostable,"27,3m",CELLNEX,,AJO,,False,False
2921172,FREE MOBILE,LTE 2100,CHEMIN COMMUNAL (LA REPUBLIQUE) 07300 CHEMINAS,07063,"45.1336,4.7339",Pylône autostable,27m,FREE-MOBILE,,SUP,,False,False
2921320,SFR,UMTS 900,24 BOULEVARD DU GÉNÉRAL DE GAULLE 117 RUE ARISTIDE BRIAND 78700 CONFLANS STE HONORINE,78172,"49.0042,2.0906",Immeuble,15m,"Copropriété, Syndic, SCI",,SUP,,False,True
2921322,BOUYGUES TELECOM,LTE 2600,AVENUE DU GENERAL DE GAULLE COMPLEXE SPORTIF JEAN COULOMBEL 91150 MORIGNY CHAMPIGNY,91433,"48.4528,2.1956",Pylône autostable,36m,HIVORY,,AJO,,False,False
2921322,BOUYGUES TELECOM,LTE 2100,AVENUE DU GENERAL DE GAULLE COMPLEXE SPORTIF JEAN COULOMBEL 91150 MORIGNY CHAMPIGNY,91433,"48.4528,2.1956",Pylône autostable,36m,HIVORY,2024-09-12,SUP,,False,False
2921322,SFR,LTE 2600,AVENUE DU GENERAL DE GAULLE COMPLEXE SPORTIF JEAN COULOMBEL 91150 MORIGNY CHAMPIGNY,91433,"48.4528,2.1956",Pylône autostable,36m,HIVORY,2026-07-10,AJA,,False,False
2921322,SFR,LTE 2100,AVENUE DU GENERAL DE GAULLE COMPLEXE SPORTIF JEAN COULOMBEL 91150 MORIGNY CHAMPIGNY,91433,"48.4528,2.1956",Pylône autostable,36m,HIVORY,2024-09-04,SUP,,False,False
2921538,FREE MOBILE,"LTE 2100, LTE 2600",PRÈS DU CHEMIN KIRCHENWEG (OBERFELD) 68280 ANDOLSHEIM,68007,"48.0544,7.4139",Pylône autostable,32m,TDF,,SUP,,False,False
2922318,BOUYGUES TELECOM,"LTE 700, LTE 2600, 5G NR 3500",2 RUE DU TECH 66400 CERET,66049,"42.4886,2.7514",Immeuble,17m,"Copropriété, Syndic, SCI",,AJO,,False,True
2922318,SFR,"LTE 700, LTE 2600, 5G NR 3500",2 RUE DU TECH 66400 CERET,66049,"42.4886,2.7514",Immeuble,17m,"Copropriété, Syndic, SCI",,AJO,,False,True
2922326,SFR,UMTS 900,RUE DU CLOS GARNIER ROUTE DARGENTEUIL 95240 CORMEILLES EN PARISIS,95176,"48.9669,2.2103",Bâtiment,28m,Société Privée,,SUP,,False,True
2922747,FREE MOBILE,"LTE 2100, LTE 2600",PRÈS DE LA ROUTE DU BUISSON GAREMBOURG 27930 ANGERVILLE LA CAMPAGNE,27017,"48.9894,1.17",Pylône autostable,36m,FREE-MOBILE,,SUP,,False,False
2923236,SFR,"UMTS 900, LTE 700, LTE 800, LTE 1800, LTE 2100, LTE 2600, 5G NR 3500",3 ALLÉE FRANCISCO GOYA 33270 FLOIRAC,33167,"44.8344,-0.5344",Immeuble,"17,8m","Copropriété, Syndic, SCI",,SUP,,False,True
2923439,FREE MOBILE,"LTE 2100, LTE 2600",25 RUE DE LA HAIE 44690 CHATEAU THEBAUD,44037,"47.1269,-1.4303",Pylône autostable,32m,TOTEM,,SUP,,False,False
2923462,BOUYGUES TELECOM,"UMTS 900, LTE 700, LTE 800",MONTAGNE DE SAINTE-CROIX ROUTE D14E17 (LES ISSARTS) 34390 OLARGUES,34187,"43.5439,2.9072",Pylône autostable,24m,TDF,,AJO,,True,True
2923643,FREE MOBILE,LTE 2100,RUE DU LINANTIN 45170 CHILLEURS AUX BOIS,45095,"48.0919,2.1214",Pylône autostable,"43,9m",FREE-MOBILE,,SUP,,False,False
2923652,BOUYGUES TELECOM,UMTS 900,SQ JEAN JAURES ENTRÉE N°9 (ENTRÉE N°9) 34920 LE CRES,34090,"43.6564,3.9428",Immeuble,"12,1m","Copropriété, Syndic, SCI",,SUP,,False,True
2923705,SFR,UMTS 900,3 RUE DES CLAVIZIS 94380 BONNEUIL SUR MARNE,94011,"48.7719,2.4817",Immeuble,48m,"Copropriété, Syndic, SCI",,SUP,,False,True
2923875,FREE MOBILE,"LTE 2100, LTE 2600",ROUTE DE L'OSTRICONI (PETRA MONETA) 20226 PALASCA,2B199,"42.6461,9.095",Pylône autostable,20m,TOTEM,,SUP,,False,True
2924095,FREE MOBILE,"LTE 700, LTE 900, LTE 1800, LTE 2100, LTE 2600, 5G NR 3500",RUE DU VIEUX COLLÈGE 21000 DIJON,21231,"47.3197,5.0456",Immeuble,"21,6m","Copropriété, Syndic, SCI",2026-07-24,ALL,,False,True
2924519,FREE MOBILE,"LTE 2100, LTE 2600",PRÈS DE LA ROUTE DE RIVAS 42330 CUZIEU,42081,"45.6008,4.2506",Pylône autostable,"26,5m",FREE-MOBILE,,SUP,,False,False
2924521,FREE MOBILE,"LTE 2100, LTE 2600",PLACE SAINT PIERRE 50170 HUISNES SUR MER,50253,"48.6083,-1.4517",Monument religieux,20m,"Commune, communauté de communes",,SUP,,False,False
2925712,FREE MOBILE,"LTE 700, LTE 900, 5G NR 700",1718 ALLÉE DU VIEUX PONT DE SÈVRES 92100 BOULOGNE BILLANCOURT,92012,"48.8286,2.2339",Immeuble,55m,Société HLM,2025-06-30,SUP,,False,False
2925872,FREE MOBILE,"LTE 2100, LTE 2600",CHEMIN DE SAUVIOLLES 31860 LABARTHE SUR LEZE,31248,"43.4692,1.4117",Pylône autostable,"32,8m",FREE-MOBILE,,SUP,,False,False
2925890,FREE MOBILE,LTE 2100,ALLEE APIER (LE BEGUDE) 83440 SEILLANS,83124,"43.5881,6.645",Pylône autostable,27m,FREE-MOBILE,,SUP,,False,False
2927214,ORANGE,5G NR 2100,VIEUX CHEMIN DE SAINT OMER D928 TRONÇON DE ROUTE NATIONALE  D928 (LES ETEINGETTES) 62570 PIHEM,62656,"50.6775,2.1992",Pylône autostable,36m,ATC FRANCE,,AJO,,False,False
2927478,FREE MOBILE,"LTE 2100, LTE 2600",CHEMIN D'ENCAULET 31620 CASTELNAU D ESTRETEFONDS,31118,"43.7881,1.3194",Pylône autostable,"32,8m",FREE-MOBILE,,SUP,,False,False
2928056,SFR,UMTS 900,36 RUE DE L'ACQUEDUC RUE LOUIS BLANC 75010 PARIS 10,75110,"48.8822,2.3636",Immeuble,26m,"Copropriété, Syndic, SCI",,SUP,,False,True
2928385,FREE MOBILE,"LTE 2100, LTE 2600",RUE DE PAVANT 77730 CITRY,77117,"48.9656,3.2447",Pylône autostable,26m,TOTEM,,SUP,,False,False
2928426,ORANGE,GSM 900,RUE DE L'EGLISE 65100 BARTRES,65070,"43.1244,-0.0483",Monument religieux,32m,"Commune, communauté de communes",2015-05-13,SUP,,False,False
2930635,BOUYGUES TELECOM,UMTS 900,PRÈS DE RUN AR GROAS (MONDRAGON) 29460 DIRINON,29045,"48.4264,-4.2692",Pylône autostable,30m,TOTEM,,SUP,,False,True
2930648,BOUYGUES TELECOM,"LTE 1800, LTE 2600, 5G NR 2100",AVENUE DU GÉNÉRAL LECLERC 76530 GRAND COURONNE,76319,"49.3658,1.0147",Pylône tubulaire,38m,ON TOWER FRANCE,2026-07-13,ALL,,False,False
2930688,SFR,UMTS 900,64 RUE DES NOISETIERS AVENUE DU GROS CHENE 95220 HERBLAY SUR SEINE,95306,"49.0222,2.1208",Pylône autostable,24m,CELLNEX,,SUP,,False,False
2930692,FREE MOBILE,"LTE 2100, LTE 2600",235 IMPASSE DU GUÉ (LA VERGNE DE LA JOURDE) 24450 MIALET,24269,"45.5489,0.9178",Pylône autostable,44m,TDF,,SUP,,False,False
2930988,FREE MOBILE,"LTE 2100, LTE 2600",ROUTE DE PRENERAY 18250 MONTIGNY,18151,"47.2461,2.6842",Pylône autostable,"44,9m",FREE-MOBILE,,SUP,,False,False
2931038,FREE MOBILE,LTE 2100,PRÈS DE LA RUE DES MEULIERES CHEMIN DU BOIS DE LA GARENNE 00404 ERR CONV INSEE,79060,"46.2042,0.0781",Pylône autostable,"38,8m",FREE-MOBILE,,SUP,,False,False
2931042,FREE MOBILE,"LTE 900, LTE 2100",1 A 13 CITE VICTOR THUILLAT 87280 LIMOGES,87085,"45.8436,1.2564",Bâtiment,22m,Société HLM,2026-07-07,ALL,,False,False
2931097,BOUYGUES TELECOM,"LTE 700, LTE 800, LTE 1800, LTE 2600, 5G NR 2100",CHEMIN DE BERQUE (LA CROIX DE BOIS) 54560 SERROUVILLE,54504,"49.3989,5.8811",Pylône autostable,30m,SFR,2026-07-18,ALL,,False,True
2931097,SFR,"LTE 700, LTE 800, LTE 1800, LTE 2600, 5G NR 2100",CHEMIN DE BERQUE (LA CROIX DE BOIS) 54560 SERROUVILLE,54504,"49.3989,5.8811",Pylône autostable,30m,SFR,2026-07-03,ALL,,False,True
2932056,FREE MOBILE,LTE 2100,BORD ARIÈGE PYLONE OUEST (PONT CERDA) 09390 L HOSPITALET PRES L ANDORRE,09139,"42.5769,1.7917",Pylône autostable,"42,5m",Sociétés d'Autoroutes,,SUP,,False,False
29321,BOUYGUES TELECOM,LTE 2100,PRÈS RÉSERVOIR (DUFFARD) 32170 LAGUIAN MAZOUS,32181,"43.4233,0.2397",Pylône autostable,42m,HIVORY,2026-07-23,ALL,,False,False
2932978,FREE MOBILE,"LTE 2100, LTE 2600",IMPASSE DE LA BORDE (LA TORNIÈRE) 45490 COURTEMPIERRE,45114,"48.0778,2.62",Pylône autostable,"40,5m",FREE-MOBILE,,SUP,,False,False
2932998,FREE MOBILE,"LTE 700, LTE 900, LTE 2100",6 RUE DE L'AVRE 78340 LES CLAYES SOUS BOIS,78165,"48.8247,1.9719",Immeuble,"32,5m",Société HLM,2026-07-07,ALL,,False,False
2933324,ORANGE,5G NR 2100,CHEM RURAL (LE CAVET) 12230 LA CAVALERIE,12063,"43.9842,3.1997",Mât,6m,TDF,2026-06-30,ART,,False,False
2933362,FREE MOBILE,LTE 2100,LA COUTRONNE 13390 AURIOL,13007,"43.3278,5.6792",Pylône autostable,46m,SFR,,SUP,,False,False
2934112,FREE MOBILE,LTE 2100,RD 1029 (LA DÉSOLATION) 02240 REGNY,02636,"49.8406,3.44",Pylône autostable,"44,6m",TDF,,SUP,,False,False
2934126,FREE MOBILE,LTE 2100,RUE DES FRÈRES PIETO 22400 LAMBALLE ARMOR,22093,"48.4886,-2.4653",Pylône autostable,"32,6m",TDF,,SUP,,False,False
2934194,FREE MOBILE,5G NR 3500,3 RUE EMILE VERHAREN 59370 MONS EN BAROEUL,59410,"50.6406,3.1175",Bâtiment,"20,4m","Copropriété, Syndic, SCI",,AJO,,False,False
2934236,FREE MOBILE,"LTE 2100, LTE 2600",MONTÉE DU VIEUX CAMP 83330 LE CASTELLET,83035,"43.2344,5.7669",Pylône autostable,"20,8m",FREE-MOBILE,,SUP,,False,True
2934662,FREE MOBILE,5G NR 700,ROUTE DES ILES SANGUINAIRES HOTEL CALA DI SOLE 20167 AJACCIO,2A004,"41.9061,8.6686",Immeuble,"10,5m",Société Privée,2026-07-24,ALL,,False,False
2934903,BOUYGUES TELECOM,UMTS 900,4 ALL VICTOR HUGO CCAL DU CHENE POINTU (TOUR VICTORE HUGO) 93390 CLICHY SOUS BOIS,93014,"48.9078,2.5442",Bâtiment,54m,Société HLM,,SUP,,False,False
2934910,ORANGE,GSM 900,RUE DES FRÈRES LUMIÈRE 31520 RAMONVILLE ST AGNE,31446,"43.5533,1.48",Pylône tubulaire,30m,TOTEM,2007-08-20,SUP,,False,False
2934963,SFR,"UMTS 900, LTE 700, LTE 800",A STADE ECOLE NAVALE 29160 LANVEOC,29120,"48.2758,-4.4106",Pylône autostable,"26,3m",BOUYGUES,,AJO,,True,True
2936033,ORANGE,5G NR 700,RUE DU CHENE BESSON SORTIE 18 A64 (PÉAGE DE SAINT GAUDENS) 31800 ESTANCARBON,31175,"43.1153,0.7556",Pylône autostable,35m,Sociétés d'Autoroutes,2026-07-15,AJA,,False,False
2936313,FREE MOBILE,LTE 2100,PRÈS DU CHEMIN DE L'EPINOTTE 54760 ARMAUCOURT,54021,"48.8147,6.2975",Pylône autostable,"26,8m",FREE-MOBILE,,SUP,,False,False
2936917,ORANGE,GSM 900,39 BOULEVARD DE L'EUROPE 31600 MURET,31395,"43.4714,1.3314",Immeuble,40m,TOTEM,2007-04-28,SUP,,False,False
2937039,FREE MOBILE,"LTE 2100, LTE 2600",DECHETERIE (LE GRETEL) 35170 BRUZ,35047,"48.0039,-1.75",Pylône autostable,"40,4m",FREE-MOBILE,,SUP,,False,False
2937656,FREE MOBILE,"LTE 2100, LTE 2600",ROUTE DE LA FERME DE LA PLANCHE (CHAMP RAIGU) 10800 ROUILLY ST LOUP,10329,"48.2611,4.1581",Pylône autostable,"32,6m",TDF,,SUP,,False,True
2937855,FREE MOBILE,LTE 2100,18 RUE DE VIGNACOURT 80310 LA CHAUSSEE TIRANCOURT,80187,"49.9583,2.1553",Pylône tubulaire,"31,3m",FREE-MOBILE,,SUP,,False,False
2938883,FREE MOBILE,"LTE 2100, LTE 2600",CHEMIN DU FAYL RD7A (CHEMIN DU FAYL) 52500 POINSON LES FAYL,52394,"47.7639,5.61",Pylône autostable,39m,FREE-MOBILE,,SUP,,False,False
2938950,SFR,UMTS 900,8 10AVENUE DE VERSAILLES 75116 PARIS 16,75116,"48.8508,2.2775",Immeuble,28m,"Copropriété, Syndic, SCI",,SUP,,False,True
2939792,FREE MOBILE,5G NR 700,18 RUE TRIPIÈRE 31500 TOULOUSE,31555,"43.6017,1.4433",Immeuble,19m,Particulier,2026-07-07,ALL,,False,False
2939845,FREE MOBILE,LTE 2100,IMP DES SOURCES LA FONTAINE DU BEL AIR 78200 MENERVILLE,78385,"48.9639,1.5925",Pylône autostable,30m,ATC FRANCE,,SUP,,False,False
2939991,FREE MOBILE,LTE 2100,ROUTE DE MOURACHE (MOURACHE) 40230 ST JEAN DE MARSACQ,40264,"43.62,-1.2431",Pylône autostable,"42,9m",FREE-MOBILE,,SUP,,False,False
2940308,FREE MOBILE,"LTE 2100, LTE 2600",																					 A88 (LES CHASNIÈRES			) 61570 BOISCHAMPRE,61375,"48.6836,0.0347",Pylône autostable,"44,6m",TDF,,SUP,,False,False
2940570,SFR,UMTS 900,14 AVENUE AUGUSTE RENOIR RÉSIDENCE LA RENARDIÈRE 77680 ROISSY EN BRIE,77390,"48.7936,2.6606",Immeuble,45m,"Copropriété, Syndic, SCI",,SUP,,False,False
2942014,SFR,UMTS 900,3 CHEMIN DE MONTIGNY 95220 HERBLAY SUR SEINE,95306,"48.9914,2.1733",Immeuble,13m,"Copropriété, Syndic, SCI",,SUP,,False,True
2943036,FREE MOBILE,LTE 2100,9 HENT AR VILIN AWEL AUTOCOMMUTATEUR DE TRÉDREZ (MOULIN DE LOCQUEMEAU) 22300 TREDREZ LOCQUEMEAU,22349,"48.7217,-3.5522",Pylône autostable,27m,ORANGE Services Fixes,,SUP,,False,False
2943118,FREE MOBILE,LTE 2100,ROUTE DE SAUVETERRE (LA MANSARDE) 64300 ORTHEZ,64430,"43.4753,-0.7942",Pylône autostable,"38,6m",TDF,,SUP,,False,False
2943124,FREE MOBILE,"LTE 2100, LTE 2600",ROUTE DE LA CROISEE A40 74270 CLARAFOND ARCINE,74077,"46.0617,5.8794",Pylône autostable,"38,6m",TDF,,SUP,,False,False
2943272,FREE MOBILE,"LTE 2100, LTE 2600",4 RN - D.936 (LA FOSSE DU JARDIN) 59680 COLLERET,59151,"50.255,4.0631",Pylône tubulaire,30m,TOTEM,,SUP,,False,False
2943341,FREE MOBILE,"LTE 700, LTE 900, LTE 1800, LTE 2600, 5G NR 3500",6 RUE AMÉDÉE DORMOY 76100 ROUEN,76540,"49.4458,1.0653",Bâtiment,6m,Société Privée,2026-07-24,ALL,,False,True
2943643,FREE MOBILE,LTE 900,28 RUE JEAN-RENE SCHWARTZ 54220 MALZEVILLE,54339,"48.7172,6.1867",Immeuble,"30,4m",Société HLM,2026-07-07,ALL,,False,False
2944211,ORANGE,LTE 2600,RUE DU STADE (AUX FOSSES) 70000 COLOMBE LES VESOUL,70162,"47.6064,6.2281",Pylône autostable,36m,ATC FRANCE,2026-06-26,ART,,False,False
2944372,FREE MOBILE,LTE 2100,50 LAN EREMUKO BIDEA 64250 AINHOA,64014,"43.2903,-1.4947",Pylône autostable,36m,TOTEM,,SUP,,False,False
2944672,FREE MOBILE,LTE 2100,ROUTE DE BOROGER 56250 LA VRAIE CROIX,56261,"47.6875,-2.5036",Pylône autostable,"32,6m",TDF,,SUP,,False,False
2944978,FREE MOBILE,LTE 2100,ROUTE D251 (LA BATAILLE) 14170 VENDEUVRE,14735,"48.9783,-0.0936",Pylône autostable,"38,3m",FREE-MOBILE,,SUP,,False,False
2944996,FREE MOBILE,"LTE 2100, LTE 2600",BORD DE D768 (VELLEC IZELLAN) 56930 PLUMELIAU BIEUZY,56173,"47.9828,-2.9806",Pylône autostable,"32,6m",TDF,,SUP,,False,True
2946043,FREE MOBILE,"LTE 900, 5G NR 700",6 CHEMIN DE TOULGUERI CHEMIN DES VIGNES (BODERHARF) 56370 LE TOUR DU PARC,56252,"47.5275,-2.6417",Pylône autostable,36m,TOTEM,2026-07-24,ALL,,False,False
2946548,FREE MOBILE,LTE 2100,ROUTE DE CHANTEMERLE (LES CHAUX) 26600 LARNAGE,26156,"45.0844,4.8747",Pylône autostable,"32,6m",TDF,,SUP,,False,False
2946950,FREE MOBILE,LTE 2100,14 CHEMIN DE PARTHEY 39100 CHOISEY,39150,"47.0597,5.4386",Pylône autostable,"32,8m",FREE-MOBILE,,SUP,,False,False
2947016,ORANGE,"LTE 700, LTE 800",CHEMIN DE MALATRA (MONTCHARDON ET PACALLERES) 38260 ORNACIEUX BALBINS,38284,"45.3978,5.2047",Pylône autostable,"36,3m",SFR,2026-04-13,ART,,True,False
2947515,FREE MOBILE,"LTE 2100, LTE 2600",RUE DU STADE (LA LEVÉE) 86170 AVANTON,86016,"46.6689,0.2989",Pylône autostable,37m,TOTEM,,SUP,,False,False
2947948,BOUYGUES TELECOM,"UMTS 900, LTE 700, LTE 800, LTE 1800, LTE 2100, LTE 2600, 5G NR 2100",CHEMIN DES ASPRES (LES ASPRES SUD) 13330 PELISSANNE,13069,"43.6414,5.1497",Pylône tubulaire,20m,BOUYGUES,,SUP,,False,True
2947948,SFR,"UMTS 900, LTE 700, LTE 800, LTE 1800, LTE 2100, LTE 2600, 5G NR 2100",CHEMIN DES ASPRES (LES ASPRES SUD) 13330 PELISSANNE,13069,"43.6414,5.1497",Pylône tubulaire,20m,BOUYGUES,,SUP,,False,True
2948006,FREE MOBILE,LTE 2100,ROUTE DU MOULIN A EAU (BARETTE) 33210 FARGUES,33164,"44.5408,-0.2994",Pylône autostable,39m,FREE-MOBILE,,SUP,,False,False
2948697,FREE MOBILE,"LTE 2100, LTE 2600",LES FORTES TERRES D98 - SOCIETE DIFFORVERT 60680 JONQUIERES,60326,"49.4011,2.7403",Pylône autostable,"32,8m",FREE-MOBILE,,SUP,,False,False
2948784,SFR,"UMTS 900, LTE 700, LTE 800, LTE 1800, LTE 2100, LTE 2600, 5G NR 2100",PROCHE DE CHEMIN DES REMPARTS COMPLEXE SPORTIF DEGOUVE BRABANT 62000 ARRAS,62041,"50.2836,2.7642",Pylône tubulaire,30m,SFR,,SUP,,False,True
2949176,ORANGE,5G NR 2100,DEPUIS LA ROUTE COMMUNALE N°2 PRENDRE ENSUITE LE CHEMIN À L'ENTRÉE DE LA PARCELLE (LES MAMOURS) 15160 VERNOLS,15253,"45.2108,2.9031",Pylône autostable,"24,2m",ATC FRANCE,2026-06-17,ART,,False,False
2949230,FREE MOBILE,LTE 2100,AVENUE DE PEUX (LES PIERRES) 85500 LES HERBIERS,85109,"46.9033,-1.0394",Pylône autostable,32m,ATC FRANCE,,SUP,,False,False
2949234,FREE MOBILE,"LTE 2100, LTE 2600",CHEMIN DE COUDRIE 85300 CHALLANS,85047,"46.8583,-1.8039",Pylône autostable,26m,ATC FRANCE,,SUP,,False,False
2949252,BOUYGUES TELECOM,,RUE DE LA VIOLETTE STADE (LA VIOLETTE) 49220 THORIGNE D ANJOU,49344,"47.6422,-0.6597",Pylône autostable,"36,2m",ATC FRANCE,2025-02-20,CHH,35m,False,False
2949252,FREE MOBILE,,RUE DE LA VIOLETTE STADE (LA VIOLETTE) 49220 THORIGNE D ANJOU,49344,"47.6422,-0.6597",Pylône autostable,"36,2m",ATC FRANCE,2025-12-15,CHH,35m,False,False
2949252,FREE MOBILE,LTE 2100,RUE DE LA VIOLETTE STADE (LA VIOLETTE) 49220 THORIGNE D ANJOU,49344,"47.6422,-0.6597",Pylône autostable,35m,ATC FRANCE,,SUP,,False,False
2949252,ORANGE,,RUE DE LA VIOLETTE STADE (LA VIOLETTE) 49220 THORIGNE D ANJOU,49344,"47.6422,-0.6597",Pylône autostable,"36,2m",ATC FRANCE,2020-11-30,CHH,35m,False,False
2949252,SFR,,RUE DE LA VIOLETTE STADE (LA VIOLETTE) 49220 THORIGNE D ANJOU,49344,"47.6422,-0.6597",Pylône autostable,"36,2m",ATC FRANCE,2025-03-13,CHH,35m,False,False
2949266,FREE MOBILE,"LTE 700, LTE 1800, LTE 2600, 5G NR 3500",CHEMIN DE LA HIGONNIERE (LES MILLOTS) 44640 ST JEAN DE BOISEAU,44166,"47.1964,-1.7097",Pylône autostable,36m,CELLNEX,2026-07-24,ALL,,False,True
2949278,SFR,GSM 900,7 RUE HENRI DUNANT 28100 DREUX,28134,"48.7367,1.3847",Immeuble,"21,6m",Société Privée,2020-02-06,SUP,,False,False
2950242,SFR,UMTS 900,6-12 RUE JEAN ZAY 78480 VERNEUIL SUR SEINE,78642,"48.98,1.9592",Bâtiment,28m,"Copropriété, Syndic, SCI",,SUP,,False,True
2950253,SFR,UMTS 900,7 AVENUE DU FIEF 95310 ST OUEN L AUMONE,95572,"49.045,2.1461",Pylône autostable,26m,BOUYGUES,,SUP,,False,False
2951696,FREE MOBILE,"LTE 2100, LTE 2600",RUE DES CHAMPILLONS VOIE COMMUNALE 4 DU PASSOIR À LA RD952 (ST NICOLAS) 49350 ST CLEMENT DES LEVEES,49272,"47.3461,-0.1953",Pylône autostable,32m,TOTEM,,SUP,,False,False
2951707,FREE MOBILE,LTE 2100,CHEMIN DE LA BUTTE DE LA GARDE (LES SAPIN LA MARRE) 44290 GUEMENE PENFAO,44067,"47.6972,-1.8711",Pylône autostable,32m,TOTEM,,SUP,,False,False
2951999,FREE MOBILE,"LTE 900, LTE 2100",146 ROUTE DE CANTA GALET 06300 NICE,06088,"43.7047,7.2211",Mât,11m,FREE-MOBILE,2026-07-07,ALL,,False,False
2952018,ORANGE,"UMTS 900, LTE 700, LTE 800, LTE 1800",144 RUE DE L'INDUSTRIE PROCHE DEPARTEMENTALE 23 85600 MONTAIGU VENDEE,85146,"46.9606,-1.2522",Pylône autostable,"42,5m",TDF,2022-01-25,SUP,,False,False
2952519,SFR,UMTS 900,23 RUE AMPÈRE 77400 LAGNY SUR MARNE,77243,"48.8756,2.6847",Pylône autostable,32m,CELLNEX,,SUP,,False,True
2952638,FREE MOBILE,"LTE 2100, LTE 2600",ROUTE DE VAUVENARGUES 13100 ST MARC JAUMEGARDE,13095,"43.5417,5.5039",Pylône autostable,"17,2m",FREE-MOBILE,,SUP,,False,True
2952642,FREE MOBILE,LTE 2100,ROUTE DE LA DILIGENCE (LE BAS TEMPLE) 22640 PLENEE JUGON,22185,"48.3803,-2.3739",Pylône autostable,"37,9m",FREE-MOBILE,,SUP,,False,False
2952650,FREE MOBILE,LTE 2100,D960 (LE BOURROU) 36150 AIZE,36002,"47.1161,1.7281",Pylône autostable,"44,9m",FREE-MOBILE,,SUP,,False,False
2952670,FREE MOBILE,"LTE 900, LTE 2100",12 ROUTE D'ALTENHEIM	 67200 STRASBOURG,67482,"48.5428,7.7658",Immeuble,"23,2m","Copropriété, Syndic, SCI",2026-07-07,ALL,,False,False
2953062,FREE MOBILE,LTE 2100,ROUTE DE CARQUELEU LE VILLAGE 76690 ST ANDRE SUR CAILLY,76555,"49.5464,1.2169",Pylône tubulaire,32m,ATC FRANCE,,SUP,,False,False
2953070,FREE MOBILE,"LTE 900, LTE 2100, 5G NR 3500",CHEMIN DE LA FENASSE LE PRÉ CORNETIÈRE (LA FENASSE) 85360 LA TRANCHE SUR MER,85294,"46.3569,-1.4522",Pylône tubulaire,31m,TOTEM,2026-07-24,ALL,,False,False
2953393,SFR,UMTS 900,2 RUE MARTIN LUTHER KING 91170 VIRY CHATILLON,91687,"48.665,2.3694",Pylône tubulaire,34m,SFR,,SUP,,False,True
2954119,FREE MOBILE,LTE 2100,VOIE COMMUNALE N°15P PROCHE A77 (RIVES DE BOIS) 45420 BONNY SUR LOIRE,45040,"47.6083,2.8172",Pylône autostable,36m,TOTEM,,SUP,,False,False
2954583,SFR,UMTS 900,RUE DU GÉNÉRAL DE GAULLE 77090 COLLEGIEN,77121,"48.8333,2.6628",Pylône autostable,20m,NEXT TOWER,,SUP,,False,False
2954824,SFR,UMTS 900,2 RUE DE MONTSERVON 95500 GONESSE,95277,"48.9692,2.4633",Immeuble,19m,"Copropriété, Syndic, SCI",,SUP,,False,True
2954995,SFR,UMTS 900,15 RUE DE TREVISE 75009 PARIS 09,75109,"48.8736,2.345",Immeuble,"27,3m","Copropriété, Syndic, SCI",,SUP,,False,True
2955887,FREE MOBILE,"LTE 900, LTE 2100",3 IMPASSE CHARLES PERRAULT 93250 VILLEMOMBLE,93077,"48.8775,2.5161",Immeuble,"16,9m",Société HLM,2026-07-07,ALL,,False,False
2956074,FREE MOBILE,"LTE 2100, LTE 2600", (LE QUART DU BOIS) 58380 LUCENAY LES AIX,58146,"46.7008,3.5144",Pylône autostable,42m,ORANGE,,SUP,,False,False
2956198,FREE MOBILE,LTE 2100,ROUTE D ETREHAM 14400 TOUR EN BESSIN,14700,"49.3006,-0.8011",Pylône autostable,"32,6m",TDF,,SUP,,False,False
2956200,FREE MOBILE,LTE 2100,PROCHE N165 PROCHE N165 (QUIVOUIDIC) 29150 CHATEAULIN,29026,"48.1889,-4.0456",Pylône autostable,"32,6m",TDF,,SUP,,False,False
2956206,FREE MOBILE,"LTE 2100, LTE 2600",RUE DU FELSENHOF (PITTENBERG) 57410 BINING,57083,"49.0328,7.2683",Pylône autostable,"40,5m",FREE-MOBILE,,SUP,,False,False
2956469,FREE MOBILE,LTE 2100,CIMETIERE SAN MICHELE 42.481622 9.322518 20235 BISINCHI,2B039,"42.4817,9.3225",Pylône autostable,21m,FREE-MOBILE,,SUP,,False,False
2956471,FREE MOBILE,"LTE 2100, LTE 2600",ROUTE DE SAINT ELIX (SEIGLANE) 31390 SALLES SUR GARONNE,31525,"43.2781,1.1706",Pylône autostable,"38,8m",FREE-MOBILE,,SUP,,False,False
2956839,FREE MOBILE,LTE 2100,PROCHE RUE DU SAPIN VERT D520 (BEAUCAIRE) 61420 LA FERRIERE BOCHARD,61165,"48.4178,-0.0308",Pylône autostable,32m,TDF,,SUP,,False,False
2956843,FREE MOBILE,"LTE 2100, LTE 2600",PROCHE RUE SAINT MARTIN (SANDACKER) 68130 HUNDSBACH,68148,"47.6083,7.3381",Pylône autostable,32m,ATC FRANCE,,SUP,,False,False
2956861,BOUYGUES TELECOM,,43 RUE DES TUILERIES 59530 ENGLEFONTAINE,59194,"50.1936,3.6286",Pylône autostable,"45,6m",TDF,2024-04-12,CHH,45m,False,False
2956861,ORANGE,,43 RUE DES TUILERIES 59530 ENGLEFONTAINE,59194,"50.1936,3.6286",Pylône autostable,"45,6m",TDF,2025-10-03,CHH,45m,False,False
2956861,SFR,,43 RUE DES TUILERIES 59530 ENGLEFONTAINE,59194,"50.1936,3.6286",Pylône autostable,"45,6m",TDF,2024-04-12,CHH,45m,False,False
2956901,SFR,UMTS 900,39 RUE MICHEL ROLNIKAS STADE AUGUSTE DELAUNE 93240 STAINS,93072,"48.9611,2.3869",Pylône tubulaire,27m,CELLNEX,,SUP,,False,True
2956924,SFR,"GSM 900, UMTS 2100, LTE 700, LTE 800, LTE 1800, LTE 2100, LTE 2600",PROCHE DE ROUTE DU ROHRSCHOLLEN (BAUERNGRUND) 67200 STRASBOURG,67482,"48.5142,7.7847",Pylône autostable,45m,TOTEM,,SUP,,False,True
2957298,FREE MOBILE,LTE 2100,LA MADELEINE (LA GRANDE DUNE) 50480 STE MARIE DU MONT,50509,"49.4219,-1.1906",Pylône autostable,30m,TOTEM,,SUP,,False,False
2957306,FREE MOBILE,"LTE 2100, LTE 2600",CHEMIN DU PONT VOIE COMMUNALE DU CHEMIN DU FALLERON (LE PONT NEUF) 44270 PAULX,44119,"46.9586,-1.7583",Pylône autostable,42m,TOTEM,,SUP,,False,False
2957775,FREE MOBILE,"LTE 2100, LTE 2600",616 CHEMIN DU BERTHIER (LE BERTHIER) 69170 VALSONNE,69254,"45.9506,4.4292",Pylône autostable,30m,TDF,,SUP,,False,True
2958314,FREE MOBILE,LTE 2100, (LA PIÈCE DES TRENTE SILLON) 14480 CREPON,14196,"49.3142,-0.5653",Pylône autostable,"46,3m",FREE-MOBILE,,SUP,,False,False
2958330,FREE MOBILE,"LTE 2100, LTE 2600",RUE DU BOIS (DODINE) 62910 MORINGHEM,62592,"50.7656,2.1472",Pylône autostable,"26,9m",FREE-MOBILE,,SUP,,False,False
2958407,SFR,"UMTS 900, LTE 700, LTE 800, LTE 1800, LTE 2100, LTE 2600, 5G NR 3500",D57 USINE DECARBONATATION HOUDAIN (LES BLANCS CHAMPS) 62150 HOUDAIN,62457,"50.4594,2.5375",Pylône tubulaire,32m,SFR,,SUP,,False,True
2958427,SFR,UMTS 900,75 AVENUE VOLTAIRE GARCIN STADE PAUL MILLE 84470 CHATEAUNEUF DE GADAGNE,84036,"43.9303,4.9408",Pylône tubulaire,26m,SFR,,SUP,,False,True
2958860,BOUYGUES TELECOM,"UMTS 900, LTE 700, LTE 800",CHEMIN RURAL DE RAMPAREY (CHAMPS DU CHENE) 88320 SERECOURT,88455,"48.0478,5.8469",Pylône autostable,"42,5m",HIVORY,,SUP,,True,True
2958860,SFR,"GSM 900, UMTS 900, LTE 700, LTE 800",CHEMIN RURAL DE RAMPAREY (CHAMPS DU CHENE) 88320 SERECOURT,88455,"48.0478,5.8469",Pylône autostable,"42,5m",HIVORY,,SUP,,False,True
2959314,SFR,"LTE 700, LTE 800, LTE 1800, LTE 2100, LTE 2600, 5G NR 3500",390 C ROUTE DU MOULIN DE LOSQUE 84300 CAVAILLON,84035,"43.8108,5.0475",Pylône tubulaire,25m,SFR,2026-07-01,ART,,False,True
2959314,SFR,UMTS 900,390 C ROUTE DU MOULIN DE LOSQUE 84300 CAVAILLON,84035,"43.8108,5.0475",Pylône tubulaire,25m,SFR,,SUP,,False,True
2959566,BOUYGUES TELECOM,UMTS 900,CHEMIN DES TARTREUX 77400 DAMPMART,77155,"48.8867,2.7583",Pylône autostable,"32,6m","Commune, communauté de communes",2024-12-05,SUP,,False,False
2961331,FREE MOBILE,LTE 2100,CHEMIN DE LA CROIX ROUGE (LA TEPPE) 26730 HOSTUN,26149,"45.0489,5.1792",Pylône autostable,"26,7m",TDF,,SUP,,False,False
2961347,FREE MOBILE,"LTE 2100, LTE 2600", (LA COSSONNIERE) 49400 BELLEVIGNE LES CHATEAUX,49060,"47.1764,-0.0744",Pylône autostable,"32,6m",TDF,,SUP,,False,True
2961353,FREE MOBILE,LTE 2100, (LE BOIS LOHIN) 56800 AUGAN,56006,"47.9219,-2.2481",Pylône autostable,"38,6m",TDF,,SUP,,False,False
2961591,FREE MOBILE,"LTE 2100, LTE 2600",CHEM D'ARBOUSSET (L'ARBOUSSET) 30140 BOISSET ET GAUJAC,30042,"44.0539,3.9997",Pylône autostable,34m,TOTEM,,SUP,,False,False
2961614,FREE MOBILE,LTE 2100,1579 RTE DE LA BAUME NRA ORANGE (LA CROIX) 30480 CENDRAS,30077,"44.1531,4.0403",Pylône autostable,27m,TOTEM,,SUP,,False,False
2962101,FREE MOBILE,5G NR 700,8 RUE DE LA RABALETTE STADE DE LA RABALETTE 85800 ST GILLES CROIX DE VIE,85222,"46.7033,-1.9453",Pylône tubulaire,25m,ON TOWER FRANCE,2026-07-24,ALL,,False,False
2962930,FREE MOBILE,"LTE 2100, LTE 2600",ROUTE DE LA MELLERIE (LA PARERIE DE BAS) 14380 NOUES DE SIENNE,14658,"48.8544,-0.9603",Pylône autostable,"32,6m",TDF,,SUP,,False,True
2963408,BOUYGUES TELECOM,"LTE 700, LTE 800, LTE 1800, LTE 2100, LTE 2600, 5G NR 2100, 5G NR 3500",92 RUE GEORGES CLEMENCEAU 57700 HAYANGE,57306,"49.3222,6.0589",Pylône tubulaire,25m,SFR,,SUP,,False,True
2963408,SFR,"UMTS 900, LTE 700, LTE 800, LTE 1800, LTE 2100, LTE 2600, 5G NR 2100, 5G NR 3500",92 RUE GEORGES CLEMENCEAU 57700 HAYANGE,57306,"49.3222,6.0589",Pylône tubulaire,25m,SFR,,SUP,,False,True
2963945,SFR,UMTS 900,72 CHEMIN CARROSSE (L ORMEAU) 31500 TOULOUSE,31555,"43.5767,1.4794",Immeuble,27m,Société HLM,,SUP,,False,True
2963954,FREE MOBILE,"LTE 2100, LTE 2600",LE BOUT DE LA CHAUSSEE (LA MONTRE DE MACHERET) 51260 ST JUST SAUVAGE,51492,"48.5464,3.7725",Pylône autostable,34m,TOTEM,,SUP,,False,False
2963971,FREE MOBILE,LTE 2100,1 KERGARADEC (KERGONGUY BIAN PARC AR GRO) 29440 TREFLAOUENAN,29285,"48.6208,-4.0881",Pylône autostable,33m,ATC FRANCE,,SUP,,False,False
2964026,FREE MOBILE,LTE 2100,D908 (LE PRÉ GUÉRIN) 61600 MAGNY LE DESERT,61243,"48.5869,-0.3386",Pylône autostable,32m,TOTEM,,SUP,,False,False
2964268,ORANGE,"LTE 700, LTE 800",VOIE COMMUNALE N°302 VERS BELMONT SUR VAIR (LES VARREAUX) 88170 GEMMELAINCOURT,88194,"48.2739,5.9622",Pylône autostable,"42,5m",HIVORY,2026-07-20,AJA,,True,True
2964268,ORANGE,UMTS 900,VOIE COMMUNALE N°302 VERS BELMONT SUR VAIR (LES VARREAUX) 88170 GEMMELAINCOURT,88194,"48.2739,5.9622",Pylône autostable,"42,5m",HIVORY,2026-05-22,AJR,,True,True
2964376,SFR,"UMTS 900, LTE 700, LTE 800, LTE 1800, LTE 2100, LTE 2600, 5G NR 3500",2 RUE CHARLES-FRANÇOIS DUPUIS 75003 PARIS 03,75103,"48.865,2.3628",Immeuble,"22,5m","Copropriété, Syndic, SCI",,SUP,,False,True
2964575,ORANGE,"LTE 700, LTE 1800, 5G NR 2100",CHEMIN RURAL DE THÉZY (THÉZY) 64490 BORCE,64136,"42.8156,-0.5625",Pylône autostable,25m,ORANGE,,AJO,,True,False
2964640,FREE MOBILE,LTE 2100,RUE DES MÉZERUES 27300 PLASNES,27463,"49.1486,0.605",Pylône autostable,32m,FREE-MOBILE,,SUP,,False,False
2965206,SFR,UMTS 900,66 RUE DES RONDEAUX 75020 PARIS 20,75120,"48.8642,2.3967",Immeuble,23m,"Copropriété, Syndic, SCI",,SUP,,False,True
2965210,SFR,"UMTS 900, LTE 700, LTE 800, LTE 1800, LTE 2100, LTE 2600, 5G NR 3500",IMPASSE DE LA PETITE VENISE PARC DU CHÂTEAU DE VERSAILLES 78000 VERSAILLES,78646,"48.8094,2.11",Pylône tubulaire,25m,SFR,,SUP,,False,True
2965496,SFR,UMTS 900,2 SQ DE LA POTERNE 91300 MASSY,91377,"48.7372,2.2706",Immeuble,47m,Société HLM,,SUP,,False,True
2965516,SFR,UMTS 900,2-4 ALLÉE THÉOPHILE GAUTIER (LES PROVINCES FRANCAISES) 92000 NANTERRE,92050,"48.8983,2.2103",Bâtiment,31m,"Copropriété, Syndic, SCI",,SUP,,False,True
2965520,SFR,UMTS 900,37 RUE DES LOGES 95110 SANNOIS,95582,"48.9831,2.2428",Pylône tubulaire,31m,ON TOWER FRANCE,,SUP,,False,True
2965524,BOUYGUES TELECOM,UMTS 900,ROUTE DE CASTELNAU STATION POMPAGE (LES BARREYRES) 33160 ST AUBIN DE MEDOC,33376,"44.9406,-0.7656",Pylône autostable,47m,TOTEM,2026-07-29,ALL,,False,False
2966205,BOUYGUES TELECOM,"LTE 1800, LTE 2100, LTE 2600, 5G NR 2100",CHEMIN D'EXPLOITATION PROCHE ROUTE DE MARSEILLE DEPARTEMENTALE 560 (LA GASTAUDE EST) 13390 AURIOL,13007,"43.3769,5.6911",Pylône autostable,"25,9m",CELLNEX,2026-04-30,ART,,False,False
2966205,BOUYGUES TELECOM,UMTS 900,CHEMIN D'EXPLOITATION PROCHE ROUTE DE MARSEILLE DEPARTEMENTALE 560 (LA GASTAUDE EST) 13390 AURIOL,13007,"43.3769,5.6911",Pylône autostable,"25,9m",CELLNEX,,SUP,,False,False
2966499,BOUYGUES TELECOM,"UMTS 900, LTE 2100",21 RUE DE DAHLENHEIM 67200 STRASBOURG,67482,"48.5644,7.7022",Immeuble,19m,Société HLM,,SUP,,False,False
2966579,SFR,UMTS 900,133 AVENUE DES STALINGRAD 93240 STAINS,93072,"48.9522,2.3886",Immeuble,"18,1m","Copropriété, Syndic, SCI",,SUP,,False,True
2966856,SFR,UMTS 900,4 RUE DU STADE 77176 NANDY,77326,"48.59,2.5678",Pylône tubulaire,37m,ON TOWER FRANCE,,SUP,,False,True
2967486,FREE MOBILE,LTE 2100,PROCHE RUE DU FOUR A PAIN (IMBERT) 15130 ARPAJON SUR CERE,15012,"44.8656,2.4917",Pylône autostable,29m,TOTEM,,SUP,,False,False
2967498,FREE MOBILE,LTE 2100,AVENUE DE LA GARE 38450 VIF,38545,"45.0469,5.6881",Pylône autostable,20m,FREE-MOBILE,,SUP,,False,False
2967888,FREE MOBILE,"LTE 700, LTE 900, LTE 1800, LTE 2100, LTE 2600, 5G NR 3500",CHEMIN D'EXPLOTATION (LE PÉNOSANT) 01600 ST DIDIER DE FORMANS,01347,"45.9533,4.7944",Pylône autostable,30m,TOTEM,2026-07-24,ALL,,False,True
2967895,ORANGE,5G NR 2100,800 RTE DE BAS (PELANNE) 40465 LALUQUE,40142,"43.8503,-0.9678",Pylône autostable,36m,ATC FRANCE,,AJO,,False,False
2967929,FREE MOBILE,"LTE 2100, LTE 2600",RUE DE LA REPUBLIQUE (LES HURAUX) 02460 SILLY LA POTERIE,02718,"49.1914,3.1389",Pylône autostable,40m,FREE-MOBILE,,SUP,,False,False
2967933,FREE MOBILE,"LTE 2100, LTE 2600",RUE DE LA LIBÉRATION (DOUCE DENRÉE) 51110 BOURGOGNE FRESNE,51075,"49.3444,4.0869",Pylône autostable,38m,TOTEM,,SUP,,False,False
2967937,FREE MOBILE,LTE 2100,1 RUE DES BROUCKS ROUTE D'HAZEBROUCK 59173 RENESCURE,59497,"50.7306,2.3825",Pylône autostable,38m,TOTEM,,SUP,,False,False
2968012,FREE MOBILE,LTE 2100,RTE LES DREVAUX DEPARTEMENTALE 140 03230 CHEZY,03076,"46.6203,3.4494",Pylône autostable,"38,3m",PHOENIX FRANCE INFRASTRUCTURES,,SUP,,False,False
296823,SRR,LTE 2600,CHEM BARROT (N°26 R DES BAMBOUS) 97430 LE TAMPON,97422,"-21.2456,55.5206",Mât béton,16m,Société Réunionnaise de Radiotéléphonie,2019-04-19,ART,,False,False
296829,SRR,LTE 1800,CD 441 97419 LA POSSESSION,97408,"-20.9225,55.3703",Mât béton,16m,Société Réunionnaise de Radiotéléphonie,2021-11-05,ART,,False,False
2968625,BOUYGUES TELECOM,"LTE 1800, LTE 2100, LTE 2600",29 R DE TANGER 76100 ROUEN,76540,"49.4478,1.0769",Immeuble,"20,6m","Copropriété, Syndic, SCI",2026-07-03,ALL,,False,False
2969068,FREE MOBILE,"LTE 700, LTE 900, LTE 1800, LTE 2100, LTE 2600, 5G NR 3500",1 RUE DE PEN AN ERO PROCHE ROND-POINT DU POTEAU (CLOUCHOURENN) 29160 LANVEOC,29120,"48.2767,-4.4958",Pylône autostable,"30,7m",PHOENIX FRANCE INFRASTRUCTURES,2026-07-24,ALL,,False,True
2969068,ORANGE,LTE 700,1 RUE DE PEN AN ERO PROCHE ROND-POINT DU POTEAU (CLOUCHOURENN) 29160 LANVEOC,29120,"48.2767,-4.4958",Pylône autostable,"30,7m",PHOENIX FRANCE INFRASTRUCTURES,2024-07-23,SUP,,False,False
2969291,FREE MOBILE,LTE 2100,CHEMIN DES ABEILLERS BORD DU PETIT RAONEL (QUARTIERS DES PALUDS) 84150 JONQUIERES,84056,"44.1186,4.8778",Pylône autostable,"32,6m",TDF,,SUP,,False,False
2969510,FREE MOBILE,"LTE 2100, LTE 2600",RUE DES REMISES (LES GUICHETS) 10170 VALLANT ST GEORGES,10392,"48.4642,3.9",Pylône autostable,"32,8m",FREE-MOBILE,,SUP,,False,False
2969534,FREE MOBILE,"LTE 2100, LTE 2600",ROUTE DE MAUCOMBLE (LE RAVIN) 76680 BOSC MESNIL,76126,"49.6761,1.33",Pylône autostable,"32,6m",TDF,,SUP,,False,True
2970012,ORANGE,GSM 900,16 RTE DE DURAN (BETBÈZE) 32000 AUCH,32013,"43.6569,0.5603",Pylône tubulaire,27m,TOTEM,2015-02-26,SUP,,False,False
2970037,FREE MOBILE,LTE 2100,6 RUE DU STADE (LA CROIX BAREL) 44530 GUENROUET,44068,"47.5144,-1.9597",Pylône autostable,45m,TOTEM,,SUP,,False,False
2970409,SFR,"UMTS 900, LTE 700, LTE 800, LTE 1800, LTE 2100, LTE 2600, 5G NR 2100",95C BOULEVARD DE LA LIBERTÉ 59400 CAMBRAI,59122,"50.1731,3.2228",Immeuble,19m,"Copropriété, Syndic, SCI",,SUP,,False,True
2970919,SFR,UMTS 900,2 ROUTE DE GOURNAY (LA FORET) 76160 ST JACQUES SUR DARNETAL,76591,"49.4442,1.1728",Pylône autostable,"42,1m",SFR,,SUP,,False,False
2970969,ORANGE,UMTS 900, PRÈS DE LA D71 (SPELONCATO) 20225 FELICETO,2B112,"42.5414,8.9358",Pylône autostable,12m,TOTEM,2026-06-15,ART,,True,False
2971330,BOUYGUES TELECOM,"LTE 700, LTE 800",3200 RTE D'AGDE (CHATEAU DE VILLEROY) 34200 SETE,34301,"43.3792,3.6289",Pylône autostable,10m,CELLNEX,2026-07-30,ALL,,False,False
2971330,SFR,"LTE 700, LTE 2600",3200 RTE D'AGDE (CHATEAU DE VILLEROY) 34200 SETE,34301,"43.3792,3.6289",Pylône autostable,10m,CELLNEX,,AJO,,False,True
2971330,SFR,UMTS 900,3200 RTE D'AGDE (CHATEAU DE VILLEROY) 34200 SETE,34301,"43.3792,3.6289",Pylône autostable,10m,CELLNEX,,SUP,,False,True
2971598,FREE MOBILE,"LTE 2100, LTE 2600",ROUSSIGNE ET ANTRIGOULE 30170 LA CADIERE ET CAMBO,30058,"43.9558,3.7942",Pylône autostable,37m,TOTEM,,SUP,,False,True
2972138,FREE MOBILE,"LTE 2100, LTE 2600",RUE DE LA LAITERIE (PRE BARBE) 57670 BENESTROFF,57060,"48.9069,6.7486",Pylône autostable,"38,9m",FREE-MOBILE,,SUP,,False,False
2972142,FREE MOBILE,"LTE 2100, LTE 2600",RTE DE HASNON (PRESEAUX ET RIEUX SART) 59178 MILLONFOSSE,59403,"50.43,3.3869",Pylône autostable,30m,FREE-MOBILE,,SUP,,False,True
2972163,FREE MOBILE,"LTE 2100, LTE 2600",ROUTE D'ENANVILLE 76700 ST LAURENT DE BREVEDENT,76596,"49.5253,0.2789",Pylône autostable,"34,2m",FREE-MOBILE,,SUP,,False,False
2972396,FREE MOBILE,LTE 2100,CHEMIN DU BOIS GARNIER D93 (LES GRANDES VIGNES) 60000 ALLONNE,60009,"49.4028,2.0886",Pylône autostable,22m,TOTEM,,SUP,,False,False
2972407,FREE MOBILE,LTE 2100,8 RUE DE L'ÉCOLE 95710 BRAY ET LU,95101,"49.1383,1.6622",Pylône tubulaire,20m,TOTEM,,SUP,,False,False
2972412,FREE MOBILE,"LTE 2100, LTE 2600",CR N° 5 DU PASSAGE À NIVEAU DE ST HERVÉ À LA BRASS (LE CHAMP DU PONT) 22440 PLOUFRAGAN,22215,"48.5017,-2.8092",Pylône autostable,30m,TOTEM,,SUP,,False,True
2972432,FREE MOBILE,"LTE 700, LTE 900, LTE 1800, 5G NR 700",287 AV SAINT-JACQUES DE COMPOSTELLE RN 10 (LE PUCH OUEST) 33610 CESTAS,33122,"44.6842,-0.7228",Pylône autostable,35m,TOTEM,2026-07-24,ALL,,False,True
2972444,FREE MOBILE,"LTE 700, LTE 900, LTE 1800, LTE 2100, LTE 2600, 5G NR 700, 5G NR 3500",4 RUE TERME REDOUN 81090 LAGARRIGUE,81130,"43.5794,2.2736",Pylône autostable,36m,TOTEM,2026-07-07,ALL,,False,True
2972704,FREE MOBILE,LTE 2100,LA COSSONNIERE PROCHE DE LA A83 85140 ESSARTS EN BOCAGE,85084,"46.7975,-1.1975",Pylône autostable,"32,6m",TDF,,SUP,,False,False
2972828,SFR,UMTS 900,6 RUE DES CLAVISIS RUE GABRIEL DE RONNE 94000 CRETEIL,94028,"48.7806,2.4714",Immeuble,"19,8m","Copropriété, Syndic, SCI",,SUP,,False,True
2973185,BOUYGUES TELECOM,"LTE 1800, LTE 2100, LTE 2600",10BIS RUE DOBRÉE 44300 NANTES,44109,"47.2111,-1.5692",Immeuble,30m,"Copropriété, Syndic, SCI",2026-07-14,ALL,,False,False
2973185,BOUYGUES TELECOM,5G NR 2100,10BIS RUE DOBRÉE 44300 NANTES,44109,"47.2111,-1.5692",Immeuble,30m,"Copropriété, Syndic, SCI",2026-06-11,ART,,False,False
2973185,BOUYGUES TELECOM,UMTS 900,10BIS RUE DOBRÉE 44300 NANTES,44109,"47.2111,-1.5692",Immeuble,30m,"Copropriété, Syndic, SCI",,SUP,,False,False
2973325,FREE MOBILE,LTE 2100,2 VILLAGE DE L'ÉGLISE (LE CLOS JACQUET) 50310 VAUDREVILLE,50621,"49.5219,-1.3619",Pylône autostable,"44,4m",FREE-MOBILE,,SUP,,False,False
2973327,FREE MOBILE,LTE 2100,CAMI DEUS SOUGAROUS (SOUGAROUS) 64170 LABASTIDE CEZERACQ,64288,"43.3778,-0.5258",Pylône autostable,"32,8m",FREE-MOBILE,,SUP,,False,False
2973405,SFR,UMTS 900,3 RUE DE LA PLANÈTE BLEUE 78114 MAGNY LES HAMEAUX,78356,"48.7297,2.0814",Pylône tubulaire,30m,SFR,,SUP,,False,True
2973432,SFR,UMTS 900,12 RUE DE L'EGALITÉ 77680 ROISSY EN BRIE,77390,"48.7967,2.6514",Immeuble,"22,6m","Copropriété, Syndic, SCI",,SUP,,False,False
2973727,SFR,"UMTS 900, LTE 700, LTE 800, LTE 1800, LTE 2100, LTE 2600, 5G NR 2100, 5G NR 3500",CHEMIN DES PETADINS (BOIS BOQUET) 74540 HERY SUR ALBY,74142,"45.805,6.0031",Pylône autostable,"45,6m",SFR,,SUP,,False,True
2974343,FREE MOBILE,"LTE 2100, LTE 2600",RUE DU GUE 77440 CONGIS SUR THEROUANNE,77126,"49.0119,2.9761",Pylône arbre,32m,TOTEM,,SUP,,False,True
2974394,FREE MOBILE,LTE 2600,ROUTE DE BORESSE (LE REMOILLIE) 16480 ST VALLIER,16357,"45.2756,-0.1008",Pylône autostable,32m,TDF,,SUP,,False,True
2974536,FREE MOBILE,"LTE 2100, LTE 2600",9 LE BOUSQUET (LE PETIT PICK) 33210 PREIGNAC,33337,"44.5694,-0.3083",Pylône autostable,38m,FREE-MOBILE,,SUP,,False,False
2974753,FREE MOBILE,LTE 2100,CACHIBIDAOU (LAS FAGES) 09160 BETCHAT,09054,"43.0897,1.0192",Pylône autostable,32m,TDF,,SUP,,False,False
2974767,FREE MOBILE,LTE 2100,RUE DE LA MOTTE (AUF BARWEG) 57385 TETING SUR NIED,57668,"49.0519,6.6625",Pylône autostable,32m,TOTEM,,SUP,,False,False
2974810,ORANGE,GSM 900,63 AVENUE JEAN JAURES 47200 MARMANDE,47157,"44.5019,0.155",Pylône autostable,34m,TOTEM,1995-07-07,SUP,,False,False
2974835,FREE MOBILE,LTE 2100,RUE DU FAUBOURG 62860 ECOURT ST QUENTIN,62284,"50.2494,3.0639",Pylône autostable,32m,TOTEM,,SUP,,False,False
2975048,FREE MOBILE,"LTE 2100, LTE 2600",1325 CHEMIN DU CLOS RIPERT (LA BACHASSE) 06510 CARROS,06033,"43.7869,7.1703",Pylône tubulaire,"13,2m",FREE-MOBILE,,SUP,,False,True
2975058,FREE MOBILE,LTE 2100,STADA DI SARTE (BOCCA DI A TESTA) 20114 FIGARI,2A114,"41.4706,9.0961",Pylône autostable,"11,9m",FREE-MOBILE,,SUP,,False,False
2975742,FREE MOBILE,LTE 2100,CHEMIN DES BARAQUES (CHENEVIERES) 25290 RUREY,25511,"47.0911,5.9967",Pylône autostable,38m,FREE-MOBILE,,SUP,,False,False
2980164,FREE MOBILE,LTE 2100,D105 (LA CROIX DU GROS CHENE) 50530 SARTILLY BAIE BOCAGE,50565,"48.7522,-1.4097",Pylône autostable,"32,6m",TDF,,SUP,,False,False
2980174,FREE MOBILE,LTE 2100,ROUTE DE GUILLIERS D154 (LE MOULINET) 56430 NEANT SUR YVEL,56145,"48.0158,-2.3369",Pylône autostable,"44,6m",TDF,,SUP,,False,False
2980176,FREE MOBILE,"LTE 2100, LTE 2600",ROUTE DE TALHOUET (TALHOUET) 56330 PLUVIGNER,56177,"47.7528,-3.03",Pylône autostable,"32,6m",TDF,,SUP,,False,False
2980671,FREE MOBILE,LTE 2100,CHEMIN DU CHÂTEAU 59213 BERMERAIN,59069,"50.2439,3.535",Pylône autostable,38m,TOTEM,,SUP,,False,False
2980683,ORANGE,GSM 900,5600 CHEMIN DU CLAUZIER ZI CTRE KENNEDY (BERNADE) 65430 SOUES,65433,"43.2161,0.0919",Pylône autostable,29m,TOTEM,2005-10-01,SUP,,False,False
2980687,FREE MOBILE,"LTE 2100, LTE 2600",CHEMIN DU VESSOUX (CHAMPS DE PRETRE) 70250 RONCHAMP,70451,"47.7086,6.6267",Pylône autostable,42m,TOTEM,,SUP,,False,False
2980701,ORANGE,LTE 700,6-12 RUE RENÉ CASSIN (LES COUTURES) 77400 ST THIBAULT DES VIGNES,77438,"48.8581,2.6747",Pylône tubulaire,31m,TOTEM,2022-06-29,SUP,,False,False
2980710,FREE MOBILE,5G NR 700,ROUTE DE MONTFERRAT (LES SALLES) 83300 DRAGUIGNAN,83050,"43.5492,6.4458",Bâtiment,32m,Établissement de soins,2026-07-28,ALL,,False,False
2980879,FREE MOBILE,5G NR 700,ROUTE DE POLLESTRES (LES CLOTES) 66680 CANOHES,66038,"42.6433,2.8444",Pylône autostable,21m,FREE-MOBILE,2026-07-28,ALL,,False,False
2984162,FREE MOBILE,"LTE 2100, LTE 2600",PROCHE ROUTE DE LANCON (LA COUDOULETTE) 13680 LANCON PROVENCE,13051,"43.6158,5.1389",Pylône autostable,17m,FREE-MOBILE,,SUP,,False,False
2984166,FREE MOBILE,"LTE 2100, LTE 2600",D97 (ANCLADES) 65100 LOURDES,65286,"43.0925,-0.0158",Pylône autostable,"32,8m",FREE-MOBILE,,SUP,,False,True
2984243,SFR,UMTS 900,D7 (LE TROU DE MON ONCLE) 76160 ST AUBIN EPINAY,76560,"49.4158,1.1714",Pylône autostable,42m,SFR,,SUP,,False,True
2984281,SFR,UMTS 900,71 RUE DE LA FAYETTE 75009 PARIS 09,75109,"48.8764,2.345",Immeuble,"27,8m","Copropriété, Syndic, SCI",,SUP,,False,True
2984569,FREE MOBILE,"LTE 900, LTE 2100",768 AV MARÉCHAL JUIN 107 RUE DU COL D'ARTAUD RÉSIDENCE BEAUDISSON (LE COLLET DE MALESPINE) 83140 SIX FOURS LES PLAGES,83129,"43.0981,5.8519",Immeuble,18m,"Copropriété, Syndic, SCI",2026-07-07,ALL,,False,False
2984591,BOUYGUES TELECOM,LTE 700,2 RTE DES TRIBUNES (HIPPODROME LONGCHAMPS) 75116 PARIS 16,75116,"48.8572,2.2358",Pylône tubulaire,16m,BOUYGUES,2026-07-17,ALL,,False,False
2984602,FREE MOBILE,LTE 900,ROUTE DU SIPES 68128 ROSENAU,68286,"47.6389,7.5389",Pylône autostable,40m,ORANGE,2026-07-07,ALL,,False,False
2985954,BOUYGUES TELECOM,"UMTS 900, LTE 2100",CHEM DE LA VALMASQUE 06410 BIOT,06018,"43.6158,7.1003",Pylône autostable,24m,BOUYGUES,,SUP,,False,True
2986941,BOUYGUES TELECOM,"LTE 2100, 5G NR 3500",11 R AUGUSTE DE ST HILAIRE 45100 ORLEANS,45234,"47.9194,1.9197",Immeuble,"16,8m","Copropriété, Syndic, SCI",,SUP,,False,True
2986995,FREE MOBILE,"LTE 2100, LTE 2600",ROUTE DE CHARMOY (DOUR) 89113 VALRAVILLON,89196,"47.9231,3.475",Pylône autostable,61m,ON TOWER FRANCE,,SUP,,False,False
2987008,FREE MOBILE,"LTE 900, LTE 2100",5 ROUTE DE LA ROTONDE D2089 (PORT DU NOYER) 33500 ARVEYRES,33015,"44.9117,-0.2553",Pylône autostable,66m,TOTEM,2026-07-07,ALL,,False,False
2987040,FREE MOBILE,LTE 2100,RUE DU STADE (LA CROIX BALLET) 79190 LIMALONGES,79150,"46.1303,0.1781",Pylône autostable,44m,FREE-MOBILE,,SUP,,False,False
2987249,FREE MOBILE,"LTE 2100, LTE 2600",PROCHE D724 (LE CLOS NEUF) 56800 GUILLAC,56079,"47.94,-2.4636",Pylône autostable,"38,6m",TDF,,SUP,,False,True
2987251,FREE MOBILE,LTE 2100,5 CHEMIN TOURISTIQUE DU LANGENBERG (AUF DEM BERG) 57905 ZETTING,57760,"49.0786,7.1433",Pylône autostable,"32,6m",TDF,,SUP,,False,False
2987261,FREE MOBILE,"LTE 2100, LTE 2600",2 PLACE DE LA GARE (LA COIGNEE) 80290 FAMECHON,80301,"49.7672,2.045",Pylône autostable,"32,6m",TDF,,SUP,,False,True
2988248,BOUYGUES TELECOM,"UMTS 900, LTE 700, LTE 800",ROUTE DE BELLEVILLE (LE PLANAY) 73620 HAUTELUCE,73132,"45.7722,6.6417",Pylône autostable,30m,TOTEM,2026-07-09,ALL,,True,True
2988248,ORANGE,UMTS 900,ROUTE DE BELLEVILLE (LE PLANAY) 73620 HAUTELUCE,73132,"45.7722,6.6417",Pylône autostable,30m,TOTEM,2026-06-29,ART,,True,False
2988248,SFR,UMTS 900,ROUTE DE BELLEVILLE (LE PLANAY) 73620 HAUTELUCE,73132,"45.7722,6.6417",Pylône autostable,30m,TOTEM,2026-06-30,ART,,True,True
2988951,SFR,"LTE 2600, 5G NR 3500",11 AVENUE RENÉ FROGER BATIMENT D 05100 BRIANCON,05023,"44.8992,6.6314",Immeuble,28m,"Copropriété, Syndic, SCI",,AJO,,False,False
2989595,FREE MOBILE,"LTE 2100, LTE 2600",310 ANCIENNE ROUTE DE BLETTERANS 39570 MONTMOROT,39362,"46.6792,5.51",Pylône autostable,"32,8m",FREE-MOBILE,,SUP,,False,False
2989667,SFR,UMTS 900,2 RUE DU VIEUX MOULIN 78370 PLAISIR,78490,"48.8303,1.9386",Immeuble,"16,2m","Copropriété, Syndic, SCI",,SUP,,False,True
2989918,FREE MOBILE,LTE 2100,436 ROUTE DE CANY STADE DE FOOT (LA GRIPPE) 76450 OURVILLE EN CAUX,76490,"49.7325,0.6022",Pylône autostable,35m,TOTEM,,SUP,,False,False
2989928,ORANGE,"LTE 800, LTE 1800, 5G NR 700, 5G NR 3500",PROCHE AVENUE SAINT ROCHE D34 D118 (LE PONT BIERE) 34400 ST SERIES,34288,"43.73,4.0981",Pylône autostable,40m,FREE-MOBILE,2026-07-06,ALL,,False,True
2990152,FREE MOBILE,5G NR 700,59 CHEMIN DES ISCLES RÉSIDENCE LES ISCLES 83700 ST RAPHAEL,83118,"43.4267,6.7664",Immeuble,"24,1m",Société HLM,2026-07-28,ALL,,False,False
2991300,FREE MOBILE,LTE 2100,21 FAUBOURG DU PRIEURE (LE SUQUET) 82230 MONCLAR DE QUERCY,82115,"43.9683,1.585",Pylône autostable,41m,TOTEM,,SUP,,False,False
2991300,ORANGE,GSM 900,21 FAUBOURG DU PRIEURE (LE SUQUET) 82230 MONCLAR DE QUERCY,82115,"43.9683,1.585",Pylône autostable,41m,TOTEM,2000-09-22,SUP,,False,False
2991462,FREE MOBILE,LTE 2100,RUE HAUTE (LES VIGNES L ABBE) 10260 COURTENOT,10109,"48.1494,4.3128",Pylône autostable,"42,5m",FREE-MOBILE,,SUP,,False,False
2991468,FREE MOBILE,"LTE 2100, LTE 2600",PROCHE STADA DI U MARE PROPRIÉTÉ CIPRIANI DON LOUIS (PROPRIÉTÉ CIPRIANI DON LOUIS) 20290 LUCCIANA,2B148,"42.5422,9.5283",Pylône autostable,48m,FREE-MOBILE,,SUP,,False,True
2991470,FREE MOBILE,"LTE 2100, LTE 2600",CHEMIN LE CHATELIER (LA GRANDE VILLAMEE) 35630 LA CHAPELLE CHAUSSEE,35058,"48.2661,-1.8525",Pylône autostable,"31,9m",FREE-MOBILE,,SUP,,False,False
2992037,FREE MOBILE,LTE 2100,PROCHE ROUTE DE FOUGEROLLES (LE BOIS) 70280 RADDON ET CHAPENDU,70435,"47.8439,6.4653",Pylône autostable,"32,9m",FREE-MOBILE,,SUP,,False,False
2992437,FREE MOBILE,"LTE 700, LTE 900, LTE 1800, LTE 2100, LTE 2600, 5G NR 3500",480 ROUTE DE REYRIEUX (LES EPINASSES) 69730 GENAY,69278,"45.895,4.8289",Pylône tubulaire,24m,TOTEM,2026-07-24,ALL,,False,True
2992441,FREE MOBILE,"LTE 2100, LTE 2600",1453 ROUTE DE BONNEVILLE Z.I. LA PERRINE (LES GRIVAZ) 74130 CONTAMINE SUR ARVE,74087,"46.1153,6.3483",Pylône autostable,26m,TOTEM,,SUP,,False,True
2992566,BOUYGUES TELECOM,"LTE 700, LTE 800",RUE DE LA BOITELLERIE (LA PIECE POINTUE) 44710 PORT ST PERE,44133,"47.1158,-1.7708",Pylône autostable,"32,6m",CELLNEX,2026-07-06,ALL,,False,True
299271,SRR,5G NR 3500,PL DU CARREFOUR (CHEMBENYOUMBA) 97650 M TSANGAMOUJI,97613,"-12.7631,45.0772",Mât béton,18m,Société Réunionnaise de Radiotéléphonie,2026-07-10,ALL,,False,False
2993080,SFR,UMTS 900,30 RUE DU BOIS MOUSSAY 93240 STAINS,93072,"48.9572,2.3686",Pylône tubulaire,30m,CELLNEX,,SUP,,False,True
2993084,SFR,UMTS 900,7 BOULEVARD JULES GUESDE 93380 ST DENIS,93066,"48.9344,2.3497",Immeuble,"33,3m","Copropriété, Syndic, SCI",,SUP,,False,True
2993334,BOUYGUES TELECOM,"LTE 700, LTE 800",CHEM COMMUNAL (LES GRANDES GARNAUDIÈRES) 85340 LES SABLES D OLONNE,85194,"46.5317,-1.785",Pylône autostable,35m,TOTEM,2026-07-12,ALL,,False,True
2993334,FREE MOBILE,"LTE 700, LTE 900, LTE 1800, LTE 2100, LTE 2600, 5G NR 3500",CHEM COMMUNAL (LES GRANDES GARNAUDIÈRES) 85340 LES SABLES D OLONNE,85194,"46.5317,-1.785",Pylône autostable,35m,TOTEM,2026-07-24,ALL,,False,True
2993638,FREE MOBILE,LTE 2100,5 RUE DU BAC 68490 CHALAMPE,68064,"47.8153,7.5444",Pylône autostable,"40,4m",SFR,,SUP,,False,False
2994018,FREE MOBILE,"LTE 2100, LTE 2600",10 ROUTE DE MOINERIE (BRUNATIÈRE) 03390 SAZERET,03270,"46.3489,2.9933",Pylône autostable,"42,5m",Société Privée,,SUP,,False,True
2994412,ORANGE,5G NR 2100,ROUTE DE GAP D94 26110 LES PILLES,26238,"44.3911,5.2019",Pylône autostable,36m,ATC FRANCE,,AJO,,False,False
2995104,ORANGE,GSM 900,ROUTES DES GRAVES STADE DU MARQUISAT (ICHIS) 65290 LOUEY,65284,"43.1844,0.0214",Pylône autostable,33m,TOTEM,2005-05-14,SUP,,False,False
2995218,FREE MOBILE,LTE 2100,47 ROUTE DE BARRA NUECH (LES LAUZA) 06390 BERRE LES ALPES,06015,"43.8308,7.3236",Pylône tubulaire,"15,5m",FREE-MOBILE,,SUP,,False,False
2995234,FREE MOBILE,"LTE 700, LTE 900, 5G NR 700",17 QUAI AULAGNIER (LES GRESILLONS) 92600 ASNIERES SUR SEINE,92004,"48.9133,2.3031",Bâtiment,"19,4m",Société Privée,2025-05-26,SUP,,False,False
2995486,FREE MOBILE,LTE 2100,PROCHE D173 (LE MATZ) 35640 MARTIGNE FERCHAUD,35167,"47.805,-1.2936",Pylône autostable,"38,6m",TDF,,SUP,,False,False
2995769,FREE MOBILE,"LTE 700, LTE 900, LTE 1800, LTE 2100, LTE 2600, 5G NR 3500",325 AVENUE PIERRE DE COUBERTIN (BAUMES) 13160 CHATEAURENARD,13027,"43.8842,4.8664",Pylône autostable,32m,CELLNEX,2026-07-24,ALL,,False,True
2995815,BOUYGUES TELECOM,"LTE 1800, LTE 2600",CHEMIN RURAL PRÈS LIGNE TGV (GRAND VALAT SUD) 30390 THEZIERS,30328,"43.8975,4.6397",Pylône autostable,32m,ON TOWER FRANCE,2026-07-02,ALL,,False,False
2995815,SFR,"LTE 700, LTE 800, LTE 1800, LTE 2600, 5G NR 2100",CHEMIN RURAL PRÈS LIGNE TGV (GRAND VALAT SUD) 30390 THEZIERS,30328,"43.8975,4.6397",Pylône autostable,32m,ON TOWER FRANCE,2026-07-03,ALL,,False,True
2995969,FREE MOBILE,LTE 2100,CHEMIN DE L'EAU RÉSERVOIR BRISE DE CHARGE DE LAURE 83210 SOLLIES VILLE,83132,"43.1747,6.0128",Pylône autostable,27m,FREE-MOBILE,,SUP,,False,False
2996017,SFR,UMTS 900,45 RUE DE L'EGLISE EGLISE SAINT SATURNIN 76520 LES AUTHIEUX SUR LE PORT ST OUEN,76039,"49.3408,1.1342",Monument religieux,"25,5m","Commune, communauté de communes",,SUP,,False,True
2996243,FREE MOBILE,"LTE 700, LTE 900, LTE 1800, LTE 2100, LTE 2600, 5G NR 3500",35 RUE ROGER LANDINI LA POSTE 83700 ST RAPHAEL,83118,"43.4231,6.7706",Bâtiment,31m,TOTEM,2026-07-24,ALL,,False,True
2996301,FREE MOBILE,"LTE 2100, LTE 2600",D46 (MON PLAISIR) 22400 LAMBALLE ARMOR,22093,"48.4614,-2.5617",Pylône autostable,"32,6m",TDF,,SUP,,False,False
2996307,FREE MOBILE,LTE 2100,D127 (LA ROCHE) 39300 CHAMPAGNOLE,39097,"46.7231,5.9283",Pylône autostable,"38,6m",TDF,,SUP,,False,False
2996581,FREE MOBILE,LTE 2100,ROUTE DE FRELAND CHEMIN DU SALEM (LE KALBLIN) 68150 AUBURE,68014,"48.1919,7.2169",Pylône autostable,44m,FREE-MOBILE,,SUP,,False,False
2996635,FREE MOBILE,LTE 2100,CHEMIN DES OSSIAUX PROCHE CHEZ COQUE (LES VIGNES BASSES) 63160 GLAINE MONTAIGUT,63168,"45.7486,3.3822",Pylône autostable,24m,ATC FRANCE,,SUP,,False,False
2996635,ORANGE,5G NR 2100,CHEMIN DES OSSIAUX PROCHE CHEZ COQUE (LES VIGNES BASSES) 63160 GLAINE MONTAIGUT,63168,"45.7486,3.3822",Pylône autostable,24m,ATC FRANCE,,AJO,,False,False
2996639,FREE MOBILE,"LTE 2100, LTE 2600",RTE DE VITTEFLEUR D69 (BOIS DE LA BROCHE) 76460 ST RIQUIER ES PLAINS,76646,"49.8172,0.6467",Pylône autostable,36m,ATC FRANCE,,SUP,,False,False
2996660,FREE MOBILE,"LTE 2100, LTE 2600",CHEMIN RURAL (KEREVEN) 22200 GRACES,22067,"48.5278,-3.1928",Pylône autostable,"32,6m",TDF,,SUP,,False,False
2996666,FREE MOBILE,LTE 2100,3 ROUTE DE MONTCEAUX (LA PICOTERIE) 50660 QUETTREVILLE SUR SIENNE,50419,"48.97,-1.4539",Pylône autostable,"32,6m",TDF,,SUP,,False,False
2996674,FREE MOBILE,LTE 2100,29 CHEMIN DE BEAU SOLEIL PROCHE A28 (LES FONTAINES) 72500 MONTVAL SUR LOIR,72071,"47.6783,0.3683",Pylône autostable,"44,6m",TDF,,SUP,,False,False
2996682,FREE MOBILE,"LTE 900, LTE 2100, 5G NR 700",8 BIS RUE DENIS PAPIN YLS LOGISTIQUE 8 (QUARTIER JEAN MACE) 78190 TRAPPES,78621,"48.7667,1.9972",Pylône tubulaire,30m,FREE-MOBILE,2026-07-24,ALL,,False,False
2996764,FREE MOBILE,LTE 2100,5 RUE LOUIS HAREL DE LA NOE (LA BOUSSARDIÈRE) 72250 PARIGNE L EVEQUE,72231,"47.9536,0.3117",Pylône autostable,"46,5m",FREE-MOBILE,,SUP,,False,False
2996766,FREE MOBILE,"LTE 2100, LTE 2600",PROCHE CHEMIN BOIS DE BORDEAUX 85710 BOIS DE CENE,85024,"46.9525,-1.8397",Pylône autostable,"32,6m",TDF,,SUP,,False,True
2997362,FREE MOBILE,LTE 2100,CHEMIN DE CHERIN (LE BACHET) 73100 BRISON ST INNOCENT,73059,"45.7406,5.8928",Pylône autostable,38m,TDF,,SUP,,False,False
2998421,FREE MOBILE,"LTE 2100, LTE 2600",CHEMIN DE VILLEBRUNE (LE RIBAUDE) 84800 L ISLE SUR LA SORGUE,84054,"43.89,5.0453",Pylône autostable,37m,TOTEM,,SUP,,False,False
2998449,ORANGE,"LTE 1800, 5G NR 2100",ROUTE DE HABAS 120 IMPASSE DE CAZENAVE 40300 LABATUT,40132,"43.565,-0.955",Pylône autostable,30m,ATC FRANCE,,AJO,,True,False
2998521,FREE MOBILE,"LTE 2100, LTE 2600",2 RUE DES COTEAUX 51140 MUIZON,51391,"49.2731,3.9108",Pylône autostable,"38,5m",FREE-MOBILE,,SUP,,False,False
2998638,ORANGE,"LTE 700, LTE 800, LTE 1800",CHEMIN DES PRÉS APRÈS LE MOULIN DE LA MOUCHE (LE PONT JOLY) 27290 ST PHILBERT SUR RISLE,27587,"49.2903,0.6589",Pylône autostable,36m,TOTEM,2026-07-21,ALL,,False,True
2998835,FREE MOBILE,LTE 2100,PROCHE DU CHEMIN DU HOUDIN (GREFFIER) 40465 LALUQUE,40142,"43.8494,-0.9597",Pylône autostable,"44,8m",FREE-MOBILE,,SUP,,False,False
2998952,SFR,UMTS 900,9 BOULEVARD BERTHIER 75017 PARIS 17,75117,"48.8939,2.3128",Bâtiment,31m,"Copropriété, Syndic, SCI",,SUP,,False,True
2999108,FREE MOBILE,LTE 2100,TROMPE SOURIS A.28 LE MANS - ALENÇPN (LA BUSSONNIERE) 72380 STE JAMME SUR SARTHE,72289,"48.1469,0.1444",Pylône autostable,40m,TOTEM,,SUP,,False,False
2999391,FREE MOBILE,"LTE 2100, LTE 2600",PROCHE RUE FULGENCE BIENVENUE (LA CHAUMIERE) 22120 POMMERET,22246,"48.4758,-2.6175",Pylône autostable,"32,6m",TDF,,SUP,,False,False
2999393,FREE MOBILE,"LTE 2100, LTE 2600",PROCHE N157 (LES REZES) 35370 ARGENTRE DU PLESSIS,35006,"48.0756,-1.1397",Pylône autostable,"32,6m",TDF,,SUP,,False,False
2999397,FREE MOBILE,"LTE 2100, LTE 2600",679 ROUTE NATIONALE N° 24 (LE FAOUET BODERY) 56440 LANGUIDIC,56101,"47.8669,-3.07",Pylône autostable,"38,6m",TDF,,SUP,,False,False
2999403,FREE MOBILE,"LTE 2100, LTE 2600",PASSAGE A NIVEAU 48 (LA COUR DE GESNES) 72610 CHERISAY,72079,"48.3403,0.1211",Pylône autostable,"32,6m",TDF,,SUP,,False,True
2999427,BOUYGUES TELECOM,UMTS 900,56 ALL DU PONT DE LA PIERRE 33160 ST MEDARD EN JALLES,33449,"44.9017,-0.7672",Pylône autostable,"38,5m",BOUYGUES,,SUP,,False,False
2999456,SFR,UMTS 900,14  AVENUE DE CHANZY 94210 ST MAUR DES FOSSES,94068,"48.7911,2.5144",Bâtiment,"22,1m","Copropriété, Syndic, SCI",,SUP,,False,True
2999477,SFR,UMTS 900,11 RUE DE LA DESSERTE INDUSTRIELLE 91220 BRETIGNY SUR ORGE,91103,"48.5886,2.2961",Pylône autostable,"29,8m",SFR,,SUP,,False,True
2999691,BOUYGUES TELECOM,"LTE 700, LTE 800, LTE 1800, 5G NR 2100",RUE DES PATURES 77440 COCHEREL,77120,"49.0186,3.1011",Pylône autostable,42m,FREE-MOBILE,2026-07-11,ALL,,False,True
2999691,SFR,"UMTS 900, LTE 2100",RUE DES PATURES 77440 COCHEREL,77120,"49.0186,3.1011",Pylône autostable,42m,FREE-MOBILE,,SUP,,False,False
3000484,BOUYGUES TELECOM,"UMTS 900, LTE 700, LTE 800",ROUTE DE PIRON (POUY) 40190 BOURDALAT,40052,"43.8397,-0.2164",Pylône autostable,"42,5m",HIVORY,2024-06-21,SUP,,True,False
3000484,FREE MOBILE,"UMTS 900, LTE 700",ROUTE DE PIRON (POUY) 40190 BOURDALAT,40052,"43.8397,-0.2164",Pylône autostable,"42,5m",HIVORY,2025-11-28,SUP,,True,False
3000484,ORANGE,"UMTS 900, LTE 700, LTE 800",ROUTE DE PIRON (POUY) 40190 BOURDALAT,40052,"43.8397,-0.2164",Pylône autostable,"42,5m",HIVORY,,SUP,,True,True
3000484,SFR,"UMTS 900, LTE 700, LTE 800",ROUTE DE PIRON (POUY) 40190 BOURDALAT,40052,"43.8397,-0.2164",Pylône autostable,"42,5m",HIVORY,,SUP,,True,True
3000542,FREE MOBILE,LTE 2100,11 RUE DU MOULIN (MOULIN DU HAUT) 50330 TOCQUEVILLE,50598,"49.6683,-1.3428",Pylône autostable,32m,TOTEM,,SUP,,False,False
3000960,FREE MOBILE,"LTE 1800, LTE 2600, 5G NR 3500",339 CHEMIN DES ROCHONS (LES ROCHONS) 01090 MONTMERLE SUR SAONE,01263,"46.0919,4.7631",Pylône autostable,29m,TOTEM,2026-07-28,ALL,,False,True
3001010,FREE MOBILE,LTE 2100,AV DE LA FERME DES GODINIÈRES (PLAINE DES GODINIERES) 17160 MATHA,17224,"45.8644,-0.3033",Pylône autostable,36m,TOTEM,,SUP,,False,False
3001014,FREE MOBILE,"LTE 2100, LTE 2600",RTE GROUPE GARDETTES (LES GALÈGES) 24750 BOULAZAC ISLE MANOIRE,24053,"45.1158,0.8228",Pylône autostable,36m,TOTEM,,SUP,,False,False
3001983,FREE MOBILE,"LTE 2100, LTE 2600",175 CHEMIN DE LACOMBE (SAINT JAMES) 31600 MURET,31395,"43.4542,1.3611",Pylône autostable,"32,8m",FREE-MOBILE,,SUP,,False,False
3002007,FREE MOBILE,"LTE 2100, LTE 2600",ROUTE DE LA CORVÉE D115 25640 BRECONCHAUX,25088,"47.3411,6.2742",Pylône autostable,"32,6m",TDF,,SUP,,False,True
3002049,SFR,UMTS 900,8 RUE DE TURENNE 75004 PARIS 04,75104,"48.8553,2.3636",Bâtiment,"25,9m","Copropriété, Syndic, SCI",,SUP,,False,True
3002855,ORANGE,"LTE 1800, 5G NR 2100",ROUTE DE NOTRE DAME DES PINS 40500 AURICE,40020,"43.8225,-0.5975",Pylône autostable,36m,ATC FRANCE,,AJO,,True,False
3002872,FREE MOBILE,5G NR 700,2 RUE RAVIER 74100 AMBILLY,74008,"46.1992,6.2261",Immeuble,19m,"Copropriété, Syndic, SCI",2026-07-28,ALL,,False,False
3003118,FREE MOBILE,"LTE 2100, LTE 2600",263 CHEMIN DU COLOMBIER 06620 GOURDON,06068,"43.7233,6.9736",Pylône arbre,"15,5m",FREE-MOBILE,,SUP,,False,False
3003120,FREE MOBILE,"LTE 900, LTE 2100",7 RUE ALBERT CAQUOT 08000 CHARLEVILLE MEZIERES,08105,"49.7497,4.7089",Pylône tubulaire,"31,5m",FREE-MOBILE,2026-07-07,ALL,,False,False
3003130,FREE MOBILE,LTE 2100,ALLEE DES LAURIERS ROUTE NATIONALE 193 20167 SARROLA CARCOPINO,2A271,"41.9842,8.8403",Pylône autostable,12m,TOTEM,,SUP,,False,False
3003507,FREE MOBILE,"LTE 2100, LTE 2600",CHE DU PECH VERT (AYROLES) 11290 ALAIRAC,11005,"43.1806,2.2506",Pylône autostable,32m,TOTEM,,SUP,,False,True
3003511,FREE MOBILE,"LTE 2100, LTE 2600",RUE DES QUATRE VENTS (ZAC DE BEL AIR) 17230 ANDILLY,17008,"46.2603,-1.0139",Pylône tubulaire,30m,TOTEM,,SUP,,False,True
3003518,FREE MOBILE,LTE 2100,11 RUE DU STADE 79230 FORS,79125,"46.2344,-0.4036",Pylône tubulaire,30m,TOTEM,,SUP,,False,False
3003557,ORANGE,"LTE 800, 5G NR 700",60  RUE DU 8 MAI 1945 59293 NEUVILLE SUR ESCAUT,59429,"50.2903,3.3569",Pylône autostable,"36,5m",CELLNEX,2026-08-05,AAV,,False,True
3003670,FREE MOBILE,LTE 2100,PRÈS DE LA D175 (LA BOURJAUDERIE) 35250 MOUAZE,35197,"48.2181,-1.6228",Pylône autostable,32m,FREE-MOBILE,,SUP,,False,False
3003772,SFR,UMTS 900,74  RUE LAMARCK 75018 PARIS 18,75118,"48.89,2.3386",Immeuble,24m,"Copropriété, Syndic, SCI",,SUP,,False,True
3004012,FREE MOBILE,"LTE 2100, LTE 2600",186 ROUTE DE NÎMES 30250 COMBAS,30088,"43.8603,4.1161",Pylône autostable,27m,ATC FRANCE,,SUP,,False,False
3004016,FREE MOBILE,"LTE 2100, LTE 2600",RUE LOUIS BORDIER (LA LANDE) 79700 MAULEON,79079,"46.9817,-0.8458",Pylône autostable,32m,ATC FRANCE,,SUP,,False,True
3004089,BOUYGUES TELECOM,LTE 1800,2 RUE NORVINS 75018 PARIS 18,75118,"48.8867,2.3411",Immeuble,"17,7m",Société HLM,2026-07-21,ALL,,False,True
3004091,SFR,"UMTS 900, LTE 700, LTE 800, LTE 1800, LTE 2100, 5G NR 2100", (LE CHATELARD) 87200 ST JUNIEN,87154,"45.9008,0.9025",Pylône autostable,"38,5m",CELLNEX,,SUP,,False,True
3004093,BOUYGUES TELECOM,LTE 2100,2 CHEMIN DU MUGRON (CHARDAVOINE) 33360 CAMBLANES ET MEYNAC,33085,"44.7622,-0.4542",Pylône autostable,"32,4m",CELLNEX,2025-11-11,SUP,,False,False
3004241,FREE MOBILE,LTE 2600,D79 (BOIS COMMUNAL) 57340 CONTHIL,57151,"48.9003,6.6786",Pylône autostable,42m,TDF,,SUP,,False,False
3004381,FREE MOBILE,LTE 2100,ROUTE D EYVIRAT (LES CHASSES) 24460 AGONAC,24002,"45.2997,0.75",Pylône autostable,"40,8m",ATC FRANCE,,SUP,,False,False
3004392,FREE MOBILE,"LTE 700, LTE 900, LTE 1800, 5G NR 700",126 RUE DE TIVOLI (BARATET) 47130 BAZENS,47022,"44.2478,0.4153",Pylône autostable,44m,ATC FRANCE,2026-07-24,ALL,,False,True
3004392,FREE MOBILE,"LTE 2100, LTE 2600",126 RUE DE TIVOLI (BARATET) 47130 BAZENS,47022,"44.2478,0.4153",Pylône autostable,44m,ATC FRANCE,,SUP,,False,True
3004410,FREE MOBILE,LTE 2100,RUE DE CHARTRES 28300 CLEVILLIERS,28102,"48.5358,1.3858",Pylône autostable,32m,ATC FRANCE,,SUP,,False,False
3004458,FREE MOBILE,"LTE 700, LTE 900, LTE 1800, LTE 2100, LTE 2600, 5G NR 3500",IMP PABLO NERUDA (LA MOTTE) 44550 MONTOIR DE BRETAGNE,44103,"47.3317,-2.1519",Pylône tubulaire,36m,FREE-MOBILE,2026-07-24,ALL,,False,True
3004769,SFR,UMTS 900,181  BOULVARD ANDRE BREMONT 95320 ST LEU LA FORET,95563,"49.0053,2.2486",Pylône tubulaire,21m,SFR,,SUP,,False,True
3004893,SFR,UMTS 900,16 RUE DE CAMBRAI 75019 PARIS 19,75119,"48.8947,2.3792",Immeuble,46m,"Copropriété, Syndic, SCI",,SUP,,False,True
3005314,SFR,UMTS 900,AVENUE DE L'UNIVERSITE D98 CTRE GRAND VAR ZONE D'ACTIVITÉ VALGORA (ZAC VALGORA) 83160 LA VALETTE DU VAR,83144,"43.1394,6.0139",Pylône tubulaire,31m,NEXT TOWER,,SUP,,False,True
3005645,BOUYGUES TELECOM,"UMTS 900, LTE 2100",11 AV ARISTIDE BERGES 38420 DOMENE,38150,"45.2017,5.8239",Pylône autostable,"20,3m",BOUYGUES,,SUP,,False,True
3006372,FREE MOBILE,LTE 2100,70 RUE DE LA CROISÉE (LE TREBUCHET) 85000 MOUILLERON LE CAPTIF,85155,"46.725,-1.4272",Pylône autostable,36m,ATC FRANCE,,SUP,,False,False
3006391,FREE MOBILE,"LTE 2100, LTE 2600",CHEMIN RURAL (TI BRAZ AL LAE) 22300 PLOUBEZRE,22211,"48.6983,-3.4775",Pylône autostable,33m,ATC FRANCE,,SUP,,False,True
3006402,FREE MOBILE,LTE 2100,ROUTE DE FRANC (FRANC) 47450 COLAYRAC ST CIRQ,47069,"44.2411,0.5953",Pylône autostable,36m,ATC FRANCE,,SUP,,False,False
3006421,FREE MOBILE,LTE 2100,D 926 PRÈS VOIE DE CHEMIN DE FER (LE POTEAU) 76190 ALLOUVILLE BELLEFOSSE,76001,"49.6144,0.6636",Pylône autostable,40m,ATC FRANCE,,SUP,,False,False
3006429,FREE MOBILE,LTE 2100,564 CHE DE CAMP DE LAGRANGE (TUCOLLES) 47450 COLAYRAC ST CIRQ,47069,"44.2303,0.5489",Pylône autostable,30m,ATC FRANCE,,SUP,,False,False
3006545,FREE MOBILE,LTE 2100,RUE DE LA GRÈVE 10410 RUVIGNY,10332,"48.2731,4.1875",Pylône autostable,"32,2m",FREE-MOBILE,,SUP,,False,False
3006551,FREE MOBILE,"LTE 2100, LTE 2600",U STRADÒ DI LISULA 20226 SPELONCATO,2B290,"42.5642,8.9828",Pylône autostable,15m,FREE-MOBILE,,SUP,,False,False
3006917,FREE MOBILE,LTE 2100,RUE DES VIGNES (LA GARDE) 63200 CHAMBARON SUR MORGE,63244,"45.9425,3.1558",Pylône autostable,30m,ATC FRANCE,,SUP,,False,False
3007021,BOUYGUES TELECOM,UMTS 900,QUAI LOUIS PASTEUR 67200 STRASBOURG,67482,"48.5753,7.7419",Bâtiment,"25,5m",Établissement de soins,2024-12-05,SUP,,False,False
3007101,BOUYGUES TELECOM,"LTE 700, LTE 800, LTE 1800, LTE 2600, 5G NR 2100",CHEMIN DU PRESSOIR (LES OSCHES) 10120 ST GERMAIN,10340,"48.26,3.99",Pylône autostable,"42,5m",TDF,2026-07-25,ALL,,False,True
3007101,SFR,"LTE 700, LTE 800, LTE 1800, LTE 2600, 5G NR 2100",CHEMIN DU PRESSOIR (LES OSCHES) 10120 ST GERMAIN,10340,"48.26,3.99",Pylône autostable,"42,5m",TDF,2026-07-15,ALL,,False,True
3008122,FREE MOBILE,LTE 2100,5 KERMAOUT SAINT-JEAN PROCHE N165 (KERMAOUT SAINT JEAN) 29340 RIEC SUR BELON,29236,"47.8747,-3.6347",Pylône autostable,"44,8m",TDF,,SUP,,False,False
3008416,FREE MOBILE,LTE 2100,PROCHE D33 (LES CHATAIGNIERS) 72160 TUFFE VAL DE LA CHERONNE,72363,"48.1061,0.5161",Pylône autostable,30m,ATC FRANCE,,SUP,,False,False
3008435,SFR,UMTS 900,60 R FRANCIS DE PRESSENSE 93380 ST DENIS,93066,"48.9236,2.3739",Pylône tubulaire,26m,SFR,,SUP,,False,True
3008447,SFR,5G NR 2100,2 PLACE DE LA PEUPLERAIE 94470 BOISSY ST LEGER,94004,"48.7553,2.5042",Bâtiment,26m,"Copropriété, Syndic, SCI",,SUP,,False,False
3009002,FREE MOBILE,LTE 2100,D1085 (LE CHAMP DES BLACHES) 05300 LE POET,05103,"44.2658,5.9031",Pylône autostable,"32,6m",TDF,,SUP,,False,False
3009551,SFR,UMTS 900,85 AVENUE DU GÉNÉRAL MICHEL BIZOT 75012 PARIS 12,75112,"48.8375,2.4036",Immeuble,"33,3m","Copropriété, Syndic, SCI",,SUP,,False,True
3009951,FREE MOBILE,"LTE 2100, LTE 2600",LA BASTILLE 18150 LA GUERCHE SUR L AUBOIS,18108,"46.9692,2.8906",Pylône autostable,"32,6m",TDF,,SUP,,False,True
3009953,FREE MOBILE,LTE 2100,LES ROSAIS 35270 LANRIGAN,35148,"48.3875,-1.6992",Pylône autostable,"32,6m",TDF,,SUP,,False,False
3009957,FREE MOBILE,"LTE 2100, LTE 2600",247 AVENUE JOSEPH LACOSTE PROCHE A63 40990 HERM,40123,"43.8242,-1.1872",Pylône autostable,"50,6m",TDF,,SUP,,False,True
3010577,FREE MOBILE,"UMTS 900, LTE 700, LTE 1800, LTE 2100, LTE 2600, 5G NR 700, 5G NR 3500",23 RUE GUSTAVE FLAUBERT 94190 VILLENEUVE ST GEORGES,94078,"48.7408,2.4667",Immeuble,22m,Société HLM,,AJO,,False,True
3010861,BOUYGUES TELECOM,"UMTS 900, LTE 700, LTE 800",CHEMIN COMMUNAL N°3 (BOIS DE LA LECHE) 54450 REPAIX,54458,"48.6044,6.8358",Pylône autostable,42m,SFR,,SUP,,True,True
3010861,FREE MOBILE,"UMTS 900, LTE 700",CHEMIN COMMUNAL N°3 (BOIS DE LA LECHE) 54450 REPAIX,54458,"48.6044,6.8358",Pylône autostable,42m,SFR,,SUP,,True,True
3011447,FREE MOBILE,"LTE 2100, LTE 2600",PROCHE D268 (PUNTA DI U PINZALONE) 20144 ZONZA,2A362,"41.7506,9.1739",Pylône autostable,39m,FREE-MOBILE,,SUP,,False,False
3011746,FREE MOBILE,LTE 2100,LA PILE (LES PRÉS L ORGE FLEUR) 51530 VINAY,51643,"49.0067,3.9003",Pylône autostable,24m,TOTEM,,SUP,,False,False
3011767,FREE MOBILE,"LTE 2100, LTE 2600",ROUTE DE LA BASSE LANDE (LES GRANDS HÊTRES) 72470 CHAMPAGNE,72054,"48.015,0.3156",Pylône autostable,26m,CELLNEX,,SUP,,False,False
3011837,FREE MOBILE,LTE 2100,CHEMIN DE CHATILLON D951 08410 BOULZICOURT,08076,"49.6928,4.68",Pylône autostable,"32,6m",TDF,,SUP,,False,False
3012212,BOUYGUES TELECOM,"UMTS 900, LTE 2100",25 AVENUE DU MAL DE TURENNE 94290 VILLENEUVE LE ROI,94077,"48.7436,2.4356",Immeuble,25m,"Copropriété, Syndic, SCI",,SUP,,False,True
3012887,BOUYGUES TELECOM,"LTE 700, LTE 800",CHEM DU MARNANTON (LE MARNANTON) 69550 ST JEAN LA BUSSIERE,69214,"46.0108,4.3169",Pylône autostable,"38,3m",BOUYGUES,2026-07-17,ALL,,False,True
3012926,FREE MOBILE,LTE 2600,CHEMIN D EXPLOITATION N°7 LATÉRAL SUD À L'A4 51390 JANVRY,51305,"49.2383,3.8756",Pylône autostable,"44,9m",FREE-MOBILE,,SUP,,False,True
3013004,SFR,UMTS 900,RUE DE VALMY AV DE LA RESISTANCE 91130 RIS ORANGIS,91521,"48.6367,2.4092",Pylône arbre,25m,"Commune, communauté de communes",,SUP,,False,True
3013006,SFR,UMTS 900,RUE BOILEAU RUE GUTENBERG 94190 VILLENEUVE ST GEORGES,94078,"48.7619,2.4436",Pylône tubulaire,25m,SFR,,SUP,,False,True
3014089,BOUYGUES TELECOM,"LTE 700, LTE 800",44 BD DE L'EUROPE 57070 METZ,57463,"49.1181,6.2",Immeuble,30m,"Copropriété, Syndic, SCI",2026-07-13,ALL,,False,True
3014651,FREE MOBILE,"LTE 2100, LTE 2600",ROUTE DE PUY LAPORTE (LA MONTADE) 19100 BRIVE LA GAILLARDE,19031,"45.1417,1.5272",Pylône autostable,29m,TOTEM,,SUP,,False,False
3014758,FREE MOBILE,"LTE 2100, LTE 2600",PROCHE CHEMIN D ARENA (CANERACHE) 20270 ALERIA,2B009,"42.1386,9.4697",Pylône autostable,53m,FREE-MOBILE,,SUP,,False,True
3014764,FREE MOBILE,LTE 2100,RUE DU STADE (LES TILLEULS) 54660 MOUTIERS,54391,"49.2392,5.9803",Pylône autostable,"38,8m",FREE-MOBILE,,SUP,,False,False
3014780,BOUYGUES TELECOM,"UMTS 900, LTE 2100",1563 ROUTE DE L ISERE (PRE CHABOUD NORD) 38420 LE VERSOUD,38538,"45.2214,5.8594",Pylône autostable,"26,3m",CELLNEX,,SUP,,False,True
3015443,ORANGE,"LTE 800, LTE 1800, LTE 2100, LTE 2600, 5G NR 700, 5G NR 3500",RUE DE LA GRANDE NOË PROCHE STADE MARCEL GUILBAUD (LA PIECE DU PATIS) 44330 MOUZILLON,44108,"47.1375,-1.2878",Pylône autostable,36m,CELLNEX,2026-07-08,ALL,,False,True
3015995,BOUYGUES TELECOM,UMTS 900,19 R MAURICE THOREZ 62460 DIVION,62270,"50.4731,2.5153",Pylône autostable,30m,CELLNEX,,SUP,,False,False
3016191,SFR,UMTS 900,AVENUE DE CORBEIL ZAC DU CHAMP DE FOIRE 77000 MELUN,77288,"48.5536,2.6342",Pylône tubulaire,38m,ON TOWER FRANCE,,SUP,,False,True
3017587,FREE MOBILE,"LTE 2100, LTE 2600",PROCHE CANAL DES COSTIERES (LES CAVES DE RENARD) 30129 REDESSAN,30211,"43.8164,4.5106",Pylône autostable,"32,6m",TDF,,SUP,,False,True
3017597,FREE MOBILE,LTE 2100,ROUTE DU CHATEAU (LES CINQ PIERRES) 46240 COEUR DE CAUSSE,46138,"44.6378,1.5353",Pylône autostable,"27,8m",Sociétés d'Autoroutes,,SUP,,False,False
3017813,FREE MOBILE,"LTE 2100, LTE 2600",35 RUE LAURENT (BAUDIER) 02270 CRECY SUR SERRE,02237,"49.7011,3.6206",Pylône autostable,30m,TOTEM,,SUP,,False,True
3017843,FREE MOBILE,5G NR 700,4 RUE AMPÈRE (LE MOULIN GASTOU) 65100 LOURDES,65286,"43.1278,-0.03",Pylône autostable,34m,TOTEM,2026-07-24,ALL,,False,False
3017843,ORANGE,GSM 900,4 RUE AMPÈRE (LE MOULIN GASTOU) 65100 LOURDES,65286,"43.1278,-0.03",Pylône autostable,34m,TOTEM,2005-01-29,SUP,,False,False
3017851,FREE MOBILE,"LTE 900, LTE 2100",10 AVENUE CHANTELOT (LE BOUTRAS) 69520 GRIGNY SUR RHONE,69096,"45.6097,4.7703",Pylône autostable,25m,TOTEM,2026-07-07,ALL,,False,False
3017869,FREE MOBILE,"LTE 2100, LTE 2600",14 CITÉ LA VERGNE (LA VERGNE) 33820 ETAULIERS,33159,"45.2314,-0.57",Pylône autostable,33m,TOTEM,,SUP,,False,False
3017924,FREE MOBILE,"LTE 2100, LTE 2600",ROUTE DES GENERAUX ALTMEYER PROCHE A4 57500 ST AVOLD,57606,"49.1358,6.7378",Pylône autostable,44m,FREE-MOBILE,,SUP,,False,True
3018580,FREE MOBILE,"LTE 2100, LTE 2600",DÉPARTEMENTAL D317 (POMMEY) 70300 STE MARIE EN CHAUX,70470,"47.7917,6.3178",Pylône autostable,25m,ATC FRANCE,,SUP,,False,False
3019016,FREE MOBILE,LTE 2100,19TER ROUTE DU STADE STADE DE LA GARENNE (LE BOURG-NORD) 33820 BRAUD ET ST LOUIS,33073,"45.2511,-0.6264",Pylône autostable,"36,5m",ATC FRANCE,,SUP,,False,False
3019223,ORANGE,5G NR 2100,98 CHEMIN DE LA CÔTE (LA CÔTE) 24340 MAREUIL EN PERIGORD,24253,"45.5125,0.46",Pylône autostable,"42,3m",TDF,2026-07-08,ALL,,False,False
3019251,FREE MOBILE,LTE 2100,IMPASSE DES GENÊTS 46120 LEYME,46170,"44.7803,1.8967",Pylône tubulaire,31m,ATC FRANCE,,SUP,,False,False
3019251,ORANGE,GSM 900,IMPASSE DES GENÊTS 46120 LEYME,46170,"44.7803,1.8967",Pylône tubulaire,31m,ATC FRANCE,2022-06-16,SUP,,False,False
3019323,FREE MOBILE,LTE 2100,CHEMIN DE MAYE (MAYE) 40300 CAGNOTTE,40059,"43.5956,-1.0539",Pylône autostable,42m,FREE-MOBILE,,SUP,,False,False
3019325,FREE MOBILE,LTE 2100,RUE SAINT ANNE D18 51270 MONTMORT LUCY,51381,"48.9317,3.7944",Pylône autostable,51m,FREE-MOBILE,,SUP,,False,False
3019329,FREE MOBILE,"LTE 700, LTE 1800, LTE 2600, 5G NR 3500",53 RUE DE RENNES 75006 PARIS 06,75106,"48.8528,2.3325",Immeuble,27m,"Copropriété, Syndic, SCI",2026-07-28,ALL,,False,True
3020985,FREE MOBILE,LTE 2100,25 IMPASSE DU VARECHOU D 901 (LA BARRIERE DE ST LAURENT) 19240 ALLASSAC,19005,"45.2206,1.4278",Pylône autostable,32m,TOTEM,,SUP,,False,False
3020989,FREE MOBILE,LTE 2100,ROUTE DE BOISAUDIER (LA BOUILLARDERIE) 49680 NEUILLE,49224,"47.3361,-0.0117",Pylône autostable,39m,TOTEM,,SUP,,False,False
3021061,FREE MOBILE,LTE 2100,CHEMIN CREUX 36330 VELLES,36231,"46.6889,1.6542",Pylône autostable,"38,9m",FREE-MOBILE,,SUP,,False,False
3021394,FREE MOBILE,"LTE 700, LTE 900, LTE 2100",39 RUE PAUL BONNIOT (CITE SAINT JEAN) 17100 SAINTES,17415,"45.7458,-0.6144",Immeuble,"27,9m","Copropriété, Syndic, SCI",2026-07-07,ALL,,False,False
3021398,FREE MOBILE,"LTE 700, LTE 900, LTE 1800, LTE 2100, LTE 2600, 5G NR 3500",52 RUE DE BRANLY 34500 BEZIERS,34032,"43.3542,3.2208",Immeuble,"19,3m",Société HLM,2026-07-24,ALL,,False,True
3021678,ORANGE,LTE 2600,24 RUE DE LA CÔTE 57050 LE BAN ST MARTIN,57049,"49.1261,6.1456",Immeuble,17m,"Copropriété, Syndic, SCI",,AJO,,False,False
3021716,BOUYGUES TELECOM,5G NR 3500,ANSE D'ARNETTE ANCIENNE STATION D'ÉPURATION (CARRO) 13500 MARTIGUES,13056,"43.3369,5.0333",Bâtiment,"14,3m","Commune, communauté de communes",,SUP,,False,True
3022657,ORANGE,"LTE 1800, 5G NR 2100",11 VOIE DE LA PEYRE 24240 SIGOULES ET FLAUGEAC,24534,"44.7578,0.4203",Pylône autostable,"24,2m",TOTEM,2026-06-25,ART,,False,False
3022696,SFR,UMTS 900,10 IMPASSE DE VERDUN 76420 BIHOREL,76095,"49.4592,1.1194",Pylône tubulaire,24m,SFR,,SUP,,False,True
3022888,SFR,"UMTS 900, LTE 700, LTE 800, LTE 1800, LTE 2100, 5G NR 2100",VOIE COMMUNALE MONTOIR DE LA ROBINETTE (LA ROBINETTE) 91690 BOISSY LA RIVIERE,91079,"48.3872,2.1514",Pylône autostable,28m,ON TOWER FRANCE,,SUP,,False,True
3022999,FREE MOBILE,"LTE 2100, LTE 2600",ROUTE DU CANAL (LA GRANGE D'AZON) 71340 IGUERANDE,71238,"46.2039,4.0683",Pylône autostable,"24,5m",FREE-MOBILE,,SUP,,False,False
3023065,SFR,"UMTS 900, LTE 2100",D275 (BALBRONNFELD) 67310 BERGBIETEN,67030,"48.5794,7.4456",Pylône autostable,36m,SFR,,SUP,,False,True
3023202,FREE MOBILE,"LTE 700, LTE 900, LTE 1800, 5G NR 700",ROUTE DE NIMES D127 CENTRAL TÉLÉLPHONIQUE ORANGE 30320 POULX,30206,"43.8961,4.4225",Pylône autostable,"18,3m",TOTEM,2026-07-24,ALL,,False,True
3023202,FREE MOBILE,"LTE 2100, LTE 2600",ROUTE DE NIMES D127 CENTRAL TÉLÉLPHONIQUE ORANGE 30320 POULX,30206,"43.8961,4.4225",Pylône autostable,"18,3m",TOTEM,,SUP,,False,True
3023207,FREE MOBILE,LTE 2100,12 LA CROIX AUX MERLES LES CHAMPS DE LA CROIX (LA CROIX AU MERLE) 61220 BELLOU EN HOULME,61040,"48.6953,-0.4453",Pylône autostable,30m,TOTEM,,SUP,,False,False
3023213,FREE MOBILE,"LTE 900, LTE 2100",P1 AV J.F KENNEDY OPHLM L'AGACHON 2 (BÂT P1) (L'AGACHON) 83600 FREJUS,83061,"43.4378,6.7308",Immeuble,26m,Société HLM,2026-07-07,ALL,,False,False
3023974,FREE MOBILE,LTE 2100,ROUTE DE LECOURT (LECOURT) 40230 ST GEOURS DE MAREMNE,40261,"43.6728,-1.2564",Pylône autostable,"32,6m",TDF,,SUP,,False,False
3023992,FREE MOBILE,"LTE 2100, LTE 2600",LA CHAMPIONNIÈRE (PEHERY) 72500 DISSAY SOUS COURCILLON,72115,"47.6475,0.4781",Pylône autostable,"32,6m",TDF,,SUP,,False,True
3024111,ORANGE,"LTE 700, LTE 800",498 ROUTE D'ESCLAT (ESCLAT) 46130 BELMONT BRETENOUX,46024,"44.8944,1.9022",Pylône autostable,30m,TDF,2026-05-29,ART,,True,False
3024927,ORANGE,5G NR 3500,RUE DE LA PASSETIERE (LA GUILLOTIÈRE) 38980 VIRIVILLE,38561,"45.3164,5.2067",Pylône autostable,"25,5m",TDF,2026-07-01,ART,,False,False
3025465,FREE MOBILE,"LTE 2100, LTE 2600",RTE DE LA VIGNE (LA VIGNE) 19490 STE FORTUNADE,19203,"45.2281,1.7856",Pylône autostable,"36,4m",TOTEM,,SUP,,False,False
3026085,FREE MOBILE,LTE 2100,LES CARREAUX RD 440 (LA VIGNETTE) 10100 ST MARTIN DE BOSSENAY,10351,"48.4439,3.6861",Pylône autostable,44m,FREE-MOBILE,,SUP,,False,False
3026126,BOUYGUES TELECOM,"LTE 2600, 5G NR 2100, 5G NR 3500",AV ENUEDU GRAND BOIS 2 IMPASSE HENRI BERGSON (L'APOTHICAIRE) 31880 LA SALVETAT ST GILLES,31526,"43.5747,1.2467",Pylône tubulaire,41m,TOTEM,2026-07-15,ALL,,False,False
3026126,BOUYGUES TELECOM,LTE 1800,AV ENUEDU GRAND BOIS 2 IMPASSE HENRI BERGSON (L'APOTHICAIRE) 31880 LA SALVETAT ST GILLES,31526,"43.5747,1.2467",Pylône tubulaire,41m,TOTEM,2026-07-01,ART,,False,False
3026130,SFR,UMTS 900,1 -4 SQUARE LE PRÉVOST DE LA MOISSONNIÈRE (LES COQUETS) 76130 MONT ST AIGNAN,76451,"49.4661,1.0833",Immeuble,18m,"Copropriété, Syndic, SCI",,SUP,,False,True
3026358,ORANGE,"LTE 700, LTE 800",2195 RTE DE TOULOUSE 31380 VILLARIES,31579,"43.7553,1.5072",Pylône autostable,36m,TOTEM,2026-07-15,ALL,,False,True
3026685,FREE MOBILE,"LTE 2100, LTE 2600",D23E (LES TEPPES) 39300 LE PASQUIER,39406,"46.8,5.8986",Pylône autostable,"32,6m",TDF,,SUP,,False,True
3027368,BOUYGUES TELECOM,"LTE 700, LTE 800, LTE 1800, LTE 2100, LTE 2600",RUE D'INGENHEIM D67 (WEINGARTENBERG) 67270 DUNTZENHEIM,67107,"48.7186,7.5358",Pylône autostable,31m,TDF,2026-07-04,ALL,,False,True
3027368,SFR,"LTE 700, LTE 800, LTE 1800, LTE 2100, LTE 2600",RUE D'INGENHEIM D67 (WEINGARTENBERG) 67270 DUNTZENHEIM,67107,"48.7186,7.5358",Pylône autostable,31m,TDF,2026-06-17,ART,,False,True
3027458,FREE MOBILE,LTE 2100,CHEMIN DU CHATEAU D EAU (PEYSSARD) 24460 CHATEAU L EVEQUE,24115,"45.2517,0.7169",Pylône autostable,"44,8m",FREE-MOBILE,,SUP,,False,False
3027464,FREE MOBILE,"LTE 900, LTE 2100",CHEMIN DU PUITS DE CARRERE 16 ALLÉE DE LASPARGUERES 47310 ESTILLAC,47091,"44.1822,0.5778",Pylône autostable,"25,9m",FREE-MOBILE,2026-07-07,ALL,,False,False
3027627,ORANGE,5G NR 2100,CHEMIN DU GRAND BOIS (ROC DE LA MANORIE) 24220 ST CYPRIEN,24396,"44.8772,0.9958",Pylône autostable,"24,2m",ATC FRANCE,,AJO,,False,False
3028252,FREE MOBILE,"LTE 2100, LTE 2600",PROCHE DE LA A87 (LA ROURIE) 49300 CHOLET,49099,"47.0272,-0.8622",Pylône autostable,"31,9m",FREE-MOBILE,,SUP,,False,False
3028646,FREE MOBILE,"LTE 2100, LTE 2600","D7, RUE DU STADE CAMPING MUNICIPAL (LE BULOT) 35430 ST GUINOUX",35279,"48.5756,-1.8797",Pylône autostable,30m,ATC FRANCE,,SUP,,False,True
3029214,ORANGE,"LTE 700, 5G NR 2100",PROCHE ROUTE DE LIGUGE LE BOIS DU FIEF CLAIRET (LE POIRE) 86240 LIGUGE,86133,"46.5361,0.3228",Pylône autostable,42m,TOTEM,,AJO,,False,False
3029306,FREE MOBILE,"LTE 2100, LTE 2600",ROUTE DU BAILLI 76190 BAONS LE COMTE,76055,"49.6425,0.7708",Pylône autostable,"46,2m",FREE-MOBILE,,SUP,,False,False
3029310,FREE MOBILE,LTE 2100,ROUTE 704 (LES COSSES) 87800 LA ROCHE L ABEILLE,87127,"45.5942,1.2225",Pylône autostable,"38,8m",FREE-MOBILE,,SUP,,False,False
3029318,FREE MOBILE,5G NR 700,3 RUE DE LA MARIANNE RÉSIDENCE LA MARIANNE 33520 BRUGES,33075,"44.8789,-0.61",Immeuble,"14,8m",Société HLM,2026-07-07,ALL,,False,False
3029341,BOUYGUES TELECOM,5G NR 3500,15 R HENRI RIBIERE 75019 PARIS 19,75119,"48.8769,2.395",Immeuble,"62,6m","Copropriété, Syndic, SCI",,AJO,,False,False
3029430,ORANGE,"UMTS 900, LTE 700, LTE 800",660 ROUTE DE LA DORDOGNE 24370 CARLUX,24081,"44.8706,1.3639",Pylône autostable,30m,TOTEM,2026-07-06,ALL,,True,True
3029468,SFR,5G NR 3500,RTE DES VARENNES (LE BOURRAS) 07340 CHARNAS,07056,"45.335,4.7297",Pylône autostable,25m,CELLNEX,,AJO,,False,False
3029524,FREE MOBILE,LTE 2100,ALLÉE DES GROSEILLERS (LA VAU) 54930 ST FIRMIN,54473,"48.4261,6.1328",Pylône autostable,42m,FREE-MOBILE,,SUP,,False,False
3030232,ORANGE,5G NR 700,3 PLACE DE L'EGLISE EGLISE 69380 CHAZAY D AZERGUES,69052,"45.8764,4.7133",Monument religieux,37m,"Commune, communauté de communes",2026-06-29,ART,,False,False
3030630,FREE MOBILE,LTE 2100,937 ROUTE DES CULÉES 73140 ST MARTIN D ARC,73256,"45.2172,6.4583",Pylône tubulaire,31m,TOTEM,,SUP,,False,False
3032358,SFR,UMTS 900,LES FUISSES 01750 REPLONGES,01320,"46.3117,4.8683",Pylône autostable,"36,3m",CELLNEX,,SUP,,False,True
3032381,FREE MOBILE,LTE 2100,PROCHE IMPASSE KERBERTIN (KERBERTIN) 56300 PONTIVY,56178,"48.0628,-2.9442",Pylône autostable,42m,TDF,,SUP,,False,False
3032389,BOUYGUES TELECOM,"LTE 700, LTE 800",1 SQ DIDEROT 94500 CHAMPIGNY SUR MARNE,94017,"48.8125,2.4989",Immeuble,"18,4m","Copropriété, Syndic, SCI",2026-07-13,ALL,,False,True
3032815,ORANGE,GSM 900,AVENUE DE L'EURO ZI EURONORD (CAPDEJOUAN) 31150 BRUGUIERES,31091,"43.7231,1.3975",Pylône tubulaire,33m,TOTEM,2003-08-16,SUP,,False,False
3032840,FREE MOBILE,LTE 2100,4 RUE GEORGES BONNEAU (LES PALATRIES) 86400 CIVRAY,86078,"46.1517,0.2919",Pylône autostable,"24,2m",ATC FRANCE,,SUP,,False,False
3032901,FREE MOBILE,"LTE 2100, LTE 2600",100 IMPASSE DES RAGONDINS (LES GRAVIÈRES) 24700 ST MARTIAL D ARTENSET,24449,"45.0128,0.1978",Pylône autostable,"30,4m",TDF,,SUP,,False,True
3032911,FREE MOBILE,"LTE 2100, LTE 2600",LES MARAIRES 44522 MESANGER,44096,"47.4044,-1.2281",Pylône autostable,"30,4m",TDF,,SUP,,False,True
3032919,FREE MOBILE,"LTE 2100, LTE 2600",CHEMIN DE VILATTE	 (LA VILLATE) 53210 SOULGE SUR OUETTE,53262,"48.0628,-0.5406",Pylône autostable,"36,4m",TDF,,SUP,,False,True
3032937,FREE MOBILE,"LTE 2100, LTE 2600",1 IMPASSE DE LA GARE (SAINT ETIENNE) 76220 GANCOURT ST ETIENNE,76297,"49.5364,1.6928",Pylône autostable,"30,4m",TDF,,SUP,,False,True
3032939,FREE MOBILE,"LTE 2100, LTE 2600",RUE DE LA BIGOTTERIE (LES CHAUMES) 79360 BEAUVOIR SUR NIORT,79031,"46.1731,-0.4644",Pylône autostable,"30,4m",TDF,,SUP,,False,True
3033178,FREE MOBILE,"LTE 2100, LTE 2600",14 LA CHESNAIS 35850 ROMILLE,35245,"48.2378,-1.9031",Pylône autostable,37m,TOTEM,,SUP,,False,False
3033178,ORANGE,"LTE 700, 5G NR 2100",14 LA CHESNAIS 35850 ROMILLE,35245,"48.2378,-1.9031",Pylône autostable,37m,TOTEM,,AJO,,False,False
3033178,ORANGE,LTE 2100,14 LA CHESNAIS 35850 ROMILLE,35245,"48.2378,-1.9031",Pylône autostable,37m,TOTEM,2019-10-31,SUP,,False,False
3033197,FREE MOBILE,LTE 2100,RUE DU MOULIN (OBERFELD) 67370 WILLGOTTHEIM,67532,"48.6686,7.5056",Pylône autostable,21m,ATC FRANCE,,SUP,,False,False
3033218,FREE MOBILE,"LTE 2100, LTE 2600",CHEMIN DU MONCES PRÈS D49 (LE MONCES) 50590 REGNEVILLE SUR MER,50429,"49.0122,-1.5447",Pylône autostable,36m,ATC FRANCE,,SUP,,False,False
3033239,FREE MOBILE,"LTE 2100, LTE 2600",CHE DE MONTFROMENT (LE PIC DE MONTFROMENT) 42600 BARD,42012,"45.6017,4.0297",Pylône autostable,18m,ATC FRANCE,,SUP,,False,False
3033936,FREE MOBILE,LTE 2100,2715 ROUTE DE CHAMBÉRY D990 73200 GILLY SUR ISERE,73124,"45.6486,6.3311",Pylône autostable,30m,ATC FRANCE,,SUP,,False,False
3034999,FREE MOBILE,LTE 2100,PROCHE CHEMIN DE FOUGEROLLES (FOUGEROLLES) 42440 NOIRETABLE,42159,"45.8417,3.7533",Pylône autostable,24m,FREE-MOBILE,,SUP,,False,False
3035011,FREE MOBILE,"LTE 900, LTE 2100",1 RUE DU CAPITAINE MARCHAL 75020 PARIS 20,75120,"48.8664,2.4061",Immeuble,"28,5m",Société Privée,2026-07-07,ALL,,False,False
3035016,BOUYGUES TELECOM,UMTS 900,4 CHEM DE FONTBONNE 33360 CAMBLANES ET MEYNAC,33085,"44.7708,-0.4883",Pylône arbre,"18,8m",CELLNEX,,SUP,,False,True
3035708,BOUYGUES TELECOM,"LTE 700, LTE 800",RTE DU BOIS DES TRÉANS PRÉ DU BOIS SAUVIN (LE GÂT PELLERIN) 44760 LES MOUTIERS EN RETZ,44106,"47.0719,-2.0092",Pylône tubulaire,28m,TOTEM,2026-07-30,ALL,,False,True
3035971,FREE MOBILE,"LTE 2100, LTE 2600",4 RUE DES DOUGLAS (LA PELLETERIE) 45290 NOGENT SUR VERNISSON,45229,"47.8239,2.7281",Pylône autostable,"42,4m",TDF,,SUP,,False,True
3037391,SFR,"GSM 900, UMTS 900, LTE 800, LTE 1800, LTE 2100, 5G NR 2100", (LE CAUSSE - LIEURAN CABRIERES) 34800 PERET,34197,"43.5867,3.4025",Pylône autostable,30m,SFR,2025-12-05,SUP,,False,False
3037678,FREE MOBILE,LTE 2100,N12 (ROC NORD) 53100 ST GEORGES BUTTAVENT,53219,"48.3114,-0.7225",Pylône autostable,36m,FREE-MOBILE,,SUP,,False,False
3038100,ORANGE,LTE 2600,ROUTE DE LAUZE (LES DIDONNES) 17310 ST PIERRE D OLERON,17385,"45.9508,-1.3367",Pylône autostable,39m,TOTEM,,AJO,,False,False
3038100,ORANGE,LTE 700,ROUTE DE LAUZE (LES DIDONNES) 17310 ST PIERRE D OLERON,17385,"45.9508,-1.3367",Pylône autostable,39m,TOTEM,2020-07-20,SUP,,False,False
3038110,FREE MOBILE,LTE 2100,VOIE COMMUNALE 202 PROCHE A11 (LA PETITE BISSONNIERE) 72400 CORMES,72093,"48.1483,0.6928",Pylône autostable,32m,TOTEM,,SUP,,False,False
3038124,FREE MOBILE,"LTE 2100, LTE 2600",15 RUE DU MONTOIS TERRAIN COMMUNAL D76 77520 MEIGNEUX,77286,"48.5092,3.1058",Pylône tubulaire,36m,TOTEM,,SUP,,False,True
3038128,FREE MOBILE,LTE 2100,N104 (BAS SERRIERES) 35230 ORGERES,35208,"48.0072,-1.6514",Pylône autostable,33m,TOTEM,,SUP,,False,False
3038144,BOUYGUES TELECOM,UMTS 900,20 ALLEE DU CIMETIERE TERRAIN COMMUNAL - STADE DE VILLARS (ROCHEFOY) 42390 VILLARS,42330,"45.4633,4.3525",Pylône tubulaire,27m,HIVORY,,SUP,,False,False
3038210,FREE MOBILE,"LTE 2100, LTE 2600",HAM DE BELLEVUE 10110 POLISOT,10295,"48.0769,4.3853",Pylône autostable,"36,2m",ATC FRANCE,,SUP,,False,False
3038523,FREE MOBILE,"LTE 2100, LTE 2600",RUE DE FISLIS FORET COMMUNALE DE FISLIS (EICHWALD) 68480 FISLIS,68092,"47.5131,7.3975",Pylône autostable,36m,TOTEM,,SUP,,False,True
3038548,FREE MOBILE,"LTE 2100, LTE 2600",CHEMIN COMMUNALE N°66 LE GANQUIS (LE BAS DU GANQUIS) 56700 KERVIGNAC,56094,"47.7878,-3.2133",Pylône autostable,40m,ATC FRANCE,,SUP,,False,True
3038557,FREE MOBILE,LTE 2100,PROCHE D10 (LES GOUTIS) 55190 SORCY ST MARTIN,55496,"48.7072,5.6478",Pylône autostable,30m,ATC FRANCE,,SUP,,False,False
3038561,FREE MOBILE,"LTE 2100, LTE 2600",11 RUE DE FROIDE FONTAINE (LA CHAUSSEE) 77840 CROUY SUR OURCQ,77148,"49.1094,3.0922",Pylône autostable,36m,TOTEM,,SUP,,False,False
3038580,BOUYGUES TELECOM,"LTE 1800, LTE 2100, LTE 2600, 5G NR 2100",42 R DE DANTZIG 75015 PARIS 15,75115,"48.8333,2.2975",Immeuble,30m,"Copropriété, Syndic, SCI",2023-04-24,ART,,False,False
3038580,BOUYGUES TELECOM,UMTS 900,42 R DE DANTZIG 75015 PARIS 15,75115,"48.8333,2.2975",Immeuble,30m,"Copropriété, Syndic, SCI",,SUP,,False,False
3039070,FREE MOBILE,"LTE 2100, LTE 2600",15 RUE DU PIGEONNIER (LE BOURG) 47290 CANCON,47048,"44.5358,0.6228",Pylône autostable,30m,TOTEM,,SUP,,False,True
3039074,FREE MOBILE,LTE 2100,ROUTE EN FACE DE LA ROUTE DES FONDREAUX (LES FONDREAUX) 44170 LA GRIGONNAIS,44224,"47.5206,-1.6722",Pylône autostable,36m,ATC FRANCE,,SUP,,False,False
3039092,FREE MOBILE,"LTE 2100, LTE 2600",RUE DE LA VALLEE DU LOCH D103 (COET CUHAN) 56390 BRANDIVY,56022,"47.7731,-2.9306",Pylône autostable,36m,ATC FRANCE,,SUP,,False,False
3039100,FREE MOBILE,LTE 2100,CHEMIN RURAL MONTACLIER MONTACLIER (MONTACLIER) 63410 CHARBONNIERES LES VARENNES,63092,"45.905,3.03",Pylône autostable,24m,TOTEM,,SUP,,False,False
3039108,FREE MOBILE,LTE 2100,ROUTE DE RIBEAUCOURT D185 (FERME DU MOULIN) 80620 DOMART EN PONTHIEU,80241,"50.0822,2.1269",Pylône autostable,30m,ATC FRANCE,,SUP,,False,False
3039422,ORANGE,"LTE 800, 5G NR 700",5 IMPASSE ÉMILE COMBRES 95560 MONTSOULT,95430,"49.0697,2.3272",Pylône autostable,42m,TOTEM,2026-07-08,ALL,,False,True
3039422,ORANGE,"LTE 1800, 5G NR 3500",5 IMPASSE ÉMILE COMBRES 95560 MONTSOULT,95430,"49.0697,2.3272",Pylône autostable,42m,TOTEM,2026-06-23,ART,,False,True
3039699,FREE MOBILE,"LTE 2100, LTE 2600",6 CHEMIN DE LA MADELEINE (LA MADELEINE) 12200 VILLEFRANCHE DE ROUERGUE,12300,"44.3369,2.0267",Pylône autostable,23m,TOTEM,,SUP,,False,True
3039738,FREE MOBILE,"LTE 2100, LTE 2600",ALLÉE DE L'AGE (LES TAUBAYES) 87220 FEYTIAT,87065,"45.7925,1.3003",Pylône autostable,"29,5m",TOTEM,,SUP,,False,False
3039869,FREE MOBILE,"LTE 700, LTE 900, LTE 1800, LTE 2100, LTE 2600, 5G NR 3500",RUE JULES VERNE 69800 ST PRIEST,69290,"45.6986,4.9664",Pylône autostable,"31,2m",FREE-MOBILE,2026-07-24,ALL,,False,True
3039875,FREE MOBILE,"LTE 2100, LTE 2600",1 SENTIER DE BEAUVAIS 80700 TILLOLOY,80759,"49.6389,2.7503",Pylône autostable,36m,FREE-MOBILE,,SUP,,False,False
3040214,FREE MOBILE,"LTE 700, LTE 900, LTE 1800, 5G NR 700",TAILLIS DES TURPINIERES 72800 LUCHE PRINGE,72175,"47.7256,0.0733",Pylône autostable,"36,6m",FREE-MOBILE,2026-07-24,ALL,,False,True
3040214,FREE MOBILE,"LTE 2100, LTE 2600",TAILLIS DES TURPINIERES 72800 LUCHE PRINGE,72175,"47.7256,0.0733",Pylône autostable,"36,6m",FREE-MOBILE,,SUP,,False,True
3041111,BOUYGUES TELECOM,"LTE 700, LTE 800, LTE 1800, LTE 2600, 5G NR 2100, 5G NR 3500",9 R NOËL PONS 92250 LA GARENNE COLOMBES,92035,"48.9094,2.2564",Immeuble,"25,9m","Copropriété, Syndic, SCI",2026-04-15,ART,,False,True
3041111,BOUYGUES TELECOM,"UMTS 900, LTE 2100",9 R NOËL PONS 92250 LA GARENNE COLOMBES,92035,"48.9094,2.2564",Immeuble,"25,9m","Copropriété, Syndic, SCI",,SUP,,False,True
3041300,FREE MOBILE,"LTE 2100, LTE 2600",CHEMIN DE LA TAILLÉE (LA FOLIE) 85120 TERVAL,85289,"46.6569,-0.7478",Pylône autostable,36m,ATC FRANCE,,SUP,,False,False
3042057,FREE MOBILE,"LTE 2100, LTE 2600",CHEMIN DES RONFLONS D901 (RONFLON) 84800 LAGNES,84062,"43.8728,5.1114",Pylône autostable,24m,FREE-MOBILE,,SUP,,False,True
3042082,BOUYGUES TELECOM,"UMTS 900, LTE 2100",78 AV DES MARTYRS 38100 GRENOBLE,38185,"45.2019,5.7053",Bâtiment,35m,"Copropriété, Syndic, SCI",,SUP,,False,True
3042616,FREE MOBILE,LTE 2100,ROUTE DE PRUILLE D50 (LES ZIARDS) 72550 FAY,72130,"48.0,0.0867",Pylône autostable,"42,4m",FREE-MOBILE,,SUP,,False,False
3043166,BOUYGUES TELECOM,UMTS 900,R DE BELLEVUE 44470 THOUARE SUR LOIRE,44204,"47.2794,-1.435",Pylône autostable,"24,1m",CELLNEX,,SUP,,False,False
3043473,FREE MOBILE,"LTE 2100, LTE 2600",1326 ROUTE DE BRUILHOIS  D114 (VIGNOBLE PEYROCHE) 47220 CAUDECOSTE,47060,"44.1047,0.7281",Pylône autostable,30m,TOTEM,,SUP,,False,True
3043582,FREE MOBILE,"LTE 2100, LTE 2600",12 PL DE L'EGLISE  44521 COUFFE,44048,"47.3908,-1.2936",Monument religieux,"41,9m","Commune, communauté de communes",,SUP,,False,True
3043745,BOUYGUES TELECOM,UMTS 900,45 R D'ALLERAY 75015 PARIS 15,75115,"48.8369,2.3042",Immeuble,"30,4m","Copropriété, Syndic, SCI",,SUP,,False,False
3044279,FREE MOBILE,"LTE 2100, 5G NR 700",41 AVENUE DU GÉNÉRAL LECLERC 93500 PANTIN,93055,"48.8956,2.4006",Bâtiment,23m,"Copropriété, Syndic, SCI",2026-07-24,ALL,,False,False
304429,SFR,5G NR 2100,39 R WESTERMEYER 94200 IVRY SUR SEINE,94041,"48.8175,2.3931",Immeuble,"16,9m","Copropriété, Syndic, SCI",,AJO,,False,False
304429,SFR,"GSM 1800, LTE 2100",39 R WESTERMEYER 94200 IVRY SUR SEINE,94041,"48.8175,2.3931",Immeuble,"16,9m","Copropriété, Syndic, SCI",2016-06-27,SUP,,False,False
3044346,BOUYGUES TELECOM,,ROUTE DE SAHURS 76380 CANTELEU,76157,"49.4322,1.0133",Pylône arbre,18m,CELLNEX,,CHT,Pylône tubulaire,False,True
3044575,ORANGE,"LTE 700, LTE 800",D129 LE CHEMIN DE MAILLY ROUTE DE MAILLY 80300 ENGLEBELMER,80266,"50.0653,2.6108",Pylône autostable,"35,7m",TOTEM,2026-08-07,AAV,,False,True
3044739,BOUYGUES TELECOM,5G NR 3500,8 R DUPLEIX 75015 PARIS 15,75115,"48.8519,2.2981",Immeuble,31m,"Copropriété, Syndic, SCI",2026-07-06,ALL,,False,False
3044739,BOUYGUES TELECOM,"LTE 1800, LTE 2600, 5G NR 2100",8 R DUPLEIX 75015 PARIS 15,75115,"48.8519,2.2981",Immeuble,31m,"Copropriété, Syndic, SCI",2026-06-23,ART,,False,False
3045262,BOUYGUES TELECOM,UMTS 900,14 RUE DU COMPAS 95310 ST OUEN L AUMONE,95572,"49.0394,2.1406",Pylône autostable,30m,CELLNEX,,SUP,,False,False
3045507,ORANGE,GSM 900,RTE DE VIGUIE (COMBELOU) 46170 CASTELNAU MONTRATIER,46063,"44.2569,1.3347",Pylône autostable,32m,TOTEM,2001-09-07,SUP,,False,False
3045542,BOUYGUES TELECOM,"UMTS 900, LTE 700, LTE 800, LTE 1800, LTE 2100, LTE 2600, 5G NR 2100",ROUTE DÉPARTEMENTALE D 107 (LE CHAMP ST-ANTOINE) 18500 MARMAGNE,18138,"47.1192,2.2347",Pylône autostable,31m,ON TOWER FRANCE,2026-07-23,ALL,,False,True
3045727,FREE MOBILE,"LTE 2100, LTE 2600",583 RUE CHARLES BAUDELAIRE 38110 LA TOUR DU PIN,38509,"45.5825,5.4394",Pylône autostable,"30,3m",FREE-MOBILE,,SUP,,False,False
3045831,BOUYGUES TELECOM,UMTS 900,5 R PAUL VAILLANT COUTURIER 93130 NOISY LE SEC,93053,"48.8903,2.4514",Immeuble,"36,5m",Société HLM,,SUP,,False,False
3046256,FREE MOBILE,"LTE 2100, LTE 2600",CHEMIN DE LA PATURE (LA LOGE) 49170 LA POSSONNIERE,49247,"47.3761,-0.7272",Pylône autostable,"30,3m",FREE-MOBILE,,SUP,,False,True
3046294,BOUYGUES TELECOM,"UMTS 900, LTE 2100",RUE PIERRE DALLOZ (LE VIEUX CHATEAU) 38360 SASSENAGE,38474,"45.2117,5.65",Pylône arbre,"30,5m",CELLNEX,,SUP,,False,True
3046307,SFR,"UMTS 900, LTE 2100",RUE EUGENE THOMAS RUE DU PONT A VACHES (PRE A L EAU) 59530 LOUVIGNIES QUESNOY,59363,"50.2217,3.6564",Pylône autostable,30m,SFR,,SUP,,False,True
3047631,FREE MOBILE,"LTE 2100, LTE 2600",453 ROUTE DE L'ESTUAIRE 27210 CONTEVILLE,27169,"49.4206,0.3897",Pylône tubulaire,36m,FREE-MOBILE,,SUP,,False,True
3048045,ORANGE,"GSM 900, UMTS 900, LTE 800, LTE 1800",1 ROUTE DE LEVROUX PRÈS N.151 (LE MOULIN DE BONDE) 36100 ISSOUDUN,36088,"46.9439,1.9786",Bâtiment,44m,Société Privée,2007-08-27,SUP,,False,False
3048086,FREE MOBILE,"LTE 2100, LTE 2600",ROUTE DE SAINT PRIEST LA ROCHE D 17 (LES COUPÉES ) 42123 ST CYR DE FAVIERES,42212,"45.955,4.1108",Pylône autostable,36m,TOTEM,,SUP,,False,False
3049256,FREE MOBILE,"LTE 700, LTE 900, 5G NR 700",CHEMIN DE LA COLONIE (LE BAURE) 38660 PLATEAU DES PETITES ROCHES,38395,"45.2864,5.8439",Mât,12m,TOTEM,2026-07-24,ALL,,False,False
3049260,FREE MOBILE,"LTE 2100, LTE 2600",10 RUE DE FLAMICOURT (FLAMICOURT) 80400 MUILLE VILLETTE,80579,"49.7367,3.0711",Pylône autostable,30m,TDF,,SUP,,False,True
3049936,FREE MOBILE,"LTE 2100, LTE 2600",374 CHEMIN DES BRUYERES (FERME CHOSSON) 26000 VALENCE,26362,"44.9422,4.9578",Pylône autostable,25m,TOTEM,,SUP,,False,False
3050052,FREE MOBILE,"LTE 2100, LTE 2600",DOMAINE DE LA BODAIS 35470 BAIN DE BRETAGNE,35012,"47.8356,-1.6947",Pylône autostable,"30,4m",TDF,,SUP,,False,True
3050257,FREE MOBILE,"LTE 2100, LTE 2600",ANCIENNE ROUTE DE MONTAGNY (LA TREILLE) 42120 PERREUX,42170,"46.0447,4.1503",Pylône autostable,24m,TOTEM,,SUP,,False,True
3050403,FREE MOBILE,5G NR 700,3830 ROUTE DES SANGUINAIRES RESIDENCE LES CALANQUES 20167 AJACCIO,2A004,"41.9086,8.6578",Immeuble,"24,2m","Copropriété, Syndic, SCI",2026-07-24,ALL,,False,False
3050422,BOUYGUES TELECOM,"UMTS 900, LTE 2100, 5G NR 3500",80 AV DE LA LANTERNE 06300 NICE,06088,"43.6814,7.2253",Immeuble,"22,5m","Copropriété, Syndic, SCI",,SUP,,False,True
3050446,BOUYGUES TELECOM,"LTE 700, LTE 800, LTE 1800, LTE 2600, 5G NR 2100",R DES MARAÎCHÈRES (LA GAGNERIE DU ROLLY) 44340 BOUGUENAIS,44020,"47.1675,-1.62",Pylône tubulaire,18m,CELLNEX,2026-07-10,ALL,,False,True
3050776,ORANGE,GSM 900,5 R MAGRESSOLLES 31780 CASTELGINEST,31116,"43.6928,1.4294",Immeuble,"13,7m","Copropriété, Syndic, SCI",2017-08-10,SUP,,False,False
3050849,FREE MOBILE,"LTE 2100, LTE 2600",PROCHE RUE NATIONALE (SAINT LAURENT) 22600 ST CARADEC,22279,"48.1933,-2.8661",Pylône autostable,"42,4m",TDF,,SUP,,False,False
3050853,FREE MOBILE,"LTE 2100, LTE 2600",ROUTE LES RENAUDERIES (VIREE GILETTE) 44320 ST PERE EN RETZ,44187,"47.2381,-2.1036",Pylône haubané,"36,6m",FREE-MOBILE,,SUP,,False,True
3050884,BOUYGUES TELECOM,UMTS 900,190 BD DE STALINGRAD 94200 IVRY SUR SEINE,94041,"48.8067,2.3758",Immeuble,"26,8m","Copropriété, Syndic, SCI",,SUP,,False,False
305092,ORANGE,"LTE 900, 5G NR 700",RTE FORESTIÈRE DES CRYPTOMERIAS (PETITE FRANCE) 97460 ST PAUL,97415,"-21.0483,55.3478",Mât béton,"16,1m",ORANGE,,AJO,,False,False
305092,ORANGE,LTE 700,RTE FORESTIÈRE DES CRYPTOMERIAS (PETITE FRANCE) 97460 ST PAUL,97415,"-21.0483,55.3478",Mât béton,"16,1m",ORANGE,2024-04-26,SUP,,False,False
305327,SFR,GSM 900,15 R LOUIS ARMANT IMM SNCF 95120 ERMONT,95219,"48.9808,2.2661",Immeuble,21m,SNCF Réseau,2020-12-29,SUP,,False,False
3053352,FREE MOBILE,"LTE 700, LTE 900, LTE 1800, 5G NR 700",CHEMIN RURAL DE LA GARE (PIÈCE DE CHICHENY) 91690 GUILLERVAL,91294,"48.3772,2.0619",Pylône autostable,24m,ATC FRANCE,2026-07-24,ALL,,False,True
3053352,FREE MOBILE,"LTE 2100, LTE 2600",CHEMIN RURAL DE LA GARE (PIÈCE DE CHICHENY) 91690 GUILLERVAL,91294,"48.3772,2.0619",Pylône autostable,24m,ATC FRANCE,,SUP,,False,True
3053375,FREE MOBILE,LTE 2100,ROUTE DE MERY D441 TERRAIN MUNICIPAL (MARISY) 10700 POUAN LES VALLEES,10299,"48.5369,4.0747",Pylône autostable,36m,ATC FRANCE,,SUP,,False,False
3053645,SFR,"LTE 700, LTE 800, LTE 1800, LTE 2600, 5G NR 2100",RUE D'HAUTMONT D107 PROCHE RUE DE LA GARE DE SOUS LE BOIS 59600 MAUBEUGE,59392,"50.2658,3.94",Pylône autostable,36m,HIVORY,2026-07-03,ALL,,False,True
3054051,FREE MOBILE,LTE 2100,CHEMIN DE MONDI (MONDI) 31530 LASSERRE PRADERE,31277,"43.6406,1.1939",Pylône autostable,36m,ATC FRANCE,,SUP,,False,False
3054051,ORANGE,"LTE 1800, 5G NR 2100",CHEMIN DE MONDI (MONDI) 31530 LASSERRE PRADERE,31277,"43.6406,1.1939",Pylône autostable,36m,ATC FRANCE,2026-07-20,AJA,,True,False
3054051,SFR,"LTE 700, LTE 800, LTE 1800, LTE 2100, LTE 2600, 5G NR 2100",CHEMIN DE MONDI (MONDI) 31530 LASSERRE PRADERE,31277,"43.6406,1.1939",Pylône autostable,36m,ATC FRANCE,,AJO,,False,True
3054176,FREE MOBILE,"LTE 2100, LTE 2600",CHEMIN DU BOCHOT (LA GRANDE VILLE) 21320 VANDENESSE EN AUXOIS,21652,"47.2281,4.6111",Pylône autostable,"24,4m",FREE-MOBILE,,SUP,,False,True
3054249,SFR,"UMTS 900, LTE 700, LTE 800, LTE 1800, LTE 2100, LTE 2600, 5G NR 3500",29 ROUTE D?ORGON 13810 EYGALIERES,13034,"43.7614,4.9542",Pylône arbre,20m,SFR,2026-07-01,ART,,False,True
3054703,FREE MOBILE,"LTE 700, LTE 900, LTE 1800, LTE 2100, LTE 2600, 5G NR 3500",1432 CHEMIN LE LANÇON (LE LANÇON) 83110 SANARY SUR MER,83123,"43.1431,5.8244",Pylône arbre,12m,FREE-MOBILE,2026-07-24,ALL,,False,True
3054796,SFR,"UMTS 900, LTE 700, LTE 800",CORNICHE DES CÉVENNES (LE FROMENTAL) 48110 LE POMPIDOU,48115,"44.2039,3.64",Pylône autostable,27m,BOUYGUES,2026-07-10,AJA,,True,True
3055509,BOUYGUES TELECOM,UMTS 900,130 R DES POISSONNIERS 75018 PARIS 18,75118,"48.8956,2.3533",Immeuble,36m,Société HLM,,SUP,,False,False
3055853,FREE MOBILE,"LTE 700, LTE 900, 5G NR 700",CHEMIN DE LA COLONIE (LE BAURE) 38660 PLATEAU DES PETITES ROCHES,38395,"45.2864,5.8439",Mât,12m,TOTEM,2026-07-24,ALL,,False,False
3055980,BOUYGUES TELECOM,"5G NR 2100, 5G NR 3500",7 R ALBERTO SANTOS DUMONT (PARC MARCEL DASSAULT) 34430 ST JEAN DE VEDAS,34270,"43.5575,3.8481",Pylône autostable,12m,BOUYGUES,2026-08-03,AAV,,False,True
3055980,BOUYGUES TELECOM,"LTE 700, LTE 800",7 R ALBERTO SANTOS DUMONT (PARC MARCEL DASSAULT) 34430 ST JEAN DE VEDAS,34270,"43.5575,3.8481",Pylône autostable,12m,BOUYGUES,2026-07-15,ALL,,False,True
3055980,BOUYGUES TELECOM,UMTS 900,7 R ALBERTO SANTOS DUMONT (PARC MARCEL DASSAULT) 34430 ST JEAN DE VEDAS,34270,"43.5575,3.8481",Pylône autostable,12m,BOUYGUES,,SUP,,False,True
3056032,ORANGE,"LTE 800, LTE 1800, LTE 2100, LTE 2600, 5G NR 700, 5G NR 3500",2 RUE D'ESTIENNE D'ORVES 94480 ABLON SUR SEINE,94001,"48.7231,2.4167",Pylône arbre,30m,TOTEM,2026-07-08,ALL,,False,True
3056102,SFR,"UMTS 900, LTE 2100",D212A (LA FOSSE DE MEAUX) 77290 COMPANS,77123,"48.9775,2.6597",Pylône autostable,42m,SFR,,SUP,,False,True
3056214,FREE MOBILE,"LTE 2100, LTE 2600",13 RUE DE LA GROTTE D125 56920 GUELTAS,56072,"48.0956,-2.7914",Pylône tubulaire,30m,ATC FRANCE,,SUP,,False,True
3056401,FREE MOBILE,"LTE 700, LTE 900, LTE 1800, LTE 2100, LTE 2600, 5G NR 3500",1B RUE DE COLMAR (OPHOVE) 62510 ARQUES,62040,"50.7294,2.2919",Pylône autostable,"42,7m",FREE-MOBILE,2026-07-24,ALL,,False,True
3056416,BOUYGUES TELECOM,"LTE 2100, 5G NR 3500",6 AV ANDRE THEURIET (LA VIGNE HAUTE) 06340 LA TRINITE,06149,"43.7433,7.3233",Immeuble,"24,3m","Copropriété, Syndic, SCI",,SUP,,False,True
3056438,BOUYGUES TELECOM,"LTE 700, LTE 800",5 R BOURGEOISE 92800 PUTEAUX,92062,"48.8803,2.2419",Immeuble,"25,5m","Copropriété, Syndic, SCI",2026-07-13,ALL,,False,True
3057162,SFR,"5G NR 2100, 5G NR 3500",3 RUE YOURI GAGARINE CITÉ YOURI GAGARINE - BÂTIMENT C 93230 ROMAINVILLE,93063,"48.8836,2.4253",Immeuble,35m,Société HLM,,SUP,,False,False
305726,ORANGE,"LTE 700, 5G NR 2100", (LE PETIT CLOS) 36100 NEUVY PAILLOUX,36140,"46.8869,1.8481",Pylône autostable,36m,TOTEM,2026-07-10,ALL,,False,False
3057355,BOUYGUES TELECOM,"LTE 700, LTE 800, LTE 1800, LTE 2600, 5G NR 2100",ROUTE DE LOCOAL 22110 PLOUGUERNEVEL,22220,"48.2344,-3.2553",Pylône autostable,"32,1m",CELLNEX,2026-07-16,ALL,,False,True
3057355,SFR,"LTE 700, LTE 800, LTE 1800, LTE 2600, 5G NR 2100",ROUTE DE LOCOAL 22110 PLOUGUERNEVEL,22220,"48.2344,-3.2553",Pylône autostable,"32,1m",CELLNEX,2026-07-17,ALL,,False,True
3057944,ORANGE,LTE 1800,BD DU MARÉCHAL JUIN RN96 (CHAMPS CLOS) 04100 MANOSQUE,04112,"43.8428,5.8108",Pylône autostable,25m,TOTEM,2026-06-30,ART,,False,False
3058044,SFR,LTE 2600,CHEMIN DES CHAULETS (LES CHAULETS) 03210 SOUVIGNY,03275,"46.5228,3.2158",Pylône autostable,30m,ATC FRANCE,,AJO,,False,True
3058484,BOUYGUES TELECOM,"LTE 700, LTE 800",R DU MOUTIER 93240 STAINS,93072,"48.9575,2.3853",Pylône autostable,24m,BOUYGUES,2026-07-22,ALL,,False,True
3059536,FREE MOBILE,"LTE 2100, LTE 2600",RTE DE LA PUECHABON (SERANE) 34380 ARGELLIERS,34012,"43.7053,3.6647",Pylône autostable,30m,TDF,,SUP,,False,False
3059602,FREE MOBILE,5G NR 700,91 AVENUE GÉNÉRAL LECLERC RÉSIDENCE DIANE 33800 BORDEAUX,33063,"44.8533,-0.6097",Immeuble,"24,5m",Société Privée,2026-07-07,ALL,,False,False
3062012,FREE MOBILE,"LTE 700, LTE 1800, LTE 2600",3 BIS RUE CLÉMENT ADER 85500 LES HERBIERS,85109,"46.8622,-1.0042",Pylône tubulaire,30m,TOTEM,2026-07-28,ALL,,False,True
3064280,FREE MOBILE,"LTE 900, LTE 2100, 5G NR 700",ROUTE DE PLAUD ET SICIOREIX (CHÂTEAU TROMPETTE) 87200 ST JUNIEN,87154,"45.9061,0.8733",Pylône autostable,36m,FREE-MOBILE,2026-07-07,ALL,,False,False
3065243,ORANGE,UMTS 900,38 RUE MONTCALM 17000 LA ROCHELLE,17300,"46.1622,-1.2194",Pylône autostable,30m,CELLNEX,2026-07-15,ALL,,False,False
3065904,ORANGE,GSM 900,CHEMIN DÉPARTEMENTALE N°23 STATION D ÉPURATION (LA JURASSO) 31800 VALENTINE,31565,"43.0947,0.7108",Pylône autostable,30m,TOTEM,2011-02-17,SUP,,False,False
3065918,FREE MOBILE,5G NR 700,949 AVENUE JEAN MOULIN 33930 VENDAYS MONTALIVET,33540,"45.3858,-1.1483",Pylône autostable,45m,TOTEM,2026-07-24,ALL,,False,False
3067306,FREE MOBILE,"LTE 900, LTE 2100",53 RUE DES COUTELIERS AVENUE LUCIE AUBRAC 31500 TOULOUSE,31555,"43.5994,1.4414",Immeuble,"20,7m","Copropriété, Syndic, SCI",2026-07-07,ALL,,False,False
3067308,FREE MOBILE,"LTE 700, LTE 1800, LTE 2600, 5G NR 3500",5 RUE ANTONIO VIVALDI 31500 TOULOUSE,31555,"43.6053,1.4147",Immeuble,"16,8m",Société HLM,2026-07-28,ALL,,False,True
3067584,BOUYGUES TELECOM,5G NR 2100,116 AV DOCTEUR MAURICE DONAT RESIDENCE LES COLLINES DE CAGNES (RESIDENCE LES COLLINES DE CAGN) 06800 CAGNES SUR MER,06027,"43.6619,7.1342",Immeuble,"15,5m","Copropriété, Syndic, SCI",2026-02-25,ART,,False,False
3067584,BOUYGUES TELECOM,UMTS 900,116 AV DOCTEUR MAURICE DONAT RESIDENCE LES COLLINES DE CAGNES (RESIDENCE LES COLLINES DE CAGN) 06800 CAGNES SUR MER,06027,"43.6619,7.1342",Immeuble,"15,5m","Copropriété, Syndic, SCI",,SUP,,False,False
3067588,FREE MOBILE,"LTE 900, LTE 2100",2 RUE DES SECHERIES RESIDENCE LES SECHERIES 33130 BEGLES,33039,"44.8039,-0.5419",Immeuble,"16,3m",Société HLM,2026-07-07,ALL,,False,False
3068911,BOUYGUES TELECOM,LTE 2100,6B RUE PAUL BERT 33110 LE BOUSCAT,33069,"44.8656,-0.6014",Immeuble,17m,Société HLM,2023-05-03,SUP,,False,False
3068988,FREE MOBILE,"LTE 900, 5G NR 700",26 RUE DU GÉNÉRAL LECLERC (LA BOISETTE) 54570 FOUG,54205,"48.6839,5.7936",Pylône autostable,"15,9m",TOTEM,2026-07-07,ALL,,False,False
3069650,ORANGE,"LTE 1800, LTE 2600, 5G NR 2100",CHEMIN DE PARDIES (AU TRONC ) 33380 BIGANOS,33051,"44.6661,-0.9836",Pylône autostable,36m,ATC FRANCE,2026-07-08,ALL,,False,False
3071761,ORANGE,5G NR 2100,22 CHEMIN DES GRANDES VALLÉES 28260 SOREL MOUSSEL,28377,"48.8267,1.3947",Pylône autostable,"48,1m",TOTEM,2026-07-06,AJA,,False,False
3071761,ORANGE,LTE 2100,22 CHEMIN DES GRANDES VALLÉES 28260 SOREL MOUSSEL,28377,"48.8267,1.3947",Pylône autostable,"48,1m",TOTEM,,SUP,,False,False
3072120,FREE MOBILE,"UMTS 900, LTE 700",RUE DU CHÂTEAU D'EAU RUE DU PARC 11230 VAL DE LAMBRONNE,11080,"43.0731,1.9744",Pylône autostable,"24,4m",FREE-MOBILE,2026-07-30,ALL,,True,True
3072120,ORANGE,"UMTS 900, LTE 700, LTE 800",RUE DU CHÂTEAU D'EAU RUE DU PARC 11230 VAL DE LAMBRONNE,11080,"43.0731,1.9744",Pylône autostable,"24,4m",FREE-MOBILE,2026-07-15,ALL,,True,True
3072120,SFR,"UMTS 900, LTE 700, LTE 800",RUE DU CHÂTEAU D'EAU RUE DU PARC 11230 VAL DE LAMBRONNE,11080,"43.0731,1.9744",Pylône autostable,"24,4m",FREE-MOBILE,2026-07-15,ALL,,True,True
307221,ORANGE,GSM 900,VC (LA OUEYTE) 32550 HAULIES,32153,"43.5617,0.6811",Pylône autostable,35m,Conseil Départemental,2007-08-02,SUP,,True,False
307225,ORANGE,GSM 900,D.129 CHÂTEAU D'EAU (CAZENEUVE) 32260 MONFERRAN PLAVES,32267,"43.48,0.63",Château d'eau - réservoir,51m,"Syndicat des eaux, Adduction",2006-03-11,SUP,,True,False
3072474,BOUYGUES TELECOM,"LTE 700, LTE 800, LTE 1800, LTE 2600, 5G NR 2100",8 RUE ADRIEN DUCOURT CENTRAL TÉLÉPHONIQUE 33600 PESSAC,33318,"44.8061,-0.6294",Bâtiment,18m,"Copropriété, Syndic, SCI",2026-07-13,ALL,,False,True
3072474,BOUYGUES TELECOM,UMTS 900,8 RUE ADRIEN DUCOURT CENTRAL TÉLÉPHONIQUE 33600 PESSAC,33318,"44.8061,-0.6294",Bâtiment,18m,"Copropriété, Syndic, SCI",,SUP,,False,True
3073274,BOUYGUES TELECOM,UMTS 900,821 AV JACK KILBY 06270 VILLENEUVE LOUBET,06161,"43.6475,7.1208",Pylône autostable,24m,CELLNEX,,SUP,,False,False
3073764,ORANGE,"5G NR 700, 5G NR 3500",RUE DE L'ORIETTE RUE DE GUINEFOLLE STADE MUNICIPAL 53230 COSSE LE VIVIEN,53077,"47.9419,-0.9081",Pylône tubulaire,30m,TOTEM,,AJO,,False,False
3073764,ORANGE,"UMTS 900, LTE 700",RUE DE L'ORIETTE RUE DE GUINEFOLLE STADE MUNICIPAL 53230 COSSE LE VIVIEN,53077,"47.9419,-0.9081",Pylône tubulaire,30m,TOTEM,2026-01-26,SUP,,False,False
3074530,ORANGE,GSM 900, (PECH BAHUT) 46340 SALVIAC,46297,"44.6897,1.2606",Pylône autostable,40m,TOTEM,2020-01-27,SUP,,False,False
3074789,ORANGE,"LTE 1800, LTE 2100, LTE 2600, 5G NR 3500",25 BIS RUE LAMARTINE 76100 ROUEN,76540,"49.4506,1.11",Immeuble,"15,9m","Copropriété, Syndic, SCI",2026-07-20,ALL,,False,False
3075508,ORANGE,5G NR 2100,CHEMIN DE GOELLE 63190 MOISSAT,63229,"45.7825,3.365",Pylône autostable,35m,ATC FRANCE,,AJO,,False,False
3075523,PMT-VODAFONE,5G NR 3500,PK3.5 EST (DOMAINE LABBE) 98716 PIRAE,98736,"-17.5383,-149.5306",Pylône autostable,32m,Pacific Mobile Telecom,,AJO,,False,False
3076104,FREE MOBILE,"LTE 900, LTE 2100, 5G NR 700",CHEMIN DE PESTELADE 13810 EYGALIERES,13034,"43.7506,4.9572",Pylône arbre,20m,FREE-MOBILE,2026-07-07,ALL,,False,False
3076127,BOUYGUES TELECOM,5G NR 3500,CHEM DE LA BRÈCHE 30190 ST GENIES DE MALGOIRES,30255,"43.9464,4.2253",Pylône autostable,18m,CELLNEX,,AJO,,False,False
3076213,BOUYGUES TELECOM,"LTE 700, LTE 800, LTE 1800, LTE 2600, 5G NR 2100",22 RUE DES VERGEOIS (LA COTE DE VERGEOIS) 51300 SOULANGES,51557,"48.7972,4.5317",Pylône autostable,"36,4m",HIVORY,2026-07-25,ALL,,False,True
3076213,SFR,"LTE 700, LTE 800, LTE 1800, LTE 2600, 5G NR 2100",22 RUE DES VERGEOIS (LA COTE DE VERGEOIS) 51300 SOULANGES,51557,"48.7972,4.5317",Pylône autostable,"36,4m",HIVORY,2026-07-10,ALL,,False,True
3076231,SFR,"LTE 700, LTE 800, LTE 1800, LTE 2100, LTE 2600, 5G NR 3500",6 RUE BEETHOVEN RÉSIDENCES LES SAULES 59200 TOURCOING,59599,"50.7347,3.1825",Immeuble,"20,2m","Copropriété, Syndic, SCI",2026-07-06,ALL,,False,True
307655,ORANGE,GSM 900,PRÈS D.235 CHÂTEAU D'EAU DE LASSERRE (LA FONT DU ROI) 09230 LASSERRE,09158,"43.0658,1.1708",Château d'eau - réservoir,21m,"Syndicat des eaux, Adduction",2006-03-18,SUP,,True,False
3077777,BOUYGUES TELECOM,UMTS 900,2 ALLEE DES CHATAIGNIERS 95120 ERMONT,95219,"48.9817,2.245",Immeuble,"32,3m","Copropriété, Syndic, SCI",,SUP,,False,False
3077844,BOUYGUES TELECOM,"LTE 700, LTE 800",COTE DES RUS 22130 LANGUENAN,22105,"48.5081,-2.1347",Pylône autostable,"30,5m",CELLNEX,2026-08-03,AAV,,False,True
3078201,FREE MOBILE,"LTE 700, LTE 900, LTE 1800, LTE 2100, LTE 2600, 5G NR 3500",22 RUE CIGARIERES 13003 MARSEILLE 03,13203,"43.3167,5.3719",Immeuble,"57,9m","Copropriété, Syndic, SCI",2026-07-07,ALL,,False,True
3078225,FREE MOBILE,"LTE 700, LTE 900, LTE 1800, LTE 2100, LTE 2600, 5G NR 3500",1 RUE DES PETITES MARNIERES 72650 ST SATURNIN,72320,"48.0464,0.1708",Pylône autostable,"37,7m",FREE-MOBILE,2026-07-07,ALL,,False,True
3078231,FREE MOBILE,"LTE 700, LTE 900, LTE 1800, LTE 2100, LTE 2600, 5G NR 3500",RUE DES MANOUVRIERS 77176 SAVIGNY LE TEMPLE,77445,"48.6019,2.5603",Pylône arbre,"26,5m",FREE-MOBILE,2026-07-24,ALL,,False,True
3080415,ORANGE,5G NR 3500,534 ROUTE DES CITÉS ATELIERS COMMUNAUX LE DORON (LE DORON) 73200 VENTHON,73308,"45.6914,6.4042",Pylône autostable,"30,6m",TOTEM,2026-01-19,ART,,False,False
3084427,FREE MOBILE,"LTE 900, 5G NR 700",PRÈS D712 PROCHE D712 (KERFAVEN) 29400 BODILIS,29010,"48.4897,-4.1478",Pylône autostable,45m,TOTEM,2026-07-07,ALL,,False,False
3084504,BOUYGUES TELECOM,"GSM 900, UMTS 900",81 R DU COMMERCE 37200 TOURS,37261,"47.3947,0.6828",Immeuble,11m,"Copropriété, Syndic, SCI",,SUP,,False,True
3086107,SFR,UMTS 900,CHEMIN D'EXPLOITATION N°2 (AU FALAPIN) 39250 GILLOIS,39254,"46.7381,6.0186",Pylône autostable,30m,TOTEM,2026-06-19,ART,,True,True
3086270,ORANGE,5G NR 2100,ROUTE DES CRETES  (PERFAURE) 24210 BARS,24025,"45.1006,1.0531",Pylône autostable,"35,7m",ATC FRANCE,,AJO,,False,False
3086286,FREE MOBILE,LTE 2600,RTE DE BEAUMONT D236 IMP BROCARD (BROCARD) 26120 CHABEUIL,26064,"44.8931,5.0042",Pylône autostable,31m,TDF,,SUP,,False,False
3087511,SFR,"UMTS 900, LTE 700, LTE 800",PROCHE DE ROUTE DÉPARTEMENTALE N°69 (COL DE VERDE) 20227 GHISONI,2B124,"42.0294,9.1939",Pylône autostable,36m,SFR,2026-07-23,ALL,,True,True
3089793,FREE MOBILE,LTE 2100,PROCHE ROUTE DE DOLE D673 (AUX LONGS CHAMPS) 71380 ALLERIOT,71004,"46.8072,4.9461",Pylône autostable,36m,TDF,,SUP,,False,False
3091009,SFR,"LTE 700, LTE 800, LTE 1800, LTE 2100, LTE 2600, 5G NR 2100, 5G NR 3500",1 RUE JEAN GIRAUDOUX 32 RUE MARTIN LUTHER KING 71100 CHALON SUR SAONE,71076,"46.7944,4.8403",Bâtiment,48m,"Commune, communauté de communes",2026-07-17,ALL,,False,True
3091243,BOUYGUES TELECOM,"UMTS 900, LTE 700, LTE 800",RUE DE CRECY D135 (LE CHEM DE DOMPIERRE) 62140 CAPELLE LES HESDIN,62212,"50.3339,1.9925",Pylône autostable,42m,HIVORY,,AJO,,True,True
3091243,FREE MOBILE,,RUE DE CRECY D135 (LE CHEM DE DOMPIERRE) 62140 CAPELLE LES HESDIN,62212,"50.3339,1.9925",Pylône autostable,42m,HIVORY,2026-07-20,CHH,"36,3m",True,False
3091243,ORANGE,,RUE DE CRECY D135 (LE CHEM DE DOMPIERRE) 62140 CAPELLE LES HESDIN,62212,"50.3339,1.9925",Pylône autostable,42m,HIVORY,2026-03-10,CHH,"36,3m",True,False
3091243,SFR,,RUE DE CRECY D135 (LE CHEM DE DOMPIERRE) 62140 CAPELLE LES HESDIN,62212,"50.3339,1.9925",Pylône autostable,42m,HIVORY,2026-03-10,CHH,"36,3m",True,False
3092295,BOUYGUES TELECOM,UMTS 900,63 R KLÉBER 59155 FACHES THUMESNIL,59220,"50.5903,3.0739",Immeuble,"17,3m","Copropriété, Syndic, SCI",,SUP,,False,False
3092297,BOUYGUES TELECOM,"LTE 700, LTE 800",20 R JEAN COCTEAU 75018 PARIS 18,75118,"48.9,2.3489",Pylône tubulaire,26m,BOUYGUES,2026-07-22,ALL,,False,True
3092301,BOUYGUES TELECOM,"LTE 700, LTE 800",1 ALLEE DU CHATEAU 3 AVENUE DU DOCTEUR MICHAUX 93300 AUBERVILLIERS,93001,"48.9133,2.3911",Immeuble,20m,"Copropriété, Syndic, SCI",2026-07-22,ALL,,False,True
3092306,BOUYGUES TELECOM,"UMTS 900, LTE 700, LTE 800",CHEL DE POMPE PRES DE MAURIN (CHANOLLES) 04420 PRADS HAUTE BLEONE,04155,"44.1503,6.4147",Pylône autostable,"18,8m",CELLNEX,2026-07-17,ALL,,True,True
3092306,ORANGE,"LTE 700, LTE 800",CHEL DE POMPE PRES DE MAURIN (CHANOLLES) 04420 PRADS HAUTE BLEONE,04155,"44.1503,6.4147",Pylône autostable,"18,8m",CELLNEX,2026-05-27,ART,,True,False
3093676,ORANGE,5G NR 2100,CHEMIN DU HOUX (LES COSTES OUEST - AYMAS) 15300 SEGUR LES VILLAS,15225,"45.2008,2.8119",Pylône autostable,30m,TDF,2026-07-02,ALL,,False,False
3093917,BOUYGUES TELECOM,"UMTS 900, LTE 2100",4 R DE LA BONDONNIÈRE 37300 JOUE LES TOURS,37122,"47.3558,0.6967",Immeuble,"34,2m","Copropriété, Syndic, SCI",,SUP,,False,True
3094469,ORANGE,"LTE 1800, 5G NR 2100",D401 (LES BARREINS) 11600 FOURNES CABARDES,11154,"43.3356,2.3844",Pylône autostable,15m,TDF,,AJO,,False,False
3094546,OUTREMER TELECOM,5G NR 3500,1 RUE RAPHAEL LUCE 97190 LE GOSIER,97113,"16.2069,-61.495",Mât béton,21m,Société Privée,2026-04-04,ART,,False,False
3095459,FREE MOBILE,"LTE 700, LTE 900, LTE 1800, LTE 2100, LTE 2600, 5G NR 3500",19 AVENUE DE MONTCY NOTRE DAME (PARC DEVILLE) 08000 CHARLEVILLE MEZIERES,08105,"49.7739,4.7397",Pylône tubulaire,"25,1m",FREE-MOBILE,2026-07-24,ALL,,False,True
3095626,BOUYGUES TELECOM,UMTS 900,1063 AV DE GRASSE 06650 LE ROURET,06112,"43.6731,6.9928",Pylône arbre,"18,5m",CELLNEX,,SUP,,False,False
3095677,ORANGE,GSM 900,ROUTE DE LAVAUR (LES FENOUILLÉS) 31590 VERFEIL,31573,"43.665,1.6956",Pylône autostable,30m,TOTEM,2006-12-13,SUP,,False,False
3096319,SFR,"LTE 1800, LTE 2100",174 ROUTE DE LA FEUILLADE 24200 CARSAC AILLAC,24082,"44.8647,1.2661",Pylône autostable,30m,TOWEO,2026-06-08,ART,,False,True
3096758,SFR,"LTE 700, LTE 800, LTE 1800, LTE 2100, LTE 2600, 5G NR 2100",33 ALLÉES DES LETTRES PERSANES (A LÉCHAC) 33650 LA BREDE,33213,"44.6864,-0.5211",Pylône autostable,"36,3m",TOTEM,2026-07-16,ALL,,False,True
3097896,FREE MOBILE,"LTE 700, LTE 900, LTE 1800, LTE 2100, LTE 2600, 5G NR 3500",1 RUE DE LA GRANGE QUILLET 37700 ST PIERRE DES CORPS,37233,"47.3811,0.7128",Pylône autostable,36m,NEXT TOWER,2026-07-24,ALL,,False,True
3097935,SFR,5G NR 2100,ROUTE DE VRIGNY PROCHE SAVELON (LES JARDILLIERES) 51370 ORMES,51418,"49.2353,3.9419",Pylône autostable,"13,5m",TDF,2025-12-12,SUP,,False,False
3098098,BOUYGUES TELECOM,5G NR 3500,16 ALLEE DES ALIZES (LE MURGER DE LA BATAILLE) 91150 ETAMPES,91223,"48.4353,2.1428",Immeuble,"18,3m","Copropriété, Syndic, SCI",2026-07-20,ALL,,False,False
3098553,ORANGE,GSM 900,3 RUE DE L'ADOUR RÉSIDENCE BEL ADOUR 65000 TARBES,65440,"43.2322,0.0892",Immeuble,24m,Société HLM,2012-08-30,SUP,,False,False
3100270,FREE MOBILE,"LTE 700, LTE 1800, LTE 2600, 5G NR 3500",24 ROUTE DE CUZON CHAMBRE DES MÉTIERS 29000 QUIMPER,29232,"48.0061,-4.0775",Pylône tubulaire,25m,TOTEM,2026-07-28,ALL,,False,True
3100705,FREE MOBILE,LTE 2100,LANDIER DES DROUETS 35380 MAXENT,35169,"47.9731,-2.0228",Pylône autostable,"36,5m",HIVORY,,SUP,,False,False
3100717,FREE MOBILE,LTE 2100,LE PONT DU CANUT PROCHE D177 (LE PONT DU CANUT) 35580 GUICHEN,35126,"47.9453,-1.8278",Pylône autostable,30m,TDF,,SUP,,False,False
3101595,BOUYGUES TELECOM,"UMTS 900, LTE 2100",44 AV JEAN JAURES 93000 BOBIGNY,93008,"48.9011,2.4414",Immeuble,21m,"Copropriété, Syndic, SCI",,SUP,,False,True
3103311,FREE MOBILE,"LTE 900, LTE 2100",75 BOULEVARD JEAN MERMOZ 35136 ST JACQUES DE LA LANDE,35281,"48.0944,-1.6983",Immeuble,30m,Société HLM,2026-07-07,ALL,,False,False
3103644,BOUYGUES TELECOM,"LTE 700, LTE 800, LTE 1800, LTE 2600, 5G NR 2100, 5G NR 3500",ZONE INDUSTRIELLE DE LA PAIX PRÈS DE ARG AUTOMOBILES (USINE LA PAIX) 57440 ALGRANGE,57012,"49.3486,6.0356",Pylône autostable,42m,SFR,2026-07-04,ALL,,False,True
3103644,SFR,"UMTS 900, LTE 2100",ZONE INDUSTRIELLE DE LA PAIX PRÈS DE ARG AUTOMOBILES (USINE LA PAIX) 57440 ALGRANGE,57012,"49.3486,6.0356",Pylône autostable,42m,SFR,,SUP,,False,False
3104274,BOUYGUES TELECOM,"LTE 700, LTE 800, LTE 1800, LTE 2100, LTE 2600, 5G NR 2100, 5G NR 3500",7 RUE GABRIEL FAURE 38300 BOURGOIN JALLIEU,38053,"45.6019,5.2703",Immeuble,"22,3m","Copropriété, Syndic, SCI",2026-07-04,ALL,,False,True
3104274,SFR,"LTE 700, LTE 800, LTE 1800, LTE 2100, LTE 2600, 5G NR 2100",7 RUE GABRIEL FAURE 38300 BOURGOIN JALLIEU,38053,"45.6019,5.2703",Immeuble,"22,3m","Copropriété, Syndic, SCI",2026-07-02,ALL,,False,False
3104526,SFR,5G NR 3500,15 AV DE LA GARE DU MIDI 34120 PEZENAS,34199,"43.4533,3.4233",Pylône tubulaire,24m,CELLNEX,2026-07-23,ALL,,False,False
3104661,BOUYGUES TELECOM,UMTS 900,18 RUE JEAN-PIERRE TIMBAUD 78520 LIMAY,78335,"48.9889,1.7533",Pylône autostable,"15,5m",CELLNEX,,SUP,,False,False
3105129,ORANGE,GSM 900,PLACE DU DOCTEUR BAYLAC BÂTIMENT PIERRE-PAUL RIQUET (CHU PURPAN) 31500 TOULOUSE,31555,"43.6097,1.4",Bâtiment,16m,Établissement de soins,2017-11-27,SUP,,False,False
3105299,BOUYGUES TELECOM,UMTS 900,32 BD JAMIN 51100 REIMS,51454,"49.2619,4.0461",Immeuble,"28,3m","Copropriété, Syndic, SCI",,SUP,,False,False
3105554,FREE MOBILE,"LTE 700, LTE 900, LTE 1800, LTE 2100, LTE 2600, 5G NR 3500",35 AV DE L'ALBATROS RÉSIDENCE LE CONSTELLATION BÂTIMENT E 85270 ST HILAIRE DE RIEZ,85226,"46.7581,-2.0308",Immeuble,31m,"Copropriété, Syndic, SCI",2026-07-24,ALL,,False,True
3106130,BOUYGUES TELECOM,5G NR 2100,CHEMIN LES GUERETS (LES GUERETS) 28500 CHERISY,28098,"48.7508,1.4103",Pylône autostable,"36,5m",CELLNEX,2026-05-05,ART,,False,False
3106130,BOUYGUES TELECOM,UMTS 900,CHEMIN LES GUERETS (LES GUERETS) 28500 CHERISY,28098,"48.7508,1.4103",Pylône autostable,"36,5m",CELLNEX,,SUP,,False,False
3107416,ORANGE,"UMTS 900, LTE 700, LTE 800",ROUTE DE BRAS PENDU TERRAIN PRIVÉ 19120 LA CHAPELLE AUX SAINTS,19044,"44.9953,1.7231",Pylône autostable,36m,FREE-MOBILE,,AJO,,True,True
3107630,BOUYGUES TELECOM,"UMTS 900, LTE 700, LTE 800",ROUTE DE GRIMONVILLER (BOIS DE LA RAPPE) 88500 CHEF HAUT,88100,"48.3589,6.0108",Pylône autostable,"36,4m",FREE-MOBILE,2026-07-09,ALL,,True,True
3107630,ORANGE,UMTS 900,ROUTE DE GRIMONVILLER (BOIS DE LA RAPPE) 88500 CHEF HAUT,88100,"48.3589,6.0108",Pylône autostable,"36,4m",FREE-MOBILE,2026-07-09,ALL,,True,True
3107630,ORANGE,"LTE 700, LTE 800",ROUTE DE GRIMONVILLER (BOIS DE LA RAPPE) 88500 CHEF HAUT,88100,"48.3589,6.0108",Pylône autostable,"36,4m",FREE-MOBILE,2026-06-26,ART,,True,True
3107630,SFR,UMTS 900,ROUTE DE GRIMONVILLER (BOIS DE LA RAPPE) 88500 CHEF HAUT,88100,"48.3589,6.0108",Pylône autostable,"36,4m",FREE-MOBILE,2026-07-09,ALL,,True,True
3107630,SFR,"LTE 700, LTE 800",ROUTE DE GRIMONVILLER (BOIS DE LA RAPPE) 88500 CHEF HAUT,88100,"48.3589,6.0108",Pylône autostable,"36,4m",FREE-MOBILE,2026-06-26,ART,,True,True
3107675,FREE MOBILE,LTE 2600,14/20 RUE DES GRAVIERS 92200 NEUILLY SUR SEINE,92051,"48.8819,2.2625",Bâtiment,"30,8m",Établissement de soins,2026-07-24,ALL,,False,True
3107690,ORANGE,UMTS 900,378 RTE D'AUGIORS STATION D'ÉPURATION (EN CROUPET) 01560 ST JEAN SUR REYSSOUZE,01364,"46.4031,5.0661",Pylône autostable,"48,4m",FREE-MOBILE,2026-07-07,AJA,,True,True
3107690,ORANGE,"LTE 700, LTE 800",378 RTE D'AUGIORS STATION D'ÉPURATION (EN CROUPET) 01560 ST JEAN SUR REYSSOUZE,01364,"46.4031,5.0661",Pylône autostable,"48,4m",FREE-MOBILE,2026-06-24,AJR,,True,True
3107690,SFR,"UMTS 900, LTE 700, LTE 800",378 RTE D'AUGIORS STATION D'ÉPURATION (EN CROUPET) 01560 ST JEAN SUR REYSSOUZE,01364,"46.4031,5.0661",Pylône autostable,"48,4m",FREE-MOBILE,2026-07-24,AJA,,True,True
3107970,BOUYGUES TELECOM,UMTS 900,56 BD GORBELLA 06300 NICE,06088,"43.7231,7.2564",Immeuble,"27,6m","Copropriété, Syndic, SCI",,SUP,,False,True
3108370,FREE MOBILE,"LTE 900, LTE 2100, 5G NR 700",37 RUE GUSTAVE NOBLEMAIRE 01500 AMBERIEU EN BUGEY,01004,"45.9544,5.3472",Immeuble,"29,5m",Société HLM,2026-07-28,ALL,,False,False
3108400,FREE MOBILE,"LTE 700, LTE 1800, LTE 2600",ROUTE DE LA LANDETTE (LA LANDETTE) 85310 NESMY,85160,"46.5897,-1.4119",Pylône autostable,30m,FREE-MOBILE,2026-07-28,ALL,,False,True
3108518,BOUYGUES TELECOM,"LTE 700, LTE 800, LTE 1800, LTE 2100, LTE 2600, 5G NR 2100, 5G NR 3500",6  AVENUE DU PARC 24430 MARSAC SUR L ISLE,24256,"45.1908,0.6647",Pylône autostable,30m,SFR,2026-07-10,ALL,,False,True
3108518,SFR,"5G NR 2100, 5G NR 3500",6  AVENUE DU PARC 24430 MARSAC SUR L ISLE,24256,"45.1908,0.6647",Pylône autostable,30m,SFR,2026-05-18,ART,,False,False
3109004,ORANGE,UMTS 900,ROUTE FORESTIERE DU PALI (LES GAUTIERS) 06910 CUEBRIS,06052,"43.8914,7.0006",Pylône autostable,36m,BOUYGUES,2026-06-09,ART,,True,False
3109010,BOUYGUES TELECOM,"UMTS 900, LTE 2100",2 LA ROTAISIERE SAINT AVIT (LA ROTAISIERE) 41170 COUETRON AU PERCHE,41248,"48.0833,0.8942",Pylône autostable,"14,1m",CELLNEX,,SUP,,False,True
3109036,BOUYGUES TELECOM,"LTE 2100, 5G NR 3500",CHEMIN ST MICHEL 84140 AVIGNON,84007,"43.9192,4.8153",Pylône autostable,30m,ON TOWER FRANCE,,SUP,,False,True
3109756,BOUYGUES TELECOM,"LTE 1800, LTE 2600, 5G NR 2100",RTE DU CHATELLIER 79100 ST JEAN DE THOUARS,79259,"46.9617,-0.2042",Pylône autostable,30m,CELLNEX,2026-07-15,ALL,,False,False
3109756,SFR,"LTE 700, LTE 800, LTE 1800, LTE 2600, 5G NR 2100",RTE DU CHATELLIER 79100 ST JEAN DE THOUARS,79259,"46.9617,-0.2042",Pylône autostable,30m,CELLNEX,2026-07-09,ALL,,False,True
3109837,FREE MOBILE,5G NR 700,21 RUE DU GRAND CHEMIN PRÈS D.137 33240 ST GERVAIS,33415,"45.0167,-0.445",Pylône autostable,36m,TOTEM,2026-07-24,ALL,,False,False
3109998,BOUYGUES TELECOM,"UMTS 900, LTE 700, LTE 800",CHEMIN DU CHAVALLET (CHAVALLET) 05300 GARDE COLOMBE,05053,"44.3747,5.7642",Pylône autostable,"24,5m",CELLNEX,2026-07-13,ALL,,True,True
3109998,SFR,"UMTS 900, LTE 700, LTE 800",CHEMIN DU CHAVALLET (CHAVALLET) 05300 GARDE COLOMBE,05053,"44.3747,5.7642",Pylône autostable,"24,5m",CELLNEX,2026-07-07,ALL,,True,True
3110000,BOUYGUES TELECOM,"LTE 700, LTE 800",96 RUE ANATOLE FRANCE 69100 VILLEURBANNE,69266,"45.7678,4.8783",Immeuble,"23,2m","Copropriété, Syndic, SCI",2026-07-15,ALL,,False,True
3110000,BOUYGUES TELECOM,"UMTS 900, 5G NR 3500",96 RUE ANATOLE FRANCE 69100 VILLEURBANNE,69266,"45.7678,4.8783",Immeuble,"23,2m","Copropriété, Syndic, SCI",,SUP,,False,True
3110174,BOUYGUES TELECOM,"UMTS 900, LTE 700, LTE 800",ROUTE DU BOIS DE PIERRE (AU MOULIN) 82120 MAUMUSSON,82107,"43.9189,0.9056",Pylône autostable,36m,FREE-MOBILE,2026-07-09,ALL,,True,True
3110174,ORANGE,"UMTS 900, LTE 700, LTE 800",ROUTE DU BOIS DE PIERRE (AU MOULIN) 82120 MAUMUSSON,82107,"43.9189,0.9056",Pylône autostable,36m,FREE-MOBILE,2026-05-20,ART,,True,True
3110174,SFR,"UMTS 900, LTE 700, LTE 800",ROUTE DU BOIS DE PIERRE (AU MOULIN) 82120 MAUMUSSON,82107,"43.9189,0.9056",Pylône autostable,36m,FREE-MOBILE,2026-07-17,AJA,,True,True
3110767,BOUYGUES TELECOM,UMTS 900,9001 R DES BLÉS D'OR 10 AV MARCEL CACHIN 93150 LE BLANC MESNIL,93007,"48.9231,2.4658",Immeuble,19m,Société HLM,,SUP,,False,False
3110840,ORANGE,5G NR 2100,CHE DE FONCAVE IMP DU MOULIN DU BUT (FONTAINE DE FONCAVE) 24550 MAZEYROLLES,24263,"44.6786,1.0233",Pylône autostable,"36,6m",TDF,2026-07-17,ALL,,False,False
3111635,FREE MOBILE,"LTE 900, LTE 2100",PASSE DU TOTTORAL TENNIS DE LA FORÊT 33780 SOULAC SUR MER,33514,"45.4994,-1.1325",Pylône autostable,30m,TOTEM,2026-07-07,ALL,,False,False
3111671,FREE MOBILE,LTE 700,ROUTE DÉPARTEMENTALE  N°38C (CHAMP DU PONT) 57260 ST MEDARD,57621,"48.8186,6.6392",Pylône autostable,24m,SFR,2026-07-20,ALL,,True,False
3111677,BOUYGUES TELECOM,"LTE 700, LTE 800, LTE 1800, LTE 2600, 5G NR 2100",D21B (GEHRENMATTEN) 68480 OLTINGUE,68248,"47.4986,7.3983",Pylône autostable,36m,HIVORY,2026-07-11,ALL,,False,True
3111677,SFR,"LTE 700, LTE 800, LTE 1800, LTE 2600, 5G NR 2100",D21B (GEHRENMATTEN) 68480 OLTINGUE,68248,"47.4986,7.3983",Pylône autostable,36m,HIVORY,2026-07-02,ALL,,False,True
3112028,BOUYGUES TELECOM,"LTE 700, LTE 800, LTE 1800, LTE 2600",CHEMIN DE LA RANQUETTE (LA BAUME ET LES ETANGS) 30190 LA CALMETTE,30061,"43.9169,4.2733",Pylône autostable,24m,CELLNEX,2026-07-16,ALL,,False,True
3112028,BOUYGUES TELECOM,5G NR 2100,CHEMIN DE LA RANQUETTE (LA BAUME ET LES ETANGS) 30190 LA CALMETTE,30061,"43.9169,4.2733",Pylône autostable,24m,CELLNEX,2026-06-11,ART,,False,True
3112028,BOUYGUES TELECOM,UMTS 900,CHEMIN DE LA RANQUETTE (LA BAUME ET LES ETANGS) 30190 LA CALMETTE,30061,"43.9169,4.2733",Pylône autostable,24m,CELLNEX,,SUP,,False,True
3112028,SFR,"LTE 700, LTE 800, LTE 1800, LTE 2600, 5G NR 2100",CHEMIN DE LA RANQUETTE (LA BAUME ET LES ETANGS) 30190 LA CALMETTE,30061,"43.9169,4.2733",Pylône autostable,24m,CELLNEX,2026-07-17,ALL,,False,True
3112186,BOUYGUES TELECOM,"LTE 700, LTE 800",PROCHE ROUTE DES CHARABOTTES (A BUCHEZOU) 19190 SERILHAC,19257,"45.0992,1.7269",Pylône autostable,30m,FREE-MOBILE,2026-07-21,ALL,,True,True
3112186,FREE MOBILE,"UMTS 900, LTE 700",PROCHE ROUTE DES CHARABOTTES (A BUCHEZOU) 19190 SERILHAC,19257,"45.0992,1.7269",Pylône autostable,30m,FREE-MOBILE,2026-07-30,ALL,,True,True
3112192,BOUYGUES TELECOM,UMTS 900,ROUTE D808 AIRE DE PIQUE-NIQUE 48100 GREZES,48072,"44.5039,3.3489",Pylône autostable,"18,3m",FREE-MOBILE,2026-07-23,ALL,,True,True
3112192,FREE MOBILE,"UMTS 900, LTE 700",ROUTE D808 AIRE DE PIQUE-NIQUE 48100 GREZES,48072,"44.5039,3.3489",Pylône autostable,"18,3m",FREE-MOBILE,2026-07-24,ALL,,True,True
3112192,ORANGE,"UMTS 900, LTE 700, LTE 800",ROUTE D808 AIRE DE PIQUE-NIQUE 48100 GREZES,48072,"44.5039,3.3489",Pylône autostable,"18,3m",FREE-MOBILE,2026-07-10,ALL,,True,True
3112192,SFR,"UMTS 900, LTE 700, LTE 800",ROUTE D808 AIRE DE PIQUE-NIQUE 48100 GREZES,48072,"44.5039,3.3489",Pylône autostable,"18,3m",FREE-MOBILE,2026-07-10,ALL,,True,True
3112208,BOUYGUES TELECOM,"UMTS 900, LTE 700, LTE 800",CHEMIN DE ROUME (LA BOURTOUMARIÉ) 81170 LACAPELLE SEGALAR,81123,"44.1083,2.0058",Pylône autostable,36m,FREE-MOBILE,2026-07-09,ALL,,True,True
3112208,ORANGE,"UMTS 900, LTE 700, LTE 800",CHEMIN DE ROUME (LA BOURTOUMARIÉ) 81170 LACAPELLE SEGALAR,81123,"44.1083,2.0058",Pylône autostable,36m,FREE-MOBILE,2026-06-04,ART,,True,True
3112208,SFR,"UMTS 900, LTE 700, LTE 800",CHEMIN DE ROUME (LA BOURTOUMARIÉ) 81170 LACAPELLE SEGALAR,81123,"44.1083,2.0058",Pylône autostable,36m,FREE-MOBILE,2026-07-17,AJA,,True,True
3112602,FREE MOBILE,LTE 2100,RUE D'AUXONNE (AUX COURBES PIECES) 39290 MOISSEY,39335,"47.1972,5.5164",Pylône autostable,30m,FREE-MOBILE,,SUP,,False,False
3113074,FREE MOBILE,LTE 700, (PRAIRIE DE LA BRETAGNE) 28330 LES AUTELS VILLEVILLON,28016,"48.1731,1.0025",Pylône autostable,"30,3m",CELLNEX,2026-07-20,ALL,,True,False
3113354,BOUYGUES TELECOM,UMTS 900,60 - 62 RUE DE WATTIGNIES 75012 PARIS 12,75112,"48.835,2.3983",Immeuble,"32,4m","Copropriété, Syndic, SCI",,SUP,,False,False
3113381,BOUYGUES TELECOM,"UMTS 900, LTE 700, LTE 800",CHEMIN DE CHENALBONNE (ORTOBISE) 38710 CHATEL EN TRIEVES,38456,"44.8292,5.8333",Pylône autostable,30m,FREE-MOBILE,2026-07-09,ALL,,True,True
3113381,ORANGE,"UMTS 900, LTE 700, LTE 800",CHEMIN DE CHENALBONNE (ORTOBISE) 38710 CHATEL EN TRIEVES,38456,"44.8292,5.8333",Pylône autostable,30m,FREE-MOBILE,2026-05-21,ART,,True,True
3113711,BOUYGUES TELECOM,5G NR 2100,23 R ANATOLE SIGONNEAU (HÔTEL PARISNORD) 93150 LE BLANC MESNIL,93007,"48.9531,2.4586",Bâtiment,"19,5m",Société Privée,2026-04-24,ART,,False,False
3113711,BOUYGUES TELECOM,UMTS 900,23 R ANATOLE SIGONNEAU (HÔTEL PARISNORD) 93150 LE BLANC MESNIL,93007,"48.9531,2.4586",Bâtiment,"19,5m",Société Privée,,SUP,,False,False
3114226,FREE MOBILE,5G NR 700,PÔLE MÉCANIQUE ALES CEVENNES (VALLON FONTANES) 30520 ST MARTIN DE VALGALGUES,30284,"44.155,4.0711",Bâtiment,"16,7m","Commune, communauté de communes",2026-07-28,ALL,,False,False
3114317,FREE MOBILE,"UMTS 900, LTE 700",386 CHEMIN DU PIGEONNIER (EN DURAND) 81500 CABANES,81044,"43.7231,1.9464",Pylône autostable,30m,FREE-MOBILE,2026-07-06,ALL,,True,True
3114317,ORANGE,"UMTS 900, LTE 700, LTE 800",386 CHEMIN DU PIGEONNIER (EN DURAND) 81500 CABANES,81044,"43.7231,1.9464",Pylône autostable,30m,FREE-MOBILE,2026-07-15,ALL,,True,True
3114317,SFR,"UMTS 900, LTE 700, LTE 800",386 CHEMIN DU PIGEONNIER (EN DURAND) 81500 CABANES,81044,"43.7231,1.9464",Pylône autostable,30m,FREE-MOBILE,2026-07-15,ALL,,True,True
3114843,ORANGE,UMTS 900,RUE DU PARQUET (LA COGNE) 62990 LOISON SUR CREQUOISE,62522,"50.4411,1.9178",Pylône autostable,42m,SFR,2026-06-22,ART,,True,True
3114879,BOUYGUES TELECOM,UMTS 900,65  R DU DOCTEUR PARAT 93230 ROMAINVILLE,93063,"48.8914,2.4369",Immeuble,33m,Société HLM,,SUP,,False,False
3115705,BOUYGUES TELECOM,"LTE 700, LTE 800, LTE 1800, LTE 2600, 5G NR 2100",173 ROUTE DE LA MANDINIERE (BELLEVUE) 72110 BONNETABLE,72039,"48.1883,0.4364",Pylône autostable,38m,TOTEM,,AJO,,False,True
3115793,SFR,5G NR 3500,1140 AV EDGAR FAURE 34410 SERIGNAN,34299,"43.2619,3.2839",Pylône tubulaire,16m,BOUYGUES,2026-07-24,AJA,,False,False
3115793,SFR,UMTS 900,1140 AV EDGAR FAURE 34410 SERIGNAN,34299,"43.2619,3.2839",Pylône tubulaire,16m,BOUYGUES,,SUP,,False,False
3115936,BOUYGUES TELECOM,"LTE 700, LTE 800, 5G NR 3500",9 ALLEE DU PARC 37270 LARCAY,37124,"47.3531,0.7647",Pylône autostable,36m,ON TOWER FRANCE,2026-07-29,ALL,,False,True
3116105,ORANGE,UMTS 900,ANCIEN CHEMIN DU FALISSON À MONTIALOUX (SERRE SEC) 48000 ST BAUZILE,48137,"44.4556,3.4931",Pylône autostable,12m,TOTEM,2026-07-06,ALL,,True,False
3116105,SFR,UMTS 900,ANCIEN CHEMIN DU FALISSON À MONTIALOUX (SERRE SEC) 48000 ST BAUZILE,48137,"44.4556,3.4931",Pylône autostable,12m,TOTEM,2026-07-07,ALL,,True,True
3116366,ORANGE,UMTS 900,VOIE COMMUNALE LA BORIE (LOU ROUQUET) 48000 ST ETIENNE DU VALDONNEZ,48147,"44.4303,3.5833",Pylône autostable,12m,TOTEM,2026-07-09,ALL,,True,False
3116366,SFR,UMTS 900,VOIE COMMUNALE LA BORIE (LOU ROUQUET) 48000 ST ETIENNE DU VALDONNEZ,48147,"44.4303,3.5833",Pylône autostable,12m,TOTEM,2026-07-10,ALL,,True,True
3116483,FREE MOBILE,"LTE 700, LTE 900, LTE 1800, LTE 2100, LTE 2600, 5G NR 700",VOIE COMMUNALE N°21 - SAINT ROCH TERTRE DE MÉLO (BELIN) 44160 PONTCHATEAU,44129,"47.4042,-2.0647",Pylône autostable,30m,ATC FRANCE,2026-07-24,ALL,,False,True
3116615,BOUYGUES TELECOM,"LTE 700, LTE 800",113-115-117 COURS GAMBETTA 69003 LYON 03,69383,"45.7508,4.8572",Immeuble,"39,7m",Société HLM,2026-07-15,ALL,,False,True
3116820,FREE MOBILE,"LTE 700, LTE 900, LTE 1800, LTE 2100, LTE 2600, 5G NR 3500",3 ALLÉE DES LAURIERS RÉSIDENCE LES LAURIERS 92420 VAUCRESSON,92076,"48.8333,2.1522",Immeuble,"15,5m","Copropriété, Syndic, SCI",2026-07-24,ALL,,False,True
3117643,BOUYGUES TELECOM,5G NR 3500,739 ALL DU POURROUCET 83700 ST RAPHAEL,83118,"43.4256,6.8547",Pylône tubulaire,"22,2m",BOUYGUES,2026-07-13,ALL,,False,False
3117643,ORANGE,"LTE 800, LTE 1800, LTE 2100, LTE 2600, 5G NR 700, 5G NR 3500",739 ALL DU POURROUCET 83700 ST RAPHAEL,83118,"43.4256,6.8547",Pylône tubulaire,"22,2m",BOUYGUES,,AJO,,False,True
3117780,SFR,"LTE 800, LTE 1800, LTE 2100, 5G NR 2100, 5G NR 3500",15 IMPASSE DES TECHNICITES ZI LA GUIDE 43200 YSSINGEAUX,43268,"45.1561,4.1331",Mât,"12,5m",SFR,2026-07-23,ALL,,False,True
3118066,SRR,"GSM 900, UMTS 900, UMTS 2100, LTE 700, LTE 800, LTE 1800, LTE 2100, LTE 2600",24 RUE DIOMARD 97412 BRAS PANON,97402,"-20.9833,55.6444",Pylône autostable,20m,Telco OI,2025-06-18,ART,,False,True
3118206,BOUYGUES TELECOM,5G NR 2100,4 IMPASSE DES PANETTES 69330 JONAGE,69279,"45.7714,5.0308",Pylône autostable,"24,3m",BOUYGUES,2026-06-17,ART,,False,False
3118504,ORANGE,GSM 900,ENTRÉE TUNNEL (PONT CERDA) 09390 L HOSPITALET PRES L ANDORRE,09139,"42.5769,1.7917",Pylône autostable,40m,Sociétés d'Autoroutes,2006-11-25,SUP,,False,False
3119034,FREE MOBILE,5G NR 700,11 AVENUE ANDRE ITHURRALDE PIERRE ET VACANCES 64500 ST JEAN DE LUZ,64483,"43.3917,-1.6556",Immeuble,"17,7m","Copropriété, Syndic, SCI",2026-07-24,ALL,,False,False
3119422,BOUYGUES TELECOM,"LTE 700, LTE 800",STATION D'EPURATION (LE PRE GATEL) 14130 PONT L EVEQUE,14514,"49.29,0.1725",Pylône tubulaire,"24,5m",CELLNEX,2026-07-30,ALL,,False,True
3120329,SRR,"GSM 900, UMTS 900, UMTS 2100, LTE 700, LTE 800, LTE 1800, LTE 2100, LTE 2600",6 CHEMIN DE LA CONCORDE 97605 MAMOUDZOU,97611,"-12.755,45.2306",Immeuble,"13,8m",Particulier,2026-01-21,ART,,False,True
3120877,FREE MOBILE,"LTE 900, LTE 2100, 5G NR 700",AV ERIC TABARLY ZONE TECHNIQUE DU PORT 66700 ARGELES SUR MER,66008,"42.5389,3.0475",Pylône tubulaire,21m,FREE-MOBILE,2026-07-28,ALL,,False,False
3121449,BOUYGUES TELECOM,"UMTS 900, LTE 700, LTE 800, LTE 1800, LTE 2100, LTE 2600, 5G NR 2100",8 AV DE BRETAGNE 28300 MAINVILLIERS,28229,"48.4533,1.4578",Immeuble,25m,Société Privée,2026-07-15,ALL,,False,True
3121449,SFR,"UMTS 900, LTE 700, LTE 800, LTE 1800, LTE 2600, 5G NR 2100",8 AV DE BRETAGNE 28300 MAINVILLIERS,28229,"48.4533,1.4578",Immeuble,25m,Société Privée,2026-07-13,ALL,,False,True
3121655,BOUYGUES TELECOM,"LTE 700, LTE 800, LTE 1800, LTE 2100, LTE 2600, 5G NR 2100",ROUTE DE BEAUREGARD (LA TANNERIE) 12450 FLAVIN,12102,"44.2839,2.595",Pylône autostable,30m,TOTEM,2026-07-11,ALL,,False,True
3121672,BOUYGUES TELECOM,"LTE 1800, LTE 2600, 5G NR 2100",17 AVENUE DE SAXE 75007 PARIS 07,75107,"48.8492,2.3092",Immeuble,"29,8m","Copropriété, Syndic, SCI",2026-07-16,ALL,,False,False
3121722,FREE MOBILE,"LTE 900, LTE 2100",8-10 RUE DE CERNAY (FERME DE L'ÉTALON NOIR) 68840 PULVERSHEIM,68258,"47.8308,7.2928",Pylône autostable,"36,3m",FREE-MOBILE,2026-07-07,ALL,,False,False
3122205,ORANGE,"UMTS 900, LTE 800, LTE 1800, LTE 2100, LTE 2600, 5G NR 700, 5G NR 3500",153 AVENUE CHARLES DE GAULLE 85340 LES SABLES D OLONNE,85194,"46.5192,-1.7558",Pylône tubulaire,12m,ORANGE,,SUP,,False,True
3122783,FREE MOBILE,"LTE 900, LTE 2100",60 AVENUE DU BONTEMPS 95800 CERGY,95127,"49.0533,2.0147",Bâtiment,"21,8m",Société HLM,2026-07-07,ALL,,False,False
3123225,ORANGE,"LTE 700, LTE 800, LTE 1800, 5G NR 2100",SUR LA RIVIERE D34 (LE VERNOIS) 21560 REMILLY SUR TILLE,21521,"47.305,5.2081",Pylône autostable,"44,9m",ON TOWER FRANCE,2026-07-09,ALL,,False,True
3123990,ORANGE,"LTE 700, LTE 800",ROUTE DÉPARTEMENTALE  N°110 DE SAINT HILAIRE (LE PUJOL) 11220 LABASTIDE EN VAL,11179,"43.0822,2.4772",Pylône autostable,30m,SFR,2026-04-10,ART,,True,False
3124233,FREE MOBILE,"LTE 2100, LTE 2600",CHEMIN DES CHANCHEUX (LA POUGE) 25530 COURTETAIN ET SALANS,25175,"47.2619,6.4158",Pylône autostable,42m,TDF,,SUP,,False,True
3124305,FREE MOBILE,"LTE 700, LTE 900, LTE 2100",IMPASSE DU FUSEAU (MONTÉE DES CHALS) 38150 ROUSSILLON,38344,"45.3694,4.8139",Pylône autostable,40m,TOTEM,2026-07-07,ALL,,False,False
3124805,ORANGE,GSM 900,PRÈS D.632 (PEYREMALE) 32220 SAUVETERRE,32418,"43.4356,0.8417",Pylône autostable,"31,2m",TOTEM,2007-01-19,SUP,,False,False
3124863,FREE MOBILE,"LTE 700, LTE 900, LTE 1800, LTE 2100, LTE 2600, 5G NR 3500",123 BOULEVARD DE VALMY 92700 COLOMBES,92025,"48.9311,2.2536",Immeuble,"33,1m",Société HLM,2026-07-24,ALL,,False,True
3125937,SFR,"LTE 700, LTE 800, LTE 1800, LTE 2600, 5G NR 2100",CHEMIN DE SAINT THIEBAUT 54850 MEREVILLE,54364,"48.5836,6.1519",Pylône autostable,36m,SFR,2026-07-23,ALL,,False,True
3126092,BOUYGUES TELECOM,"LTE 700, LTE 800, LTE 1800, LTE 2600, 5G NR 2100",5  R DE LA PERDREIETTE 85590 ST MALO DU BOIS,85240,"46.9339,-0.8994",Pylône autostable,"26,3m",CELLNEX,2026-07-16,ALL,,False,True
3126092,SFR,"LTE 700, LTE 800, LTE 1800, LTE 2600, 5G NR 2100",5  R DE LA PERDREIETTE 85590 ST MALO DU BOIS,85240,"46.9339,-0.8994",Pylône autostable,"26,3m",CELLNEX,2026-07-17,ALL,,False,True
3126236,FREE MOBILE,5G NR 700,BOIS LA GRANGE 60210 GAUDECHART,60269,"49.6072,1.9569",Pylône autostable,"36,6m",TDF,2026-07-24,ALL,,False,False
3126748,BOUYGUES TELECOM,UMTS 900,23-25 RUE DE TANGER 75019 PARIS 19,75119,"48.8861,2.3686",Immeuble,"39,2m","Copropriété, Syndic, SCI",,SUP,,False,False
3126857,BOUYGUES TELECOM,"LTE 1800, LTE 2600",89 R SABLIÈRES 33800 BORDEAUX,33063,"44.8242,-0.5753",Immeuble,"29,4m",BOUYGUES,2026-07-07,ALL,,False,False
3126857,BOUYGUES TELECOM,5G NR 2100,89 R SABLIÈRES 33800 BORDEAUX,33063,"44.8242,-0.5753",Immeuble,"29,4m",BOUYGUES,2026-07-01,ART,,False,False
3127060,BOUYGUES TELECOM,"LTE 1800, LTE 2600",CHEM DU LAC (SUR LES GARENNES) 69740 GENAS,69277,"45.7469,5.0142",Château d'eau - réservoir,24m,"Syndicat des eaux, Adduction",2026-07-03,ALL,,False,False
3127060,BOUYGUES TELECOM,5G NR 2100,CHEM DU LAC (SUR LES GARENNES) 69740 GENAS,69277,"45.7469,5.0142",Château d'eau - réservoir,24m,"Syndicat des eaux, Adduction",2026-06-22,ART,,False,False
3128326,SFR,"LTE 700, LTE 800, LTE 1800, LTE 2100, LTE 2600",RUE EN MOINS 71960 SOLOGNY,71525,"46.3689,4.6767",Pylône autostable,30m,TDF,2026-07-24,ALL,,False,True
3129030,BOUYGUES TELECOM,"LTE 700, LTE 800, LTE 1800, LTE 2600, 5G NR 2100, 5G NR 3500",BD DE LA CIE DES INDES STADE DU DRIASKER 56290 PORT LOUIS,56181,"47.7083,-3.3508",Pylône tubulaire,"17,9m",CELLNEX,2026-07-16,ALL,,False,True
3129030,SFR,"LTE 700, LTE 800, LTE 1800, LTE 2600, 5G NR 2100, 5G NR 3500",BD DE LA CIE DES INDES STADE DU DRIASKER 56290 PORT LOUIS,56181,"47.7083,-3.3508",Pylône tubulaire,"17,9m",CELLNEX,2026-07-17,ALL,,False,True
3129180,BOUYGUES TELECOM,"LTE 700, LTE 800, LTE 1800, LTE 2600, 5G NR 2100",17 CHEM DE COMMENDIN LES BOURNAIS 37140 COTEAUX SUR LOIRE,37232,"47.3067,0.3411",Pylône autostable,"38,6m",CELLNEX,2026-07-16,ALL,,False,True
3129180,SFR,"LTE 700, LTE 800, LTE 1800, LTE 2600, 5G NR 2100",17 CHEM DE COMMENDIN LES BOURNAIS 37140 COTEAUX SUR LOIRE,37232,"47.3067,0.3411",Pylône autostable,"38,6m",CELLNEX,2026-07-17,ALL,,False,True
3129258,BOUYGUES TELECOM,"LTE 700, LTE 800",34 R STE-HELENE 69002 LYON 02,69382,"45.7536,4.8322",Immeuble,29m,Société Privée,2026-08-03,AAV,,False,True
3129424,ORANGE,GSM 900,ROUTE DES PYRENEES D89 (BARRAC) 65350 BOUILH PEREUILH,65103,"43.2931,0.1911",Pylône autostable,30m,TOTEM,2010-12-06,SUP,,False,False
3130163,BOUYGUES TELECOM,UMTS 900,R DES ALOUETTES 94320 THIAIS,94073,"48.7531,2.3753",Pylône tubulaire,26m,BOUYGUES,,SUP,,False,False
3130173,BOUYGUES TELECOM,"LTE 1800, LTE 2600, 5G NR 2100",31-33 BD ST MICHEL 72100 LE MANS,72181,"48.0186,0.2017",Immeuble,"19,1m","Copropriété, Syndic, SCI",2026-06-25,ART,,False,False
3130532,FREE MOBILE,LTE 700,RUE GASTON GOUSSARD 28340 BOISSY LES PERCHE,28046,"48.6889,0.8936",Pylône autostable,36m,"État, Ministère",2026-07-20,ALL,,True,False
3130996,BOUYGUES TELECOM,"LTE 700, LTE 800, LTE 1800, LTE 2600, 5G NR 2100",CHEMIN DE L'ANGELLERIE (L'ANGELLERIE) 35500 POCE LES BOIS,35229,"48.1175,-1.285",Pylône autostable,"24,1m",CELLNEX,2026-07-16,ALL,,False,True
3130996,SFR,"LTE 700, LTE 800, LTE 1800, LTE 2600, 5G NR 2100",CHEMIN DE L'ANGELLERIE (L'ANGELLERIE) 35500 POCE LES BOIS,35229,"48.1175,-1.285",Pylône autostable,"24,1m",CELLNEX,2026-07-17,ALL,,False,True
3132230,FREE MOBILE,LTE 700,8 RUE DU LIEUTENANT LEVITTE 08130 RILLY SUR AISNE,08364,"49.4853,4.635",Pylône autostable,30m,FREE-MOBILE,2026-07-20,ALL,,True,False
3132420,FREE MOBILE,"LTE 900, LTE 2100","2, RUE DU GÉNÉRAL NIESSEL 75020 PARIS 20",75120,"48.8478,2.4092",Immeuble,"36,8m",Société HLM,2026-07-24,ALL,,False,False
3132957,ORANGE,LTE 800,102 ROUTE D'ESCHAU (HERTENMATTEN) 67400 ILLKIRCH GRAFFENSTADEN,67218,"48.4944,7.7183",Pylône autostable,36m,TOTEM,2026-07-31,AAV,,False,True
3134208,BOUYGUES TELECOM,UMTS 900,1-5 RUE DU LIEUTENANT-COLONEL DAX 75018 PARIS 18,75118,"48.9,2.3397",Immeuble,"35,6m","Copropriété, Syndic, SCI",,SUP,,False,False
3134303,ORANGE,"UMTS 900, LTE 700, LTE 800",D58 (PUY DES AILES) 23460 ST PIERRE BELLEVUE,23232,"45.9003,1.8831",Pylône autostable,"42,5m",BOUYGUES,2026-05-26,ART,,True,True
3134881,BOUYGUES TELECOM,"LTE 1800, LTE 2600, 5G NR 2100",12 R JEAN MACÉ 95150 TAVERNY,95607,"49.0244,2.1936",Pylône tubulaire,"31,8m",CELLNEX,2026-06-24,ART,,False,False
3135666,BOUYGUES TELECOM,"LTE 700, LTE 800",CHEMIN DE MAGNIN STADE OMNISPORT 69360 TERNAY,69297,"45.6042,4.8044",Pylône autostable,"40,1m",TOTEM,2026-07-13,ALL,,False,True
3135666,BOUYGUES TELECOM,5G NR 3500,CHEMIN DE MAGNIN STADE OMNISPORT 69360 TERNAY,69297,"45.6042,4.8044",Pylône autostable,"40,1m",TOTEM,,SUP,,False,True
3135914,BOUYGUES TELECOM,"LTE 700, LTE 800",385 AVENUE LES BARONNES 34730 PRADES LE LEZ,34217,"43.6906,3.8714",Immeuble,"12,4m","Copropriété, Syndic, SCI",2026-07-30,ALL,,False,True
3138143,FREE MOBILE,"UMTS 900, LTE 700",RUE DE L ECOLE (LE HAUT DE CHERRIER) 54450 BARBAS,54044,"48.5725,6.8428",Pylône autostable,"36,3m",FREE-MOBILE,2026-07-06,ALL,,True,True
3138143,ORANGE,"UMTS 900, LTE 700, LTE 800",RUE DE L ECOLE (LE HAUT DE CHERRIER) 54450 BARBAS,54044,"48.5725,6.8428",Pylône autostable,"36,3m",FREE-MOBILE,,AJO,,True,True
3138785,BOUYGUES TELECOM,"LTE 700, LTE 800, LTE 1800, LTE 2100, LTE 2600, 5G NR 2100",227 ROUTE DE LA TUILERIE D655 33690 GRIGNOLS,33195,"44.3883,-0.0544",Pylône autostable,33m,ON TOWER FRANCE,2026-07-11,ALL,,False,True
3138785,SFR,"LTE 700, LTE 800, LTE 1800, LTE 2100, LTE 2600, 5G NR 2100",227 ROUTE DE LA TUILERIE D655 33690 GRIGNOLS,33195,"44.3883,-0.0544",Pylône autostable,33m,ON TOWER FRANCE,2026-07-02,ALL,,False,True
3138835,ORANGE,GSM 900,CHEM DE ST PAOURÉ (LES VERGÉS) 09120 CRAMPAGNA,09103,"43.015,1.6044",Pylône autostable,"24,5m",TOTEM,1997-06-06,SUP,,False,False
3138907,BOUYGUES TELECOM,UMTS 900,PLAN DE CROUZOUL (CROUZOUL) 30960 LE MARTINET,30159,"44.2481,4.0775",Pylône autostable,30m,BOUYGUES,,SUP,,False,True
3138909,SFR,"UMTS 900, LTE 700, LTE 800",5223 ROUTE DE VIDAUBAN (LES BERTRANDS) 83340 LE THORONET,83136,"43.4406,6.3625",Pylône autostable,"25,5m",BOUYGUES,,AJO,,True,True
3139561,BOUYGUES TELECOM,"UMTS 900, LTE 700, LTE 800",CHEMIN DE MAUREGNY (LA ROUTE DE COUCY) 02350 MARCHAIS,02457,"49.5775,3.8144",Pylône autostable,"36,3m",FREE-MOBILE,,AJO,,True,True
3139567,FREE MOBILE,,GENISSON NORD ROUTE DE MOURENS (AUX ROUILLES) 33490 ST GERMAIN DE GRAVE,33411,"44.6336,-0.2256",Pylône autostable,42m,FREE-MOBILE,2026-03-30,CHA,Aux Rouilles GENISSON NORD,True,False
3139589,FREE MOBILE,5G NR 700,14 ALLEE DE MAISON ROUGE 87410 LE PALAIS SUR VIENNE,87113,"45.8525,1.305",Pylône autostable,"37,3m",FREE-MOBILE,2026-07-24,ALL,,False,False
3139591,FREE MOBILE,"LTE 700, LTE 900, LTE 1800, LTE 2100, LTE 2600, 5G NR 3500",22 RUE HENRI POINCARE 92600 ASNIERES SUR SEINE,92004,"48.9319,2.2747",Immeuble,"41,9m",Société HLM,2026-07-24,ALL,,False,True
3139876,BOUYGUES TELECOM,"LTE 700, LTE 800, LTE 1800, LTE 2600, 5G NR 2100",R DU STADE 1 CHEMIN DE KERGARADEG KOZH (PARC MACHARIC GOIC) 22300 PLOULEC H,22224,"48.7225,-3.4997",Pylône autostable,"30,6m",CELLNEX,2026-07-15,ALL,,False,True
3139876,SFR,"LTE 700, LTE 800, LTE 1800, LTE 2600, 5G NR 2100",R DU STADE 1 CHEMIN DE KERGARADEG KOZH (PARC MACHARIC GOIC) 22300 PLOULEC H,22224,"48.7225,-3.4997",Pylône autostable,"30,6m",CELLNEX,2026-07-09,ALL,,False,True
3140315,FREE MOBILE,"LTE 700, LTE 900, LTE 1800, LTE 2100, LTE 2600, 5G NR 3500",23 RUE DU DIX HUIT AOUT 74240 GAILLARD,74133,"46.1872,6.2119",Immeuble,"16,8m",Société HLM,2026-07-07,ALL,,False,True
3140660,BOUYGUES TELECOM,"LTE 700, LTE 800",ROUTE D'AUPS (HUCHANE) 83690 SALERNES,83121,"43.5811,6.2258",Pylône autostable,"24,5m",BOUYGUES,2026-07-08,ALL,,False,False
3140685,SFR,LTE 2600,ROUTE DES MONDIERES D940 (LE POTEAU) 19700 SEILHAC,19255,"45.3908,1.72",Pylône autostable,30m,TDF,2026-07-03,ALL,,False,True
3140693,BOUYGUES TELECOM,"LTE 700, LTE 800, LTE 1800, LTE 2100, LTE 2600, 5G NR 2100",84 PLACE DU SOUVENIR 38890 SALAGNON,38467,"45.6669,5.3525",Monument religieux,"24,5m","Commune, communauté de communes",2026-07-01,ART,,False,True
3141232,BOUYGUES TELECOM,"LTE 700, LTE 800",CHEMIN COMMUNAL (BOIS DE VILLETUBOEUF) 41310 HUISSEAU EN BEAUCE,41103,"47.7267,0.9978",Pylône autostable,"18,1m",CELLNEX,2026-07-30,ALL,,False,True
3141873,BOUYGUES TELECOM,UMTS 900,720 R DES FOUDREAULTS 37140 LA CHAPELLE SUR LOIRE,37058,"47.2428,0.1778",Pylône autostable,"24,4m",BOUYGUES,,SUP,,False,False
3141902,FREE MOBILE,"UMTS 900, LTE 700",ROUTE DE ROUQUETTE (PECH CALVEL - FLOURENT) 46250 CAZALS,46066,"44.6603,1.2239",Pylône autostable,36m,FREE-MOBILE,2026-07-30,ALL,,True,True
3141902,ORANGE,"UMTS 900, LTE 700, LTE 800",ROUTE DE ROUQUETTE (PECH CALVEL - FLOURENT) 46250 CAZALS,46066,"44.6603,1.2239",Pylône autostable,36m,FREE-MOBILE,2026-07-15,AJA,,True,True
3142192,BOUYGUES TELECOM,UMTS 900,13 LA PLAINE DE LAUNAY LE PONT DE ROCHE BRUNE 37210 VERNOU SUR BRENNE,37270,"47.4389,0.8586",Pylône autostable,"26,6m",CELLNEX,,SUP,,False,True
3142198,BOUYGUES TELECOM,"UMTS 900, LTE 2100",RUE DES PAPILLONS (TERRES DU COLOMBIER) 41200 ROMORANTIN LANTHENAY,41194,"47.3408,1.7775",Pylône autostable,42m,CELLNEX,,SUP,,False,True
3142198,SFR,"UMTS 900, LTE 700, LTE 800, LTE 1800, LTE 2100, LTE 2600, 5G NR 2100",RUE DES PAPILLONS (TERRES DU COLOMBIER) 41200 ROMORANTIN LANTHENAY,41194,"47.3408,1.7775",Pylône autostable,42m,CELLNEX,,AJO,,False,True
3142203,BOUYGUES TELECOM,"LTE 700, LTE 800, LTE 1800, LTE 2600, 5G NR 2100",27 R D'ANJOU LE GRAND PRE LOIGNE 53360 LA ROCHE NEUVILLE,53136,"47.8689,-0.7447",Pylône autostable,"30,1m",PHOENIX FRANCE INFRASTRUCTURES,2026-07-09,ALL,,False,True
3142203,SFR,"LTE 700, LTE 800, LTE 1800, LTE 2600, 5G NR 2100",27 R D'ANJOU LE GRAND PRE LOIGNE 53360 LA ROCHE NEUVILLE,53136,"47.8689,-0.7447",Pylône autostable,"30,1m",PHOENIX FRANCE INFRASTRUCTURES,2026-07-09,ALL,,False,True
3144343,ORANGE,"UMTS 900, UMTS 2100, LTE 800, LTE 1800, LTE 2100, 5G NR 3500",2G CHEMIN GRAND CHAMP (GRAND CHAMP) 97232 LE LAMENTIN,97213,"14.6508,-60.9894",Pylône autostable,36m,PHOENIX FRANCE INFRASTRUCTURES,,AJO,,False,True
3144388,ORANGE,"UMTS 900, LTE 700, LTE 800", (LE GRAND CLOS) 16220 ROUZEDE,16290,"45.7239,0.5758",Pylône autostable,42m,FREE-MOBILE,2026-06-18,ART,,True,True
3145073,ORANGE,"UMTS 900, LTE 700, LTE 800",VC N°9 DIT DES ROTTETS (VERS LES MOULINS) 74350 ANDILLY,74009,"46.0611,6.0678",Pylône autostable,24m,TOTEM,2026-07-08,ALL,,True,True
3145073,SFR,"UMTS 900, LTE 700, LTE 800",VC N°9 DIT DES ROTTETS (VERS LES MOULINS) 74350 ANDILLY,74009,"46.0611,6.0678",Pylône autostable,24m,TOTEM,2026-07-08,ALL,,True,True
3145102,FREE MOBILE,"LTE 700, LTE 900, LTE 1800, LTE 2100, LTE 2600, 5G NR 3500",2_16 ALLEE DES ALIZES 91150 ETAMPES,91223,"48.4353,2.1431",Immeuble,"19,1m",Société HLM,2026-07-24,ALL,,False,True
3145238,ORANGE,"LTE 700, LTE 800",IMPASSE DE LA CHAPELLE (CHAPEAUROUX) 48600 ST BONNET LAVAL,48139,"44.8372,3.7386",Pylône autostable,30m,SFR,2026-03-31,ART,,True,False
3145420,BOUYGUES TELECOM,"UMTS 900, LTE 700, LTE 800",CHEMIN D EXPLOITATION DES SARRES (LES SARRES) 01800 RIGNIEUX LE FRANC,01325,"45.9472,5.1944",Pylône autostable,"36,2m",CELLNEX,2026-07-13,ALL,,True,True
3145420,SFR,"LTE 700, LTE 800",CHEMIN D EXPLOITATION DES SARRES (LES SARRES) 01800 RIGNIEUX LE FRANC,01325,"45.9472,5.1944",Pylône autostable,"36,2m",CELLNEX,2026-07-13,ALL,,False,True
3145774,BOUYGUES TELECOM,5G NR 2100,27 R EMILE ZOLA 69150 DECINES CHARPIEU,69275,"45.7656,4.9406",Pylône autostable,"24,3m",CELLNEX,2026-07-15,ALL,,False,False
3145774,BOUYGUES TELECOM,"LTE 1800, LTE 2600",27 R EMILE ZOLA 69150 DECINES CHARPIEU,69275,"45.7656,4.9406",Pylône autostable,"24,3m",CELLNEX,2026-06-29,ART,,False,False
3145940,BOUYGUES TELECOM,5G NR 3500,612 CHEM DE COURRENS 83140 SIX FOURS LES PLAGES,83129,"43.0708,5.8261",Pylône arbre,"24,8m",BOUYGUES,,SUP,,False,True
3145957,BOUYGUES TELECOM,"UMTS 900, 5G NR 3500",50 AV AGROPOLIS 34090 MONTPELLIER,34172,"43.6394,3.8742",Bâtiment,20m,"Commune, communauté de communes",,SUP,,False,True
3145970,FREE MOBILE,"LTE 700, LTE 900, LTE 1800, LTE 2100, LTE 2600, 5G NR 3500",RUE HECTOR BERLIOZ (LE BAGNAIS NORD) 33680 LACANAU,33214,"44.9914,-1.1933",Pylône autostable,36m,TOTEM,2026-07-07,ALL,,False,True
3145976,BOUYGUES TELECOM,"LTE 2100, 5G NR 2100",ENTRÉE TUNNEL PONT CERDA (PONT CERDA) 09390 L HOSPITALET PRES L ANDORRE,09139,"42.5769,1.7917",Mât,13m,BOUYGUES,2026-07-22,ALL,,False,False
3146735,FREE MOBILE,"LTE 700, LTE 900, LTE 1800, LTE 2100, LTE 2600, 5G NR 3500",PROCHE RUE PIERRE ET MARIE CURIE (LE BOIS GRASSIN) 44270 MACHECOUL ST MEME,44087,"46.9831,-1.8031",Pylône autostable,36m,TOTEM,2026-07-07,ALL,,False,True
3147642,SFR,GSM 900,M222 ROUTE D'ITTENHEM (HERRENENNIG) 67204 ACHENHEIM,67001,"48.5861,7.6169",Pylône autostable,"30,3m",SFR,,SUP,,False,False
314777,ORANGE,"5G NR 700, 5G NR 3500",R DE LA PLAINE Z. I. (LA PRAIRIE) 02400 CHATEAU THIERRY,02168,"49.0356,3.3897",Silo,23m,Société Privée,,AJO,,False,False
314777,ORANGE,LTE 700,R DE LA PLAINE Z. I. (LA PRAIRIE) 02400 CHATEAU THIERRY,02168,"49.0356,3.3897",Silo,23m,Société Privée,,SUP,,False,False
3147991,SFR,"UMTS 900, LTE 700, LTE 800",LA GRILLADE DU HAUT ROUTE DU HAUT DE LA LANDE 53600 ST GEORGES SUR ERVE,53221,"48.1619,-0.2831",Pylône autostable,"18,5m",BOUYGUES,2026-06-29,ART,,True,True
3147993,BOUYGUES TELECOM,"LTE 1800, LTE 2600, 5G NR 2100",1632 AV DE L'EUROPE 34170 CASTELNAU LE LEZ,34057,"43.6325,3.9156",Immeuble,"18,4m","Copropriété, Syndic, SCI",2026-07-15,ALL,,False,False
3149643,BOUYGUES TELECOM,"LTE 700, LTE 800",2 R DU MOULIN DE CASTERA 64100 BAYONNE,64102,"43.4886,-1.4608",Pylône tubulaire,30m,BOUYGUES,2026-07-30,ALL,,False,True
3151534,ORANGE,"LTE 1800, 5G NR 2100",AU BORD DE LA D3 LA PLUME (PIAJADIS) 15400 MENET,15124,"45.2994,2.6139",Pylône autostable,30m,TOTEM,2026-06-23,ART,,False,False
3152558,ORANGE,"LTE 700, LTE 800, LTE 1800, 5G NR 2100",A31 (LE CERISIER) 88140 VRECOURT,88524,"48.1611,5.7081",Pylône autostable,"30,5m",TDF,2026-07-07,ALL,,False,True
3153083,FREE MOBILE,"LTE 700, LTE 900, LTE 1800, LTE 2100, LTE 2600, 5G NR 3500",3 RUE LALANDE 69006 LYON 06,69386,"45.7658,4.8597",Immeuble,"19,9m",Société HLM,2026-07-24,ALL,,False,True
3155026,BOUYGUES TELECOM,UMTS 900, (LE GRAND BALLON) 68360 SOULTZ HAUT RHIN,68315,"47.9053,7.1044",Pylône tubulaire,18m,FREE-MOBILE,2026-07-09,ALL,,True,True
3155026,BOUYGUES TELECOM,"LTE 700, LTE 800", (LE GRAND BALLON) 68360 SOULTZ HAUT RHIN,68315,"47.9053,7.1044",Pylône tubulaire,18m,FREE-MOBILE,2026-06-29,ART,,True,True
3155026,ORANGE,UMTS 900, (LE GRAND BALLON) 68360 SOULTZ HAUT RHIN,68315,"47.9053,7.1044",Pylône tubulaire,18m,FREE-MOBILE,2026-07-12,ALL,,True,True
3155026,ORANGE,"LTE 700, LTE 800", (LE GRAND BALLON) 68360 SOULTZ HAUT RHIN,68315,"47.9053,7.1044",Pylône tubulaire,18m,FREE-MOBILE,2026-06-29,ART,,True,True
3155026,SFR,UMTS 900, (LE GRAND BALLON) 68360 SOULTZ HAUT RHIN,68315,"47.9053,7.1044",Pylône tubulaire,18m,FREE-MOBILE,2026-07-12,ALL,,True,True
3155026,SFR,"LTE 700, LTE 800", (LE GRAND BALLON) 68360 SOULTZ HAUT RHIN,68315,"47.9053,7.1044",Pylône tubulaire,18m,FREE-MOBILE,2026-06-29,ART,,True,True
3155032,FREE MOBILE,"LTE 700, LTE 1800, LTE 2600",LE BAS TERTRE (LE TERTRE) 72270 DUREIL,72123,"47.8344,-0.1369",Pylône autostable,"36,3m",FREE-MOBILE,2026-07-28,ALL,,False,True
3155697,SFR,"LTE 700, LTE 800, LTE 1800, LTE 2100, LTE 2600, 5G NR 2100, 5G NR 3500",ROUTE DE LA THUAILLE (LA THUAILLE) 69220 BELLEVILLE EN BEAUJOLAIS,69019,"46.1228,4.7181",Pylône autostable,"30,2m",CELLNEX,,SUP,,False,True
3158349,BOUYGUES TELECOM,"UMTS 900, LTE 700, LTE 800",RUE DES USAGES (LES USAGES) 51270 BANNAY,51034,"48.8586,3.7175",Pylône autostable,"42,3m",FREE-MOBILE,,AJO,,True,True
3158411,SFR,LTE 700,72 R DE BERNIÈRES 14000 CAEN,14118,"49.1822,-0.36",Immeuble,"14,9m",Société Privée,2026-07-16,ALL,,False,False
3158429,BOUYGUES TELECOM,"LTE 1800, LTE 2600, 5G NR 2100",RUE MADAME DE LA BORDE (LES BOIS) 85500 CHANVERRIE,85302,"46.9247,-0.955",Pylône autostable,25m,Particulier,2026-07-15,ALL,,False,False
3158429,SFR,"LTE 700, LTE 800, LTE 1800, LTE 2600, 5G NR 2100",RUE MADAME DE LA BORDE (LES BOIS) 85500 CHANVERRIE,85302,"46.9247,-0.955",Pylône autostable,25m,Particulier,2026-07-09,ALL,,False,True
3159861,BOUYGUES TELECOM,"UMTS 900, LTE 700, LTE 800, LTE 1800, LTE 2100, 5G NR 2100",RUE DU MOULIN NEUF - EMPRISE SNCF 67500 HAGUENAU,67180,"48.8169,7.7808",Pylône autostable,31m,TOTEM,2026-07-11,ALL,,False,True
3161050,FREE MOBILE,LTE 700,3 RUE DU PORTUAIS (TERRAIN DE TENNIS) 22430 ERQUY,22054,"48.64,-2.4608",Pylône tubulaire,"22,6m",TOTEM,2026-07-20,ALL,,False,False
3161153,FREE MOBILE,5G NR 700,RUE DOCTEUR MISES R DU GUÉ VERTHAMONT 87280 LIMOGES,87085,"45.8153,1.2233",Pylône tubulaire,24m,TOTEM,2026-07-24,ALL,,False,False
3161523,FREE MOBILE,LTE 700,71 RUE DU COL DE LA LUNE RÉSERVOIR D'EAU (BÉRANGER) 73600 LES BELLEVILLE,73257,"45.41,6.5081",Château d'eau - réservoir,"8,4m","Commune, communauté de communes",2026-07-30,ALL,,True,True
3161555,BOUYGUES TELECOM,"LTE 700, LTE 800, LTE 1800, LTE 2600, 5G NR 2100",RUE PRINCIPALE D32A PROCHE DE D30C (AM BEMRENER KREUZ) 57460 ETZLING,57202,"49.1731,6.9525",Pylône autostable,42m,SFR,2026-07-25,ALL,,False,True
3161555,SFR,"LTE 700, LTE 800, LTE 1800, LTE 2600, 5G NR 2100",RUE PRINCIPALE D32A PROCHE DE D30C (AM BEMRENER KREUZ) 57460 ETZLING,57202,"49.1731,6.9525",Pylône autostable,42m,SFR,2026-07-16,ALL,,False,True
3162143,ORANGE,GSM 900,1 IMPASSE HUGUES PANASSIÉ AVENUE DES ARÊNES ROMAINES 31500 TOULOUSE,31555,"43.6133,1.3967",Bâtiment,"16,4m","Copropriété, Syndic, SCI",2012-07-24,SUP,,False,False
3162429,ORANGE,"LTE 700, LTE 800",783 ROUTE DES CARRIÈRES CHEMIN DU MOUN DE REY (MOUNDEREY) 64800 ARROS DE NAY,64054,"43.1878,-0.2808",Pylône autostable,42m,SFR,2026-03-31,ART,,True,False
3162826,BOUYGUES TELECOM,"LTE 1800, LTE 2600, 5G NR 2100",29B R PASTEUR LA FONTAINE DU VAISSEAU 93360 NEUILLY PLAISANCE,93049,"48.8578,2.4997",Immeuble,13m,"Copropriété, Syndic, SCI",2026-07-16,ALL,,False,False
3162833,ORANGE,"LTE 1800, LTE 2100, LTE 2600, 5G NR 3500", (ARZALLIER) 07120 RUOMS,07201,"44.4372,4.3497",Pylône autostable,30m,ATC FRANCE,2026-06-22,ART,,False,False
3163467,SFR,"UMTS 900, LTE 700, LTE 800",CHEMIN DE CORDÉ (A ENPEYRON) 32390 PRECHAC,32329,"43.7858,0.5819",Pylône autostable,36m,SFR,2026-07-08,ALL,,True,True
3163837,ORANGE,UMTS 900,D31 ROUTE DE MENDE (MATALABERNI) 48000 ST ETIENNE DU VALDONNEZ,48147,"44.4256,3.4994",Pylône autostable,12m,TOTEM,2026-07-09,ALL,,True,False
3164791,BOUYGUES TELECOM,"LTE 1800, LTE 2600",13 R NUNGESSER 93440 DUGNY,93030,"48.9547,2.4444",Immeuble,22m,"Copropriété, Syndic, SCI",2026-07-04,ALL,,False,False
3164791,BOUYGUES TELECOM,5G NR 2100,13 R NUNGESSER 93440 DUGNY,93030,"48.9547,2.4444",Immeuble,22m,"Copropriété, Syndic, SCI",2026-06-29,ART,,False,False
3166628,ORANGE,"UMTS 900, LTE 700, LTE 800",SUR LES ROCHES NORD 52200 BOURG,52062,"47.7986,5.3167",Pylône autostable,"36,3m",FREE-MOBILE,,AJO,,True,True
3167961,ORANGE,"UMTS 900, LTE 700, LTE 800",CHEM RURAL DU TRANSFORMATEUR PROCHE DE CHEM XIMISTOIGORRIA (LAMBARRE EST) 64130 ORDIARP,64424,"43.2339,-0.9586",Pylône autostable,30m,SFR,2026-03-05,AJR,,True,True
3168426,Gouv Nelle Calédonie (OPT),,LOT 11PIE VILLAGE (AGENCE OPT POUM) 98826 POUM,98826,"-20.2325,164.025",Mât béton,12m,Office des Postes et Télécom,2026-05-07,CHH,10m,False,False
3169161,BOUYGUES TELECOM,"LTE 700, LTE 800, LTE 1800, LTE 2100, LTE 2600, 5G NR 2100",IMP DE CHARTREUSE CHEMIN DES RIVAUX (LES RIVAUX) 38260 MARCILLOLES,38218,"45.3444,5.2064",Pylône autostable,42m,SFR,2026-07-11,ALL,,False,True
3169792,SFR,"UMTS 900, LTE 700, LTE 800, LTE 1800, LTE 2100, LTE 2600, 5G NR 2100",LES PALATRIES 86400 CIVRAY,86078,"46.1522,0.2914",Pylône tubulaire,"25,5m",BOUYGUES,,AJO,,False,True
3170175,SFR,"UMTS 900, LTE 700, LTE 800",ROUTE DE LA BOUYSSIERE (TONASSE) 81340 ST CIRGUE,81247,"43.9453,2.3553",Pylône autostable,36m,FREE-MOBILE,,AJO,,True,True
3171062,BOUYGUES TELECOM,"LTE 700, LTE 800, LTE 1800, 5G NR 2100",CHEMIN DE CROZE 334 CHEMIN DE LA BOUISSIÈRE (ROQUEVENTRENNE) 84240 ANSOUIS,84002,"43.7344,5.475",Pylône autostable,25m,BOUYGUES,2026-07-15,ALL,,False,True
3171062,SFR,"LTE 700, LTE 800, LTE 1800, 5G NR 2100",CHEMIN DE CROZE 334 CHEMIN DE LA BOUISSIÈRE (ROQUEVENTRENNE) 84240 ANSOUIS,84002,"43.7344,5.475",Pylône autostable,25m,BOUYGUES,2026-07-09,ALL,,False,True
3171066,ORANGE,"UMTS 900, LTE 700, LTE 800",D151 (LA GALLINIÈRE) 30750 TREVES,30332,"44.065,3.4078",Pylône autostable,"18,5m",BOUYGUES,2026-06-19,ART,,True,True
3171066,SFR,"UMTS 900, LTE 700, LTE 800",D151 (LA GALLINIÈRE) 30750 TREVES,30332,"44.065,3.4078",Pylône autostable,"18,5m",BOUYGUES,2026-07-03,ALL,,True,True
3171700,FREE MOBILE,LTE 700, (LES PRES DU PUITS) 25380 CHARMOILLE,25125,"47.2353,6.6769",Pylône autostable,"32,5m",PHOENIX FRANCE INFRASTRUCTURES,2026-07-20,ALL,,True,False
3172606,BOUYGUES TELECOM,"UMTS 900, LTE 700, LTE 800",CAMPSERET 34260 CEILHES ET ROCOZELS,34071,"43.8133,3.0906",Pylône autostable,30m,BOUYGUES,2026-07-24,ALL,,True,True
3173613,BOUYGUES TELECOM,"LTE 700, LTE 800, LTE 1800, LTE 2600, 5G NR 2100",VOIE COMMUNALE N°115 AMBILLOU-CHATEAU (LE PANSIGOUIN) 49700 TUFFALUN,49003,"47.2608,-0.3322",Pylône autostable,"24,5m",BOUYGUES,2026-07-15,ALL,,False,True
3173613,SFR,"LTE 700, LTE 800, LTE 1800, LTE 2600, 5G NR 2100",VOIE COMMUNALE N°115 AMBILLOU-CHATEAU (LE PANSIGOUIN) 49700 TUFFALUN,49003,"47.2608,-0.3322",Pylône autostable,"24,5m",BOUYGUES,2026-07-09,ALL,,False,True
3173616,BOUYGUES TELECOM,"UMTS 900, LTE 700, LTE 800",ROUTE DE THIERY (LE VILLARS) 06710 THIERY,06139,"43.9831,7.0614",Pylône autostable,"12,6m",CELLNEX,2026-07-16,ALL,,True,True
3173616,ORANGE,"UMTS 900, LTE 700, LTE 800",ROUTE DE THIERY (LE VILLARS) 06710 THIERY,06139,"43.9831,7.0614",Pylône autostable,"12,6m",CELLNEX,2026-07-03,ALL,,True,True
3173616,SFR,"UMTS 900, LTE 700, LTE 800",ROUTE DE THIERY (LE VILLARS) 06710 THIERY,06139,"43.9831,7.0614",Pylône autostable,"12,6m",CELLNEX,2026-07-17,ALL,,True,True
3174702,BOUYGUES TELECOM,,CHEMIN RURAL DIT LA CHASSAGNE (LA CHASSAGNE) 25440 RONCHAUX,25500,"47.0461,5.8939",Pylône autostable,24m,TOTEM,2025-12-20,CHT,Pylône tubulaire,True,False
3174702,ORANGE,,CHEMIN RURAL DIT LA CHASSAGNE (LA CHASSAGNE) 25440 RONCHAUX,25500,"47.0461,5.8939",Pylône autostable,24m,TOTEM,2025-12-11,CHT,Pylône tubulaire,True,False
3175072,BOUYGUES TELECOM,"LTE 1800, LTE 2600",117 R PIERRE BRIZON 59810 LESQUIN,59343,"50.5997,3.1289",Pylône autostable,24m,BOUYGUES,2026-07-04,ALL,,False,False
3175072,BOUYGUES TELECOM,5G NR 2100,117 R PIERRE BRIZON 59810 LESQUIN,59343,"50.5997,3.1289",Pylône autostable,24m,BOUYGUES,2026-06-29,ART,,False,False
3176060,ORANGE,GSM 900,ROUTE DU MOULIN À VENT (RIGOU) 46300 ST PROJET,46290,"44.7536,1.5033",Pylône autostable,30m,TOTEM,1996-10-31,SUP,,False,False
3176476,ORANGE,"UMTS 900, LTE 700, LTE 800",CHEMIN RURAL (LE VIVIER) 04200 NOYERS SUR JABRON,04139,"44.1592,5.8217",Pylône autostable,"24,6m",BOUYGUES,2026-06-17,ART,,True,True
3176545,BOUYGUES TELECOM,"LTE 700, LTE 800, LTE 1800, LTE 2600, 5G NR 2100, 5G NR 3500",RTE DU MAILLE AVENUE DES COMTES DE GERMINY (FERME DE LA CLAIRIERE) 76970 MOTTEVILLE,76456,"49.6283,0.8478",Pylône autostable,30m,SFR,2026-07-18,ALL,,False,True
3176545,SFR,"LTE 700, LTE 800, LTE 1800, LTE 2600, 5G NR 2100",RTE DU MAILLE AVENUE DES COMTES DE GERMINY (FERME DE LA CLAIRIERE) 76970 MOTTEVILLE,76456,"49.6283,0.8478",Pylône autostable,30m,SFR,2026-07-03,ALL,,False,False
3179072,BOUYGUES TELECOM,"LTE 700, LTE 800",CHEMIN DES DEUX CHENES (LE VOLET) 49170 ST MARTIN DU FOUILLOUX,49306,"47.4311,-0.7178",Pylône autostable,"30,1m",PHOENIX FRANCE INFRASTRUCTURES,2026-07-06,ALL,,False,True
3180190,BOUYGUES TELECOM,"LTE 700, LTE 800",192 AV DE STRASBOURG 57070 METZ,57463,"49.1064,6.2075",Pylône tubulaire,30m,BOUYGUES,2026-07-13,ALL,,False,True
3180354,ORANGE,"LTE 700, LTE 800, LTE 1800, 5G NR 2100",RUE DE LA CROIX DU VERRIER (SUR LA CRUAU) 70300 VILLERS LES LUXEUIL,70564,"47.7758,6.29",Pylône autostable,36m,ATC FRANCE,2026-07-09,ALL,,False,True
3180469,BOUYGUES TELECOM,"LTE 700, LTE 800","STADE AURAY LEFEBVRE, D76 (LES FONTAINES) 37210 VERNOU SUR BRENNE",37270,"47.4283,0.8461",Pylône tubulaire,38m,CELLNEX,2026-07-17,ALL,,False,True
3180479,BOUYGUES TELECOM,"UMTS 900, LTE 700, LTE 800",CHEMIN LES BUISSIERES (LES LARDETS) 30410 MOLIERES SUR CEZE,30171,"44.2578,4.1267",Pylône autostable,36m,BOUYGUES,2026-07-06,ALL,,True,True
3180479,ORANGE,"UMTS 900, LTE 700, LTE 800",CHEMIN LES BUISSIERES (LES LARDETS) 30410 MOLIERES SUR CEZE,30171,"44.2578,4.1267",Pylône autostable,36m,BOUYGUES,2026-06-15,ART,,True,True
3180479,SFR,UMTS 900,CHEMIN LES BUISSIERES (LES LARDETS) 30410 MOLIERES SUR CEZE,30171,"44.2578,4.1267",Pylône autostable,36m,BOUYGUES,2026-07-07,ALL,,True,True
3180479,SFR,"LTE 700, LTE 800",CHEMIN LES BUISSIERES (LES LARDETS) 30410 MOLIERES SUR CEZE,30171,"44.2578,4.1267",Pylône autostable,36m,BOUYGUES,2026-06-29,ART,,True,True
3181033,ORANGE,"UMTS 900, LTE 700, LTE 800, LTE 1800, 5G NR 2100",CHEMIN DU BOIS FALLOT (BOIS DU CHANOIS D'ESSEUX) 70170 PORT SUR SAONE,70421,"47.6939,6.0692",Pylône autostable,36m,TOTEM,,SUP,,False,True
3181739,FREE MOBILE,"LTE 2100, LTE 2600",CHEMIN DU RESERVOIR (HAUT SECHIER) 05800 ST JACQUES EN VALGODEMARD,05144,"44.7817,6.0703",Pylône autostable,36m,FREE-MOBILE,,SUP,,False,True
3181783,ORANGE,"UMTS 900, LTE 700, LTE 800",RD N°51E2 -RUE DU MOULIN (PRÉ DU MOULIN) 39320 GRAYE ET CHARNAY,39261,"46.4644,5.4511",Pylône autostable,30m,TOTEM,2026-07-07,ALL,,True,True
3181783,SFR,UMTS 900,RD N°51E2 -RUE DU MOULIN (PRÉ DU MOULIN) 39320 GRAYE ET CHARNAY,39261,"46.4644,5.4511",Pylône autostable,30m,TOTEM,2026-07-08,ALL,,True,True
3181854,BOUYGUES TELECOM,"LTE 700, LTE 800, LTE 1800, LTE 2100, LTE 2600, 5G NR 2100",VOIE COMMUNALE N°4 (BOIS DE LA MOTTE) 71210 ECUISSES,71187,"46.7689,4.5136",Pylône autostable,30m,SFR,2026-07-03,ALL,,False,True
3181854,SFR,"LTE 700, LTE 800, LTE 1800, LTE 2100, LTE 2600, 5G NR 2100",VOIE COMMUNALE N°4 (BOIS DE LA MOTTE) 71210 ECUISSES,71187,"46.7689,4.5136",Pylône autostable,30m,SFR,2026-07-01,ART,,False,True
3182276,BOUYGUES TELECOM,"LTE 700, LTE 800",20 R DE LA RIGOURDIÈRE 35510 CESSON SEVIGNE,35051,"48.1133,-1.5883",Pylône arbre,"23,1m",CELLNEX,2026-07-15,ALL,,False,True
3182908,ORANGE,UMTS 900,CHEMIN RURAL N°40 (LES GRANDES VIGNES) 17500 CHAMPAGNAC,17082,"45.4228,-0.3431",Pylône autostable,42m,SFR,2026-06-24,ART,,True,True
3182927,BOUYGUES TELECOM,"UMTS 900, LTE 700, LTE 800",ROUTE DÉPARTEMENTALE N°3 (IMMENSTEIN) 67510 OBERSTEINBACH,67353,"49.0406,7.6664",Pylône autostable,42m,SFR,2026-07-29,ALL,,True,True
3182927,ORANGE,UMTS 900,ROUTE DÉPARTEMENTALE N°3 (IMMENSTEIN) 67510 OBERSTEINBACH,67353,"49.0406,7.6664",Pylône autostable,42m,SFR,2026-06-25,ART,,True,True
3184655,BOUYGUES TELECOM,"LTE 1800, LTE 2600, 5G NR 2100",9 PLACE DU MOULIN FONDU 93130 NOISY LE SEC,93053,"48.8897,2.4658",Immeuble,16m,"Copropriété, Syndic, SCI",2026-07-15,ALL,,False,False
3188871,FREE MOBILE,"LTE 2100, LTE 2600",CHEMIN DE LA POMMIERE (LACHAT) 42360 PANISSIERES,42165,"45.7667,4.3197",Pylône autostable,36m,FREE-MOBILE,,SUP,,False,False
3188925,SFR,"UMTS 900, LTE 700, LTE 800",CHEMIN VERU (VERU) 29520 CHATEAUNEUF DU FAOU,29027,"48.2128,-3.7622",Pylône autostable,24m,FREE-MOBILE,,AJO,,True,True
3189049,FREE MOBILE,"LTE 700, LTE 900, LTE 1800, LTE 2100, LTE 2600, 5G NR 700",ACCESSIBLE DEPUIS LA DÉPARTEMENTALE 887 SITE EN BORD DE ROUTE (COAT COCHON) 29150 DINEAULT,29044,"48.1869,-4.1603",Pylône autostable,30m,TOTEM,2026-07-24,ALL,,False,True
3189256,ORANGE,"LTE 800, LTE 1800, 5G NR 700, 5G NR 3500",ROUTE DE SAINT-TROJAN D402 CHEMIN DE LA RIVIÈRE (SUR BOUTIERS) 16100 BOUTIERS ST TROJAN,16058,"45.7081,-0.2958",Pylône autostable,36m,TDF,,AJO,,False,True
3189264,BOUYGUES TELECOM,"LTE 700, LTE 800, LTE 1800, LTE 2100, LTE 2600, 5G NR 2100",124 AVENUE DE RODEZ PROCHE CIMETIÈRE 81400 CARMAUX,81060,"44.0556,2.1672",Pylône autostable,30m,TDF,2026-07-25,ALL,,False,True
3189264,SFR,"LTE 700, LTE 800, LTE 1800, LTE 2100, LTE 2600, 5G NR 2100",124 AVENUE DE RODEZ PROCHE CIMETIÈRE 81400 CARMAUX,81060,"44.0556,2.1672",Pylône autostable,30m,TDF,2026-07-06,ALL,,False,True
3189281,BOUYGUES TELECOM,"LTE 700, LTE 800, LTE 1800, LTE 2100, LTE 2600, 5G NR 2100",CHEMIN DES ARRIBETS (GRABES) 64800 COARRAZE,64191,"43.1761,-0.2233",Pylône autostable,30m,TDF,2026-07-04,ALL,,False,True
3189424,ORANGE,GSM 900,3 BIS RUE CLÉMENT ADER CSE POMPONNE 82000 MONTAUBAN,82121,"44.0258,1.3619",Pylône autostable,20m,TOTEM,2002-11-15,SUP,,False,False
3189707,BOUYGUES TELECOM,LTE 2100,AVENUE DE LA PLEIADE 72340 LA CHARTRE SUR LE LOIR,72068,"47.7294,0.5778",Pylône autostable,40m,TDF,,SUP,,False,True
3189899,ORANGE,GSM 900,52 R GALIANE RÉSIDENCE ORLY 65000 TARBES,65440,"43.2325,0.0608",Immeuble,62m,Société HLM,2006-02-27,SUP,,False,False
3190718,SFR,"UMTS 900, LTE 700, LTE 800",CHEMIN DU GRAND ROMBACH (CHAMPS HAUTE FAITE) 68160 STE CROIX AUX MINES,68294,"48.2833,7.2089",Pylône autostable,48m,CELLNEX,,AJO,,True,True
3190768,FREE MOBILE,"LTE 700, LTE 900, LTE 1800, LTE 2100, LTE 2600, 5G NR 3500",IMPASSE DE LA PÉPINIÈRE 79100 LOUZY,79157,"47.0114,-0.2003",Pylône autostable,"31,4m",FREE-MOBILE,2026-07-24,ALL,,False,True
3191686,BOUYGUES TELECOM,"UMTS 900, LTE 700, LTE 800, LTE 1800, LTE 2600, 5G NR 2100, 5G NR 3500",10 IMP DES MAÇONS 49140 SEICHES SUR LE LOIR,49333,"47.5853,-0.3444",Pylône autostable,44m,PHOENIX FRANCE INFRASTRUCTURES,2026-07-16,ALL,,False,True
3191686,SFR,"UMTS 900, LTE 700, LTE 800, LTE 1800, LTE 2600, 5G NR 2100, 5G NR 3500",10 IMP DES MAÇONS 49140 SEICHES SUR LE LOIR,49333,"47.5853,-0.3444",Pylône autostable,44m,PHOENIX FRANCE INFRASTRUCTURES,2026-07-17,ALL,,False,True
3194525,BOUYGUES TELECOM,"LTE 700, LTE 800",RUE DE DE LA RENARDIÈRE 35850 PARTHENAY DE BRETAGNE,35216,"48.1842,-1.8342",Pylône autostable,"24,3m",BOUYGUES,2026-08-03,AAV,,False,True
3194806,FREE MOBILE,"LTE 700, LTE 900, LTE 2100",60 RUE DES TROIS RÉGIMENTS (LES POMMERAIES) 53000 LAVAL,53130,"48.0753,-0.7558",Bâtiment,23m,"Copropriété, Syndic, SCI",2026-07-24,ALL,,False,False
3194816,FREE MOBILE,"LTE 900, LTE 2100",65 AVENUE DE LA DIVISION LECLERC 93350 LE BOURGET,93013,"48.9344,2.425",Bâtiment,"24,5m","Commune, communauté de communes",2026-07-07,ALL,,False,False
3195357,SFR,"UMTS 900, LTE 700, LTE 800",BOIS DES GLANDS PROCHE D158 45220 DOUCHY MONTCORBON,45129,"47.9731,3.0825",Pylône autostable,42m,FREE-MOBILE,,AJO,,True,True
3195361,FREE MOBILE,"LTE 900, LTE 2100",9 RUE ADOLPHE MARC DUFOUR 91100 CORBEIL ESSONNES,91174,"48.5914,2.4764",Immeuble,"15,2m",Société HLM,2026-07-24,ALL,,False,False
3195466,BOUYGUES TELECOM,"LTE 1800, LTE 2600, 5G NR 2100",102 ROUTE DE LIMOURS (DOMAINE DE ST-PAUL) 78470 ST REMY LES CHEVREUSE,78575,"48.6933,2.0625",Bâtiment,"26,1m",Société Privée,2026-07-15,ALL,,False,False
3195984,BOUYGUES TELECOM,"LTE 700, LTE 800, LTE 1800, LTE 2600",RUE DE SAINT MARTIN (LA PLAINE DES MOULINS) 79390 THENEZAY,79326,"46.7244,-0.0225",Pylône autostable,30m,CELLNEX,2026-07-09,ALL,,False,False
3195984,SFR,"LTE 700, LTE 800, LTE 1800, LTE 2600, 5G NR 2100",RUE DE SAINT MARTIN (LA PLAINE DES MOULINS) 79390 THENEZAY,79326,"46.7244,-0.0225",Pylône autostable,30m,CELLNEX,2026-07-09,ALL,,False,True
3196175,FREE MOBILE,"LTE 700, LTE 1800, LTE 2600, 5G NR 3500",ROUTE LES FRETTES LE GRAND PARC 61420 ST DENIS SUR SARTHON,61382,"48.4625,-0.0369",Pylône autostable,42m,ATC FRANCE,2026-07-28,ALL,,False,True
3196352,ORANGE,"LTE 700, LTE 800",RUE DU SIEUR JEAN GUENON (LES CHAMPS DE CHARRON) 17270 ST PIERRE DU PALAIS,17386,"45.1636,-0.1553",Pylône autostable,30m,SFR,2026-05-05,ART,,True,False
3196723,ORANGE,"UMTS 900, LTE 700, LTE 800",30 RUE DES SOURCES 21590 SANTENAY,21582,"46.9081,4.6889",Bâtiment,"25,1m",Établissement de soins,2026-07-20,AJA,,True,True
3196727,ORANGE,UMTS 900,ROUTE DU BOIS CHAILLET (A LA CHAUMETTE) 39110 ARESCHES,39586,"46.8972,5.9164",Pylône autostable,"42,3m",SFR,2026-07-03,ALL,,True,True
3196727,SFR,"UMTS 900, LTE 700, LTE 800",ROUTE DU BOIS CHAILLET (A LA CHAUMETTE) 39110 ARESCHES,39586,"46.8972,5.9164",Pylône autostable,"42,3m",SFR,2026-07-03,ALL,,True,True
3197169,BOUYGUES TELECOM,"LTE 700, LTE 800, LTE 1800, LTE 2600, 5G NR 2100",RUE DES HOUCHES (LES OUCHES) 45630 BEAULIEU SUR LOIRE,45029,"47.5397,2.8144",Pylône autostable,"30,1m",CELLNEX,2026-07-15,ALL,,False,True
3197169,SFR,"LTE 700, LTE 800, LTE 1800, LTE 2600, 5G NR 2100",RUE DES HOUCHES (LES OUCHES) 45630 BEAULIEU SUR LOIRE,45029,"47.5397,2.8144",Pylône autostable,"30,1m",CELLNEX,2026-07-09,ALL,,False,True
3197327,BOUYGUES TELECOM,"UMTS 900, LTE 1800, LTE 2600, 5G NR 2100",124  BD DE STRASBOURG 94130 NOGENT SUR MARNE,94052,"48.8419,2.4847",Immeuble,22m,Société Privée,2026-07-14,ALL,,False,False
3197331,SFR,5G NR 3500,RUE DU MOULIN STADE GEORGES MARRANE (LA PATURE) 02700 TERGNIER,02738,"49.6711,3.2972",Pylône tubulaire,40m,SFR,,AJO,,False,True
3197331,SFR,LTE 2100,RUE DU MOULIN STADE GEORGES MARRANE (LA PATURE) 02700 TERGNIER,02738,"49.6711,3.2972",Pylône tubulaire,40m,SFR,,SUP,,False,True
3197357,ORANGE,GSM 900,PLATEAU DE BEILLE 09310 ALBIES,09004,"42.7233,1.6967",Pylône autostable,30m,TOTEM,2020-02-20,SUP,,False,False
3199064,BOUYGUES TELECOM,"LTE 700, LTE 800",1-5 RUE DE CHERBOURG 78711 MANTES LA VILLE,78362,"48.9847,1.6969",Immeuble,"14,9m",Société HLM,2026-07-17,ALL,,False,True
3199194,ORANGE,5G NR 700,969 RUE DE LA PAIX (PETIT BARITEAU) 17550 DOLUS D OLERON,17140,"45.935,-1.2586",Pylône tubulaire,30m,TOTEM,2026-07-27,AJA,,False,False
3199194,ORANGE,LTE 2100,969 RUE DE LA PAIX (PETIT BARITEAU) 17550 DOLUS D OLERON,17140,"45.935,-1.2586",Pylône tubulaire,30m,TOTEM,,AJO,,False,False
3199194,ORANGE,LTE 800,969 RUE DE LA PAIX (PETIT BARITEAU) 17550 DOLUS D OLERON,17140,"45.935,-1.2586",Pylône tubulaire,30m,TOTEM,2026-07-27,ALL,,False,False
3199194,ORANGE,LTE 700,969 RUE DE LA PAIX (PETIT BARITEAU) 17550 DOLUS D OLERON,17140,"45.935,-1.2586",Pylône tubulaire,30m,TOTEM,,SUP,,False,False
3200009,FREE MOBILE,"UMTS 900, LTE 700",LE PEU LONG ROUTE CACAUD 87290 CHATEAUPONSAC,87041,"46.1056,1.2242",Pylône autostable,"36,5m",BOUYGUES,2026-07-20,AJA,,True,True
3200009,ORANGE,"UMTS 900, LTE 700, LTE 800",LE PEU LONG ROUTE CACAUD 87290 CHATEAUPONSAC,87041,"46.1056,1.2242",Pylône autostable,"36,5m",BOUYGUES,2026-06-04,ART,,True,True
3200098,BOUYGUES TELECOM,LTE 700,4 SQ ANTONIN 30900 NIMES,30189,"43.8397,4.355",Immeuble,8m,Particulier,2026-07-13,ALL,,False,False
3201270,ORANGE,"UMTS 900, LTE 700, LTE 800",ROUTE DES CHATEAUX (SAINT ROCH) 29700 PLOMELIN,29170,"47.9128,-4.1669",Pylône tubulaire,36m,FREE-MOBILE,,AJO,,True,True
3202145,BOUYGUES TELECOM,"LTE 1800, LTE 2600",241 CHEMIN DE LA CRECHETTE (LE PONET) 49123 INGRANDES LE FRESNE SUR LOIRE,49160,"47.4131,-0.9069",Pylône autostable,"36,8m",PHOENIX FRANCE INFRASTRUCTURES,2026-07-09,ALL,,False,False
3202145,SFR,"LTE 700, LTE 800, LTE 1800, LTE 2600, 5G NR 2100",241 CHEMIN DE LA CRECHETTE (LE PONET) 49123 INGRANDES LE FRESNE SUR LOIRE,49160,"47.4131,-0.9069",Pylône autostable,"36,8m",PHOENIX FRANCE INFRASTRUCTURES,2026-07-09,ALL,,False,True
3202184,BOUYGUES TELECOM,"LTE 700, LTE 800, LTE 1800, LTE 2100, LTE 2600, 5G NR 2100",LA VALL. DE LA SEULLES (LE TREILLOUX) 14400 NONANT,14465,"49.2356,-0.64",Pylône autostable,"24,2m",CELLNEX,2026-07-23,ALL,,False,True
3202184,SFR,"LTE 700, LTE 800, LTE 1800, LTE 2600, 5G NR 2100",LA VALL. DE LA SEULLES (LE TREILLOUX) 14400 NONANT,14465,"49.2356,-0.64",Pylône autostable,"24,2m",CELLNEX,2026-07-23,ALL,,False,True
3202607,FREE MOBILE,"LTE 700, LTE 900, LTE 2100",265 RUE DES PRÉS VERTS 27210 BEUZEVILLE,27065,"49.3378,0.3503",Pylône autostable,"38,2m",FREE-MOBILE,2026-07-07,ALL,,False,False
320262,ORANGE,GSM 900,VOIE COMMUNALE N°2 (LES TUILERIES) 32420 BETCAVE AGUIN,32048,"43.4439,0.6742",Pylône autostable,23m,Conseil Départemental,2006-07-22,SUP,,True,False
3203338,FREE MOBILE,"LTE 2100, LTE 2600",ROUTE D ENSISHEIM 68740 HIRTZFELDEN,68140,"47.9031,7.4372",Pylône autostable,"42,8m",TDF,,SUP,,False,False
3203338,ORANGE,"LTE 700, LTE 800",ROUTE D ENSISHEIM 68740 HIRTZFELDEN,68140,"47.9031,7.4372",Pylône autostable,"42,8m",TDF,2026-07-13,ALL,,False,True
3203391,SFR,"UMTS 900, LTE 700, LTE 800",CHEMIN DE GROSPEAUX 88520 WISEMBACH,88526,"48.2586,7.1158",Pylône autostable,"30,3m",CELLNEX,,AJO,,True,True
3203658,BOUYGUES TELECOM,"UMTS 900, LTE 700, LTE 800",RUE DE L'EGLISE ROUTE DE LAHOURCADE 64390 BARRAUTE CAMU,64096,"43.3856,-0.8897",Pylône autostable,"36,6m",ATC FRANCE,2026-07-09,ALL,,True,True
3203658,ORANGE,UMTS 900,RUE DE L'EGLISE ROUTE DE LAHOURCADE 64390 BARRAUTE CAMU,64096,"43.3856,-0.8897",Pylône autostable,"36,6m",ATC FRANCE,2026-06-25,ART,,True,False
3203658,SFR,"UMTS 900, LTE 700, LTE 800",RUE DE L'EGLISE ROUTE DE LAHOURCADE 64390 BARRAUTE CAMU,64096,"43.3856,-0.8897",Pylône autostable,"36,6m",ATC FRANCE,2026-06-29,ART,,True,True
3204182,BOUYGUES TELECOM,"UMTS 900, LTE 700, LTE 800",CHEM DE LA CHARME (CHAPLAY) 69490 SARCEY,69173,"45.8978,4.5436",Pylône autostable,"18,5m",CELLNEX,2026-07-22,ALL,,True,True
3204314,SFR,"LTE 700, LTE 800, LTE 1800, LTE 2100, LTE 2600, 5G NR 2100",DOMAINE DE LA PORTE IMPASSE DE LA CURE 36130 DIORS,36064,"46.8261,1.8317",Pylône autostable,30m,BOUYGUES,,AJO,,False,True
3204336,BOUYGUES TELECOM,"LTE 1800, LTE 2600, 5G NR 2100",30 AVENUE DE LA PORTE DE SAINT-OUEN 75018 PARIS 18,75118,"48.8994,2.3306",Immeuble,"43,2m",Société HLM,2026-07-14,ALL,,False,False
3204714,FREE MOBILE,5G NR 700,13 PROM DE LA COTE 17630 LA FLOTTE,17161,"46.1914,-1.3317",Bâtiment,11m,"Commune, communauté de communes",2026-07-24,ALL,,False,False
3204842,BOUYGUES TELECOM,"LTE 700, LTE 800, LTE 1800, LTE 2600",1204 MONTÉE DE LA PLAINE CHEMIN TRAVERSIER DE LA PLAINE (LE SABLON) 30150 ROQUEMAURE,30221,"44.0444,4.7614",Pylône autostable,18m,BOUYGUES,2026-07-02,ALL,,False,True
3204842,BOUYGUES TELECOM,5G NR 2100,1204 MONTÉE DE LA PLAINE CHEMIN TRAVERSIER DE LA PLAINE (LE SABLON) 30150 ROQUEMAURE,30221,"44.0444,4.7614",Pylône autostable,18m,BOUYGUES,2026-06-26,ART,,False,True
3204842,SFR,"LTE 700, LTE 800, LTE 1800, LTE 2600, 5G NR 2100",1204 MONTÉE DE LA PLAINE CHEMIN TRAVERSIER DE LA PLAINE (LE SABLON) 30150 ROQUEMAURE,30221,"44.0444,4.7614",Pylône autostable,18m,BOUYGUES,2026-07-03,ALL,,False,True
3204852,BOUYGUES TELECOM,"UMTS 900, LTE 700, LTE 800",CHEMIN DE RIEUTORT (MONTCAND) 12550 MARTRIN,12141,"43.9153,2.6386",Pylône autostable,"18,5m",BOUYGUES,2026-07-13,ALL,,True,True
3204852,SFR,"UMTS 900, LTE 700, LTE 800",CHEMIN DE RIEUTORT (MONTCAND) 12550 MARTRIN,12141,"43.9153,2.6386",Pylône autostable,"18,5m",BOUYGUES,2026-07-14,ALL,,True,True
3205076,ORANGE,"UMTS 900, LTE 700, LTE 800",ROUTE DARGENTAT (PUY CHAUD) 19320 ST MARTIN LA MEANNE,19222,"45.1622,1.9858",Pylône autostable,42m,FREE-MOBILE,,AJO,,True,True
3205287,BOUYGUES TELECOM,"LTE 700, LTE 800",ROUTE DE LA PLANCHE CHEVRIER CROISEMENT DEPARTEMENTALE 76 ET 100 (LE PUITS DE L'HERMITE) 18150 APREMONT SUR ALLIER,18007,"46.9097,3.0397",Pylône tubulaire,42m,PHOENIX FRANCE INFRASTRUCTURES,2026-08-03,AAV,,True,True
3205287,BOUYGUES TELECOM,UMTS 900,ROUTE DE LA PLANCHE CHEVRIER CROISEMENT DEPARTEMENTALE 76 ET 100 (LE PUITS DE L'HERMITE) 18150 APREMONT SUR ALLIER,18007,"46.9097,3.0397",Pylône tubulaire,42m,PHOENIX FRANCE INFRASTRUCTURES,2026-07-21,ALL,,True,True
3205287,ORANGE,"UMTS 900, LTE 700, LTE 800",ROUTE DE LA PLANCHE CHEVRIER CROISEMENT DEPARTEMENTALE 76 ET 100 (LE PUITS DE L'HERMITE) 18150 APREMONT SUR ALLIER,18007,"46.9097,3.0397",Pylône tubulaire,42m,PHOENIX FRANCE INFRASTRUCTURES,,AJO,,True,True
3206389,BOUYGUES TELECOM,"LTE 700, LTE 800",AV JEAN ETIENNE CONSTANT (RÉSIDENCE  LE COQUELICOT) 13127 VITROLLES,13117,"43.4403,5.2561",Immeuble,"24,9m",Société HLM,2026-07-13,ALL,,False,True
3206420,BOUYGUES TELECOM,"LTE 700, LTE 800, LTE 1800, LTE 2600, 5G NR 2100",5 AV FRÉDÉRIC JOLIOT CURIE 95200 SARCELLES,95585,"48.9764,2.3889",Immeuble,"19,4m",Société HLM,2026-07-14,ALL,,False,True
3206464,BOUYGUES TELECOM,"LTE 700, LTE 800",8 R ROUSSEAU 13005 MARSEILLE 05,13205,"43.2897,5.3928",Immeuble,"21,3m","Copropriété, Syndic, SCI",2026-07-13,ALL,,False,True
3206476,BOUYGUES TELECOM,"LTE 700, LTE 800, 5G NR 2100",2-4 SQ BERTHIER (LA GROGNARDE) 13011 MARSEILLE 11,13211,"43.2942,5.4344",Immeuble,"45,7m","Copropriété, Syndic, SCI",2026-07-30,ALL,,False,True
3206476,BOUYGUES TELECOM,5G NR 3500,2-4 SQ BERTHIER (LA GROGNARDE) 13011 MARSEILLE 11,13211,"43.2942,5.4344",Immeuble,"45,7m","Copropriété, Syndic, SCI",,SUP,,False,True
3206901,BOUYGUES TELECOM,"LTE 700, LTE 800, LTE 1800, LTE 2600, 5G NR 2100",RUE RENÉ LEFÈBVRE (LES GROSSES PIERRES) 27930 CIERREY,27158,"49.0047,1.2664",Pylône autostable,"36,9m",PHOENIX FRANCE INFRASTRUCTURES,2026-07-16,ALL,,False,True
3206901,SFR,"LTE 700, LTE 800, LTE 1800, LTE 2600, 5G NR 2100",RUE RENÉ LEFÈBVRE (LES GROSSES PIERRES) 27930 CIERREY,27158,"49.0047,1.2664",Pylône autostable,"36,9m",PHOENIX FRANCE INFRASTRUCTURES,2026-07-17,ALL,,False,True
3216348,BOUYGUES TELECOM,"LTE 700, LTE 800",RUE LOUIS PRADEL (MONTMARTIN NORD) 69960 CORBAS,69273,"45.6797,4.9214",Pylône autostable,24m,Société Privée,2026-07-15,ALL,,False,True
3216350,BOUYGUES TELECOM,"LTE 700, LTE 800",3 RUE CHARLES DURAND 18000 BOURGES,18033,"47.0617,2.3636",Pylône tubulaire,15m,CELLNEX,2026-07-30,ALL,,False,True
3216893,BOUYGUES TELECOM,"LTE 700, LTE 800, LTE 1800, LTE 2100, LTE 2600, 5G NR 2100, 5G NR 3500",D12B (LE COURRECH) 31870 LAGARDELLE SUR LEZE,31263,"43.4189,1.3872",Pylône autostable,36m,HIVORY,2026-07-18,ALL,,False,True
3216893,SFR,"LTE 700, LTE 800, LTE 1800, LTE 2100, LTE 2600, 5G NR 2100",D12B (LE COURRECH) 31870 LAGARDELLE SUR LEZE,31263,"43.4189,1.3872",Pylône autostable,36m,HIVORY,2026-07-03,ALL,,False,False
3217045,BOUYGUES TELECOM,"LTE 1800, LTE 2600, 5G NR 2100",14 RUE ROBERT ESCARPIT 33600 PESSAC,33318,"44.8014,-0.61",Immeuble,"32,5m","Copropriété, Syndic, SCI",2026-07-10,ALL,,False,False
3217789,ORANGE,UMTS 900,167 IMPASSE DU CENTRE COMMERCIAL 24250 GROLEJAC,24207,"44.8203,1.2892",Pylône autostable,"36,3m",SFR,2026-07-06,ALL,,True,True
3217789,SFR,"UMTS 900, LTE 700, LTE 800",167 IMPASSE DU CENTRE COMMERCIAL 24250 GROLEJAC,24207,"44.8203,1.2892",Pylône autostable,"36,3m",SFR,2026-07-06,ALL,,True,True
3217930,ORANGE,"LTE 1800, 5G NR 2100",645 RUE DE L'EGLISE 12310 BERTHOLENE,12026,"44.3975,2.7786",Pylône autostable,24m,TOTEM,2026-06-18,ART,,False,False
3217957,SFR,"LTE 700, LTE 800",PROCHE DE ROUTE D'ESTAVAR (EN SERRES) 66120 EGAT,66064,"42.4975,2.0106",Pylône autostable,36m,SFR,2026-07-01,ART,,False,True
3217964,BOUYGUES TELECOM,"LTE 700, LTE 800, LTE 1800, LTE 2600, 5G NR 2100",PROCHE D857 (LE FAY) 35500 POCE LES BOIS,35229,"48.1233,-1.2481",Pylône autostable,"30,5m",CELLNEX,2026-07-15,ALL,,False,True
3217964,SFR,"LTE 700, LTE 800, LTE 1800, LTE 2600, 5G NR 2100",PROCHE D857 (LE FAY) 35500 POCE LES BOIS,35229,"48.1233,-1.2481",Pylône autostable,"30,5m",CELLNEX,2026-07-09,ALL,,False,True
3218034,Gouv Nelle Calédonie (OPT),"UMTS 900, LTE 800",DEVA (BOE TANDE) 98870 BOURAIL,98803,"-21.5678,165.3236",Mât métallique,12m,Office des Postes et Télécom,2026-07-02,ALL,,False,True
3218218,FREE MOBILE,LTE 700,PLAN DE CASTET (SARRAT D'HOURBETS) 31160 ENCAUSSE LES THERMES,31167,"43.0611,0.7358",Pylône autostable,"23,6m",TDF,2026-07-20,ALL,,True,False
3218279,ORANGE,"LTE 700, LTE 800",D77 (LE FAUCOUNEIX) 19340 FEYT,19083,"45.6972,2.4644",Pylône autostable,"24,8m",TOTEM,2026-07-20,ALL,,True,True
3228205,SFR,"UMTS 900, LTE 700, LTE 800",VOIE COMMUNALE N°16 (VALNAY) 91150 ETAMPES,91223,"48.4272,2.1128",Pylône autostable,34m,SFR,2026-07-16,ALL,,True,True
3228214,BOUYGUES TELECOM,"LTE 700, LTE 800, 5G NR 2100",14 ALLÉE DU MARÉCHAL GÉRARD 93270 SEVRAN,93071,"48.9297,2.5164",Immeuble,"18,9m",Particulier,2026-07-03,ALL,,False,True
3228214,FREE MOBILE,"LTE 700, LTE 900, 5G NR 700",14 ALLÉE DU MARÉCHAL GÉRARD 93270 SEVRAN,93071,"48.9297,2.5164",Immeuble,"18,9m",Particulier,2026-03-09,SUP,,False,False
3228327,ORANGE,"LTE 700, LTE 800",VOIE COMMUNALE N°4 DE LA CAOUE (CAP DE CASTET ET SOUM DE NABIA) 65200 ASTE,65042,"43.0422,0.1819",Pylône autostable,24m,SFR,2026-06-12,ART,,True,False
3228389,BOUYGUES TELECOM,"UMTS 900, LTE 700, LTE 800, LTE 1800, LTE 2100, LTE 2600, 5G NR 2100, 5G NR 3500",ROUTE DE DOLE (EN MARSIÈRE) 71380 CHATENOY EN BRESSE,71117,"46.7931,4.9225",Pylône autostable,30m,SFR,2026-07-11,ALL,,False,True
3228393,BOUYGUES TELECOM,"LTE 700, LTE 800, LTE 1800, LTE 2600, 5G NR 2100",35 BD DE BRIANÇON 13003 MARSEILLE 03,13203,"43.3189,5.3706",Immeuble,"16,3m","Copropriété, Syndic, SCI",2026-07-08,ALL,,False,True
3228472,BOUYGUES TELECOM,"UMTS 900, LTE 700, LTE 800",CHEMIN DES MOULINS 45530 SURY AUX BOIS,45316,"47.9681,2.3475",Pylône autostable,42m,BOUYGUES,2026-07-08,ALL,,True,True
3228472,SFR,"UMTS 900, LTE 700, LTE 800",CHEMIN DES MOULINS 45530 SURY AUX BOIS,45316,"47.9681,2.3475",Pylône autostable,42m,BOUYGUES,2026-07-08,ALL,,True,True
3228555,BOUYGUES TELECOM,"UMTS 900, LTE 700, LTE 800",220  STRADA DI A CHJESA VECHJA 20166 PIETROSELLA,2A228,"41.8381,8.8439",Pylône autostable,21m,SFR,,AJO,,True,True
3228555,ORANGE,"LTE 700, LTE 800",220  STRADA DI A CHJESA VECHJA 20166 PIETROSELLA,2A228,"41.8381,8.8439",Pylône autostable,21m,SFR,2026-03-30,ART,,True,False
3228566,BOUYGUES TELECOM,"LTE 700, LTE 800, LTE 1800, LTE 2100, LTE 2600, 5G NR 2100",2 ALLÉE DES PORTES OCCITANES (DEFERNE) 43000 LE PUY EN VELAY,43157,"45.0242,3.8814",Pylône autostable,"30,3m",TOTEM,2026-07-11,ALL,,False,True
3229037,BOUYGUES TELECOM,"LTE 700, LTE 800, LTE 1800, LTE 2600",8 AV RAOUL NORDLING 77330 OZOIR LA FERRIERE,77350,"48.7706,2.6889",Immeuble,19m,Société HLM,2026-07-20,ALL,,False,True
3236473,SFR,"LTE 700, LTE 800, LTE 1800, LTE 2100, LTE 2600",1 RUE DE STALINGRAD STADE MUNUCIPAL LEON BIANCOTTO 78700 CONFLANS STE HONORINE,78172,"48.9936,2.1",Pylône tubulaire,30m,SFR,2026-07-24,ALL,,False,True
3236500,ORANGE,"LTE 700, LTE 800",ROUTE FORESTIERE DU RAVIN NOIR PROCHE D24 (LA PLAINE DE BESSUEGNES) 07590 BORNE,07038,"44.6078,4.0503",Pylône autostable,33m,SFR,2026-03-30,ART,,True,False
3236505,ORANGE,UMTS 900,CHEMIN DE L'ECOLE (SONDERHOLZ) 67330 BOSSELSHAUSEN,67057,"48.8008,7.5175",Pylône autostable,30m,SFR,2026-06-30,ART,,True,True
3236780,FREE MOBILE,"LTE 700, LTE 900, LTE 1800, LTE 2100, LTE 2600, 5G NR 3500",CHEMIN PEU BERNARD 17580 LE BOIS PLAGE EN RE,17051,"46.1867,-1.4064",Pylône tubulaire,"27,6m",TOTEM,2026-07-24,ALL,,False,True
3237688,FREE MOBILE,"LTE 700, LTE 1800, LTE 2600, 5G NR 3500",12 RUE DE LA CROIX BERGER 38370 ST CLAIR DU RHONE,38378,"45.4478,4.7794",Pylône autostable,33m,TDF,2026-07-28,ALL,,False,True
3237720,BOUYGUES TELECOM,"LTE 700, LTE 800",4 R BERTHIER 93500 PANTIN,93055,"48.9008,2.3919",Immeuble,"25,6m",Société Privée,2026-07-13,ALL,,False,True
3237736,BOUYGUES TELECOM,"LTE 700, LTE 800, LTE 1800, LTE 2600, 5G NR 2100",LA POTERIE CHEMIN RURAL 11 PROCHE DEPARTEMENTALE 588 (LA PETITE PIECE DE LA MAISON) 53200 PREE D ANJOU,53124,"47.8319,-0.8178",Pylône autostable,"24,5m",PHOENIX FRANCE INFRASTRUCTURES,2026-07-15,ALL,,False,True
3237736,SFR,"LTE 700, LTE 800, LTE 1800, LTE 2600, 5G NR 2100",LA POTERIE CHEMIN RURAL 11 PROCHE DEPARTEMENTALE 588 (LA PETITE PIECE DE LA MAISON) 53200 PREE D ANJOU,53124,"47.8319,-0.8178",Pylône autostable,"24,5m",PHOENIX FRANCE INFRASTRUCTURES,2026-07-09,ALL,,False,True
3237740,ORANGE,"LTE 700, LTE 800, LTE 1800, 5G NR 2100",RUE ALBIN CADET 60640 FRETOY LE CHATEAU,60263,"49.6636,2.9858",Pylône autostable,"36,6m",TOTEM,,AJO,,False,True
3238359,FREE MOBILE,5G NR 700,130 RUE DE LA BOUCLE (VAL THORENS) 73600 LES BELLEVILLE,73257,"45.2992,6.5836",Bâtiment,"14,5m","Commune, communauté de communes",2026-07-28,ALL,,False,False
3238541,ORANGE,UMTS 900,LES ECAUGNELLES GRAND RUE (LES BALIÈRES) 08390 LES GRANDES ARMOISES,08019,"49.5336,4.8936",Pylône autostable,36m,SFR,2026-06-30,ART,,True,True
3238815,ORANGE,GSM 900,ROUTE DU VERT PRÃ BELLE ISLE 97232 LE LAMENTIN,97213,"14.6792,-60.9839",Pylône autostable,20m,ORANGE,2020-03-11,SUP,,False,False
3238865,BOUYGUES TELECOM,"LTE 700, LTE 800",LES HAUTES GARENNES 78200 MANTES LA JOLIE,78361,"49.0019,1.6761",Pylône tubulaire,"31,6m",CELLNEX,2026-07-13,ALL,,False,True
3238987,BOUYGUES TELECOM,"LTE 700, LTE 800",ROUTE DE PARIS (LES BOULEAUX) 28130 ST MARTIN DE NIGELLES,28352,"48.5964,1.6064",Pylône autostable,"36,5m",BOUYGUES,2026-07-30,ALL,,False,True
3239281,BOUYGUES TELECOM,LTE 1800,14-20 AVENUE MARECHAL LECLERC 33700 MERIGNAC,33281,"44.84,-0.6467",Immeuble,"20,2m","Copropriété, Syndic, SCI",2026-06-29,ART,,False,False
3239539,SFR,"LTE 2100, 5G NR 3500",26 AVENUE JEAN JAURES 08000 CHARLEVILLE MEZIERES,08105,"49.77,4.7217",Immeuble,"22,5m","Copropriété, Syndic, SCI",,SUP,,False,False
3239640,BOUYGUES TELECOM,"LTE 700, LTE 800, LTE 1800, LTE 2100, LTE 2600, 5G NR 2100",ROUTE DES MARINES DE BORGO (PINETO) 20290 BORGO,2B042,"42.5953,9.5011",Pylône arbre,30m,SFR,2026-07-25,ALL,,False,True
3239829,FREE MOBILE,"LTE 700, LTE 900, LTE 1800, 5G NR 700",LE RAVEL (LE DESSUS DE LA COTE) 88240 LA VOGE LES BAINS,88029,"47.9875,6.2614",Pylône autostable,42m,TDF,2026-07-07,ALL,,False,True
3239829,ORANGE,"LTE 700, LTE 800",LE RAVEL (LE DESSUS DE LA COTE) 88240 LA VOGE LES BAINS,88029,"47.9875,6.2614",Pylône autostable,42m,TDF,2026-07-27,ALL,,False,True
3239886,BOUYGUES TELECOM,"LTE 700, LTE 800",49 B ALLEE FRANCOIS ARAGO 93190 LIVRY GARGAN,93046,"48.9158,2.5231",Immeuble,"14,1m","Copropriété, Syndic, SCI",2026-07-30,ALL,,False,True
3240058,BOUYGUES TELECOM,"LTE 700, LTE 800",327 CHEMIN DE JEANCON PROCHE STATION EPURATION (LA GALINIERE AUBERGE) 13790 CHATEAUNEUF LE ROUGE,13025,"43.4872,5.5881",Pylône autostable,24m,CELLNEX,2026-07-13,ALL,,False,True
3240222,BOUYGUES TELECOM,"LTE 700, LTE 800, 5G NR 2100",4 ALL PHILIBERT DELORME 93150 LE BLANC MESNIL,93007,"48.9461,2.4533",Immeuble,19m,Société HLM,2026-07-30,ALL,,False,True
3243905,BOUYGUES TELECOM,"LTE 2600, 5G NR 2100",CHEMIN DE LA PEROUSE (LA PEROUSE) 21370 PLOMBIERES LES DIJON,21485,"47.3447,4.9611",Pylône autostable,"30,2m",CELLNEX,2026-06-18,ART,,False,False
3244368,BOUYGUES TELECOM,"LTE 700, LTE 800",GRANDE RUE (LES POTIÈRES) 45190 VILLORCEAU,45344,"47.8058,1.5894",Pylône autostable,24m,PHOENIX FRANCE INFRASTRUCTURES,2026-08-03,AAV,,False,True
3244378,BOUYGUES TELECOM,"LTE 700, LTE 800",40 RUE DU TERTRE GRIS (LES CHAMPS DU BOIS) 35320 PANCE,35212,"47.8839,-1.6664",Pylône tubulaire,30m,BOUYGUES,2026-07-30,ALL,,False,True
3244419,BOUYGUES TELECOM,"LTE 700, LTE 800",ROTONDE ROUTE DE MENGNÉ 61150 TANQUES,61479,"48.6983,-0.0789",Pylône autostable,36m,BOUYGUES,2026-08-03,AAV,,False,True
3244588,BOUYGUES TELECOM,"LTE 700, LTE 800",ROUTE DES PEUX (LA CORE) 03310 ST GENEST,03233,"46.2742,2.6094",Pylône autostable,"36,8m",PHOENIX FRANCE INFRASTRUCTURES,2026-07-22,ALL,,False,True
3244835,BOUYGUES TELECOM,,CHEMIN DES GETTIERS (LE CHARMIEUX) 74450 LE GRAND BORNAND,74136,"45.9672,6.4653",Pylône autostable,36m,HIVORY,,CHA,LES GETTIERS CHEMIN DES GETTIERS,False,True
3244835,FREE MOBILE,,CHEMIN DES GETTIERS (LE CHARMIEUX) 74450 LE GRAND BORNAND,74136,"45.9672,6.4653",Pylône autostable,36m,HIVORY,,CHA,LES GETTIERS CHEMIN DES GETTIERS,False,True
3244835,SFR,,CHEMIN DES GETTIERS (LE CHARMIEUX) 74450 LE GRAND BORNAND,74136,"45.9672,6.4653",Pylône autostable,36m,HIVORY,,CHA,LES GETTIERS CHEMIN DES GETTIERS,False,True
3244897,SFR,"LTE 700, LTE 800, LTE 1800, LTE 2100, LTE 2600, 5G NR 2100, 5G NR 3500",8 AVENUE BASINGSTOKE 61000 ALENCON,61001,"48.4367,0.0958",Immeuble,43m,"CCI, Ch Métier, Port Aut, Aéroport",,AJO,,False,True
3247696,SFR,"UMTS 900, LTE 700, LTE 800",BERGIEU LA RIVIERE DE SANT (LA CAPELETTE) 81110 DOURGNE,81081,"43.4792,2.165",Pylône autostable,15m,TDF,,AJO,,True,True
3247808,BOUYGUES TELECOM,"LTE 700, LTE 800, LTE 1800, LTE 2600, 5G NR 2100",ROUTE DE LANCON (VERDELET) 13250 CORNILLON CONFOUX,13029,"43.5703,5.0908",Pylône autostable,"24,5m",PHOENIX FRANCE INFRASTRUCTURES,2026-07-16,ALL,,False,True
3247808,SFR,"LTE 700, LTE 800, LTE 1800, LTE 2600, 5G NR 2100",ROUTE DE LANCON (VERDELET) 13250 CORNILLON CONFOUX,13029,"43.5703,5.0908",Pylône autostable,"24,5m",PHOENIX FRANCE INFRASTRUCTURES,2026-07-17,ALL,,False,True
3247810,BOUYGUES TELECOM,"LTE 700, LTE 800, 5G NR 2100",6-40 RUE JUST VIEL 76620 LE HAVRE,76351,"49.4972,0.115",Immeuble,15m,Société HLM,2026-07-30,ALL,,False,True
3247863,BOUYGUES TELECOM,"UMTS 900, LTE 700, LTE 800",CHEMIN SAINT CLAUDE (LA GARDETTE EST) 84110 VILLEDIEU,84146,"44.2794,5.0381",Pylône autostable,15m,PHOENIX FRANCE INFRASTRUCTURES,2026-07-06,ALL,,True,True
3247863,ORANGE,"LTE 700, LTE 800",CHEMIN SAINT CLAUDE (LA GARDETTE EST) 84110 VILLEDIEU,84146,"44.2794,5.0381",Pylône autostable,15m,PHOENIX FRANCE INFRASTRUCTURES,2026-07-03,ALL,,True,True
3247863,ORANGE,UMTS 900,CHEMIN SAINT CLAUDE (LA GARDETTE EST) 84110 VILLEDIEU,84146,"44.2794,5.0381",Pylône autostable,15m,PHOENIX FRANCE INFRASTRUCTURES,2026-06-25,ART,,True,True
3247863,SFR,"UMTS 900, LTE 700, LTE 800",CHEMIN SAINT CLAUDE (LA GARDETTE EST) 84110 VILLEDIEU,84146,"44.2794,5.0381",Pylône autostable,15m,PHOENIX FRANCE INFRASTRUCTURES,2026-07-17,ALL,,True,True
3247995,BOUYGUES TELECOM,"LTE 800, LTE 1800, LTE 2600, 5G NR 2100, 5G NR 3500",8 R DES FOSSES ROUGES 85340 LES SABLES D OLONNE,85194,"46.4792,-1.7414",Pylône tubulaire,17m,BOUYGUES,2026-07-15,ALL,,False,True
3247997,BOUYGUES TELECOM,"LTE 700, LTE 800, LTE 1800, LTE 2600",DOMAINE DE ST PIERRE 34450 VIAS,34332,"43.2961,3.4119",Pylône autostable,18m,BOUYGUES,2026-07-02,ALL,,False,True
3247997,BOUYGUES TELECOM,5G NR 2100,DOMAINE DE ST PIERRE 34450 VIAS,34332,"43.2961,3.4119",Pylône autostable,18m,BOUYGUES,2026-06-18,ART,,False,True
3247997,SFR,"LTE 700, LTE 800, LTE 1800, LTE 2600, 5G NR 2100",DOMAINE DE ST PIERRE 34450 VIAS,34332,"43.2961,3.4119",Pylône autostable,18m,BOUYGUES,2026-07-03,ALL,,False,True
3248027,BOUYGUES TELECOM,"LTE 700, LTE 800",CHEM DE LA PIERRE DU DIABLE (CHOLET) 42260 CREMEAUX,42076,"45.8983,3.9217",Pylône autostable,32m,BOUYGUES,2026-07-22,ALL,,False,True
3248159,BOUYGUES TELECOM,"UMTS 900, LTE 700, LTE 800, LTE 1800, LTE 2600, 5G NR 2100, 5G NR 3500",ROUTE DE METZ (KIESSEL) 57100 THIONVILLE,57672,"49.3308,6.1508",Pylône autostable,42m,SFR,2026-07-18,ALL,,False,True
3248159,SFR,"UMTS 900, LTE 700, LTE 800, LTE 1800, LTE 2600, 5G NR 2100",ROUTE DE METZ (KIESSEL) 57100 THIONVILLE,57672,"49.3308,6.1508",Pylône autostable,42m,SFR,2026-07-07,ALL,,False,False
3248299,BOUYGUES TELECOM,"LTE 700, LTE 800",125 RUE DE STALINGRAD 93000 BOBIGNY,93008,"48.9136,2.4233",Immeuble,"24,8m","Copropriété, Syndic, SCI",2026-07-22,ALL,,False,True
3248330,BOUYGUES TELECOM,"LTE 700, LTE 800, LTE 1800, LTE 2100, LTE 2600, 5G NR 2100",RUE GENERAL CHARLES DE GAULLE ÉGLISE DE BUC (LE VILLAGE) 90800 BUC,90020,"47.6144,6.7856",Monument religieux,27m,"Commune, communauté de communes",2026-07-18,ALL,,False,True
3248330,SFR,"LTE 700, LTE 800, LTE 1800, LTE 2100, LTE 2600, 5G NR 2100",RUE GENERAL CHARLES DE GAULLE ÉGLISE DE BUC (LE VILLAGE) 90800 BUC,90020,"47.6144,6.7856",Monument religieux,27m,"Commune, communauté de communes",2026-07-06,ALL,,False,True
3249223,ORANGE,"LTE 800, LTE 1800, LTE 2100, LTE 2600, 5G NR 700, 5G NR 3500",1A CHEMIN DE LA GRANDE MONTÉE 01700 BEYNOST,01043,"45.8433,4.9958",Pylône autostable,30m,ATC FRANCE,2026-07-15,ALL,,False,True
3249282,BOUYGUES TELECOM,"LTE 700, LTE 800",22 - 24 RUE ROBERT SCHUMANN 77000 MELUN,77288,"48.555,2.6403",Immeuble,20m,"Copropriété, Syndic, SCI",2026-07-22,ALL,,False,True
3249423,ORANGE,"LTE 1800, 5G NR 2100",29 RUE DOCTEUR LARDANCHET 77610 NEUFMOUTIERS EN BRIE,77336,"48.7669,2.8197",Pylône autostable,36m,TOTEM,2026-06-29,ART,,False,False
3249427,FREE MOBILE,"LTE 700, LTE 900, LTE 1800, LTE 2100, LTE 2600, 5G NR 3500",9000 ROUTE DES ESSARTS (FORÊT DE LA LONDE ROUVRAY) 76350 OISSEL SUR SEINE,76484,"49.3533,1.0503",Château d'eau - réservoir,"31,2m","État, Ministère",2026-07-24,ALL,,False,True
3249533,BOUYGUES TELECOM,"LTE 800, LTE 1800, 5G NR 2100, 5G NR 3500",23 RUE HIPPOLYTE BAYARD 60000 BEAUVAIS,60057,"49.44,2.1261",Mât,"12,4m",SFR,,AJO,,False,True
3249535,BOUYGUES TELECOM,"LTE 800, LTE 1800, 5G NR 2100, 5G NR 3500",RUE FERNAND SASTRE (LA MARETTE) 60000 BEAUVAIS,60057,"49.4333,2.1153",Mât,"13,1m",SFR,,AJO,,False,True
3255294,FREE MOBILE,"LTE 700, 5G NR 700",DISNEYLAND ATTRACTION TOUR DE LA TERREUR 77700 CHESSY,77111,"48.8664,2.7786",Bâtiment,100m,Société Privée,,SUP,,False,False
3255481,ORANGE,"LTE 700, LTE 800",CHEMIN DE BARAQUE (BARAQUE) 47120 LEVIGNAC DE GUYENNE,47147,"44.6225,0.2033",Pylône autostable,36m,ATC FRANCE,2026-07-27,ALL,,False,True
3255507,SFR,"GSM 900, UMTS 900, LTE 700, LTE 800, LTE 1800, LTE 2600, 5G NR 2100, 5G NR 3500",RUE DU PARC (LA FORÊT) 86240 FONTAINE LE COMTE,86100,"46.53,0.2633",Château d'eau - réservoir,"28,2m","Commune, communauté de communes",2026-07-10,AJA,,False,True
3255507,SFR,LTE 2100,RUE DU PARC (LA FORÊT) 86240 FONTAINE LE COMTE,86100,"46.53,0.2633",Château d'eau - réservoir,"28,2m","Commune, communauté de communes",,AJO,,False,True
3255574,SFR,"LTE 700, LTE 800, LTE 1800, LTE 2100, LTE 2600, 5G NR 2100, 5G NR 3500",AVENUE DE DRAGUIGNAN (LA PLAINE) 83690 VILLECROZE,83149,"43.5589,6.29",Pylône autostable,"18,4m",CELLNEX,,AJO,,False,True
3255581,BOUYGUES TELECOM,"UMTS 900, LTE 700, LTE 800",CHEMIN DE BOURBEREAU (BOIS MAUDRU) 10210 VANLAY,10395,"48.0311,4.0258",Pylône autostable,"30,5m",SFR,2026-07-29,ALL,,True,True
3255581,FREE MOBILE,LTE 700,CHEMIN DE BOURBEREAU (BOIS MAUDRU) 10210 VANLAY,10395,"48.0311,4.0258",Pylône autostable,"30,5m",SFR,2026-07-20,ALL,,True,False
3255623,ORANGE,"LTE 800, 5G NR 700",101 A AVENUE BENOIT FRACHON 38400 ST MARTIN D HERES,38421,"45.1783,5.7561",Bâtiment,"18,5m",Société Privée,2026-07-24,ALL,,False,True
3255716,BOUYGUES TELECOM,"LTE 1800, LTE 2100, LTE 2600",CHEMIN DE LANDE LONGUE CHEMIN D'EXPLOITATION 228 PROCHE DEPARTEMENTALE 24 (LANDE LONGUE) 35500 ST M HERVE,35300,"48.1922,-1.1308",Pylône autostable,"36,5m",CELLNEX,2026-07-23,ALL,,False,False
3255716,SFR,"LTE 700, LTE 800, LTE 1800, LTE 2100, LTE 2600, 5G NR 2100",CHEMIN DE LANDE LONGUE CHEMIN D'EXPLOITATION 228 PROCHE DEPARTEMENTALE 24 (LANDE LONGUE) 35500 ST M HERVE,35300,"48.1922,-1.1308",Pylône autostable,"36,5m",CELLNEX,2026-07-23,ALL,,False,True
3255834,Gouv Nelle Calédonie (OPT),"UMTS 2100, LTE 800, LTE 1800",TOUTOUTA VILLAGE LOT 41 RUE RENÉ ALLLAIS (TONTOUTA AGENCE OPT) 98890 PAITA,98821,"-22.0169,166.2267",Mât béton,12m,Office des Postes et Télécom,,AJO,,False,True
3256325,ORANGE,"LTE 800, 5G NR 700",38 B QUAI JAYR 69009 LYON 09,69389,"45.7753,4.8081",Immeuble,"34,6m",Société Privée,2026-07-22,ALL,,False,True
3256423,Gouv Nelle Calédonie (OPT),"UMTS 900, LTE 800",BWA TÊRI PRESQU'ÎLE DE NEUMÉNIE (DÉSIRÉ) 98829 THIO,98829,"-21.6489,166.3297",Mât béton,12m,Office des Postes et Télécom,2026-07-07,ALL,,False,True
3256678,SFR,"LTE 700, LTE 800, LTE 1800, LTE 2100, LTE 2600, 5G NR 2100, 5G NR 3500",CHEM DE LA PRAILLE (PRAILLE) 01710 THOIRY,01419,"46.2253,5.9983",Pylône autostable,"30,3m",BOUYGUES,,AJO,,False,True
3258570,ORANGE,"UMTS 900, LTE 800, LTE 1800, LTE 2100, LTE 2600, 5G NR 700, 5G NR 3500",ROUTE DU FOREST (PRÉ RIGAUD) 05170 ORCIERES,05096,"44.6994,6.3269",Pylône autostable,24m,TOTEM,2026-07-15,AJA,,False,True
3258657,FREE MOBILE,"LTE 2100, 5G NR 700",CHEMIN DES JARDINS (LES BOSIGUES) 66420 LE BARCARES,66017,"42.79,3.0253",Pylône autostable,36m,TOTEM,2026-07-28,ALL,,False,False
3258745,ORANGE,"UMTS 900, LTE 1800, LTE 2600",453 D ROUTE DES VOIRONS 74140 VEIGY FONCENEX,74293,"46.2689,6.2617",Pylône tubulaire,24m,TOTEM,2026-06-26,ART,,False,False
3258816,ORANGE,"LTE 700, 5G NR 3500",ROUTE DE SOULAC ROUTE DE VENDAYS (LE BOIS DU FIL) 33340 GAILLAN EN MEDOC,33177,"45.3342,-0.9756",Pylône autostable,"35,8m",TOTEM,2026-07-01,ART,,False,False
3261268,FREE MOBILE,LTE 700,PISTE DU CAÎROS (FORÊT DU CAÏROS) 06540 SAORGE,06132,"44.0033,7.4747",Pylône autostable,24m,ORANGE,2026-07-20,ALL,,True,False
3263862,ORANGE,UMTS 900,ROUTE DU HAMEAU DE THIAS (HOURQUETS) 65130 TILHOUSE,65445,"43.0917,0.2953",Pylône autostable,30m,SFR,2026-06-25,ART,,True,True
3264010,Gouv Nelle Calédonie (OPT),UMTS 900,RUE WILLY TY POANEATI LOT 23 LOTISSEMENT ARTISANAL (US POUEMBOUT) 98825 POUEMBOUT,98825,"-21.1108,164.8961",Mât béton,12m,Office des Postes et Télécom,2026-06-04,AJR,,False,True
3264010,Gouv Nelle Calédonie (OPT),"UMTS 2100, LTE 800, LTE 1800, LTE 2100",RUE WILLY TY POANEATI LOT 23 LOTISSEMENT ARTISANAL (US POUEMBOUT) 98825 POUEMBOUT,98825,"-21.1108,164.8961",Mât béton,12m,Office des Postes et Télécom,2026-06-04,ART,,False,True
3264021,BOUYGUES TELECOM,"UMTS 900, LTE 700, LTE 800",LIEU-DIT LA MORLIERE 85170 BEAUFOU,85015,"46.8125,-1.5406",Pylône autostable,30m,BOUYGUES,2026-07-13,ALL,,True,True
3264021,FREE MOBILE,"UMTS 900, LTE 700",LIEU-DIT LA MORLIERE 85170 BEAUFOU,85015,"46.8125,-1.5406",Pylône autostable,30m,BOUYGUES,,AJO,,True,True
3264021,ORANGE,"UMTS 900, LTE 700, LTE 800",LIEU-DIT LA MORLIERE 85170 BEAUFOU,85015,"46.8125,-1.5406",Pylône autostable,30m,BOUYGUES,2026-07-09,ALL,,True,True
3264021,SFR,"UMTS 900, LTE 700, LTE 800",LIEU-DIT LA MORLIERE 85170 BEAUFOU,85015,"46.8125,-1.5406",Pylône autostable,30m,BOUYGUES,2026-07-17,ALL,,True,True
3264080,SFR,"UMTS 900, LTE 700, LTE 800",EN FACE DE LA D925 ROUTE DE CHÂTEAUROUX (LES PUÉES) 36500 NEUILLAY LES BOIS,36139,"46.7944,1.45",Pylône autostable,36m,TOTEM,2026-07-10,AJA,,True,True
326462,SRR,LTE 2100,24 LOT CHAMPAK (LA CONFIANCE) 97470 ST BENOIT,97410,"-21.0706,55.7044",Pylône autostable,16m,Société Réunionnaise de Radiotéléphonie,2026-06-26,ART,,False,False
3265200,FREE MOBILE,LTE 700,PRÈS DE LA D34 (LA GRUE) 87600 CHERONNAC,87044,"45.7578,0.7725",Pylône autostable,"30,3m",ORANGE,2026-07-20,ALL,,True,False
3266565,ORANGE,"LTE 700, 5G NR 2100",VC N°12 (LE BOIS ROUGE) 77510 BELLOT,77030,"48.8583,3.3561",Pylône autostable,30m,TOTEM,2026-07-15,AJA,,False,False
3266580,BOUYGUES TELECOM,"LTE 1800, LTE 2600",30 RUE PIERRE CURIE 59350 ST ANDRE LEZ LILLE,59527,"50.6611,3.0444",Immeuble,"20,3m",Société HLM,2026-07-04,ALL,,False,False
3266580,BOUYGUES TELECOM,5G NR 2100,30 RUE PIERRE CURIE 59350 ST ANDRE LEZ LILLE,59527,"50.6611,3.0444",Immeuble,"20,3m",Société HLM,2026-06-29,ART,,False,False
3267945,FREE MOBILE,LTE 700,ROUTE DE BARNAGAUD 87130 LA CROISILLE SUR BRIANCE,87051,"45.6239,1.6189",Pylône autostable,"36,5m",BOUYGUES,2026-07-20,ALL,,True,False
3267954,BOUYGUES TELECOM,"LTE 700, LTE 800, LTE 1800, LTE 2600, 5G NR 2100",CRECH PLACH (AN NOGUEL) 22420 LANVELLEC,22119,"48.5917,-3.5231",Pylône autostable,"24,5m",PHOENIX FRANCE INFRASTRUCTURES,2026-07-15,ALL,,False,True
3267954,SFR,"LTE 700, LTE 800, LTE 1800, LTE 2600, 5G NR 2100",CRECH PLACH (AN NOGUEL) 22420 LANVELLEC,22119,"48.5917,-3.5231",Pylône autostable,"24,5m",PHOENIX FRANCE INFRASTRUCTURES,2026-07-09,ALL,,False,True
3268481,ORANGE,"LTE 1800, LTE 2100, LTE 2600, 5G NR 3500",1 RUE DES GOÉLANDS 31500 TOULOUSE,31555,"43.5769,1.4394",Immeuble,"37,1m",Société Privée,2026-06-30,ART,,False,False
3268542,BOUYGUES TELECOM,UMTS 900,2 RUE DES ARTISANS 57120 ROMBAS,57591,"49.2542,6.0928",Pylône autostable,30m,CELLNEX,,SUP,,False,False
3269813,BOUYGUES TELECOM,"LTE 700, LTE 800, LTE 1800, LTE 2600, 5G NR 2100",RUE DU PONT BARRY (LES PERRES) 37370 BEAUMONT LOUESTAULT,37021,"47.6172,0.6581",Pylône autostable,"18,3m",BOUYGUES,2026-07-15,ALL,,False,True
3269813,SFR,"LTE 700, LTE 800, LTE 1800, LTE 2600, 5G NR 2100",RUE DU PONT BARRY (LES PERRES) 37370 BEAUMONT LOUESTAULT,37021,"47.6172,0.6581",Pylône autostable,"18,3m",BOUYGUES,2026-07-09,ALL,,False,True
3269928,BOUYGUES TELECOM,"UMTS 900, LTE 700, LTE 800",86 CHEMIN DE L'ÉGLISE 73460 BONVILLARD,73048,"45.5875,6.3053",Bâtiment,34m,"Commune, communauté de communes",,AJO,,True,True
3269928,FREE MOBILE,"UMTS 900, LTE 700",86 CHEMIN DE L'ÉGLISE 73460 BONVILLARD,73048,"45.5875,6.3053",Bâtiment,34m,"Commune, communauté de communes",,AJO,,True,True
3270885,BOUYGUES TELECOM,"LTE 700, LTE 800",11 À 19 BD DE DOUAUMONT 75017 PARIS 17,75117,"48.8956,2.3086",Immeuble,39m,"Copropriété, Syndic, SCI",2026-07-13,ALL,,False,True
3270978,BOUYGUES TELECOM,"UMTS 900, LTE 700, LTE 800",CHEMIN COMMUNAL (LE LAC) 30570 ST ANDRE DE MAJENCOULES,30229,"44.0167,3.6717",Pylône autostable,18m,BOUYGUES,2026-07-30,ALL,,True,True
3270978,SFR,"UMTS 900, LTE 700, LTE 800",CHEMIN COMMUNAL (LE LAC) 30570 ST ANDRE DE MAJENCOULES,30229,"44.0167,3.6717",Pylône autostable,18m,BOUYGUES,,AJO,,True,True
3271267,BOUYGUES TELECOM,"LTE 700, LTE 800",CHEMIN DES PRES GUILLAUMETS (LES PRÉS GUILLAUMETS) 89100 ST CLEMENT,89338,"48.2222,3.2978",Pylône autostable,"30,5m",PHOENIX FRANCE INFRASTRUCTURES,2026-07-30,ALL,,False,True
3271279,ORANGE,"LTE 800, LTE 1800, LTE 2100, LTE 2600, 5G NR 700, 5G NR 3500",106 AVENUE DES GOUMIERS 13008 MARSEILLE 08,13208,"43.2472,5.3811",Immeuble,17m,"Copropriété, Syndic, SCI",2026-07-15,ALL,,False,True
3272322,BOUYGUES TELECOM,"LTE 700, LTE 800",CHEMIN DE CHALANDRIER (CHALENDRIER) 38330 ST NAZAIRE LES EYMES,38431,"45.2619,5.8522",Pylône autostable,30m,TOTEM,2026-07-30,ALL,,False,True
3272381,BOUYGUES TELECOM,"UMTS 900, LTE 700, LTE 800",2 KEROUAL D'EN HAUT ROUTE LES KAOLINS (PARC POUL ORN) 56320 LANVENEGEN,56105,"48.0108,-3.5733",Pylône autostable,"45,3m",BOUYGUES,2026-07-08,ALL,,True,True
3272381,SFR,"UMTS 900, LTE 700, LTE 800",2 KEROUAL D'EN HAUT ROUTE LES KAOLINS (PARC POUL ORN) 56320 LANVENEGEN,56105,"48.0108,-3.5733",Pylône autostable,"45,3m",BOUYGUES,2026-07-07,ALL,,True,True
3272383,BOUYGUES TELECOM,"LTE 700, LTE 800, LTE 1800, LTE 2600, 5G NR 2100",LA FONTAINE POCÉ DEPARTEMENTALE 87 49700 DOUE EN ANJOU,49125,"47.1794,-0.2628",Pylône autostable,"38,5m",BOUYGUES,2026-07-16,ALL,,False,True
3272383,SFR,"LTE 700, LTE 800, LTE 1800, LTE 2600, 5G NR 2100",LA FONTAINE POCÉ DEPARTEMENTALE 87 49700 DOUE EN ANJOU,49125,"47.1794,-0.2628",Pylône autostable,"38,5m",BOUYGUES,2026-07-17,ALL,,False,True
3272401,ORANGE,UMTS 900,D655 LE MAS (LE BOURG) 43410 LEOTOING,43121,"45.3603,3.2258",Pylône autostable,24m,TOTEM,2026-07-03,ALL,,True,False
3272401,SFR,"UMTS 900, LTE 700, LTE 800",D655 LE MAS (LE BOURG) 43410 LEOTOING,43121,"45.3603,3.2258",Pylône autostable,24m,TOTEM,2026-07-13,ALL,,True,True
3272407,BOUYGUES TELECOM,"LTE 700, LTE 800, LTE 1800, LTE 2100, LTE 2600, 5G NR 2100",ROUTE DU DOURON (KERDEUNNET) 29650 PLOUIGNEAU,29199,"48.545,-3.6592",Pylône autostable,"36,5m",PHOENIX FRANCE INFRASTRUCTURES,2026-07-23,ALL,,False,True
3272407,SFR,"LTE 700, LTE 800, LTE 1800, LTE 2600, 5G NR 2100",ROUTE DU DOURON (KERDEUNNET) 29650 PLOUIGNEAU,29199,"48.545,-3.6592",Pylône autostable,"36,5m",PHOENIX FRANCE INFRASTRUCTURES,2026-07-23,ALL,,False,True
3272687,BOUYGUES TELECOM,"LTE 1800, LTE 2600, 5G NR 2100",60 RUE DE LIERS 91240 ST MICHEL SUR ORGE,91570,"48.6339,2.3158",Immeuble,"39,7m","Copropriété, Syndic, SCI",2026-07-16,ALL,,False,False
3272780,BOUYGUES TELECOM,UMTS 900,ROUTE DEPARTEMENTALE 5 4 ROUTE DE CARREYRE (LE MOULIN VIEUX) 33680 SAUMOS,33503,"44.8875,-0.9917",Pylône autostable,"42,5m",TDF,2026-07-25,ALL,,False,True
3272780,SFR,"UMTS 900, LTE 700, LTE 800, LTE 1800, LTE 2100, LTE 2600, 5G NR 2100",ROUTE DEPARTEMENTALE 5 4 ROUTE DE CARREYRE (LE MOULIN VIEUX) 33680 SAUMOS,33503,"44.8875,-0.9917",Pylône autostable,"42,5m",TDF,2026-07-23,ALL,,False,True
3273022,FREE MOBILE,LTE 700,ENGAZEN (CANTEPERIC) 31380 ROQUESERIERE,31459,"43.7208,1.63",Pylône autostable,42m,TDF,2026-07-20,ALL,,True,False
3273106,ORANGE,"LTE 1800, LTE 2100, 5G NR 3500",RUE DE L'EGALITÉ 90330 CHAUX,90023,"47.7108,6.8272",Pylône autostable,24m,ORANGE,2026-06-29,ART,,False,False
3273137,BOUYGUES TELECOM,"LTE 700, LTE 800, LTE 1800, LTE 2600, 5G NR 2100",1 KERVENARC HANT D712 (RUNDUIC) 29410 PLEYBER CHRIST,29163,"48.5347,-3.8725",Pylône autostable,30m,TOTEM,2026-07-16,ALL,,False,True
3273137,SFR,"LTE 700, LTE 800, LTE 1800, LTE 2600, 5G NR 2100",1 KERVENARC HANT D712 (RUNDUIC) 29410 PLEYBER CHRIST,29163,"48.5347,-3.8725",Pylône autostable,30m,TOTEM,2026-07-17,ALL,,False,True
3273337,Gouv Nelle Calédonie (OPT),"UMTS 2100, LTE 800, LTE 1800",BOULARI SENTIER DE LA THY (LES MANDARINIERS) 98876 LE MONT DORE,98817,"-22.2217,166.5272",Mât béton,12m,Office des Postes et Télécom,2026-06-30,ART,,False,True
3273485,ORANGE,GSM 900,"AUTOCOMMUTATEUR FT, 1310 ROUTE DE LOMBEZ D634 32600 ENDOUFIELLE",32121,"43.5658,1.0286",Pylône autostable,24m,TOTEM,1997-06-20,SUP,,False,False
3273794,Gouv Nelle Calédonie (OPT),"UMTS 900, LTE 800", (KOPETO LAVERIE) 98825 POUEMBOUT,98825,"-21.1714,165.0247",Pylône autostable,8m,Société Privée,,AJO,,False,True
3274120,SFR,"UMTS 900, LTE 700, LTE 800",CHEMIN DU PUECH ROUGE (PUECH LAMADE) 81120 FAUCH,81088,"43.8328,2.2672",Pylône autostable,30m,SFR,2026-07-27,ALL,,True,True
3274687,ORANGE,"LTE 800, LTE 1800, LTE 2100, 5G NR 700, 5G NR 3500",RUE DU 8 MAI (LES PETITES BARRES) 36200 ST MARCEL,36200,"46.5928,1.5322",Pylône autostable,36m,TOTEM,2026-07-22,ALL,,False,True
3276628,FREE MOBILE,LTE 700,ROUTE DE DEVEAUX VC N°42 (LA GRANGE) 03220 TREZELLES,03291,"46.3383,3.6025",Pylône autostable,36m,TOTEM,2026-07-20,ALL,,True,False
3276658,ORANGE,"LTE 1800, LTE 2100, LTE 2600, 5G NR 3500",ROUTE DE SAUSSAN CIMETIÈRE DU HAUT (LOUS CLAITS) 34690 FABREGUES,34095,"43.5594,3.7761",Pylône tubulaire,29m,CELLNEX,2026-06-30,ART,,False,False
3276663,BOUYGUES TELECOM,LTE 2100,9001 AV DU 8 MAI 1945 93440 DUGNY,93030,"48.9467,2.4344",Bâtiment,"19,6m",Société Privée,,SUP,,False,True
3276963,BOUYGUES TELECOM,"LTE 700, LTE 800, LTE 1800, LTE 2100, LTE 2600, 5G NR 2100",4 ROUTE DE VARANGES CHEMIN RURAL N°8 (LES HERBUES) 21110 ROUVRES EN PLAINE,21532,"47.2383,5.1611",Pylône autostable,36m,TDF,2026-07-25,ALL,,False,True
3278091,ORANGE,LTE 800,23 ROUTE DE ST JEAN 05000 GAP,05061,"44.5361,6.0494",Mât,12m,ORANGE,2026-07-20,ALL,,False,True
3278371,FREE MOBILE,5G NR 700,ROUTE DU SAZ (LA MAISON NEUVE) 44240 LA CHAPELLE SUR ERDRE,44035,"47.3094,-1.5733",Pylône autostable,36m,FREE-MOBILE,2026-07-24,ALL,,False,False
3280281,ORANGE,"LTE 700, LTE 800",ROUTE DE BOS FOULU (BOS FOULU) 87800 BURGNAC,87025,"45.7375,1.1572",Pylône autostable,36m,TOTEM,2026-07-27,ALL,,False,True
3280446,BOUYGUES TELECOM,"LTE 700, LTE 800", (CHANEAU) 54600 VILLERS LES NANCY,54578,"48.6644,6.1581",Bâtiment,"29,5m",Société Privée,2026-07-13,ALL,,False,True
3281595,BOUYGUES TELECOM,"UMTS 900, LTE 700, LTE 800",ROUTE DES MOULINS (LE PETIT MOULIN) 24140 QUEYSSAC,24345,"44.9114,0.5336",Pylône autostable,42m,TDF,2026-07-29,ALL,,True,True
3282502,FREE MOBILE,LTE 700,EN FACE DE LA ROUTE LA BOUCLE DU FOUR À PAIN (LA SALESSE) 48200 RIMEIZE,48128,"44.7642,3.3375",Pylône autostable,24m,TOTEM,2026-07-20,ALL,,True,False
3282617,SFR,"UMTS 900, LTE 700, LTE 800",VOIE COMMNALE N°18 (LA BERTROUDE) 48700 LES LAUBIES,48083,"44.6828,3.4256",Pylône autostable,24m,TOTEM,,AJO,,True,True
3282750,SFR,"UMTS 900, LTE 700, LTE 800",CHEM DES MIAUX (LA CHARGE) 26410 BOULC,26055,"44.6264,5.6025",Pylône autostable,"30,3m",CELLNEX,,AJO,,True,True
328337,ORANGE,GSM 900, (BOURBON) 47150 LACAPELLE BIRON,47123,"44.5903,0.8997",Pylône autostable,30m,Conseil Départemental,2006-09-23,SUP,,True,False
3283566,BOUYGUES TELECOM,"UMTS 900, LTE 700, LTE 800",LOT DE LA FORÊT BECKERHOLZ (PETITE KALENHOVEN) 57320 FILSTROFF,57213,"49.3228,6.5156",Pylône autostable,36m,SFR,2026-07-29,ALL,,True,True
3283566,FREE MOBILE,LTE 700,LOT DE LA FORÊT BECKERHOLZ (PETITE KALENHOVEN) 57320 FILSTROFF,57213,"49.3228,6.5156",Pylône autostable,36m,SFR,2026-07-20,ALL,,True,False
328357,ORANGE,GSM 900,PRÉS D74_CHATEAU D'EAU (GRAND ROGER) 82400 GASQUES,82065,"44.1594,0.9319",Château d'eau - réservoir,30m,"Syndicat des eaux, Adduction",2006-09-23,SUP,,True,False
3284031,BOUYGUES TELECOM,"UMTS 900, LTE 700, LTE 800",CHEMIN RURAL DIT ROSSBERGWEG (SCHWIEBACH) 68690 MOOSCH,68217,"47.8475,7.0244",Pylône autostable,42m,HIVORY,2026-07-29,ALL,,True,True
3284031,ORANGE,UMTS 900,CHEMIN RURAL DIT ROSSBERGWEG (SCHWIEBACH) 68690 MOOSCH,68217,"47.8475,7.0244",Pylône autostable,42m,HIVORY,2026-06-25,ART,,True,True
3284090,BOUYGUES TELECOM,"LTE 700, LTE 800, LTE 1800, LTE 2100, LTE 2600, 5G NR 2100",LE PETIT NETILLY (FAMILY PARK) 37260 MONTS,37159,"47.2603,0.6689",Pylône autostable,30m,PHOENIX FRANCE INFRASTRUCTURES,,AJO,,False,True
3284163,ORANGE,UMTS 900,"ROUTE COMMUNALE ""SUR LE BRIEF"" (LANCHIRON) 25330 LONGEVILLE",25346,"47.025,6.2236",Pylône autostable,30m,TOTEM,2026-07-02,ALL,,True,False
3284163,SFR,UMTS 900,"ROUTE COMMUNALE ""SUR LE BRIEF"" (LANCHIRON) 25330 LONGEVILLE",25346,"47.025,6.2236",Pylône autostable,30m,TOTEM,2026-07-03,ALL,,True,True
3286703,BOUYGUES TELECOM,"LTE 700, LTE 800, LTE 1800, LTE 2100, LTE 2600, 5G NR 2100",ALLÉE DES BOISSELÉES (LE GRAND VAUVERT) 41200 ROMORANTIN LANTHENAY,41194,"47.3692,1.7581",Pylône autostable,42m,PHOENIX FRANCE INFRASTRUCTURES,,AJO,,False,True
3286958,ORANGE,5G NR 3500,3 RUE DES BALISES POINTE DU MAHURY 97354 REMIRE MONTJOLY,97309,"4.8608,-52.2586",Pylône autostable,"50,7m",TDF,2026-06-26,ART,,False,True
3287050,ORANGE,"LTE 800, 5G NR 700",39 RUE LAMARTINE 92500 RUEIL MALMAISON,92063,"48.8794,2.1983",Immeuble,20m,Société HLM,2026-07-22,AJA,,False,True
3287050,ORANGE,"LTE 1800, LTE 2100, LTE 2600, 5G NR 3500",39 RUE LAMARTINE 92500 RUEIL MALMAISON,92063,"48.8794,2.1983",Immeuble,20m,Société HLM,2026-06-30,AJR,,False,True
3287311,BOUYGUES TELECOM,"UMTS 900, LTE 700, LTE 800",CHEMIN DE LA CROIX (AU MURAT) 42220 COLOMBIER,42067,"45.3481,4.5811",Pylône autostable,24m,PHOENIX FRANCE INFRASTRUCTURES,2026-08-10,AAV,,True,True
3287697,FREE MOBILE,LTE 700,ROUTE DE CONDÉ EN FACE DE LA D54  14770 CONDE EN NORMANDIE,14174,"48.9164,-0.5719",Pylône autostable,30m,TOTEM,2026-07-20,ALL,,True,False
3288033,SFR,"UMTS 900, LTE 700, LTE 800",LE CLUOT VILLARS LA CROIX 06260 LA CROIX SUR ROUDOULE,06051,"43.9856,6.8581",Pylône autostable,18m,BOUYGUES,,AJO,,True,True
3288076,ORANGE,"UMTS 900, LTE 1800, LTE 2100, LTE 2600, 5G NR 3500",RUE DU STILETTO (TERASSES DU STILETTO) 20167 AJACCIO,2A004,"41.9481,8.7711",Immeuble,21m,"Copropriété, Syndic, SCI",2026-06-19,ART,,False,False
3288509,BOUYGUES TELECOM,LTE 2100,CHEMIN DES SPORTS 31140 LAUNAGUET,31282,"43.6689,1.4606",Pylône tubulaire,"30,5m",CELLNEX,,SUP,,False,True
3288530,BOUYGUES TELECOM,"UMTS 900, LTE 700, LTE 800",CHEMIN  RURAL DIT TERRADE (LASSERE) 65670 BAZORDAN,65074,"43.2231,0.5397",Pylône autostable,"35,3m",SFR,2026-07-29,ALL,,True,True
3288530,FREE MOBILE,LTE 700,CHEMIN  RURAL DIT TERRADE (LASSERE) 65670 BAZORDAN,65074,"43.2231,0.5397",Pylône autostable,"35,3m",SFR,2026-07-20,ALL,,True,False
3288671,FREE MOBILE,"LTE 700, LTE 1800, 5G NR 700",ROUTE D'ANOST CHEMIN RURAL DIT DES PALLUETTES (LES PETITES CHEINTRES) 58430 ARLEUF,58010,"47.0492,4.0411",Pylône autostable,"42,3m",ATC FRANCE,2026-07-24,ALL,,False,True
3289999,BOUYGUES TELECOM,5G NR 3500,30 RUE DE MONTRIBLOUD 69160 TASSIN LA DEMI LUNE,69244,"45.7667,4.7889",Immeuble,24m,"Copropriété, Syndic, SCI",,AJO,,False,False
3290384,SFR,"UMTS 900, LTE 700, LTE 800",ROUTE DES ALPES DEPARTEMENTALE 994 (CHAMP ROURE) 05150 MOYDANS,05091,"44.4036,5.5081",Pylône autostable,"12,6m",BOUYGUES,,AJO,,True,True
3290462,BOUYGUES TELECOM,"LTE 700, LTE 800, LTE 1800, LTE 2100, LTE 2600, 5G NR 2100",CHEMIN DE LA CROIX (LA CROIX) 42560 BOISSET ST PRIEST,42021,"45.5206,4.1017",Pylône autostable,"24,5m",PHOENIX FRANCE INFRASTRUCTURES,,SUP,,False,True
3290670,BOUYGUES TELECOM,"LTE 700, LTE 800",MAIL CHARLES PIERRE 29 RUE DES BORNES STADE DE LA ROTONDE (GROSSNEUGEBREIT) 67200 STRASBOURG,67482,"48.5872,7.7217",Pylône autostable,30m,TOTEM,2026-07-13,ALL,,False,True
3291470,ORANGE,UMTS 900,"CHEMIN DE LA LIZE (EURL DE LA LIZE, VINAGRES) 81120 LAMILLARIE",81133,"43.8547,2.1547",Pylône autostable,"24,3m",ORANGE,2026-06-30,ART,,True,False
3291470,SFR,"UMTS 900, LTE 700, LTE 800","CHEMIN DE LA LIZE (EURL DE LA LIZE, VINAGRES) 81120 LAMILLARIE",81133,"43.8547,2.1547",Pylône autostable,"24,3m",ORANGE,2026-07-17,AJA,,True,True
3291479,ORANGE,"UMTS 900, LTE 700, LTE 800, LTE 1800, 5G NR 2100",RUE LE BUISSON (ZA LA LUCERIE) 50370 BRECEY,50074,"48.7231,-1.1778",Pylône autostable,36m,TOTEM,2026-07-15,ALL,,False,True
329207,ORANGE,GSM 900, (LA BOUZIGUE) 09000 BRASSAC,09066,"42.9436,1.5378",Pylône autostable,24m,TOTEM,2006-09-30,SUP,,True,False
3292268,BOUYGUES TELECOM,LTE 2100,1190 AV DE LA RÉSISTANCE 83200 TOULON,83137,"43.1136,5.9578",Immeuble,"13,4m","Copropriété, Syndic, SCI",,SUP,,False,True
3292344,TELCO OI,LTE 2100,8 IMPASSE COCO MZOURI 97600 KOUNGOU,97610,"-12.7453,45.2225",Pylône autostable,20m,Telco OI,2025-06-03,ART,,False,False
3292356,SFR,"UMTS 900, LTE 700, LTE 800, LTE 1800, LTE 2100, LTE 2600, 5G NR 3500",824 AVENUE JEAN JAURÈS 77190 DAMMARIE LES LYS,77152,"48.5256,2.6422",Pylône tubulaire,25m,SFR,2026-06-12,SUP,,False,False
3292375,ORANGE,"LTE 800, 5G NR 700",ROUTE DE LA PLAINE (LES CHAMPAGNES) 58640 VARENNES VAUZELLES,58303,"47.0269,3.1556",Pylône autostable,"38,9m",ON TOWER FRANCE,2026-07-31,AAV,,False,True
3292400,SFR,"UMTS 900, LTE 700, LTE 800",CHEMIN DE MALABUISSE MALABUISSE (CARNOULES EST) 30140 ST SEBASTIEN D AIGREFEUILLE,30298,"44.1292,4.0022",Pylône autostable,"18,3m",BOUYGUES,,AJO,,True,True
3292725,BOUYGUES TELECOM,LTE 800, (LA CHAMARY) 42120 ST VINCENT DE BOISSET,42294,"46.0025,4.1078",Mât,"13,8m",BOUYGUES,2026-07-22,ALL,,False,True
3292725,SFR,"UMTS 900, LTE 800, LTE 1800, LTE 2100, LTE 2600, 5G NR 2100", (LA CHAMARY) 42120 ST VINCENT DE BOISSET,42294,"46.0025,4.1078",Mât,"13,8m",BOUYGUES,,AJO,,False,True
3292751,SFR,LTE 2100,18 ROUTE DE SAN MARTINO 20200 SAN MARTINO DI LOTA,2B305,"42.7217,9.4517",Bâtiment,16m,Particulier,2026-07-17,AJA,,False,False
3293694,ORANGE,"UMTS 900, LTE 700, LTE 800",CHEMIN D'EXPLOITATION STATION EPURATION PROCHE DEPARTEMENTALE 916 (GARRIGUES ALTES) 66130 BOULETERNERE,66023,"42.6597,2.5911",Pylône autostable,"24,4m",BOUYGUES,,AJO,,True,True
3293903,SRR,"GSM 900, UMTS 900, LTE 700, LTE 800, LTE 1800, LTE 2100, LTE 2600, 5G NR 3500",102 RUE BE SODROU 97630 ACOUA,97601,"-12.7206,45.06",Pylône tubulaire,"16,3m",Société Réunionnaise de Radiotéléphonie,,AJO,,False,True
3294012,BOUYGUES TELECOM,"LTE 700, LTE 800, 5G NR 2100",14 AV CHARLES DE GAULLE RÉSIDENCE PAUL CLAUDEL 69800 ST PRIEST,69290,"45.7033,4.9331",Immeuble,22m,"Copropriété, Syndic, SCI",2026-07-30,ALL,,False,True
3295225,ORANGE,"LTE 700, LTE 800, LTE 1800, 5G NR 2100",2 LA SALMONDIERE 28480 LA CROIX DU PERCHE,28119,"48.2711,1.0408",Pylône autostable,36m,ATC FRANCE,2026-07-15,ALL,,False,True
3295418,SFR,"LTE 700, LTE 800, LTE 1800, LTE 2100, LTE 2600, 5G NR 2100, 5G NR 3500",17 ROUTE DE LA MER (LE RANCH) 85340 LES SABLES D OLONNE,85194,"46.5447,-1.8094",Pylône autostable,"25,4m",BOUYGUES,,AJO,,False,True
3295917,BOUYGUES TELECOM,"LTE 1800, LTE 2600",5 RUE ANDRE AMPERE 85310 LA CHAIZE LE VICOMTE,85046,"46.6661,-1.335",Pylône autostable,"28,5m",BOUYGUES,2026-07-16,ALL,,False,False
3295917,SFR,"LTE 700, LTE 800, LTE 1800, LTE 2600, 5G NR 2100",5 RUE ANDRE AMPERE 85310 LA CHAIZE LE VICOMTE,85046,"46.6661,-1.335",Pylône autostable,"28,5m",BOUYGUES,2026-07-17,AJA,,False,True
3295917,SFR,LTE 2100,5 RUE ANDRE AMPERE 85310 LA CHAIZE LE VICOMTE,85046,"46.6661,-1.335",Pylône autostable,"28,5m",BOUYGUES,,AJO,,False,True
3295928,ORANGE,"LTE 700, LTE 800",CÔTE DE CAPSUS (SARRABÈRE) 64530 LIVRON,64344,"43.23,-0.1222",Pylône autostable,36m,ATC FRANCE,2026-07-27,ALL,,False,True
3296024,BOUYGUES TELECOM,"UMTS 900, LTE 700, LTE 800",ROUTE DE LA HAYE DEPARTEMENTALE 87 (LES CHAMPS MACE) 35120 BROUALAN,35044,"48.4719,-1.6431",Pylône autostable,"30,5m",BOUYGUES,2026-07-22,ALL,,True,True
3296024,ORANGE,"UMTS 900, LTE 700, LTE 800",ROUTE DE LA HAYE DEPARTEMENTALE 87 (LES CHAMPS MACE) 35120 BROUALAN,35044,"48.4719,-1.6431",Pylône autostable,"30,5m",BOUYGUES,2026-06-25,ART,,True,True
3296024,SFR,"UMTS 900, LTE 700, LTE 800",ROUTE DE LA HAYE DEPARTEMENTALE 87 (LES CHAMPS MACE) 35120 BROUALAN,35044,"48.4719,-1.6431",Pylône autostable,"30,5m",BOUYGUES,2026-07-09,AJA,,True,True
3296073,SFR,"UMTS 900, LTE 700, LTE 800, LTE 1800, LTE 2100, LTE 2600, 5G NR 2100",LES BROUSSES (LANDE DU MOULIN A VENT) 56490 GUILLIERS,56080,"48.0267,-2.4233",Pylône autostable,48m,CELLNEX,,AJO,,False,True
3296240,BOUYGUES TELECOM,"LTE 700, LTE 800",CHEM DU PETIT PLAN CANAL DE PROVENCE (LE GRAND PLAN) 83870 SIGNES,83127,"43.2842,5.8811",Pylône autostable,18m,CELLNEX,2026-07-15,ALL,,False,True
3296340,BOUYGUES TELECOM,5G NR 3500,49 R DE LA RÉPUBLIQUE 28300 MAINVILLIERS,28229,"48.4475,1.4731",Immeuble,"21,1m",Société HLM,,AJO,,False,True
3296340,BOUYGUES TELECOM,LTE 2100,49 R DE LA RÉPUBLIQUE 28300 MAINVILLIERS,28229,"48.4475,1.4731",Immeuble,"21,1m",Société HLM,,SUP,,False,True
3296381,BOUYGUES TELECOM,"LTE 700, LTE 800, LTE 1800, LTE 2100, LTE 2600, 5G NR 2100",ROUTE DE HUNON (VILLEFOLLET) 49490 NOYANT VILLAGES,49228,"47.5083,0.1872",Pylône autostable,24m,BOUYGUES,2026-07-16,ALL,,False,True
3296381,SFR,"LTE 700, LTE 800, LTE 1800, LTE 2600, 5G NR 2100",ROUTE DE HUNON (VILLEFOLLET) 49490 NOYANT VILLAGES,49228,"47.5083,0.1872",Pylône autostable,24m,BOUYGUES,2026-07-17,AJA,,False,True
3296381,SFR,LTE 2100,ROUTE DE HUNON (VILLEFOLLET) 49490 NOYANT VILLAGES,49228,"47.5083,0.1872",Pylône autostable,24m,BOUYGUES,,AJO,,False,True
3296943,BOUYGUES TELECOM,"LTE 700, LTE 800",4 IMP RENÉ MOUCHOTTE 31500 TOULOUSE,31555,"43.5842,1.4931",Bâtiment,"16,1m",Société Privée,2026-07-15,ALL,,False,True
3297279,BOUYGUES TELECOM,"UMTS 900, LTE 700, LTE 800",COMBE AUBERT 34520 ST MAURICE NAVACELLES,34277,"43.8464,3.445",Pylône autostable,"12,2m",PHOENIX FRANCE INFRASTRUCTURES,2026-06-27,ART,,True,True
3297289,BOUYGUES TELECOM,"LTE 700, LTE 800, LTE 1800, LTE 2600, 5G NR 2100, 5G NR 3500",60 ALLÉE DE LA CARAFIOLE 55100 VERDUN,55545,"49.1544,5.4044",Bâtiment,15m,"Copropriété, Syndic, SCI",2026-07-25,ALL,,False,True
3297289,SFR,"LTE 700, LTE 800, LTE 1800, LTE 2600, 5G NR 2100",60 ALLÉE DE LA CARAFIOLE 55100 VERDUN,55545,"49.1544,5.4044",Bâtiment,15m,"Copropriété, Syndic, SCI",2026-07-13,ALL,,False,False
3297406,BOUYGUES TELECOM,"LTE 700, LTE 800, LTE 1800, LTE 2600, 5G NR 2100, 5G NR 3500",13 PL CARNOT 83990 ST TROPEZ,83119,"43.2697,6.6414",Pylône tubulaire,18m,BOUYGUES,2026-07-15,ALL,,False,True
3297406,SFR,"LTE 700, LTE 800, LTE 1800, LTE 2600, 5G NR 2100, 5G NR 3500",13 PL CARNOT 83990 ST TROPEZ,83119,"43.2697,6.6414",Pylône tubulaire,18m,BOUYGUES,2026-07-17,AJA,,False,True
3297406,SFR,LTE 2100,13 PL CARNOT 83990 ST TROPEZ,83119,"43.2697,6.6414",Pylône tubulaire,18m,BOUYGUES,,AJO,,False,True
3297756,ORANGE,"LTE 800, LTE 1800, LTE 2100, LTE 2600, 5G NR 700, 5G NR 3500",306 SQUARE AUGUSTE RENOIR 78190 TRAPPES,78621,"48.7794,1.9781",Immeuble,16m,Société HLM,2026-04-27,ART,,False,True
3297858,BOUYGUES TELECOM,"UMTS 900, LTE 700, LTE 800",CHEMIN DU BON-MICHEL À LA LAIRE (LES NOISETTES) 63160 EGLISENEUVE PRES BILLOM,63146,"45.7128,3.405",Pylône autostable,45m,SFR,2026-07-29,ALL,,True,True
3298180,BOUYGUES TELECOM,"LTE 700, LTE 800, LTE 1800, LTE 2600, 5G NR 2100",2 CHAUSSÉE BRUNEHAUT 59277 RIEUX EN CAMBRESIS,59502,"50.2097,3.345",Pylône autostable,"30,3m",HIVORY,2026-07-11,ALL,,False,True
3298180,SFR,"LTE 700, LTE 800, LTE 1800, LTE 2600, 5G NR 2100",2 CHAUSSÉE BRUNEHAUT 59277 RIEUX EN CAMBRESIS,59502,"50.2097,3.345",Pylône autostable,"30,3m",HIVORY,2026-07-03,ALL,,False,True
3298268,ORANGE,"LTE 1800, 5G NR 2100",11 ROUTE CLÉMENT PELISSIER (LE MADELMONT) 19460 NAVES,19146,"45.3056,1.7758",Pylône autostable,"36,2m",TDF,2026-07-16,ALL,,False,False
3298467,ORANGE,"LTE 700, LTE 800, LTE 1800, LTE 2600, 5G NR 2100",CHEMIN DU BOUCHET (MONT BERTAUD) 38110 CESSIEU,38064,"45.5786,5.3817",Pylône autostable,30m,ATC FRANCE,2026-06-25,ART,,False,True
3298770,SFR,"LTE 700, LTE 800, LTE 1800, LTE 2100, LTE 2600, 5G NR 2100",AV DE LA PIERRE VALLEE 50220 POILLEY,50407,"48.6236,-1.3256",Pylône autostable,"36,3m",CELLNEX,,AJO,,False,True
3299161,SFR,"LTE 700, LTE 800, LTE 1800, LTE 2100, LTE 2600, 5G NR 2100",CHEMIN D'EXPLOITATION 7 PROCHE RUE DU CHEMIN DE MAURE (LES FOURNEAUX) 61250 DAMIGNY,61143,"48.455,0.0733",Pylône autostable,"36,5m",BOUYGUES,,AJO,,False,True
3299515,SFR,LTE 2100,2 RUE GEORGES GAUDOT 25000 BESANCON,25056,"47.2494,5.9958",Bâtiment,"24,8m",Société Privée,,SUP,,False,True
3299570,BOUYGUES TELECOM,"LTE 700, LTE 800, LTE 1800, LTE 2100, LTE 2600, 5G NR 2100, 5G NR 3500",621 ROUTE DE CANAVAGGIA T11 20290 BORGO,2B042,"42.5692,9.4469",Pylône autostable,21m,SFR,,AJO,,False,True
3300279,BOUYGUES TELECOM,"LTE 700, LTE 800, LTE 1800, LTE 2100, LTE 2600, 5G NR 2100",9 RUE DU VERNOIS (LES VERNES) 25460 ETUPES,25228,"47.5061,6.8753",Pylône tubulaire,"31,7m",FREE-MOBILE,,AJO,,False,True
3300295,BOUYGUES TELECOM,"LTE 700, LTE 800, LTE 1800, LTE 2100, LTE 2600, 5G NR 2100",CHEMIN LE CHIROU (LE PAINCOURT) 87160 ST SULPICE LES FEUILLES,87182,"46.3194,1.3831",Pylône autostable,"30,4m",PHOENIX FRANCE INFRASTRUCTURES,,AJO,,False,True
3300511,BOUYGUES TELECOM,"LTE 700, LTE 800",16 F RUE DE LA CÔTE RÉSIDENCE DE LA CURE D'AIR 54100 NANCY,54395,"48.6933,6.1614",Immeuble,"49,7m","Copropriété, Syndic, SCI",2026-07-13,ALL,,False,True
3300974,SFR,"LTE 700, LTE 800, LTE 1800, LTE 2100, LTE 2600, 5G NR 2100",RUE JEAN JACQUES ROUSSEAU 28500 VERNOUILLET,28404,"48.7303,1.3425",Pylône tubulaire,32m,ON TOWER FRANCE,,AJO,,False,True
3301126,ORANGE,"LTE 800, LTE 1800, LTE 2100, LTE 2600, 5G NR 700, 5G NR 3500",10 AVENUE DE L'ÉNERGIE 59560 COMINES,59152,"50.7706,3.0164",Pylône autostable,40m,ORANGE,2026-07-06,ALL,,False,True
3301787,BOUYGUES TELECOM,"LTE 700, LTE 800",29 RTE D'ORGON 13810 EYGALIERES,13034,"43.7611,4.9542",Pylône arbre,20m,BOUYGUES,2026-07-30,ALL,,False,True
3301789,BOUYGUES TELECOM,"LTE 700, LTE 800, LTE 1800, LTE 2100, LTE 2600, 5G NR 2100",AV THABAUD BOISLAREINE (LES OUCHES) 36230 NEUVY ST SEPULCHRE,36141,"46.5908,1.8189",Pylône autostable,"36,3m",PHOENIX FRANCE INFRASTRUCTURES,,AJO,,False,True
3302367,ZEOP,"UMTS 900, LTE 700, LTE 1800, LTE 2100, LTE 2600",ROUTE DÉPARTEMENTALE 52 97433 SALAZIE,97421,"-21.0319,55.5353",Mât béton,16m,ZEOP,2026-06-29,ART,,False,True
3302383,BOUYGUES TELECOM,"UMTS 900, LTE 700, LTE 800",RUE DE LA BAGUE (LA FARGUE NOVA) 66360 NYER,66123,"42.5333,2.2733",Pylône autostable,"24,3m",SFR,2026-07-29,ALL,,True,True
3302383,ORANGE,UMTS 900,RUE DE LA BAGUE (LA FARGUE NOVA) 66360 NYER,66123,"42.5333,2.2733",Pylône autostable,"24,3m",SFR,2026-06-18,ART,,True,True
3303929,BOUYGUES TELECOM,"LTE 700, LTE 800, LTE 1800, LTE 2100, LTE 2600, 5G NR 2100",CHEM DES BAGNEAUX (LES ORMETEAUX) 45130 ST AY,45269,"47.8706,1.7508",Pylône autostable,42m,TOTEM,,AJO,,False,True
3304242,ORANGE,"LTE 2100, LTE 2600, 5G NR 700, 5G NR 3500","21, CHEMIN DE DEVEZE 31220 CAZERES",31135,"43.2172,1.09",Château d'eau - réservoir,"44,3m","Commune, communauté de communes",,AJO,,False,False
3304242,ORANGE,LTE 700,"21, CHEMIN DE DEVEZE 31220 CAZERES",31135,"43.2172,1.09",Château d'eau - réservoir,"44,3m","Commune, communauté de communes",2020-11-16,SUP,,False,False
3304353,SFR,"LTE 700, LTE 800, LTE 1800, LTE 2100, LTE 2600, 5G NR 2100", (LES PLACES) 37140 BENAIS,37024,"47.2944,0.1975",Pylône autostable,37m,BOUYGUES,,AJO,,False,True
3304424,ORANGE,"LTE 800, 5G NR 700",18 RUE DU MAQUIS DE VIGNES OUDIDES 33180 ST ESTEPHE,33395,"45.2633,-0.7744",Pylône tubulaire,"11,8m",Société Privée,2026-07-15,ALL,,False,True
3304964,SFR,"LTE 700, LTE 800, LTE 1800, LTE 2100, LTE 2600, 5G NR 2100",LES PETITS CHAMPS ROUTE DE LA LIGNE 58330 ST SAULGE,58267,"47.1069,3.5086",Pylône autostable,26m,PHOENIX FRANCE INFRASTRUCTURES,,AJO,,False,True
3305057,ORANGE,"LTE 800, 5G NR 700",13 RUE DES IMMORTELLES AVENUE JEAN LAFITTE 33990 HOURTIN,33203,"45.2228,-1.1658",Pylône tubulaire,"11,8m",Société Privée,2026-07-15,ALL,,False,True
3305061,ORANGE,"LTE 800, 5G NR 700",5 AVENUE DE L'EUROPE (CIT DE RONCQ) 59223 RONCQ,59508,"50.7522,3.1397",Pylône tubulaire,30m,ORANGE,2026-08-03,AAV,,False,True
3305547,BOUYGUES TELECOM,"LTE 700, LTE 800",R DE TOURS 37150 BLERE,37027,"47.33,0.9833",Pylône autostable,36m,ON TOWER FRANCE,2026-07-15,ALL,,False,True
3305731,BOUYGUES TELECOM,"LTE 700, LTE 800, LTE 1800, LTE 2600, 5G NR 2100",CHEMIN RURAL DIT DES LUATS RUE SIMON (CHAMP SAINT-NICOLAS) 55800 CONTRISSON,55125,"48.8056,4.9686",Pylône autostable,30m,SFR,,AJO,,False,True
3305733,BOUYGUES TELECOM,"LTE 700, LTE 800, LTE 1800, LTE 2600, 5G NR 2100",RUE DU  POIRIER MORAUDEL (A EPREMONT) 55800 LAIMONT,55272,"48.8383,5.0319",Pylône autostable,30m,SFR,,AJO,,False,True
3305735,BOUYGUES TELECOM,"LTE 700, LTE 800, LTE 1800, LTE 2600, 5G NR 2100",RUE DE QUIEVELON (LE FOYAU) 59680 FERRIERE LA PETITE,59231,"50.2375,4.0433",Pylône autostable,30m,SFR,,AJO,,False,True
3305737,BOUYGUES TELECOM,"LTE 700, LTE 800, LTE 1800, LTE 2600, 5G NR 2100, 5G NR 3500",6 RUE DE TURENNE STADE MUNICIPAL 59123 BRAY DUNES,59107,"51.0733,2.5119",Pylône tubulaire,24m,SFR,,AJO,,False,True
3305743,BOUYGUES TELECOM,"LTE 700, LTE 800, LTE 1800, LTE 2600, 5G NR 2100, 5G NR 3500",ROUTE DE GERARDMER PARCELLE FORESTIÈRE (JEAN BEAULOUP) 88000 EPINAL,88160,"48.1622,6.5453",Pylône autostable,45m,SFR,,AJO,,False,True
3305751,BOUYGUES TELECOM,"UMTS 2100, LTE 700, LTE 800",D618B ROUTE DU VILLALTE THÉMIS SOLAIRE INNOVATION (VILLALTE) 66120 TARGASONNE,66202,"42.5011,1.9775",Pylône autostable,"12,3m",SFR,,AJO,,False,True
3305751,SFR,UMTS 900,D618B ROUTE DU VILLALTE THÉMIS SOLAIRE INNOVATION (VILLALTE) 66120 TARGASONNE,66202,"42.5011,1.9775",Pylône autostable,"12,3m",SFR,2026-07-10,AJA,,True,False
3305751,SFR,UMTS 2100,D618B ROUTE DU VILLALTE THÉMIS SOLAIRE INNOVATION (VILLALTE) 66120 TARGASONNE,66202,"42.5011,1.9775",Pylône autostable,"12,3m",SFR,,SUP,,True,False
3305960,BOUYGUES TELECOM,"LTE 700, LTE 800, LTE 1800, LTE 2100, LTE 2600, 5G NR 2100",CHEMIN DE LEVATON (DUCHE) 07400 MEYSSE,07157,"44.6139,4.7311",Pylône autostable,30m,SFR,,AJO,,False,True
3306018,ORANGE,"UMTS 900, LTE 800, LTE 1800, LTE 2100, 5G NR 700, 5G NR 3500",32 IMPASSE DU CHEMIN BLEU 35540 MINIAC MORVAN,35179,"48.5225,-1.915",Pylône autostable,42m,TOTEM,2026-07-09,ALL,,False,True
3306187,ORANGE,"LTE 800, LTE 1800, 5G NR 700, 5G NR 3500",CHEMIN RURAL DE VARS À PETOURET PROCHE STATION D'EPURATION (LES LICHOUX) 16330 LA BOIXE,16393,"45.7514,0.1175",Pylône autostable,30m,TOTEM,2026-07-17,ALL,,False,True
3306199,ORANGE,"LTE 800, LTE 1800, LTE 2100, 5G NR 700, 5G NR 3500",37A RUE FRÉDÉRIC CHOPIN 17100 LES GONDS,17179,"45.7131,-0.6036",Pylône autostable,30m,TOTEM,2026-07-16,ALL,,False,True
3306358,BOUYGUES TELECOM,"LTE 700, LTE 800, LTE 1800, LTE 2100, LTE 2600, 5G NR 2100",ROUTE  DEPARTEMENTALE N°229 (LARMAT) 63160 ST JULIEN DE COPPEL,63368,"45.6922,3.2975",Pylône autostable,36m,SFR,,AJO,,False,True
3306370,BOUYGUES TELECOM,"LTE 700, LTE 800, LTE 1800, LTE 2600, 5G NR 2100",ENTRE LES EAUX (CHARDONNERET ) 54840 GONDREVILLE,54232,"48.6967,5.9544",Pylône autostable,36m,HIVORY,,AJO,,False,True
3306372,BOUYGUES TELECOM,"UMTS 900, LTE 700, LTE 800",CHEMIN DE GIBAS (LA NARSE) 63290 CHATELDON,63102,"45.9619,3.5836",Pylône autostable,"30,3m",SFR,,AJO,,True,True
3306374,BOUYGUES TELECOM,"UMTS 900, LTE 700, LTE 800",CHEMIN RURAL DIT DU BERGOU (BERGOU) 65130 ESCONNETS,65162,"43.0664,0.2231",Pylône autostable,42m,SFR,,AJO,,True,True
3306374,SFR,"UMTS 900, LTE 700, LTE 800",CHEMIN RURAL DIT DU BERGOU (BERGOU) 65130 ESCONNETS,65162,"43.0664,0.2231",Pylône autostable,42m,SFR,2026-07-09,ALL,,True,True
3306376,BOUYGUES TELECOM,"LTE 700, LTE 800, LTE 1800, LTE 2600, 5G NR 2100",R.D. N°9 DE DIEMERINGEN À LA PETITE PIERRE (MUTZENFELD) 67320 OTTWILLER,67369,"48.8675,7.2481",Pylône autostable,36m,SFR,,AJO,,False,True
3306514,ORANGE,"LTE 800, LTE 1800, LTE 2100, LTE 2600, 5G NR 700, 5G NR 3500",1 AVENUE JOSEPH CALIZI 20220 L ILE ROUSSE,2B134,"42.6342,8.9403",Pylône haubané,12m,ORANGE,2026-06-25,ART,,False,True
3306929,SFR,"LTE 700, LTE 800, LTE 1800, LTE 2100, LTE 2600, 5G NR 2100",6 CHEMIN DES LITORDS 18520 BENGY SUR CRAON,18027,"47.0036,2.7419",Pylône autostable,"42,5m",PHOENIX FRANCE INFRASTRUCTURES,,AJO,,False,True
3306931,SFR,"LTE 700, LTE 800, LTE 1800, LTE 2100, LTE 2600, 5G NR 2100",RTE DE MORANNES (LE CLOTEAU) 72300 PINCE,72236,"47.7925,-0.3792",Pylône autostable,24m,CELLNEX,,AJO,,False,True
3306934,SFR,"LTE 700, LTE 800, LTE 1800, LTE 2600, 5G NR 2100",RUE DE ROGNY (LE SOUCHON) 45390 ECHILLEUSES,45131,"48.1625,2.45",Pylône autostable,24m,PHOENIX FRANCE INFRASTRUCTURES,,AJO,,False,True
3307079,SFR,"LTE 700, LTE 800, LTE 1800, LTE 2100, LTE 2600, 5G NR 2100",2 LA PIGALLERIE RUE DU PERCHE ET DE LA BEAUCE (LA DENISERIE) 28240 LES CORVEES LES YYS,28109,"48.365,1.1358",Pylône autostable,25m,PHOENIX FRANCE INFRASTRUCTURES,,AJO,,False,True
3307107,SFR,"LTE 700, LTE 800, LTE 1800, LTE 2100, LTE 2600, 5G NR 2100",331 RTE DU BOIS DE LA VACHE 28500 GARANCIERES EN DROUAIS,28170,"48.6972,1.2933",Pylône autostable,31m,PHOENIX FRANCE INFRASTRUCTURES,,AJO,,False,True
3307278,SFR,"LTE 700, LTE 800, LTE 1800, LTE 2100, LTE 2600, 5G NR 2100",R DU COUTIER (LE PRE SEC) 72400 CHERRE AU,72080,"48.1517,0.6794",Pylône autostable,"30,5m",PHOENIX FRANCE INFRASTRUCTURES,,AJO,,False,True
3307607,ORANGE,"LTE 800, LTE 1800, LTE 2100, LTE 2600, 5G NR 3500",D757 APURTIDDINCA PORT DE PORTO POLLO 20140 SERRA DI FERRO,2A276,"41.7069,8.795",Mât,12m,ORANGE,2026-06-19,ART,,False,False
3308382,BOUYGUES TELECOM,"LTE 700, LTE 800, LTE 1800, LTE 2600, 5G NR 2100",RUE DE FOLGENSBOURG (IM NEUENBERG) 68220 MICHELBACH LE HAUT,68208,"47.5611,7.4508",Pylône autostable,36m,HIVORY,,AJO,,False,True
3308623,BOUYGUES TELECOM,"LTE 700, LTE 800, LTE 1800, LTE 2100, LTE 2600, 5G NR 2100",CHEMIN RURAL VERS GAVARRET ROUTE DE CEZAN (LE MONGE) 32500 LA SAUVETAT,32417,"43.8392,0.5228",Pylône autostable,36m,TOTEM,,AJO,,False,True
3308623,SFR,,CHEMIN RURAL VERS GAVARRET ROUTE DE CEZAN (LE MONGE) 32500 LA SAUVETAT,32417,"43.8392,0.5228",Pylône autostable,36m,TOTEM,,CHA,Le Monge ROUTE DE CEZAN,False,True
3308629,BOUYGUES TELECOM,"LTE 700, LTE 800, LTE 1800, LTE 2100, LTE 2600",178 RUE DES SUREAUX 59262 SAINGHIN EN MELANTOIS,59523,"50.5867,3.14",Pylône autostable,30m,TDF,,AJO,,False,True
3308774,SFR,"LTE 700, LTE 800, LTE 1800, LTE 2100, LTE 2600, 5G NR 2100",RUE DU VAL (LE VAL) 61300 ST MICHEL TUBOEUF,61432,"48.7458,0.6983",Pylône autostable,"30,6m",Particulier,,AJO,,False,True
3308893,ORANGE,"UMTS 900, LTE 1800, LTE 2100, LTE 2600, 5G NR 700",CHEMIN DES ESPLANTADES LES ARENES 13570 BARBENTANE,13010,"43.9008,4.7419",Pylône tubulaire,24m,TOTEM,2026-07-08,ALL,,False,False
3309206,OUTREMER TELECOM,5G NR 3500,40 R BOIS DE FER CSEC 97351 MATOURY,97307,"4.8922,-52.3375",Pylône haubané,45m,"SDIS, secours, incendie",2026-04-09,ART,,False,False
3309394,ORANGE,"LTE 1800, LTE 2100, LTE 2600, 5G NR 3500",RUE DE L'AUTOPORT 64700 HENDAYE,64260,"43.3461,-1.7739",Pylône tubulaire,"31,3m",FREE-MOBILE,2026-06-24,ART,,False,False
3309514,BOUYGUES TELECOM,"UMTS 2100, LTE 700, LTE 800",RUE DU MOULIN DU 43E R.I (NOTRE DAME DU HAMEAU) 59199 BRUILLE ST AMAND,59114,"50.4569,3.5194",Pylône autostable,24m,SFR,,AJO,,False,True
3309514,ORANGE,"UMTS 900, LTE 700, LTE 800",RUE DU MOULIN DU 43E R.I (NOTRE DAME DU HAMEAU) 59199 BRUILLE ST AMAND,59114,"50.4569,3.5194",Pylône autostable,24m,SFR,,AJO,,True,True
3309529,BOUYGUES TELECOM,"LTE 700, LTE 800, LTE 1800, LTE 2100, LTE 2600, 5G NR 2100",CHEMIN D'ARGAIN (BEILLEYRE) 31190 CAUJAC,31128,"43.2994,1.4556",Pylône autostable,24m,SFR,,AJO,,False,True
3309819,SFR,"LTE 700, LTE 800, LTE 1800, LTE 2100, LTE 2600, 5G NR 2100",RTE DE LA BORDERIE (LA CHAUVINIÈRE) 79220 COURS,79104,"46.4925,-0.4075",Pylône autostable,24m,PHOENIX FRANCE INFRASTRUCTURES,,AJO,,False,True
3309872,SFR,"LTE 700, LTE 800, LTE 1800, LTE 2100, LTE 2600, 5G NR 2100",RTE DES CHAUMES GRANDS JEAN (LE CHAMP CHANET) 58700 PREMERY,58218,"47.1775,3.3228",Pylône autostable,32m,PHOENIX FRANCE INFRASTRUCTURES,,AJO,,False,True
3309894,BOUYGUES TELECOM,"LTE 700, LTE 800, LTE 1800, LTE 2100, LTE 2600, 5G NR 2100, 5G NR 3500",20 PRUNO CERVONE 20110 PROPRIANO,2A249,"41.6739,8.9092",Pylône tubulaire,"15,9m",SFR,,AJO,,False,True
3309900,BOUYGUES TELECOM,"LTE 700, LTE 800, LTE 1800, LTE 2600, 5G NR 2100",CHEMIN DU FOULOT (LE FOULOT) 54200 ECROUVES,54174,"48.6739,5.835",Pylône autostable,30m,SFR,,AJO,,False,True
3309917,BOUYGUES TELECOM,"LTE 700, LTE 800, LTE 1800, LTE 2100, LTE 2600, 5G NR 2100",R DU BOURG NEUF (LA GRANDE EVIERE) 45190 CRAVANT,45116,"47.8236,1.5733",Pylône autostable,"30,1m",PHOENIX FRANCE INFRASTRUCTURES,,AJO,,False,True
3309947,SFR,"LTE 700, LTE 800, LTE 1800, LTE 2100, LTE 2600, 5G NR 2100",ST LUCAS PONT SAINT LUCAS 29380 BANNALEC,29004,"47.9206,-3.6956",Pylône autostable,24m,PHOENIX FRANCE INFRASTRUCTURES,,AJO,,False,True
3310048,SFR,"LTE 700, LTE 800, LTE 1800, LTE 2100, LTE 2600, 5G NR 2100",4 B BD DE CORNET 79300 BRESSUIRE,79049,"46.8294,-0.4981",Pylône autostable,36m,PHOENIX FRANCE INFRASTRUCTURES,,AJO,,False,True
3310051,SFR,"LTE 700, LTE 800, LTE 1800, LTE 2100, LTE 2600, 5G NR 2100",RTE D'AVESSAC DOMAINE DE LA GODÉE 44460 ST NICOLAS DE REDON,44185,"47.6517,-2.0442",Pylône autostable,"57,5m",BOUYGUES,,AJO,,False,True
3310060,FREE MOBILE,"LTE 700, LTE 900, LTE 1800, LTE 2100, LTE 2600, 5G NR 700, 5G NR 3500",AVENUE DE L UNION 94390 PARAY VIEILLE POSTE,91479,"48.7281,2.3681",Bâtiment,"36,9m",Société Privée,,AJO,,False,True
3310075,SFR,"LTE 700, LTE 800, LTE 1800, LTE 2100, LTE 2600, 5G NR 2100",34 CHE DES RAVIERES (POISAT) 01630 PERON,01288,"46.2075,5.9261",Pylône autostable,"36,4m",PHOENIX FRANCE INFRASTRUCTURES,,AJO,,False,True
3311400,SFR,"LTE 700, LTE 800, LTE 1800, LTE 2100, LTE 2600, 5G NR 2100",10B R DU MOULIN À TAN (LES PETITS PRES) 28190 PONTGOUIN,28302,"48.4786,1.1594",Pylône autostable,"24,5m",BOUYGUES,,AJO,,False,True
3311504,SFR,"LTE 700, LTE 800, LTE 1800, LTE 2600, 5G NR 2100",LA MINAUDIERE 85600 TREIZE SEPTIERS,85295,"47.0047,-1.2522",Pylône autostable,"24,6m",PHOENIX FRANCE INFRASTRUCTURES,,AJO,,False,True
3311596,SFR,"UMTS 900, LTE 700, LTE 800",GENNETEIL ROUTE DE BOIS LANFRAY (LA GLINIÈRE) 49490 NOYANT VILLAGES,49228,"47.5856,0.0231",Pylône autostable,"30,5m",BOUYGUES,,AJO,,True,True
3311659,BOUYGUES TELECOM,"LTE 700, LTE 800, LTE 1800, LTE 2600, 5G NR 2100",RUE DE VITRY (LES DIX NEUF) 62490 NOYELLES SOUS BELLONNE,62627,"50.3125,3.0161",Pylône autostable,36m,SFR,,AJO,,False,True
3311661,BOUYGUES TELECOM,"LTE 700, LTE 800, LTE 1800, LTE 2100, LTE 2600, 5G NR 2100",110 ROUTE DE BAGES 66450 POLLESTRES,66144,"42.6381,2.8764",Pylône autostable,24m,SFR,,AJO,,False,True
3311678,SFR,"LTE 700, LTE 800, LTE 1800, LTE 2100, LTE 2600, 5G NR 2100",LE CHAMP DE LA RUE (LES GAGES) 72610 BETHON,72036,"48.3589,0.0947",Pylône autostable,30m,BOUYGUES,,AJO,,False,True
3312584,SFR,"LTE 700, LTE 800, LTE 1800, LTE 2600, 5G NR 2100", (BRAS DE LA CANELLE) 28190 ST LUPERCE,28350,"48.4394,1.3064",Pylône autostable,"30,5m",BOUYGUES,,AJO,,False,True
3313051,ORANGE,"LTE 1800, LTE 2600, 5G NR 2100",28 RUE DES ECOLES 80120 ST QUENTIN EN TOURMONT,80713,"50.2817,1.5867",Pylône autostable,30m,ORANGE,2026-06-29,ART,,False,False
3313085,ORANGE,"LTE 700, LTE 800, LTE 1800, LTE 2100, LTE 2600", (BOIS DE LA SERVE) 01140 PEYZIEUX SUR SAONE,01295,"46.1236,4.8408",Pylône autostable,"32,6m",TDF,,AJO,,False,True
3313129,BOUYGUES TELECOM,"LTE 700, LTE 800, LTE 1800, LTE 2600, 5G NR 2100",CHEMIN DE DOM LE MESNIL (FOSSE ROLLESSON) 08160 FLIZE,08173,"49.6914,4.7814",Pylône autostable,12m,SFR,,AJO,,False,True
3313802,SFR,"UMTS 900, LTE 700, LTE 800, LTE 1800, LTE 2100, LTE 2600, 5G NR 3500",75 RUE  BONAPARTE 75006 PARIS 06,75106,"48.8494,2.3331",Immeuble,29m,"État, Ministère",2026-06-05,ART,,False,True
3314150,ORANGE,"UMTS 900, LTE 700, LTE 800",32 ROUTE DE BAUGY (CHAMPS RODOT) 18800 VILLEQUIERS,18286,"47.0719,2.7947",Pylône autostable,36m,TOTEM,2026-07-06,ALL,,True,True
331454,SRR,LTE 2100,CHEM GRAND CANAL RIVIERE DU MAT LES BAS 97440 ST ANDRE,97409,"-20.9728,55.6889",Bâtiment,"14,8m",Société Réunionnaise de Radiotéléphonie,2026-05-23,ART,,False,False
3314621,SFR,"LTE 700, LTE 800, LTE 1800, LTE 2600, 5G NR 2100, 5G NR 3500",43 R ARAGO 42300 ROANNE,42187,"46.0294,4.0692",Immeuble,"18,9m","Copropriété, Syndic, SCI",,AJO,,False,True
3314848,SFR,"LTE 700, LTE 800, LTE 1800, LTE 2600, 5G NR 2100", (CLOS CLOCHET) 22120 POMMERET,22246,"48.4675,-2.6403",Pylône autostable,"36,5m",BOUYGUES,,AJO,,False,True
3314913,SFR,"LTE 700, LTE 800, LTE 1800, LTE 2600, 5G NR 2100",55 R DE NORMANDIE 50000 ST LO,50502,"49.1008,-1.0858",Pylône tubulaire,"18,5m",BOUYGUES,,AJO,,False,True
3314962,SFR,"LTE 700, LTE 800, LTE 1800, LTE 2600, 5G NR 2100",VILLAGE LA HERONNIÈRE (LES FOSSES) 50690 SIDEVILLE,50575,"49.5775,-1.6794",Pylône autostable,"40,5m",PHOENIX FRANCE INFRASTRUCTURES,,AJO,,False,True
3314976,ORANGE,"LTE 1800, LTE 2100, LTE 2600, 5G NR 3500",ROUTE DE COMPOSTELLE (A BAPTISTE-COURBIN) 33770 SALLES,33498,"44.5997,-0.7719",Pylône autostable,42m,TOTEM,2026-07-01,ART,,False,False
3315365,BOUYGUES TELECOM,"UMTS 900, LTE 700, LTE 800, LTE 1800, LTE 2600, 5G NR 2100",PATUREAUX DES FORGES D54 (LES PETITES GRANGES) 36160 STE SEVERE SUR INDRE,36208,"46.4933,2.0825",Pylône autostable,49m,FREE-MOBILE,,AJO,,False,True
3315453,ORANGE,"LTE 800, 5G NR 700, 5G NR 3500",223 ALLÉE DES STERNES 56360 SAUZON,56241,"47.3675,-3.2283",Pylône tubulaire,12m,ORANGE,2026-07-02,ALL,,False,True
3315828,BOUYGUES TELECOM,"LTE 700, LTE 800, LTE 1800, LTE 2600, 5G NR 2100, 5G NR 3500",40 CHEM ST-LAMBERT 83600 FREJUS,83061,"43.4361,6.7483",Pylône tubulaire,"20,2m",BOUYGUES,2026-07-15,ALL,,False,True
3316176,BOUYGUES TELECOM,"LTE 700, LTE 800, LTE 1800, LTE 2600, 5G NR 2100",RUE DU CHÂTEAU-D'EAU (HESS) 57660 GROSTENQUIN,57262,"48.9819,6.7425",Pylône autostable,30m,SFR,,AJO,,False,True
3316207,BOUYGUES TELECOM,"LTE 700, LTE 800, LTE 1800, LTE 2100, LTE 2600, 5G NR 2100",ROUTE DES CRETES (LES SAISIES) 73620 HAUTELUCE,73132,"45.7608,6.5406",Pylône autostable,"24,4m",CELLNEX,,AJO,,False,True
33163,BOUYGUES TELECOM,LTE 2100,LA GRANDE ROMANIE RD 394 (LES FRICHES) 51460 COURTISOLS,51193,"49.0125,4.565",Pylône autostable,30m,HIVORY,2026-07-20,ALL,,False,False
3316791,SFR,"UMTS 900, LTE 700, LTE 800",RUE DÉPARTEMENTALE N°154 (LE CHANI) 55160 BONZEE,55060,"49.0908,5.5775",Pylône autostable,36m,SFR,2026-07-01,ART,,True,True
3316924,FREE MOBILE,"LTE 700, LTE 900, LTE 1800, LTE 2100, LTE 2600, 5G NR 700, 5G NR 3500",9001 AÉROPORT BÂLE MULHOUSE 68300 ST LOUIS,68297,"47.6081,7.5219",Bâtiment,"13,5m","État, Ministère",,AJO,,False,True
3317017,BOUYGUES TELECOM,"LTE 700, LTE 800, LTE 1800, LTE 2600, 5G NR 2100",LA CHAUP 05230 CHORGES,05040,"44.5564,6.2842",Pylône autostable,"18,3m",PHOENIX FRANCE INFRASTRUCTURES,,AJO,,False,True
3317242,ORANGE,"LTE 800, LTE 1800, LTE 2100, LTE 2600, 5G NR 700, 5G NR 3500","27, RÉSIDENCE DU VAUVAROIS 95520 OSNY",95476,"49.0622,2.0483",Immeuble,"16,6m",Société HLM,2026-07-06,ALL,,False,True
3317261,ORANGE,"LTE 800, LTE 1800, LTE 2100, LTE 2600, 5G NR 700, 5G NR 3500","31, AVENUE LOUIS PASTEUR 92220 BAGNEUX",92007,"48.8017,2.3183",Immeuble,"24,7m",Société HLM,2026-06-22,ART,,False,True
3318010,ORANGE,"LTE 1800, LTE 2100, LTE 2600, 5G NR 3500","15, RUE ALPHONSE BRAULT 94600 CHOISY LE ROI",94022,"48.7606,2.4089",Immeuble,"26,6m",Société HLM,2026-06-22,ART,,False,False
3318236,ORANGE,"LTE 800, 5G NR 700","12, RUE DU COUCHANT 77176 SAVIGNY LE TEMPLE",77445,"48.6036,2.5667",Immeuble,"15,4m",Société HLM,2026-07-22,ALL,,False,True
3318236,ORANGE,"LTE 1800, LTE 2100, LTE 2600, 5G NR 3500","12, RUE DU COUCHANT 77176 SAVIGNY LE TEMPLE",77445,"48.6036,2.5667",Immeuble,"15,4m",Société HLM,2026-06-29,ART,,False,True
3318258,ORANGE,"LTE 800, LTE 1800, LTE 2100, LTE 2600, 5G NR 700, 5G NR 3500",36 BIS MAIL MARCEL CACHIN 38600 FONTAINE,38169,"45.1956,5.6878",Bâtiment,26m,Société Privée,2026-06-29,ART,,False,True
3319061,BOUYGUES TELECOM,"UMTS 900, LTE 700, LTE 800, LTE 2100, LTE 2600",1291 CHEM D'ETZAN BORDA 64700 URRUGNE,64545,"43.3775,-1.7111",Pylône tubulaire,"25,5m",BOUYGUES,2026-07-13,ALL,,False,True
3319135,ORANGE,"LTE 700, LTE 800",LAOUZE CHISCAS ET ARP ALTISURFACE DE BOUREIX (LE BOUIRECH) 09140 SENTENAC D OUST,09291,"42.8669,1.1428",Pylône autostable,30m,TDF,2026-07-20,ALL,,True,True
3319428,ORANGE,"LTE 800, LTE 1800, LTE 2100, LTE 2600, 5G NR 700, 5G NR 3500",108 RUE LEMERCIER 75017 PARIS 17,75117,"48.8906,2.3186",Immeuble,"35,8m",Société HLM,2026-06-22,ART,,False,True
3319433,ORANGE,"LTE 700, LTE 800",CHEMIN DU HAUT DES CLOYES 02190 JUVINCOURT ET DAMARY,02399,"49.4364,3.8839",Pylône autostable,36m,ATC FRANCE,2026-07-23,ALL,,False,True
3320069,BOUYGUES TELECOM,,CHEM DES MARES (LE PETIT CHATEAU DE MONTMIREL) 14400 ST LOUP HORS,14609,"49.2597,-0.7256",Pylône autostable,"24,5m",PHOENIX FRANCE INFRASTRUCTURES,,CHA,LE PETIT CHEMIN DE MONTMIREL CHEM DES MARES,False,True
3320406,ORANGE,"LTE 1800, LTE 2100, LTE 2600, 5G NR 3500",1 CHEMIN DE BORIE AVENUE GEORGES FRÊCHE 34170 CASTELNAU LE LEZ,34057,"43.6225,3.9106",Pylône tubulaire,20m,CELLNEX,2026-06-22,ART,,False,False
3320411,BOUYGUES TELECOM,"LTE 1800, LTE 2600, 5G NR 2100", (LES CROS) 07220 LARNAS,07133,"44.4447,4.5928",Mât,12m,Société Privée,2026-07-15,ALL,,False,True
3320841,ORANGE,"LTE 1800, LTE 2100, LTE 2600, 5G NR 3500",154 VOIE GEORGES POMPIDOU 75001 PARIS 01,75101,"48.8586,2.3414",Mât,"15,4m",ORANGE,2026-06-29,ART,,False,True
3320843,ORANGE,"LTE 800, LTE 1800, LTE 2100, LTE 2600, 5G NR 700, 5G NR 3500",42BIS CHEMIN DU SUCRE 34300 AGDE,34003,"43.2839,3.4572",Pylône tubulaire,12m,ORANGE,2026-07-01,ART,,False,True
3320847,ORANGE,"UMTS 900, LTE 1800, LTE 2100, LTE 2600, 5G NR 3500",RUE JEAN MONNET (ESPACE GLENMOR) 29270 CARHAIX PLOUGUER,29024,"48.2731,-3.5614",Bâtiment,17m,"Commune, communauté de communes",2026-07-01,ART,,False,False
3320850,ORANGE,"LTE 800, LTE 1800, LTE 2100, LTE 2600, 5G NR 700, 5G NR 3500",5B RUE DES 3 MOLLETTES 59800 LILLE,59350,"50.64,3.0611",Immeuble,"11,7m",TDF,2026-06-29,ART,,False,True
3320971,ORANGE,"LTE 800, 5G NR 700",1 RÉSIDENCE DU CONNÉTABLE 59163 CONDE SUR L ESCAUT,59153,"50.4478,3.5889",Bâtiment,"20,1m",TDF,2026-07-21,ALL,,False,True
3321009,ORANGE,"UMTS 900, LTE 700, LTE 800",D12 SAINT-CHIPOLI (VIGNES DU BAYLOU) 81110 DOURGNE,81081,"43.4725,2.1381",Pylône autostable,30m,TOTEM,2026-07-06,ALL,,True,True
3321019,ORANGE,"UMTS 900, LTE 800, LTE 1800, LTE 2100, LTE 2600, 5G NR 700, 5G NR 3500",1 ALLEE DU 19 MARS 1962 93390 CLICHY SOUS BOIS,93014,"48.9092,2.5444",Immeuble,"30,9m",Société HLM,2026-06-29,ART,,False,True
3321225,ORANGE,"LTE 700, LTE 800",33 RUE D'ANJOU (L'HOTELLERIE DE FLÉE) 49520 SEGRE EN ANJOU BLEU,49331,"47.7456,-0.8889",Pylône autostable,30m,TOTEM,2026-07-27,ALL,,False,True
3321286,ORANGE,"LTE 800, 5G NR 700",36 PLACE LOUISE BETTIGNIES 59800 LILLE,59350,"50.6414,3.0656",Immeuble,"14,5m",Particulier,2026-07-03,ALL,,False,True
3321606,SFR,"LTE 700, LTE 800, LTE 1800, LTE 2600, 5G NR 2100",CHEMIN RURAL DIT PFETTERHAUSERWEG (EICHLENACKER) 68480 LIEBSDORF,68184,"47.4808,7.2258",Pylône autostable,30m,HIVORY,,SUP,,False,True
3321618,BOUYGUES TELECOM,"UMTS 900, LTE 700, LTE 800, LTE 1800, LTE 2600",57 BD DES PLAGES 64600 ANGLET,64024,"43.5067,-1.5344",Pylône tubulaire,20m,BOUYGUES,2026-07-03,ALL,,False,True
3321618,BOUYGUES TELECOM,5G NR 2100,57 BD DES PLAGES 64600 ANGLET,64024,"43.5067,-1.5344",Pylône tubulaire,20m,BOUYGUES,2026-06-15,ART,,False,True
3321684,BOUYGUES TELECOM,,1 RUE D¿ARMATONDE 64700 HENDAYE,64260,"43.3772,-1.7561",Pylône tubulaire,22m,BOUYGUES,2025-07-18,CHA,1 rue dArmatonde,False,False
3321684,FREE MOBILE,"LTE 700, LTE 900, LTE 1800, LTE 2100, LTE 2600, 5G NR 700",1 RUE D¿ARMATONDE 64700 HENDAYE,64260,"43.3772,-1.7561",Pylône tubulaire,22m,BOUYGUES,2026-07-07,AJA,,False,True
3321913,FREE MOBILE,"LTE 700, LTE 900, LTE 1800, LTE 2100, LTE 2600, 5G NR 700, 5G NR 3500",MONTÉE DU DOCTEUR CHAPUIS HÔPITAL LUCIEN HUSSEL 38200 VIENNE,38544,"45.5325,4.8822",Pylône tubulaire,"30,3m",FREE-MOBILE,,AJO,,False,True
3321969,TELCO OI,"GSM 900, UMTS 900, UMTS 2100, LTE 800, LTE 1800, LTE 2100, LTE 2600, 5G NR 700",ROUTE NATIONALE 2 (LA RAVINE GLISSANTE) 97439 STE ROSE,97419,"-21.1406,55.8108",Pylône autostable,20m,Telco OI,,AJO,,False,True
3321997,FREE MOBILE,"LTE 700, LTE 900, LTE 1800, LTE 2100, LTE 2600, 5G NR 700",7 PLACE JEAN JAURES 13005 MARSEILLE 05,13205,"43.2961,5.3872",Immeuble,"23,2m",Particulier,,AJO,,False,True
3322005,FREE MOBILE,"LTE 700, LTE 900, LTE 1800, LTE 2100, LTE 2600, 5G NR 700, 5G NR 3500",77 BOULEVARD ALBERT 1ER RESIDENCE LA LICORNE 59650 VILLENEUVE D ASCQ,59009,"50.6567,3.1453",Immeuble,"16,9m","Copropriété, Syndic, SCI",,AJO,,False,True
3322009,FREE MOBILE,"LTE 700, LTE 900, LTE 1800, LTE 2100, LTE 2600, 5G NR 700, 5G NR 3500",63 BOULEVARD LA FONTAINE 67200 STRASBOURG,67482,"48.5892,7.7067",Immeuble,"28,5m","Copropriété, Syndic, SCI",,AJO,,False,True
3322169,BOUYGUES TELECOM,"UMTS 900, LTE 700, LTE 800, LTE 1800, LTE 2600, 5G NR 2100, 5G NR 3500",CHATEAU D'EAU DE BRAMBUAN (LA GRANDE PATURE) 56120 LA CROIX HELLEAN,56050,"47.9553,-2.5256",Pylône autostable,42m,PHOENIX FRANCE INFRASTRUCTURES,,AJO,,False,True
3322242,BOUYGUES TELECOM,"LTE 700, LTE 800, LTE 1800, LTE 2600, 5G NR 2100",261 AV HENRI POURTALET RESIDENCE LES HAUTS DE VALLAURIS - BAT 9 06220 VALLAURIS,06155,"43.5825,7.0567",Immeuble,"32,9m",Société HLM,,AJO,,False,True
3322244,BOUYGUES TELECOM,"LTE 700, LTE 800, LTE 1800, LTE 2600, 5G NR 2100",R DU CHAT BOTTE (LE BOIS CALLOT) 18220 BRECY,18035,"47.1133,2.6192",Pylône autostable,36m,PHOENIX FRANCE INFRASTRUCTURES,,AJO,,False,True
3322304,BOUYGUES TELECOM,"LTE 700, LTE 800, LTE 1800, LTE 2600, 5G NR 2100",6 CHEM DES PINS (PLATEAU NAPOLÉON) 06520 GRASSE,06069,"43.6611,6.9175",Pylône autostable,25m,CELLNEX,,AJO,,False,True
3322336,FREE MOBILE,"LTE 700, LTE 900, LTE 1800, LTE 2100, LTE 2600, 5G NR 3500",ROUTE DE LA CORNICHE (ASCOUBIA) 64700 HENDAYE,64260,"43.3772,-1.7442",Pylône tubulaire,"24,6m",FREE-MOBILE,2026-07-24,AJA,,False,True
3322336,FREE MOBILE,5G NR 700,ROUTE DE LA CORNICHE (ASCOUBIA) 64700 HENDAYE,64260,"43.3772,-1.7442",Pylône tubulaire,"24,6m",FREE-MOBILE,,AJO,,False,True
3322342,FREE MOBILE,"LTE 700, LTE 900, LTE 1800, LTE 2100, LTE 2600, 5G NR 700, 5G NR 3500",17 RTE DE LA MER 85340 LES SABLES D OLONNE,85194,"46.5444,-1.8094",Pylône tubulaire,"25,9m",FREE-MOBILE,,AJO,,False,True
3322344,FREE MOBILE,"LTE 700, LTE 900, LTE 1800, LTE 2100, LTE 2600, 5G NR 700, 5G NR 3500",26 RUE DE LA TOUR 92360 MEUDON,92048,"48.8158,2.2242",Immeuble,"18,5m","Copropriété, Syndic, SCI",,AJO,,False,True
3322408,ORANGE,"LTE 800, 5G NR 700",5 RUE DE PARIS 94450 LIMEIL BREVANNES,94044,"48.7461,2.4739",Immeuble,"32,5m",Société HLM,2026-07-29,AJA,,False,True
3322408,ORANGE,"LTE 1800, LTE 2100, LTE 2600, 5G NR 3500",5 RUE DE PARIS 94450 LIMEIL BREVANNES,94044,"48.7461,2.4739",Immeuble,"32,5m",Société HLM,,AJO,,False,True
3322415,ORANGE,"LTE 800, LTE 1800, LTE 2100, LTE 2600, 5G NR 700, 5G NR 3500",CHEMIN RURAL KLITSCHWEG (BUERNELWEG) 67460 SOUFFELWEYERSHEIM,67471,"48.6247,7.7353",Pylône autostable,30m,TOTEM,,AJO,,False,True
3322417,BOUYGUES TELECOM,LTE 800,RTE DE ST JULIEN USINE HYDROELECTRIQUE (CHEMIN DE TRANS) 83560 VINON SUR VERDON,83150,"43.7253,5.8275",Bâtiment,12m,EDF ou GDF,,AJO,,True,True
3322447,BOUYGUES TELECOM,"LTE 700, LTE 800, LTE 1800, LTE 2600, 5G NR 2100",RTE DE SOURCIEUX (LE BOURG EST) 42600 CHALAIN LE COMTAL,42038,"45.6464,4.1767",Pylône autostable,"30,4m",PHOENIX FRANCE INFRASTRUCTURES,,AJO,,False,True
3322488,BOUYGUES TELECOM,"LTE 700, LTE 800, LTE 1800, LTE 2600, 5G NR 2100",ALL DES PINS 42500 LE CHAMBON FEUGEROLLES,42044,"45.3853,4.3211",Pylône autostable,18m,CELLNEX,,AJO,,False,True
3322506,FREE MOBILE,"LTE 700, LTE 900, LTE 1800, LTE 2100, 5G NR 700",ZONE PYRENE AEROPOLE 65380 LANNE,65257,"43.1728,-0.0028",Pylône tubulaire,30m,TOTEM,,AJO,,False,True
3322506,ORANGE,GSM 900,ZONE PYRENE AEROPOLE 65380 LANNE,65257,"43.1728,-0.0028",Pylône tubulaire,30m,TOTEM,2007-10-31,SUP,,False,False
3322521,ORANGE,5G NR 3500,AV. NELSON MANDELA MARIE GALANTE 97134 ST LOUIS,97126,"15.9539,-61.315",Mât,6m,ORANGE,,AJO,,False,True
3322541,BOUYGUES TELECOM,"UMTS 900, LTE 700, LTE 800",RUE DE BLOIS (BOIS BAILLE) 28220 CLOYES LES TROIS RIVIERES,28103,"47.9803,1.3378",Pylône autostable,"24,8m",BOUYGUES,,AJO,,True,True
3322547,BOUYGUES TELECOM,"LTE 700, LTE 800, LTE 1800, LTE 2600, 5G NR 2100",20 RTE DE SOUVIGNY 03000 NEUVY,03200,"46.5556,3.2856",Pylône autostable,"24,7m",BOUYGUES,,AJO,,False,True
3322585,BOUYGUES TELECOM,"LTE 700, LTE 800, LTE 1800, LTE 2600, 5G NR 2100",53 - 57 B R GAMBETTA 92800 PUTEAUX,92062,"48.8864,2.2383",Immeuble,20m,Société Privée,,AJO,,False,True
3322608,SFR,"LTE 700, LTE 800, LTE 1800, LTE 2100, LTE 2600, 5G NR 2100",D 630 (LES PLATS) 63730 PLAUZAT,63282,"45.6197,3.1325",Pylône autostable,24m,CELLNEX,2026-07-03,AJA,,False,True
3322666,FREE MOBILE,"LTE 700, LTE 900, LTE 1800, LTE 2100, LTE 2600, 5G NR 700, 5G NR 3500",115 QUAI DES CHARTRONS HANGAR 14 33800 BORDEAUX,33063,"44.8547,-0.5644",Bâtiment,"13,7m","Commune, communauté de communes",,AJO,,False,True
3322748,ORANGE,"5G NR 700, 5G NR 3500",600 RUE DE LA RÉSISTANCE (LES FEUGRAIS) 76410 ST AUBIN LES ELBEUF,76561,"49.305,1.0361",Immeuble,"21,6m",Société HLM,2026-07-06,AJA,,False,True
3322748,ORANGE,,600 RUE DE LA RÉSISTANCE (LES FEUGRAIS) 76410 ST AUBIN LES ELBEUF,76561,"49.305,1.0361",Immeuble,"21,6m",Société HLM,2026-07-06,CHI,2782181,False,True
3322755,ORANGE,"LTE 800, LTE 1800, LTE 2100, LTE 2600, 5G NR 700, 5G NR 3500",2 AVENUE PAUL DOUMER 06600 ANTIBES,06004,"43.5814,7.1236",Bâtiment,"17,6m",Société Privée,2026-07-06,AJA,,False,True
3322765,BOUYGUES TELECOM,,AV DE LA LIBERTE (CAP ROUX) 06360 EZE,06059,"43.7158,7.3506",Inconnu,"49,1m",Société Privée,2022-08-16,CHI,2125861,False,True
3322896,SFR,"UMTS 900, LTE 700, LTE 800",RUE JEAN BACQUE INTERSECTION DE LA ROUTE DE BUGLOSE ET L (HE) 40990 GOURBERA,40114,"43.8019,-1.0306",Pylône autostable,"42,6m",TDF,,AJO,,True,True
3322900,SFR,"LTE 700, LTE 800, LTE 1800, LTE 2100, LTE 2600, 5G NR 2100",823 ROUTE DE LA BARRIERE 81380 LESCURE D ALBIGEOIS,81144,"43.9578,2.1656",Pylône tubulaire,30m,SFR,,AJO,,False,True
3322902,SFR,"LTE 700, LTE 800, LTE 1800, LTE 2100, LTE 2600, 5G NR 2100",CHEMIN DU PONT DE MOULIS (LARTEL) 82700 ESCATALENS,82052,"43.985,1.1981",Pylône autostable,24m,SFR,,AJO,,False,True
3322944,BOUYGUES TELECOM,"LTE 700, LTE 800, LTE 1800, LTE 2600, 5G NR 2100",2 R DU NORD 92160 ANTONY,92002,"48.7622,2.3081",Immeuble,"24,4m",Société Privée,,AJO,,False,True
3323341,SRR,"GSM 900, UMTS 900, LTE 700, LTE 800, LTE 1800, LTE 2100, LTE 2600, 5G NR 3500",9 RUE MARCEL PROUST 97430 LE TAMPON,97422,"-21.2478,55.5028",Mât béton,12m,Société Réunionnaise de Radiotéléphonie,2026-08-13,AJO,,False,True
3323365,ORANGE,"LTE 800, LTE 1800, LTE 2100, LTE 2600, 5G NR 700, 5G NR 3500",25 CHEMIN DE LA PAIX (EHPAD MAISON SAINT VINCENT) 84350 COURTHEZON,84039,"44.0847,4.8853",Immeuble,16m,Association,,AJO,,False,True
3323372,BOUYGUES TELECOM,"LTE 700, LTE 800, LTE 1800, LTE 2600, 5G NR 2100",53-55 BD ROMAIN ROLLAND 92120 MONTROUGE,92049,"48.8203,2.3228",Bâtiment,"28,2m",Société Privée,,AJO,,False,True
3323407,FREE MOBILE,"LTE 700, LTE 900, LTE 1800, LTE 2100, LTE 2600, 5G NR 700",PROCHE A69 (LES MATHES) 34500 VILLENEUVE LES BEZIERS,34336,"43.3425,3.3058",Pylône tubulaire,17m,FREE-MOBILE,,AJO,,False,True
3323409,FREE MOBILE,"LTE 700, LTE 900, LTE 1800, LTE 2100, LTE 2600, 5G NR 700, 5G NR 3500",ROUTE DE FOUSCAIS (PLAMÉGE) 34800 NEBIAN,34180,"43.6078,3.4428",Pylône autostable,"25,2m",FREE-MOBILE,,AJO,,False,True
3323411,FREE MOBILE,"LTE 700, LTE 900, LTE 1800, LTE 2100, 5G NR 700",CHEMIN COMMUNAL (GRANDES PORTIONS) 55300 LAMORVILLE,55274,"48.9522,5.5775",Pylône autostable,"24,4m",FREE-MOBILE,,AJO,,False,True
3323413,FREE MOBILE,"LTE 700, LTE 900, LTE 1800, LTE 2100, LTE 2600, 5G NR 700, 5G NR 3500",26 RUE MAUBEC 64290 GAN,64230,"43.2256,-0.3822",Pylône autostable,"37,3m",FREE-MOBILE,,AJO,,False,True
3323427,BOUYGUES TELECOM,"UMTS 900, LTE 700, LTE 800",RTE DU COL DU MOLLARD (LES QUARES) 73670 ENTREMONT LE VIEUX,73107,"45.4717,5.86",Pylône autostable,30m,PHOENIX FRANCE INFRASTRUCTURES,,AJO,,True,True
3323468,SFR,"LTE 700, LTE 800, LTE 1800, LTE 2100, LTE 2600, 5G NR 2100",48  RUE DU STADE 63200 LE CHEIX SUR MORGE,63108,"45.9519,3.1772",Pylône tubulaire,24m,SFR,,AJO,,False,True
3323520,BOUYGUES TELECOM,"LTE 700, LTE 800, LTE 1800, LTE 2600, 5G NR 2100",R DE LA MARINIERE HEDOT (LES GROUETTES) 27120 LE CORMIER,27171,"48.9903,1.2981",Pylône autostable,"30,5m",PHOENIX FRANCE INFRASTRUCTURES,,AJO,,False,True
3323523,Gouv Nelle Calédonie (OPT),"UMTS 900, LTE 800",TRIBU DE THUAHAIK (THUAHAIK) 98885 LIFOU,98814,"-21.0125,167.2858",Mât béton,12m,Office des Postes et Télécom,,AJO,,False,True
3323525,Gouv Nelle Calédonie (OPT),"UMTS 2100, LTE 800, LTE 1800",LOT 50PIE VILLAGE (POADAOUP RVR) 98883 VOH,98831,"-20.9608,164.7108",Mât béton,12m,Office des Postes et Télécom,,AJO,,False,True
3323527,SRR,"GSM 900, UMTS 900, LTE 700, LTE 800, LTE 1800, LTE 2100, LTE 2600, 5G NR 3500",AVENUE DU STADE 97431 LA PLAINE DES PALMISTES,97406,"-21.1336,55.6222",Pylône autostable,"23,4m",Société Réunionnaise de Radiotéléphonie,,AJO,,False,True
3323529,SRR,"GSM 900, UMTS 900, LTE 700, LTE 800, LTE 1800, LTE 2100, LTE 2600, 5G NR 3500",46 RUE DE L EGLISE 97431 LA PLAINE DES PALMISTES,97406,"-21.1317,55.6294",Pylône autostable,25m,Société Réunionnaise de Radiotéléphonie,,AJO,,False,True
3323576,BOUYGUES TELECOM,"UMTS 900, LTE 700, LTE 800, LTE 1800, LTE 2100, LTE 2600, 5G NR 2100, 5G NR 3500",AV VAN GOGH PARKING DES ARENES 13460 SAINTES MARIES DE LA MER,13096,"43.4503,4.4281",Pylône tubulaire,16m,BOUYGUES,,AJO,,False,True
3323634,ORANGE,"LTE 800, LTE 1800, LTE 2100, LTE 2600, 5G NR 700, 5G NR 3500",3 RUE TALMA 75116 PARIS 16,75116,"48.8572,2.2764",Bâtiment,31m,"Copropriété, Syndic, SCI",,AJO,,False,True
3323637,BOUYGUES TELECOM,"LTE 700, LTE 800, LTE 1800, LTE 2600, 5G NR 2100",LA POMMERIE 41190 ST CYR DU GAULT,41205,"47.6128,0.9983",Pylône autostable,"31,4m",CELLNEX,,AJO,,False,True
3323681,BOUYGUES TELECOM,"LTE 700, LTE 800, LTE 1800, LTE 2600, 5G NR 2100",STADE DE TRESSE ROUTE DE SEGRE (CHATEAU DE TRESSE) 49520 OMBREE D ANJOU,49248,"47.7378,-1.1619",Pylône autostable,36m,PHOENIX FRANCE INFRASTRUCTURES,,AJO,,False,True
3323687,ORANGE,"LTE 800, LTE 1800, LTE 2600",ROUTE DE LA MER 20160 VICO,2A348,"42.1142,8.7003",Pylône haubané,12m,ORANGE,2026-07-06,AJA,,False,True
3323687,ORANGE,"LTE 2100, 5G NR 700, 5G NR 3500",ROUTE DE LA MER 20160 VICO,2A348,"42.1142,8.7003",Pylône haubané,12m,ORANGE,,AJO,,False,True
3323705,ORANGE,"UMTS 900, LTE 800, LTE 1800, LTE 2100, 5G NR 700, 5G NR 3500",204 B AVENUE JEAN JAURES 59600 MAUBEUGE,59392,"50.2822,3.9483",Pylône tubulaire,"24,9m",TOTEM,,AJO,,False,True
3323798,ORANGE,"LTE 800, LTE 1800, LTE 2100, LTE 2600, 5G NR 700, 5G NR 3500",115 AVENUE DE PARIS 94160 ST MANDE,94067,"48.8461,2.42",Immeuble,"24,5m",Société Privée,2026-07-06,AJA,,False,True
3323811,BOUYGUES TELECOM,"LTE 700, LTE 800, LTE 1800, LTE 2600, 5G NR 2100",RTE DE GRANDCHAMP DES FONTAINES D26 - RUE DU PÂTIS JARS 44390 CASSON,44027,"47.3864,-1.5639",Pylône autostable,27m,TOTEM,,AJO,,False,True
3323838,ORANGE,"LTE 700, LTE 800, LTE 1800, 5G NR 2100",RUE MARCEL MOLTER (IMPASSE DU BERIE) 40300 PEYREHORADE,40224,"43.5511,-1.1308",Pylône autostable,36m,TDF,,AJO,,False,True
3323857,BOUYGUES TELECOM,"UMTS 900, LTE 700, LTE 800", (DEVANT LE FAYS) 55100 BEAUMONT EN VERDUNOIS,55039,"49.2678,5.4094",Pylône autostable,40m,CELLNEX,,AJO,,True,True
3323869,BOUYGUES TELECOM,"LTE 700, LTE 800, LTE 1800, LTE 2600, 5G NR 2100",343 RTE DE FRANS 69400 VILLEFRANCHE SUR SAONE,69264,"45.9861,4.7261",Immeuble,"19,1m","Copropriété, Syndic, SCI",,AJO,,False,True
3323871,BOUYGUES TELECOM,"LTE 700, LTE 800, LTE 1800, LTE 2100, LTE 2600, 5G NR 2100",17 R DE RETHEL 51100 REIMS,51454,"49.2817,4.0258",Immeuble,"19,6m","Copropriété, Syndic, SCI",,AJO,,False,True
3323881,BOUYGUES TELECOM,"LTE 700, LTE 800, LTE 1800, LTE 2600, 5G NR 2100",AV  DES CHÊNES 95630 MERIEL,95392,"49.07,2.2197",Pylône tubulaire,30m,TOTEM,,AJO,,False,True
3323903,SFR,"LTE 700, LTE 800, LTE 1800, LTE 2600, 5G NR 2100",CHEMIN DU MARAIS (ETANG COMMUNAL) 59870 VRED,59629,"50.3911,3.2269",Pylône tubulaire,44m,CELLNEX,,AJO,,False,True
3323908,ORANGE,"LTE 800, LTE 1800, LTE 2100, LTE 2600, 5G NR 700, 5G NR 3500",21 -27 RUE TANDOU 75019 PARIS 19,75119,"48.8864,2.38",Bâtiment,"31,2m","Copropriété, Syndic, SCI",,AJO,,False,True
3323918,ORANGE,"UMTS 900, LTE 700, LTE 800, LTE 1800, 5G NR 2100",ROUTE DE WANGENBOURG (FREUDENECK) 67710 WANGENBOURG ENGENTHAL,67122,"48.6275,7.3308",Pylône autostable,30m,TOTEM,,AJO,,False,True
3324026,ORANGE,"LTE 1800, LTE 2100, LTE 2600, 5G NR 3500",CHEMIN DU MARAIS PARKING MUNICIPAL 80550 LE CROTOY,80228,"50.2289,1.6128",Pylône tubulaire,"11,8m",Société Privée,2026-07-06,AJA,,False,True
3324026,ORANGE,"LTE 800, 5G NR 700",CHEMIN DU MARAIS PARKING MUNICIPAL 80550 LE CROTOY,80228,"50.2289,1.6128",Pylône tubulaire,"11,8m",Société Privée,2026-06-19,AJR,,False,True
3324069,ORANGE,"LTE 1800, LTE 2100, LTE 2600, 5G NR 3500",1 RUE DU PRESIDENT ROBERT SCHUMAN (ZENITH) 45100 ORLEANS,45234,"47.8703,1.9131",Bâtiment,"19,6m","Commune, communauté de communes",,AJO,,False,True
3324150,SFR,"LTE 700, LTE 800, LTE 1800, LTE 2600, 5G NR 2100",IMPASSE DE L'ABBE TOUBA (ZWISCHEN STRASSE UND HILMERWIE) 57450 CAPPEL,57122,"49.0767,6.8367",Pylône autostable,36m,SFR,,AJO,,False,True
3324156,SFR,"LTE 700, LTE 800, LTE 1800, LTE 2100, LTE 2600, 5G NR 2100",3 RUE MICHEL CARRE 66330 CABESTANY,66028,"42.6878,2.9211",Pylône tubulaire,12m,SFR,,AJO,,False,True
3324160,ORANGE,"LTE 700, LTE 800, LTE 1800, 5G NR 2100",TERRAIN DE LA LAGUNAGE (LA MARLIERE) 02160 PONTAVERT,02613,"49.4078,3.8108",Pylône autostable,42m,ATC FRANCE,,AJO,,False,True
3324354,SFR,"LTE 700, LTE 800, LTE 1800, LTE 2600, 5G NR 2100, 5G NR 3500",840 AVENUE D ARGELES SUR MER 66100 PERPIGNAN,66136,"42.6781,2.9119",Bâtiment,"17,9m","Copropriété, Syndic, SCI",,AJO,,False,True
3324474,BOUYGUES TELECOM,"LTE 700, LTE 800, LTE 1800, LTE 2600, 5G NR 2100",CHEM DU STADE (LE SABLAS) 30700 MONTAREN ET ST MEDIERS,30174,"44.0261,4.39",Pylône tubulaire,24m,CELLNEX,,AJO,,False,True
3324574,SFR,"LTE 700, LTE 800, LTE 1800, LTE 2100, LTE 2600, 5G NR 2100, 5G NR 3500",1 ALLÉE DES ACACIAS 71200 LE CREUSOT,71153,"46.7931,4.4314",Immeuble,25m,"Commune, communauté de communes",,AJO,,False,True
3325307,SFR,"UMTS 900, LTE 700, LTE 800, LTE 1800, LTE 2100, LTE 2600, 5G NR 3500",1  ESPLANADE DE LA GARE 49100 ANGERS,49007,"47.4644,-0.5569",Bâtiment,16m,SNCF Réseau,,AJO,,False,True
3325315,BOUYGUES TELECOM,LTE 800,RTE DE GREOUX 04800 ESPARRON DE VERDON,04081,"43.7547,5.9267",Bâtiment,8m,EDF ou GDF,,AJO,,True,True
3325320,BOUYGUES TELECOM,"LTE 700, LTE 800, LTE 1800, LTE 2600, 5G NR 2100",CLOS DE PORTE 50160 ST AMAND VILLAGES,50444,"49.0347,-0.9631",Pylône autostable,"30,8m",BOUYGUES,,AJO,,False,True
3325340,BOUYGUES TELECOM,"LTE 700, LTE 800, LTE 1800, LTE 2600, 5G NR 2100", (LES PATIS) 79440 COURLAY,79103,"46.7706,-0.5797",Pylône autostable,30m,PHOENIX FRANCE INFRASTRUCTURES,,AJO,,False,True
3325343,BOUYGUES TELECOM,"LTE 700, LTE 800, LTE 1800, LTE 2600, 5G NR 2100",CHAMPS DU CHEM DE LA HAY 86220 INGRANDES,86111,"46.8697,0.5672",Pylône autostable,"36,5m",BOUYGUES,,AJO,,False,True
3325355,BOUYGUES TELECOM,"LTE 700, LTE 800, LTE 1800, LTE 2600, 5G NR 2100",2-4 R LAEGERT 67380 LINGOLSHEIM,67267,"48.5581,7.6869",Immeuble,20m,"Copropriété, Syndic, SCI",,AJO,,False,True
3325357,BOUYGUES TELECOM,"LTE 700, LTE 800, LTE 1800, LTE 2600, 5G NR 2100, 5G NR 3500",ROUTE DES TOUCHES (TOUCHES DES RUINES) 05220 LE MONETIER LES BAINS,05079,"44.97,6.5222",Pylône autostable,18m,BOUYGUES,,AJO,,False,True
3325369,ORANGE,"UMTS 900, LTE 700, LTE 800",67 PLAN DE LYS ROUTE DE SUPERBAGNÈRES D46 31110 CASTILLON DE LARBOUST,31123,"42.7478,0.5714",Pylône arbre,12m,TOTEM,,AJO,,True,True
3325388,ORANGE,"UMTS 900, LTE 800, LTE 1800, LTE 2100, LTE 2600, 5G NR 700, 5G NR 3500",2 AVENUE DE LA MARECHAL DE LATTERE DE TASSIGHNY 69330 MEYZIEU,69282,"45.7792,5.0236",Pylône tubulaire,34m,ATC FRANCE,,AJO,,False,True
3325388,SFR,"UMTS 900, LTE 700, LTE 800, LTE 1800, LTE 2100, LTE 2600, 5G NR 3500",2 AVENUE DE LA MARECHAL DE LATTERE DE TASSIGHNY 69330 MEYZIEU,69282,"45.7792,5.0236",Pylône tubulaire,34m,ATC FRANCE,,AJO,,False,True
3325392,ORANGE,"UMTS 900, LTE 700, LTE 800",ROUTE 66 (PRAT DE LA BASSO) 15220 VITRAC,15264,"44.8175,2.3197",Pylône autostable,"41,6m",TOTEM,,AJO,,True,True
3325424,BOUYGUES TELECOM,"UMTS 900, LTE 700, LTE 800",CHEMIN DU CHATEAU D'EAU (LA COURTINIERE) 27160 STE MARIE D ATTEZ,27578,"48.8131,0.9439",Pylône autostable,"30,5m",BOUYGUES,,AJO,,True,True
3325432,ORANGE,"UMTS 900, LTE 700, LTE 800, LTE 1800, 5G NR 2100",CHEMIN DE LA VALETTE À AGNIELLES (LIEU DIT ESPREAUX - LA BLACHE) 05140 LA FAURIE,05055,"44.565,5.7642",Pylône autostable,24m,ATC FRANCE,2026-07-15,AJA,,False,True
3325445,ORANGE,"LTE 800, LTE 1800, LTE 2100, LTE 2600",STRADA DI L'ALIVU (STE LUCIE DE PORTO VECCHIO) 20144 ZONZA,2A362,"41.6983,9.3492",Pylône haubané,12m,ORANGE,2026-07-15,AJA,,False,True
3325445,ORANGE,"5G NR 700, 5G NR 3500",STRADA DI L'ALIVU (STE LUCIE DE PORTO VECCHIO) 20144 ZONZA,2A362,"41.6983,9.3492",Pylône haubané,12m,ORANGE,,AJO,,False,True
3325454,ORANGE,"LTE 700, LTE 800, LTE 1800, 5G NR 2100",6 RUE DE ROSOY 77145 MAY EN MULTIEN,77283,"49.0714,3.0183",Pylône autostable,30m,TOTEM,2026-07-15,AJA,,False,True
3325496,BOUYGUES TELECOM,"LTE 700, LTE 800, LTE 1800, LTE 2600, 5G NR 2100",34 RUE DE LA GRAVELINE 50690 MARTINVAST,50294,"49.6033,-1.6592",Pylône autostable,"18,5m",BOUYGUES,,AJO,,False,True
3325514,ORANGE,"LTE 800, LTE 1800, LTE 2100, LTE 2600, 5G NR 700, 5G NR 3500",FIUME SECCO 20260 CALVI,2B050,"42.5594,8.7989",Pylône haubané,12m,ORANGE,2026-07-15,AJA,,False,True
3325518,SFR,"LTE 700, LTE 800, LTE 1800, LTE 2100, LTE 2600",RUE DE VILLIERS LE VASTE CHEMIN PRES DU RAIL (LES ROUGETTES) 02810 MARIGNY EN ORXOIS,02465,"49.0472,3.1961",Pylône autostable,"38,8m",ON TOWER FRANCE,,AJO,,False,True
3325536,BOUYGUES TELECOM,"LTE 700, LTE 800, LTE 1800, LTE 2600, 5G NR 2100",LES SAVELYS 89240 CHEVANNES,89102,"47.7714,3.5125",Pylône autostable,"24,2m",PHOENIX FRANCE INFRASTRUCTURES,,AJO,,False,True
3325548,ORANGE,"LTE 700, LTE 800, LTE 1800, 5G NR 2100",ROUTE DE SAINT-RÉMY 43320 CHASPUZAC,43062,"45.0556,3.7536",Pylône autostable,"36,2m",ATC FRANCE,,AJO,,False,True
3325551,DIGICEL,"UMTS 900, UMTS 2100, LTE 700, LTE 900, LTE 1800, LTE 2100, LTE 2600",STADE MONNERVILLE 97111 MORNE A L EAU,97116,"16.3331,-61.4572",Pylône autostable,18m,Inconnu,,AJO,,False,True
3325580,FREE MOBILE,"LTE 700, LTE 1800, LTE 2600",17 RUE DE VIGNOLLES 21200 BEAUNE,21054,"47.0267,4.8511",Pylône autostable,25m,ON TOWER FRANCE,2026-07-28,AJA,,False,True
3325580,FREE MOBILE,"LTE 900, LTE 2100, 5G NR 700, 5G NR 3500",17 RUE DE VIGNOLLES 21200 BEAUNE,21054,"47.0267,4.8511",Pylône autostable,25m,ON TOWER FRANCE,,AJO,,False,True
3325582,FREE MOBILE,"LTE 700, LTE 900, LTE 1800, LTE 2100, LTE 2600, 5G NR 700, 5G NR 3500",ROUTE DES TEMPLIERS 91310 MONTLHERY,91425,"48.6367,2.2817",Pylône autostable,24m,FREE-MOBILE,,AJO,,False,True
3325597,BOUYGUES TELECOM,"LTE 700, LTE 800, LTE 1800, LTE 2600, 5G NR 2100",R DE THANN (LINGLE) 68460 LUTTERBACH,68195,"47.7667,7.2561",Pylône autostable,"36,3m",CELLNEX,,AJO,,False,True
3325616,BOUYGUES TELECOM,"UMTS 900, LTE 700, LTE 800, LTE 1800, LTE 2600, 5G NR 2100","50, BD DU GENERAL DE GAULLE 59100 ROUBAIX",59512,"50.6853,3.1717",Immeuble,"22,9m",BOUYGUES,,AJO,,False,True
3325620,BOUYGUES TELECOM,"LTE 700, LTE 800, LTE 1800, LTE 2600, 5G NR 2100, 5G NR 3500",RUE PAUL CORNU (STADE LOUIS BIELMAN) 14100 LISIEUX,14366,"49.1603,0.2183",Pylône tubulaire,24m,PHOENIX FRANCE INFRASTRUCTURES,,AJO,,False,True
3325662,BOUYGUES TELECOM,"LTE 700, LTE 800, LTE 1800, LTE 2100, LTE 2600, 5G NR 2100",R DU CALVAIRE (LE MOULIN DE CHAIGNET) 35470 LA NOE BLANCHE,35202,"47.8081,-1.7386",Pylône autostable,18m,PHOENIX FRANCE INFRASTRUCTURES,,AJO,,False,True
3325664,BOUYGUES TELECOM,"LTE 700, LTE 800, LTE 1800, LTE 2600, 5G NR 2100",ROUTE D ORMOY (LA RATOIRE) 89210 ESNON,89156,"47.9786,3.5706",Pylône autostable,"36,5m",PHOENIX FRANCE INFRASTRUCTURES,,AJO,,False,True
3328173,SFR,"LTE 700, LTE 800, LTE 1800, LTE 2100, LTE 2600, 5G NR 2100",CHEMIN DES LIZES (LES LIZES) 81600 SENOUILLAC,81283,"43.9322,1.9433",Pylône autostable,20m,ON TOWER FRANCE,,AJO,,False,True
3328327,BOUYGUES TELECOM,"LTE 700, LTE 800, LTE 1800, LTE 2600, 5G NR 2100",RUE DU GUIROUE (LES BASSES TERRES) 49350 ST CLEMENT DES LEVEES,49272,"47.3342,-0.1761",Pylône autostable,"30,3m",PHOENIX FRANCE INFRASTRUCTURES,,AJO,,False,True
3328334,BOUYGUES TELECOM,"LTE 700, LTE 800, LTE 1800, LTE 2600, 5G NR 2100",39 BD D'ALSACE 57070 METZ,57463,"49.1156,6.2269",Immeuble,22m,Société HLM,,AJO,,False,True
3328475,DIGICEL,"UMTS 900, UMTS 2100, LTE 700, LTE 900, LTE 1800, LTE 2100, LTE 2600, 5G NR 700",RUE UNE TEMPÊTE (POINTE DES GRIVES - HOTEL B&B) 97234 FORT DE FRANCE,97209,"14.5947,-61.0464",Bâtiment,20m,Société Privée,,AJO,,False,True
3328477,ORANGE,"LTE 700, LTE 800, LTE 1800, 5G NR 2100",D 40A RUE DE LA GARE 86200 LA ROCHE RIGAULT,86079,"46.9711,0.1714",Pylône autostable,36m,ATC FRANCE,,AJO,,False,True
3328647,ORANGE,"LTE 700, LTE 800, LTE 1800, 5G NR 2100",ACCÈS PAR LE 44 RUE DE L'ADJUDANT GÉNERAL DESVERINES (LA JOSNIÈRE) 87290 CHATEAUPONSAC,87041,"46.1378,1.27",Pylône autostable,"41,7m",TDF,,AJO,,False,True
3328689,BOUYGUES TELECOM,"LTE 700, LTE 800, LTE 1800, LTE 2600, 5G NR 2100",RTE DE LA MARZELLE PARKING DU TERRAIN DES SPORTS DU BOUTEILLON 85270 ST HILAIRE DE RIEZ,85226,"46.7256,-1.9411",Pylône tubulaire,"18,5m",BOUYGUES,,AJO,,False,True
3328698,BOUYGUES TELECOM,"LTE 700, LTE 800, LTE 1800, LTE 2600, 5G NR 2100, 5G NR 3500",124 C CHEM DU CONTENT 83230 BORMES LES MIMOSAS,83019,"43.1406,6.3322",Pylône tubulaire,12m,BOUYGUES,,AJO,,False,True
3328711,BOUYGUES TELECOM,"LTE 700, LTE 800, LTE 1800, LTE 2600, 5G NR 2100",RUE DES COTES (LE CHÂTEAU VERT) 03150 ST LOUP,03242,"46.3536,3.3683",Pylône autostable,30m,PHOENIX FRANCE INFRASTRUCTURES,,AJO,,False,True
3328714,TELCO OI,"GSM 900, UMTS 900, UMTS 2100, LTE 800, LTE 1800, LTE 2100, LTE 2600, 5G NR 700, 5G NR 3500",46T RUE LOUISE MICHEL RÉSIDENCE LE REGINA 97419 LA POSSESSION,97408,"-20.9606,55.3219",Bâtiment,"20,2m",Société HLM,,AJO,,False,True
3328736,ORANGE,"LTE 800, LTE 1800, LTE 2100, LTE 2600, 5G NR 700, 5G NR 3500",4-6 RUEPAULETTEPASTOR 31500 TOULOUSE,31555,"43.6044,1.415",Immeuble,"15,5m","Commune, communauté de communes",2026-07-13,AJA,,False,True
3328738,ORANGE,"LTE 700, LTE 800, LTE 1800, LTE 2100",ROUTE DE TRANCHEPIE (LA VIGNE) 87430 VERNEUIL SUR VIENNE,87201,"45.8753,1.1422",Pylône autostable,30m,TOTEM,,AJO,,False,True
3328740,ORANGE,"LTE 700, LTE 800",2239 CHEMIN DE SAINT-MICHEL (LE GAILLOU) 32360 JEGUN,32162,"43.7672,0.4442",Pylône autostable,30m,TOTEM,2026-07-27,AJA,,False,True
3328740,ORANGE,"LTE 1800, 5G NR 2100",2239 CHEMIN DE SAINT-MICHEL (LE GAILLOU) 32360 JEGUN,32162,"43.7672,0.4442",Pylône autostable,30m,TOTEM,,AJO,,False,True
3328742,ORANGE,"LTE 700, LTE 800, LTE 1800, 5G NR 2100",CHEMIN DE TERRE DEPUIS LA D32 (COUDAYSSAS) 34230 LE POUGET,34210,"43.6094,3.5053",Pylône autostable,36m,TOTEM,,AJO,,False,True
3328750,BOUYGUES TELECOM,5G NR 3500,RTE DE L'ESPIGUETTE 30240 LE GRAU DU ROI,30133,"43.5089,4.1489",Mât,"20,5m",BOUYGUES,2026-07-16,AJA,,False,True
3328750,BOUYGUES TELECOM,"LTE 1800, LTE 2100, LTE 2600",RTE DE L'ESPIGUETTE 30240 LE GRAU DU ROI,30133,"43.5089,4.1489",Mât,"20,5m",BOUYGUES,,AJO,,False,True
3328759,BOUYGUES TELECOM,"LTE 700, LTE 800, LTE 1800, LTE 2600, 5G NR 2100",223 AV DE LA REPUBLIQUE (RESIDENCE PICASSO) 49800 TRELAZE,49353,"47.4506,-0.5058",Immeuble,"15,8m","Copropriété, Syndic, SCI",,AJO,,False,True
3328779,BOUYGUES TELECOM,"LTE 700, LTE 800, LTE 1800, LTE 2600, 5G NR 2100",639 CHEM DU FASSUM 06250 MOUGINS,06085,"43.5922,6.9947",Pylône tubulaire,12m,CELLNEX,,AJO,,False,True
3328784,DIGICEL,"UMTS 900, UMTS 2100, LTE 700, LTE 900, LTE 1800, LTE 2100, LTE 2600",RUE DE L'EPINGLE (RUE DE L'EPINGLE) 97142 LES ABYMES,97101,"16.2667,-61.5139",Pylône autostable,30m,Inconnu,,AJO,,False,True
3328789,ORANGE,"LTE 800, 5G NR 700",BÂTIMENT D3 - 6 RUE DE L'ABBÉ GABRIEL LATOUR 31500 TOULOUSE,31555,"43.6531,1.4386",Immeuble,"20,6m","Copropriété, Syndic, SCI",2026-07-20,AJA,,False,True
3328789,ORANGE,"LTE 1800, LTE 2100, LTE 2600, 5G NR 3500",BÂTIMENT D3 - 6 RUE DE L'ABBÉ GABRIEL LATOUR 31500 TOULOUSE,31555,"43.6531,1.4386",Immeuble,"20,6m","Copropriété, Syndic, SCI",,AJO,,False,True
3328803,ORANGE,"LTE 800, LTE 1800, LTE 2100, 5G NR 700, 5G NR 3500",CHEMIN DE DOM LE MESNIL (LES FOURRIERES) 08160 FLIZE,08173,"49.6917,4.7853",Pylône autostable,20m,TDF,,AJO,,False,True
3328820,ORANGE,"LTE 800, LTE 1800, LTE 2100, LTE 2600, 5G NR 700, 5G NR 3500",80 RUE DES ECOLES 40600 BISCARROSSE,40046,"44.4436,-1.2506",Pylône tubulaire,12m,TOTEM,2026-07-13,AJA,,False,True
3328830,BOUYGUES TELECOM,"LTE 700, LTE 800, LTE 1800, LTE 2600, 5G NR 2100",4  R DU BOULEAU 13109 SIMIANE COLLONGUE,13107,"43.4358,5.4217",Pylône autostable,18m,CELLNEX,,AJO,,False,True
3328836,ORANGE,"LTE 800, LTE 1800, LTE 2100, LTE 2600, 5G NR 700, 5G NR 3500",10 PLACE DE LA GARE 68300 ST LOUIS,68297,"47.59,7.5569",Immeuble,"28,8m","Copropriété, Syndic, SCI",,AJO,,False,True
3328847,BOUYGUES TELECOM,"LTE 700, LTE 800, LTE 1800, LTE 2600, 5G NR 2100",4 ALL DE LA CLOSERAIE 86150 L ISLE JOURDAIN,86112,"46.2297,0.6839",Pylône autostable,30m,BOUYGUES,,AJO,,False,True
3329107,BOUYGUES TELECOM,"LTE 700, LTE 800, LTE 1800, LTE 2600, 5G NR 2100",5 PL PL DE L EGLISE 03110 ST DIDIER LA FORET,03227,"46.2233,3.3431",Pylône autostable,"30,5m",BOUYGUES,,AJO,,False,True
3329112,ORANGE,"UMTS 900, LTE 700, LTE 800",ROUTE DES HENRIETS (BOIS DE LA GRAVE) 33190 CAMIRAN,33087,"44.6381,-0.0539",Pylône autostable,36m,ATC FRANCE,,AJO,,True,True
3329133,BOUYGUES TELECOM,"LTE 700, LTE 800, LTE 1800, LTE 2600, 5G NR 2100","65, AVENUE DE LA RÉPUBLIQUE 75011 PARIS 11",75111,"48.8647,2.3789",Immeuble,"30,9m","Copropriété, Syndic, SCI",,AJO,,False,True
3329145,ORANGE,"LTE 800, LTE 1800, LTE 2100, LTE 2600, 5G NR 700, 5G NR 3500",RUE MARIUS DIOULOUFET 13013 MARSEILLE 13,13213,"43.3336,5.4372",Immeuble,55m,Société HLM,2026-07-15,AJA,,False,True
3329178,BOUYGUES TELECOM,"UMTS 900, LTE 700, LTE 800, LTE 1800, LTE 2600, 5G NR 2100",4 R HENRI PROU 78340 LES CLAYES SOUS BOIS,78165,"48.8206,1.9886",Immeuble,"18,6m","Copropriété, Syndic, SCI",,AJO,,False,True
3329194,ORANGE,"LTE 700, LTE 800, LTE 1800, 5G NR 2100",D110 COOPÉRATIVE (LES TOUCHES) 79190 CLUSSAIS LA POMMERAIE,79095,"46.1803,0.0244",Pylône autostable,36m,ATC FRANCE,,AJO,,False,True
3329331,BOUYGUES TELECOM,"LTE 700, LTE 800, LTE 1800, LTE 2600, 5G NR 2100, 5G NR 3500",67 B R PAUL VAILLANT COUTURIER 58000 NEVERS,58194,"46.9958,3.1567",Immeuble,"22,1m","Copropriété, Syndic, SCI",,AJO,,False,True
3329334,BOUYGUES TELECOM,"UMTS 900, LTE 700, LTE 800, LTE 1800, LTE 2600, 5G NR 2100, 5G NR 3500",9001 R DE SURVILLE 69007 LYON 07,69387,"45.7186,4.845",Pylône treillis,"35,2m",BOUYGUES,,AJO,,False,True
3329432,SFR,"LTE 700, LTE 800, LTE 1800, LTE 2100, LTE 2600, 5G NR 2100",AVENUE DE LA NOUERE (CANTON DE L'ANGUILLAR) 16730 LINARS,16187,"45.6558,0.0758",Pylône autostable,36m,SFR,,AJO,,False,True
3329632,ORANGE,"LTE 1800, LTE 2100, LTE 2600, 5G NR 3500",216 RUE DU MAL DE LATTRE DE TASSIGNY RÉSIDENCE DE LA PLAGE 62100 CALAIS,62193,"50.9636,1.8411",Immeuble,22m,Société HLM,2026-07-20,AJA,,False,True
3329632,ORANGE,"LTE 800, 5G NR 700",216 RUE DU MAL DE LATTRE DE TASSIGNY RÉSIDENCE DE LA PLAGE 62100 CALAIS,62193,"50.9636,1.8411",Immeuble,22m,Société HLM,2026-06-26,AJR,,False,True
3329640,ORANGE,"LTE 1800, LTE 2100, LTE 2600, 5G NR 3500",1 RUE DU PRESIDENT ROBERT SCHUMAN (PALAIS DES CONGRES) 45100 ORLEANS,45234,"47.8722,1.9139",Bâtiment,24m,"Commune, communauté de communes",,AJO,,False,True
3329684,BOUYGUES TELECOM,"UMTS 900, LTE 700, LTE 800, LTE 1800, LTE 2100, LTE 2600, 5G NR 2100",10 R DE LA MONTAPEINE 18320 JOUET SUR L AUBOIS,18118,"47.0381,2.9736",Pylône tubulaire,"36,2m",PHOENIX FRANCE INFRASTRUCTURES,,AJO,,False,True
3329689,ORANGE,"LTE 800, LTE 1800, LTE 2100, LTE 2600, 5G NR 700, 5G NR 3500","25, BOULEVARD DE CHANZY 93100 MONTREUIL",93048,"48.8583,2.4331",Bâtiment,"19,5m","Copropriété, Syndic, SCI",,AJO,,False,True
3329724,ONATI,5G NR 3500,CHATEAU D'EAU DE TARAVAO (TARAVAO) 98722 TAIARAPU EST,98747,"-17.7225,-149.315",Pylône autostable,12m,Onati,,AJO,,False,True
3329724,ONATI,,CHATEAU D'EAU DE TARAVAO (TARAVAO) 98722 TAIARAPU EST,98747,"-17.7225,-149.315",Pylône autostable,12m,Onati,2001-06-19,CHI,130633,False,True
3329766,SFR,"LTE 700, LTE 800, LTE 1800, LTE 2100, LTE 2600, 5G NR 2100",9  RUE PIERRE LOTI 17440 AYTRE,17028,"46.1308,-1.1197",Bâtiment,31m,"Copropriété, Syndic, SCI",,AJO,,False,True
3329772,SFR,"UMTS 900, LTE 700, LTE 800",D125 (LE FOURNET) 43210 VALPRIVAS,43249,"45.3256,4.0419",Pylône autostable,"30,6m",TDF,2026-07-17,AJA,,True,True
3329787,SFR,"UMTS 900, LTE 700, LTE 800",CHEMIN DES CARRIERES (SOUS LA DOIE) 74560 MONNETIER MORNEX,74185,"46.16,6.2025",Pylône autostable,36m,SFR,,AJO,,True,True
3329842,ORANGE,"LTE 800, LTE 1800, LTE 2100, LTE 2600, 5G NR 700, 5G NR 3500","22, RUE BERTEAUX DUMAS 92200 NEUILLY SUR SEINE",92051,"48.8828,2.2758",Immeuble,"30,9m","Copropriété, Syndic, SCI",,AJO,,False,True
3329897,ORANGE,"LTE 800, LTE 1800, LTE 2100, LTE 2600, 5G NR 700, 5G NR 3500",6 RUE DE CHALAROL 17570 LES MATHES,17225,"45.7144,-1.1558",Pylône tubulaire,12m,TOTEM,2026-07-20,AJA,,False,True
3329903,FREE MOBILE,"LTE 700, LTE 900, LTE 1800, LTE 2100, LTE 2600",55 AVENUE OUEST 33970 LEGE CAP FERRET,33236,"44.6233,-1.2478",Pylône tubulaire,"12,9m",FREE-MOBILE,2026-07-24,AJA,,False,True
3329903,FREE MOBILE,5G NR 700,55 AVENUE OUEST 33970 LEGE CAP FERRET,33236,"44.6233,-1.2478",Pylône tubulaire,"12,9m",FREE-MOBILE,,AJO,,False,True
3329905,FREE MOBILE,"LTE 700, LTE 900, LTE 1800, LTE 2100, LTE 2600, 5G NR 700, 5G NR 3500",6-8 PLACE DU DR BICHON 49100 ANGERS,49007,"47.4794,-0.5642",Immeuble,"16,9m","Copropriété, Syndic, SCI",,AJO,,False,True
3329909,FREE MOBILE,"LTE 700, LTE 900, LTE 1800, LTE 2100, LTE 2600, 5G NR 700, 5G NR 3500",132 ROUTE D'OBERHAUSBERGEN 67200 STRASBOURG,67482,"48.595,7.7106",Bâtiment,"19,9m",Société HLM,,AJO,,False,True
3329917,ORANGE,"LTE 800, LTE 1800, LTE 2100, LTE 2600, 5G NR 700, 5G NR 3500",QUAI DE LA RÉPUBLIQUE 20167 AJACCIO,2A004,"41.9197,8.74",Pylône tubulaire,"12,6m",ORANGE,2026-07-20,AJA,,False,True
3329936,ORANGE,"LTE 700, LTE 800, LTE 1800, 5G NR 2100",D79 (LA CHATAIGNERAIE) 16100 LOUZAC ST ANDRE,16193,"45.7169,-0.3928",Pylône autostable,30m,ATC FRANCE,,AJO,,False,True
3329974,ORANGE,"LTE 700, LTE 800",RUE DE BLANCHERON ANCIEN STADE DE FOOT 10200 VERNONVILLIERS,10403,"48.3153,4.6844",Pylône autostable,"24,4m",ORANGE,,AJO,,True,True
3330002,BOUYGUES TELECOM,"LTE 700, LTE 800, LTE 1800, LTE 2600, 5G NR 2100",ZA DE KERDRIOUAL 29290 LANRIVOARE,29119,"48.4706,-4.6511",Pylône autostable,30m,PHOENIX FRANCE INFRASTRUCTURES,,AJO,,False,True
3330037,FREE MOBILE,"LTE 700, LTE 900, LTE 1800, LTE 2100, LTE 2600, 5G NR 700, 5G NR 3500",137 BOULEVARD DU GÉNÉRAL LECLERC 92000 NANTERRE,92050,"48.9006,2.1881",Pylône tubulaire,"31,2m",CELLNEX,,AJO,,False,True
3330135,SFR,"LTE 700, LTE 800, LTE 1800, LTE 2100, LTE 2600, 5G NR 2100",CHEMIN RURAL DE  ROMÉGIÈRES À RABEVRIE (L?HUBAC DU BOSC) 07380 CHIROLS,07065,"44.6881,4.2961",Pylône autostable,36m,SFR,,AJO,,False,True
3330141,SFR,"LTE 700, LTE 800, LTE 1800, LTE 2100, LTE 2600, 5G NR 2100, 5G NR 3500",ROUTE DE TAXO A LA MER (LA GAVARRA) 66700 ARGELES SUR MER,66008,"42.5703,3.0111",Pylône tubulaire,12m,TOWEO,,AJO,,False,True
3330224,ORANGE,"LTE 800, LTE 1800, LTE 2100, LTE 2600, 5G NR 700, 5G NR 3500",167 RUE D'ALESIA 75014 PARIS 14,75114,"48.8306,2.3183",Bâtiment,45m,Société Privée,2026-07-20,AJA,,False,True
3330872,SFR,"GSM 900, UMTS 900, LTE 800, LTE 1800, 5G NR 2100",BOIS DE LA PAYELLE 3 CHEMIN DE LA TOURNICHETTE 59144 WARGNIES LE PETIT,59640,"50.3042,3.7",Pylône autostable,44m,TDF,2026-07-17,AJA,,False,True
3330872,SFR,LTE 2100,BOIS DE LA PAYELLE 3 CHEMIN DE LA TOURNICHETTE 59144 WARGNIES LE PETIT,59640,"50.3042,3.7",Pylône autostable,44m,TDF,,AJO,,False,True
3330880,ORANGE,"UMTS 900, LTE 800, LTE 1800, LTE 2100, LTE 2600, 5G NR 700, 5G NR 3500",ROUTE DE L'ÉCLUSE DE MARDYCK 59760 GRANDE SYNTHE,59271,"51.02,2.2675",Pylône autostable,"35,7m",TOTEM,2026-07-20,AJA,,False,True
3330886,BOUYGUES TELECOM,"UMTS 900, LTE 700, LTE 800",88 R DES VALLEES 53300 CHANTRIGNE,53055,"48.4153,-0.5683",Monument religieux,20m,"Commune, communauté de communes",,AJO,,True,True
3331003,BOUYGUES TELECOM,"LTE 700, LTE 800, LTE 1800, LTE 2600, 5G NR 2100",CHÂTEAU BAGUER 35120 BAGUER MORVAN,35009,"48.4997,-1.7683",Pylône autostable,"36,5m",PHOENIX FRANCE INFRASTRUCTURES,,AJO,,False,True
3331005,BOUYGUES TELECOM,"LTE 700, LTE 800, LTE 1800, LTE 2600, 5G NR 2100",CHEM DES ROYAL ULSTER RIFLES (DELLE DES PRES) 14610 CAMBES EN PLAINE,14125,"49.2383,-0.3844",Pylône tubulaire,"30,2m",PHOENIX FRANCE INFRASTRUCTURES,,AJO,,False,True
3331008,ORANGE,"LTE 800, LTE 1800, LTE 2100, LTE 2600, 5G NR 700, 5G NR 3500",26 - 30 ALLÉE DE LA SENTE NOIRE 78240 CHAMBOURCY,78133,"48.9017,2.0414",Immeuble,"14,9m",Société HLM,,AJO,,False,True
3331013,BOUYGUES TELECOM,"LTE 700, LTE 800, LTE 1800, LTE 2600, 5G NR 2100, 5G NR 3500",8 AV GEORGES POMPIDOU 14100 LISIEUX,14366,"49.1383,0.2231",Pylône tubulaire,24m,PHOENIX FRANCE INFRASTRUCTURES,,AJO,,False,True
3331047,ORANGE,"UMTS 900, UMTS 2100, LTE 700, LTE 800, LTE 1800, LTE 2100, LTE 2600, 5G NR 3500",ALLÉE DES PAILLE-EN-QUEUE 97460 ST PAUL,97415,"-21.0272,55.2319",Pylône tubulaire,12m,ORANGE,,AJO,,False,True
3331052,BOUYGUES TELECOM,"LTE 700, LTE 800, LTE 1800, LTE 2600, 5G NR 2100", (MARAIS DES LEVEES OUIES LO) 44720 ST JOACHIM,44168,"47.3833,-2.1967",Pylône tubulaire,30m,PHOENIX FRANCE INFRASTRUCTURES,,AJO,,False,True
3331128,ORANGE,"LTE 800, LTE 1800, LTE 2100, LTE 2600, 5G NR 700, 5G NR 3500","2, RUE DE L'ELYSÉE (HÔTEL DE HIRSCH) 75008 PARIS 08",75108,"48.8689,2.3167",Bâtiment,"21,6m","État, Ministère",2026-07-20,AJA,,False,True
3331194,ORANGE,"UMTS 900, LTE 700, LTE 800, LTE 1800, 5G NR 2100", (ROUBY) 48100 BOURGS SUR COLAGNE,48099,"44.5417,3.27",Pylône autostable,12m,TOTEM,,AJO,,False,True
3331317,BOUYGUES TELECOM,"LTE 700, LTE 800, LTE 1800, LTE 2600, 5G NR 2100, 5G NR 3500",643 R DES ARTISANS (9014 LA DEFRAISSE) 30150 ROQUEMAURE,30221,"44.0497,4.785",Pylône autostable,24m,PHOENIX FRANCE INFRASTRUCTURES,,AJO,,False,True
3331325,ORANGE,"LTE 800, LTE 1800, LTE 2100, LTE 2600, 5G NR 700, 5G NR 3500",2 RUE PORT-DE-CASTETS 64100 BAYONNE,64102,"43.4911,-1.475",Immeuble,"25,6m",Particulier,2026-07-13,AJA,,False,True
3331373,SFR,"LTE 700, LTE 800, LTE 1800, LTE 2100, LTE 2600, 5G NR 2100",70 ROUTE CHALLANGES 21200 BEAUNE,21054,"47.0161,4.8594",Pylône autostable,30m,SFR,,AJO,,False,True
3331391,SFR,"LTE 700, LTE 800, LTE 1800, LTE 2600, 5G NR 2100", (GRAND MARAIS) 59169 GOEULZIN,59263,"50.3139,3.0836",Pylône autostable,42m,HIVORY,,AJO,,False,True
3331407,SFR,UMTS 900,CHEMIN DES GRANDS BOIS (LES CREUX) 52310 ORMOY LES SEXFONTAINES,52367,"48.2214,5.0583",Pylône autostable,42m,SFR,2026-07-23,AJA,,True,True
3331407,SFR,"LTE 700, LTE 800",CHEMIN DES GRANDS BOIS (LES CREUX) 52310 ORMOY LES SEXFONTAINES,52367,"48.2214,5.0583",Pylône autostable,42m,SFR,,AJO,,True,True
3331414,SFR,"LTE 700, LTE 800, LTE 1800, LTE 2100, LTE 2600, 5G NR 2100",CHEMIN DES FANGES (DRUS) 11500 BELVIANES ET CAVIRAC,11035,"42.8478,2.2058",Pylône autostable,42m,TDF,,AJO,,False,True
3331434,ORANGE,"LTE 700, LTE 800, LTE 1800, 5G NR 2100",CHEMIN DES FILLARDS 71540 BARNAY,71020,"47.0886,4.3403",Pylône autostable,27m,TDF,,AJO,,False,True
3331463,SFR,"LTE 700, LTE 800, LTE 1800, LTE 2600, 5G NR 2100",ROUTE DE MOMMENHEIM CHEMIN D'EXPLOITATION (BITTWING) 67670 MOMMENHEIM,67301,"48.7606,7.6272",Pylône autostable,36m,HIVORY,,AJO,,False,True
3331498,Gouv Nelle Calédonie (OPT),"UMTS 900, LTE 800","ROUTE DE POABOAUDIFINGUE RM 28, LOT 25 (POINLOCHE) 98883 VOH",98831,"-20.8819,164.6233",Pylône treillis,6m,Office des Postes et Télécom,,AJO,,False,True
3331558,ORANGE,"LTE 800, LTE 1800, LTE 2100, LTE 2600, 5G NR 700, 5G NR 3500",10 ALLÉE DU VIGNOBLE 51100 REIMS,51454,"49.2194,4.015",Pylône tubulaire,15m,TOTEM,,AJO,,False,True
3331570,BOUYGUES TELECOM,"UMTS 900, LTE 700, LTE 800, LTE 1800, LTE 2600, 5G NR 2100",R DU PERRON (LES TRENTE SEPTIERS) 28150 VILLARS,28411,"48.2319,1.5594",Pylône autostable,42m,PHOENIX FRANCE INFRASTRUCTURES,,AJO,,False,True
3331696,FREE MOBILE,"LTE 700, LTE 900, LTE 1800, LTE 2100, LTE 2600, 5G NR 700, 5G NR 3500",STADE CHASSELOUP-LAUBAT AVENUE DE BEAULIEU (PARC DES SPORTS) 17320 MARENNES HIERS BROUAGE,17219,"45.83,-1.1025",Pylône tubulaire,36m,TOTEM,,AJO,,False,True
3331698,FREE MOBILE,"LTE 700, LTE 900, LTE 1800, LTE 2100, 5G NR 700",CHEMIN DE DECROZO (LES CHAPELLES) 38280 VILLETTE D ANTHON,38557,"45.7872,5.0786",Pylône autostable,24m,FREE-MOBILE,,AJO,,False,True
3331948,FREE MOBILE,"LTE 700, LTE 900, LTE 1800, LTE 2100, LTE 2600, 5G NR 700, 5G NR 3500",37 RUE JEAN MARIE DE LA MENNAIS 44300 NANTES,44109,"47.2058,-1.5983",Immeuble,"16,3m",Particulier,,AJO,,False,True
3332003,TELCO OI,"GSM 900, UMTS 900, UMTS 2100, LTE 800, LTE 1800, LTE 2100, LTE 2600, 5G NR 700, 5G NR 3500",CHEMIN SARDA GARRIGA 97432 ST PIERRE,97416,"-21.2925,55.5106",Pylône arbre,20m,Telco OI,,AJO,,False,True
3332008,BOUYGUES TELECOM,"LTE 700, LTE 800, LTE 1800, LTE 2600, 5G NR 2100",CHEM DES GRANGES (LA PINEE) 05100 BRIANCON,05023,"44.9069,6.6189",Pylône autostable,24m,PHOENIX FRANCE INFRASTRUCTURES,,AJO,,False,True
3332067,SFR,"LTE 700, LTE 800, LTE 1800, LTE 2100, LTE 2600, 5G NR 2100",ROUTE DE GRAY (LES GRANDES NOUES) 21490 VAROIS ET CHAIGNOT,21657,"47.3433,5.1175",Pylône autostable,36m,SFR,,AJO,,False,True
3332619,BOUYGUES TELECOM,"LTE 700, LTE 800, LTE 1800, LTE 2600, 5G NR 2100",11 R DE LA GRANDE VOIE 95100 ARGENTEUIL,95018,"48.9608,2.2367",Immeuble,11m,"Copropriété, Syndic, SCI",,AJO,,False,True
3332729,SFR,"LTE 700, LTE 800, LTE 1800, LTE 2100, LTE 2600, 5G NR 2100", (CROUX DE LA CURE) 48170 ARZENC DE RANDON,48008,"44.6322,3.6686",Pylône autostable,24m,TDF,,AJO,,False,True
3332773,ORANGE,"UMTS 900, LTE 800, LTE 1800, 5G NR 700, 5G NR 3500",RÉSERVOIR (LES TONNELLES) 79130 SECONDIGNY,79311,"46.6192,-0.4072",Pylône autostable,36m,TOTEM,,AJO,,False,True
3332778,BOUYGUES TELECOM,"LTE 700, LTE 800, LTE 1800, LTE 2600, 5G NR 2100",COULOMBET CHEMIN D ANDU 30350 MOULEZAN,30183,"43.9317,4.12",Pylône autostable,"14,9m",PHOENIX FRANCE INFRASTRUCTURES,,AJO,,False,True
3332794,BOUYGUES TELECOM,"LTE 700, LTE 800, LTE 1800, LTE 2600, 5G NR 2100",5 CHEM RAY CHARLES 59650 VILLENEUVE D ASCQ,59009,"50.6325,3.1394",Immeuble,"25,2m","Copropriété, Syndic, SCI",,AJO,,False,True
3332799,BOUYGUES TELECOM,"LTE 700, LTE 800, LTE 1800, LTE 2600, 5G NR 2100",15 R CHARLES MARTEL 54250 CHAMPIGNEULLES,54115,"48.725,6.1475",Immeuble,"17,9m",Société HLM,,AJO,,False,True
3332801,BOUYGUES TELECOM,"LTE 700, LTE 800, LTE 1800, LTE 2600, 5G NR 2100",4 AV GAL TOUZET DU VIGIER 21000 DIJON,21231,"47.3489,5.0444",Immeuble,"15,8m","Copropriété, Syndic, SCI",,AJO,,False,True
3332805,BOUYGUES TELECOM,"LTE 700, LTE 800, LTE 1800, LTE 2600, 5G NR 2100",CHEMIN DE CEINTURE (LES PIECES DE LA RECETTE) 28310 FRESNAY L EVEQUE,28164,"48.2594,1.8258",Pylône tubulaire,24m,BOUYGUES,,AJO,,False,True
3332810,SFR,"LTE 700, LTE 800, LTE 1800, LTE 2600, 5G NR 2100",RUE RITTI (HERRENFELD) 67290 WIMMENAU,67535,"48.9072,7.4172",Pylône autostable,42m,HIVORY,,AJO,,False,True
3332814,BOUYGUES TELECOM,"LTE 700, LTE 800, LTE 1800, LTE 2600, 5G NR 2100",5 R CHEVREUL 94600 CHOISY LE ROI,94022,"48.7669,2.4164",Immeuble,19m,BOUYGUES,,AJO,,False,True
3332856,BOUYGUES TELECOM,"LTE 700, LTE 800, LTE 1800, LTE 2600, 5G NR 2100",169 R DE LA MAIRIE CHATEAU D'EAU 34980 ST CLEMENT DE RIVIERE,34247,"43.6825,3.8458",Château d'eau - réservoir,15m,"Commune, communauté de communes",,AJO,,False,True
3332910,ORANGE,"GSM 900, UMTS 900, UMTS 2100, LTE 700, LTE 800, LTE 1800, LTE 2100, LTE 2600, 5G NR 3500",RUE BOIS NOIR KATRENDRE 97620 CHIRONGUI,97606,"-12.9028,45.155",Pylône autostable,30m,ORANGE,,AJO,,False,True
3332921,SFR,"LTE 700, LTE 800, LTE 1800, LTE 2100, LTE 2600, 5G NR 2100, 5G NR 3500",CHEMIN DES CHATAIGNIERS (CHAPELIÈRE) 38110 LA BATIE MONTGASCON,38029,"45.5839,5.5364",Pylône autostable,36m,SFR,,AJO,,False,True
3332924,SFR,"LTE 700, LTE 800",5163  ROUTE DE HOUIEILLES 47700 FARGUES SUR OURBISE,47093,"44.2053,0.1297",Pylône autostable,36m,HIVORY,2026-07-24,AJA,,True,True
3332924,SFR,UMTS 900,5163  ROUTE DE HOUIEILLES 47700 FARGUES SUR OURBISE,47093,"44.2053,0.1297",Pylône autostable,36m,HIVORY,,AJO,,True,True
3333243,SFR,"LTE 700, LTE 800, LTE 1800, LTE 2600, 5G NR 2100",RUE DE BELLEVUE (DERRIERE SAINT-PIERRE) 54700 MAIDIERES,54332,"48.8981,6.0331",Pylône arbre,24m,SFR,,AJO,,False,True
3333281,SFR,"LTE 700, LTE 800, LTE 1800, LTE 2100, LTE 2600, 5G NR 3500",5 PLACE STALINGRAD 33800 BORDEAUX,33063,"44.8397,-0.5592",Immeuble,"14,7m","Copropriété, Syndic, SCI",,AJO,,False,True
3333284,SFR,"UMTS 900, LTE 700, LTE 800",ROUTE DE CAPSUS (QUARTIER CAPSUS) 40410 MOUSTEY,40200,"44.4236,-0.7256",Pylône autostable,42m,SFR,,AJO,,True,True
3333290,SFR,"LTE 700, LTE 800, LTE 1800, LTE 2100, LTE 2600, 5G NR 2100",IMPASSE DE GALINREY (GALINREY) 81200 AIGUEFONDE,81002,"43.5083,2.3397",Pylône autostable,42m,TDF,,AJO,,False,True
3333362,ORANGE,"LTE 700, LTE 800, LTE 1800, 5G NR 2100",LES QUEUDRES (LES VIGNES BLANCHES) 58490 ST PARIZE LE CHATEL,58260,"46.8469,3.1411",Pylône autostable,"42,8m",ON TOWER FRANCE,,AJO,,False,True
3333374,BOUYGUES TELECOM,"UMTS 900, LTE 700, LTE 800, LTE 1800, LTE 2600, 5G NR 2100",ROUTE DU POTEAU (HEREL) 14350 SOULEUVRE EN BOCAGE,14061,"48.9614,-0.9533",Pylône autostable,48m,TDF,,AJO,,False,True
3333407,TELCO OI,"GSM 900, UMTS 900, UMTS 2100, LTE 800, LTE 1800, LTE 2100, LTE 2600, 5G NR 700, 5G NR 3500",100 RUE LAFAYETTE 97470 ST BENOIT,97410,"-21.0508,55.7153",Pylône autostable,20m,Telco OI,,AJO,,False,True
3333417,FREE MOBILE,"LTE 700, LTE 900, LTE 1800, LTE 2100, LTE 2600, 5G NR 700, 5G NR 3500",301 AVENUE SAINT EXUPÉRY HLM LES FAUVETTES BÂTIMENT B 83500 LA SEYNE SUR MER,83126,"43.1125,5.8733",Bâtiment,"17,5m",Société HLM,,AJO,,False,True
3333436,BOUYGUES TELECOM,"LTE 700, LTE 800, LTE 1800, LTE 2600, 5G NR 2100",33 R EDOUARD BRANLY 35170 BRUZ,35047,"48.0356,-1.725",Pylône autostable,"34,5m",CELLNEX,,AJO,,False,True
3333490,BOUYGUES TELECOM,"LTE 700, LTE 800, LTE 1800, LTE 2600, 5G NR 2100, 5G NR 3500",17 RUE DES ROSIERS 14000 CAEN,14118,"49.1867,-0.3739",Immeuble,"33,2m",Société HLM,,AJO,,False,True
3333613,SFR,"LTE 700, LTE 800, LTE 1800, LTE 2100, LTE 2600, 5G NR 2100", (LA RAZ) 38690 CHABONS,38065,"45.4431,5.4089",Pylône autostable,36m,SFR,,AJO,,False,True
3333616,SFR,"LTE 700, LTE 800, LTE 1800, LTE 2600, 5G NR 2100",D906 CHEMIN D'EXPLOITATION N°5 (LA SAISON DE BAN) 54150 AVRIL,54036,"49.2931,5.9589",Pylône autostable,30m,TDF,,AJO,,False,True
3333625,SFR,"LTE 700, LTE 800, LTE 1800, LTE 2100, LTE 2600, 5G NR 2100",5 BOULEVARD ORATORI 66200 THEZA,66208,"42.6408,2.9489",Immeuble,"10,8m","Copropriété, Syndic, SCI",,AJO,,False,True
3333644,BOUYGUES TELECOM,"LTE 700, LTE 800, LTE 1800, LTE 2600, 5G NR 2100", (LE FOND DES CHEMS) 22410 LANTIC,22117,"48.5986,-2.8831",Pylône autostable,36m,PHOENIX FRANCE INFRASTRUCTURES,,AJO,,False,True
3333741,ORANGE,"LTE 800, LTE 1800, LTE 2100, 5G NR 700, 5G NR 3500",RUE VERTE 62360 CONDETTE,62235,"50.6483,1.6322",Pylône tubulaire,36m,ORANGE,,AJO,,False,True
3333743,ORANGE,"LTE 800, LTE 1800, LTE 2100, LTE 2600, 5G NR 700, 5G NR 3500",2  R LÉO LAGRANGE RÉSIDENCE FONTAINEBLEAU 59580 ANICHE,59008,"50.3256,3.2561",Bâtiment,"16,9m",Société Privée,,AJO,,False,True
3333785,ORANGE,"LTE 800, LTE 1800, LTE 2100, LTE 2600, 5G NR 700, 5G NR 3500",12 AVENUE DU GUÉ LANGLOIS ZONE D'ACTIVITÉS DU GUÉ LANGLOIS 77600 BUSSY ST MARTIN,77059,"48.845,2.6653",Bâtiment,"12,9m",Société Privée,,AJO,,False,True
3333847,FREE MOBILE,"LTE 700, LTE 900, LTE 1800, LTE 2100, LTE 2600, 5G NR 700, 5G NR 3500",13 AVENUE PORTE DE VINCENNES 75020 PARIS 20,75120,"48.8475,2.4133",Bâtiment,36m,Société Privée,,AJO,,False,True
3333854,FREE MOBILE,"LTE 700, LTE 900, LTE 1800, LTE 2100, LTE 2600, 5G NR 700, 5G NR 3500",2 RUE PIERRE MENDÈS FRANCE 44230 ST SEBASTIEN SUR LOIRE,44190,"47.1925,-1.4936",Pylône autostable,"31,8m",CELLNEX,,AJO,,False,True
3333858,BOUYGUES TELECOM,UMTS 2100,18 ROUTE DU BASSIN N°6 92230 GENNEVILLIERS,92036,"48.9486,2.2953",Pylône tubulaire,27m,CELLNEX,2018-05-30,SUP,,False,False
3333858,FREE MOBILE,"LTE 700, LTE 900, LTE 1800, LTE 2100, LTE 2600, 5G NR 700, 5G NR 3500",18 ROUTE DU BASSIN N°6 92230 GENNEVILLIERS,92036,"48.9486,2.2953",Pylône tubulaire,27m,CELLNEX,,AJO,,False,True
3335402,SFR,"LTE 700, LTE 800, LTE 1800, LTE 2100, LTE 2600, 5G NR 2100","44, IMPASSE VIEUX CHEMIN DE ST CYPRIEN 66200 ELNE",66065,"42.6144,2.985",Pylône arbre,25m,TOWEO,,AJO,,False,True
3336149,ORANGE,"UMTS 900, LTE 700, LTE 800, LTE 1800, 5G NR 2100",1801 ROUTE DE CHASSAC CHEMIN DES VIGNES 19120 BEAULIEU SUR DORDOGNE,19019,"45.0325,1.8381",Pylône autostable,30m,TDF,,AJO,,False,True
3336584,ORANGE,,81 TER ROUTE DE LIGNEROLLES 27810 MARCILLY SUR EURE,27391,"48.8347,1.3078",Pylône autostable,"35,8m",TOTEM,,CHI,3026372,False,True
3336617,ORANGE,,6 AVENUE JEAN JAURÈS 34170 CASTELNAU LE LEZ,34057,"43.6336,3.8958",Bâtiment,"17,9m",Société Privée,2025-11-27,CHI,2044319,False,True
3336647,ORANGE,"UMTS 900, LTE 700, LTE 800, LTE 1800, 5G NR 2100",CHEMIN DU BOUCHET	 (PATURE DU CHAMP VALET) 18340 LAPAN,18122,"46.9253,2.3025",Pylône autostable,36m,TOTEM,2026-07-21,AJA,,False,True
3336707,FREE MOBILE,,87 RUE DAMREMONT 75018 PARIS 18,75118,"48.8942,2.3364",Immeuble,41m,Société HLM,2021-03-19,CHI,2213515,False,True
3336711,ORANGE,,RTE DE LA ROCHELLE (FAUSSE LUSSANE) 17290 CHAMBON,17080,"46.1036,-0.8492",Pylône autostable,30m,TDF,2026-07-01,CHI,2169978,False,True
3337838,SFR,,ROUTE DE POUILLON (ESTIETS) 40180 HEUGAS,40125,"43.6358,-1.0836",Pylône autostable,36m,TDF,,CHI,3303089,False,True
3337961,FREE MOBILE,,RUE DES SAPINS D13 D122 (RAMSBERG) 67320 OTTWILLER,67369,"48.8586,7.2294",Pylône autostable,"36,4m",ON TOWER FRANCE,2021-12-10,CHI,3178892,False,True
3338154,OUTREMER TELECOM,,4 RUE GUILLAUME LETHIERE 97110 POINTE A PITRE,97120,"16.2367,-61.5336",Immeuble,32m,Outremer Telecom,2025-12-20,CHI,3123160,False,True
3338213,ORANGE,,CHEMIN DES PLOTS (VIERGE DU ROC POINTU) 34150 ST JEAN DE FOS,34267,"43.7075,3.5492",Pylône autostable,15m,TDF,,CHI,3050496,False,True
3338518,BOUYGUES TELECOM,,ROUTE DE LEUDEVILLE CROISEMENT D19 ANCIENNE BASE MILITAIRE 91220 LE PLESSIS PATE,91494,"48.6067,2.3278",Pylône tubulaire,29m,CELLNEX,2022-06-16,CHI,1332680,False,True
3338518,FREE MOBILE,,ROUTE DE LEUDEVILLE CROISEMENT D19 ANCIENNE BASE MILITAIRE 91220 LE PLESSIS PATE,91494,"48.6067,2.3278",Pylône tubulaire,29m,CELLNEX,2022-01-31,CHI,2526124,False,True
3338522,ORANGE,,"RUE DE LA MAIRIE D59, PRÈS DU CIMETIÈRE (LES FONDS GUEUX) 27220 BOIS LE ROI",27073,"48.8678,1.3519",Pylône autostable,30m,TOTEM,2026-06-11,CHI,2006623,False,True
3338926,ORANGE,,62/64 RUE MARX DORMOY 75018 PARIS 18,75118,"48.8889,2.36",Immeuble,"34,1m","Copropriété, Syndic, SCI",2022-06-27,CHI,135082,False,True
3338933,ORANGE,,94 BIS RUE ALEXIS PESNON 93100 MONTREUIL,93048,"48.8633,2.4378",Immeuble,37m,TOTEM,2023-08-23,CHI,669605,False,True
3338937,ORANGE,,2 IMP JEAN MACÉ 30900 NIMES,30189,"43.8183,4.3647",Immeuble,"21,3m","Copropriété, Syndic, SCI",2021-04-30,CHI,727817,False,True
3338945,ORANGE,,ROUTE DE TRÉHUINEC 56000 VANNES,56260,"47.6825,-2.7981",Pylône autostable,"26,5m",TOTEM,2022-03-21,CHI,1172227,False,True
3338958,BOUYGUES TELECOM,,1 ROUTE DE LYON STADE MUNICIPALE J. OBOUSSIER/R MILLET 69250 NEUVILLE SUR SAONE,69143,"45.8683,4.8375",Pylône autostable,"30,5m",CELLNEX,2023-04-07,CHI,2809060,False,True
3338964,ORANGE,,507 PL DES CHAMPS ELYSEES 91080 EVRY COURCOURONNES,91228,"48.6236,2.4231",Immeuble,"25,8m","Copropriété, Syndic, SCI",2024-08-19,CHI,1406312,False,True
3338968,ORANGE,,CHEMIN RURAL DIT OBERE HUNDSRUECKEN (HUNDSRUECKEN) 68440 ESCHENTZWILLER,68084,"47.7225,7.3986",Pylône autostable,36m,HIVORY,,CHI,3282747,False,True
3338974,ORANGE,,154 ALLÉE DES ERABLES 93420 VILLEPINTE,93078,"48.9731,2.5017",Pylône tubulaire,22m,TOTEM,2021-07-30,CHI,823553,False,True
3339009,ORANGE,,LA PIERRE LEVÉE D109 ROUTE DE NOYERS (BOIS ADRIEN) 37800 MAILLE,37142,"47.0356,0.5717",Pylône autostable,36m,TOTEM,2019-10-10,CHI,1629901,False,True
3339048,ORANGE,,3 RUE DU CHAUFOUR 60480 THIEUX,60634,"49.5406,2.3092",Pylône autostable,36m,TOTEM,,CHI,3290807,False,True
3339317,BOUYGUES TELECOM,,20 ALLÉE DE RONCEVAUX 31770 COLOMIERS,31149,"43.6064,1.3267",Pylône autostable,36m,TOTEM,,CHI,3317279,False,True
3339337,BOUYGUES TELECOM,,"59, AVENUE DANIELLE CASANOVA 94200 IVRY SUR SEINE",94041,"48.8156,2.3833",Bâtiment,"27,2m","Copropriété, Syndic, SCI",2025-04-17,CHI,3021719,False,True
3339383,FREE MOBILE,,135 BIS ROUTE DE PARIS ENTREPRISE CHAUSSON (ZONE COMMERCIALE HEXAGONE) 31140 ST ALBAN,31467,"43.69,1.4069",Pylône tubulaire,"26,5m",CELLNEX,2021-03-30,CHI,3321003,False,True
3339474,ORANGE,,RUE SARRASINE (LA CORNE) 23200 AUBUSSON,23008,"45.945,2.1647",Pylône autostable,33m,TOTEM,2026-03-02,CHI,2129462,False,True
3339749,BOUYGUES TELECOM,,56 ALL DU PONT DE LA PIERRE PASSE COMMUNALE (TERRE VIEILLE) 33160 ST MEDARD EN JALLES,33449,"44.9017,-0.7672",Pylône autostable,36m,CELLNEX,2025-06-03,CHI,2999427,False,True
3340215,BOUYGUES TELECOM,,164 RUE AGIS RIGORD 84100 ORANGE,84087,"44.1381,4.7939",Bâtiment,"15,5m",Société Privée,2021-12-22,CHI,2468517,False,True
3340353,ORANGE,,AÉROPORT MARSEILLE-PROVENCE USINE EUROCOPTER-CHÂTEAU D'EAU (AÉROPORT INTERNATIONAL) 13127 VITROLLES,13117,"43.4378,5.23",Château d'eau - réservoir,33m,AIRBUS,2023-05-24,CHI,1536671,False,True
3340362,FREE MOBILE,,19 CHEMIN DE LA CANDELLERIE D2 (LA CANDELLERIE) 17240 ST GENIS DE SAINTONGE,17331,"45.4758,-0.5725",Pylône autostable,39m,ON TOWER FRANCE,2024-05-30,CHI,2382561,False,True
3340408,FREE MOBILE,,LA PRAIE D23 (LES CHAMPS DE CHEVAUX) 90400 MEROUX MOVAL,90068,"47.5903,6.9158",Pylône autostable,"37,8m",TDF,2020-11-27,CHI,3335468,False,True
3340452,ORANGE,,AÉROPORT MARSEILLE-PROVENCE EUROCOPTER BAT R05 (LE CELIER) 13127 VITROLLES,13117,"43.4311,5.2339",Bâtiment,24m,Société Privée,2024-10-17,CHI,2267901,False,True
3340726,ORANGE,,8 RUE PICASSO 93370 MONTFERMEIL,93047,"48.9033,2.5608",Immeuble,21m,TOTEM,2015-01-09,CHI,1375093,False,True
3340753,FREE MOBILE,,CHEMIN DES QUARTS (LES QUARTS) 37270 LARCAY,37124,"47.3619,0.7881",Pylône autostable,"33,3m",TDF,2022-11-11,CHI,2053826,False,True
3340837,ORANGE,,5 RUE GUTENBERG ZONE D ACTIVITÉ DE LA BUTTE (ZA DE LA BUTTE) 91620 NOZAY,91458,"48.6481,2.2511",Pylône autostable,27m,TOTEM,2022-02-25,CHI,714696,False,True
3341020,ORANGE,,65/67 RUE RAYMOND LOSSERAND 75014 PARIS 14,75114,"48.8342,2.3189",Immeuble,"29,5m","Copropriété, Syndic, SCI",2021-04-16,CHI,611961,False,True
3341032,ORANGE,,8 RUE CLAUDE LEWY 45100 ORLEANS,45234,"47.8839,1.8994",Bâtiment,"22,1m",TOTEM,2022-03-24,CHI,790557,False,True
3341045,ORANGE,,23 AVENUE PASTEUR 33260 LA TESTE DE BUCH,33529,"44.6361,-1.1417",Pylône tubulaire,30m,TOTEM,2026-07-06,CHI,3321814,False,True
3341099,ORANGE,,PENNAVERN KERLIVER (PENNARVERN) 29460 HANVEC,29078,"48.3172,-4.2128",Pylône autostable,31m,TOTEM,1997-09-12,CHI,582491,False,True
3341144,ORANGE,,1 AVENUE JEAN LAGARRIGUE STATION ESSO LES ESSARTS - N138 76530 GRAND COURONNE,76319,"49.3533,1.0294",Pylône tubulaire,38m,TOTEM,2019-01-30,CHI,1733410,False,True
3341709,FREE MOBILE,,D 926 RUE DES TAGBELLES (PRENTEGARDE) 15100 ROFFIAC,15164,"45.0547,3.0178",Pylône autostable,30m,TDF,2021-08-20,CHI,2129152,False,True
3341729,FREE MOBILE,,INTERSECTION CHEMIN DE LA BUTTE ET ROUTE DU CRÈPON (LE CREPOND NORD) 38380 ENTRE DEUX GUIERS,38155,"45.4275,5.7428",Pylône autostable,34m,TDF,2023-05-31,CHI,2653030,False,True
3341734,FREE MOBILE,,115 AV ROGER SALENGRO 94500 CHAMPIGNY SUR MARNE,94017,"48.8178,2.495",Immeuble,20m,Société HLM,2025-05-13,CHI,2695269,False,True
3341828,ORANGE,,ROUE DU PONTEIL (ACO DE BLANC) 05310 CHAMPCELLA,05031,"44.7153,6.5714",Pylône autostable,30m,BOUYGUES,,CHI,3298315,False,True
3341849,ORANGE,,324 CHEM DE LA LAUVE RÉS. LES ROSES 83700 ST RAPHAEL,83118,"43.4294,6.7772",Immeuble,26m,"Copropriété, Syndic, SCI",2022-03-21,CHI,818063,False,True
3342037,FREE MOBILE,,61-63 R BOURDARIAS 94140 ALFORTVILLE,94002,"48.8056,2.4244",Immeuble,"44,7m",Société HLM,2024-08-23,CHI,929928,False,True
3342373,ORANGE,,AV DU MOULIN À VENT 34160 GALARGUES,34110,"43.7714,4.0172",Château d'eau - réservoir,22m,"Commune, communauté de communes",2026-03-04,CHI,93145,False,True
3342449,SFR,,ROUTE LE PETIT FONTAINE (LE PETIT FONTAINE) 14400 RYES,14552,"49.3247,-0.6239",Pylône autostable,45m,HIVORY,2024-01-19,CHI,1690801,False,True
3342464,BOUYGUES TELECOM,,RUE DE LA MINE (LE ROUERGAS) 34980 ST GELY DU FESC,34255,"43.7022,3.8128",Pylône autostable,24m,CELLNEX,2026-07-15,CHI,3164765,False,True
3342857,FREE MOBILE,,ROUTE DEPARTEMENTALE 906 (LES VIARDS) 71570 LA CHAPELLE DE GUINCHAY,71090,"46.2231,4.7819",Pylône autostable,36m,TDF,2022-10-17,CHI,2526120,False,True
3342857,ORANGE,,ROUTE DEPARTEMENTALE 906 (LES VIARDS) 71570 LA CHAPELLE DE GUINCHAY,71090,"46.2231,4.7819",Pylône autostable,36m,TDF,2021-11-16,CHI,2298053,False,True
3343026,ORANGE,,7 ALLÉE DANIEL DE COSNAC 19100 BRIVE LA GAILLARDE,19031,"45.1575,1.5556",Immeuble,35m,TOTEM,2022-06-27,CHI,767917,False,True
3343031,ORANGE,,RUE DES DENTELLIÈRES STADE JACQUES ROUÉ (LES GARENNES) 14470 REVIERS,14535,"49.2989,-0.4628",Pylône tubulaire,35m,TOTEM,2025-09-22,CHI,2845100,False,True
3343042,ORANGE,,6 RUE DE BALZAC 19100 BRIVE LA GAILLARDE,19031,"45.1561,1.5419",Immeuble,"18,6m","Copropriété, Syndic, SCI",2023-07-10,CHI,226443,False,True
3343048,ORANGE,,"2, PARKING DU ROUERGUE 34300 AGDE",34003,"43.2892,3.5242",Pylône tubulaire,"25,5m",TOTEM,2022-06-27,CHI,949217,False,True
3343052,SFR,,4-6 RUE PIERRE CHEVALDONNE 45100 ORLEANS,45234,"47.9092,1.9161",Immeuble,"18,8m",Société HLM,2020-12-16,CHI,857231,False,True
3343056,ORANGE,,RUE SIMON DAUPHINOT STADE LECRINIER 51350 CORMONTREUIL,51172,"49.225,4.0475",Pylône autostable,19m,TOTEM,2021-05-31,CHI,872334,False,True
3343060,SFR,,5 AVENUE MUNSTER 45100 ORLEANS,45234,"47.9122,1.9064",Bâtiment,57m,Société HLM,2020-12-16,CHI,468032,False,True
3343064,ORANGE,,AVENUE DE LA FOSSE 10 62420 BILLY MONTIGNY,62133,"50.4131,2.9053",Pylône autostable,"30,1m",TOTEM,2024-02-07,CHI,2009380,False,True
3343070,ORANGE,,14 RUE DE LA COLLINE 57200 SARREGUEMINES,57631,"49.1094,7.0539",Immeuble,"22,7m",Société Privée,2024-02-14,CHI,804219,False,True
3343074,ORANGE,,28 AVENUE DE FRANCE 74960 ANNECY,74010,"45.91,6.1386",Bâtiment,"29,7m","CCI, Ch Métier, Port Aut, Aéroport",2012-08-02,CHI,1003962,False,True
3343123,BOUYGUES TELECOM,,30 BOULEVARD ADOLPHE THIERS 78250 MEULAN EN YVELINES,78401,"49.0058,1.9261",Pylône tubulaire,"37,4m",CELLNEX,2021-12-30,CHI,2305976,False,True
3343127,ORANGE,,92 RUE DES FOSS?S SOUS S?MINAIRE 63100 CLERMONT FERRAND,63113,"45.795,3.1133",Immeuble,"19,4m",TOTEM,2022-11-16,CHI,2302720,False,True
3343227,ORANGE,,VAUTENDRE 1995 CHEMIN DES POISSONNIERS 13600 CEYRESTE,13023,"43.2094,5.6256",Pylône autostable,"20,4m",SNCF Réseau,2024-08-20,CHI,2137291,False,True
3343233,ORANGE,,CHEMIN DE PARADIS 39290 CHEVIGNY,39141,"47.1822,5.4878",Pylône autostable,36m,TOTEM,,CHI,3284828,False,True
3343237,ORANGE,,CHEMIN DE LA VIERGE (LES JOUPRANGES) 39290 MENOTEY,39323,"47.1553,5.4967",Pylône autostable,36m,ORANGE,2023-12-29,CHI,2783876,False,True
3343524,ORANGE,,2 CHEMIN DE VENTENAC 31320 VIEILLE TOULOUSE,31575,"43.5289,1.4425",Pylône autostable,18m,TOTEM,2025-07-15,CHI,3129233,False,True
3343539,BOUYGUES TELECOM,,38 RUE DE LA BURELLE 45800 ST JEAN DE BRAYE,45284,"47.9125,1.9453",Pylône autostable,30m,CELLNEX,2023-04-21,CHI,2818369,False,True
3343570,ORANGE,,CHEMIN VAUX FOUGARNIERS (LES CHÂGNES AUX LOUPS) 89270 VERMENTON,89441,"47.6639,3.7569",Pylône autostable,27m,TOTEM,2025-04-03,CHI,665747,False,True
3343578,SFR,,3 BOULEVARD DU GÉNÉRAL GALLIENI 94360 BRY SUR MARNE,94015,"48.8403,2.5219",Immeuble,18m,Société Privée,2022-03-17,CHI,581806,False,True
3343659,FREE MOBILE,,FERME NEUHOF 57910 HAMBACH,57289,"49.0383,7.0506",Pylône tubulaire,40m,TDF,2020-12-15,CHI,1432659,False,True
3343663,FREE MOBILE,,ROUTE DE DOMPIERRE (LE PETIT DOMPIERRE) 18320 JOUET SUR L AUBOIS,18118,"47.0344,3.0294",Pylône autostable,40m,ATC FRANCE,2023-11-30,CHI,2683930,False,True
3343944,FREE MOBILE,,2 MOB CHEMIN DES PERRETTES 18200 ORCENAIS,18171,"46.7203,2.4219",Pylône autostable,"31,8m",ON TOWER FRANCE,2021-05-21,CHI,1942390,False,True
3343958,BOUYGUES TELECOM,,RUE JEAN LOUIS SCIALLOUX 78200 BUCHELAY,78118,"48.9833,1.6786",Pylône autostable,31m,CELLNEX,2021-09-06,CHI,2415080,False,True
3343958,SFR,,RUE JEAN LOUIS SCIALLOUX 78200 BUCHELAY,78118,"48.9833,1.6786",Pylône autostable,31m,CELLNEX,2024-03-19,CHI,2505948,False,True
3344088,FREE MOBILE,,45 RUE EMILE ZOLA (LE CALVAIRE) 59252 MARQUETTE EN OSTREVANT,59387,"50.2919,3.2642",Pylône tubulaire,33m,ON TOWER FRANCE,2020-12-15,CHI,1924095,False,True
335405,ORANGE,"GSM 900, LTE 2100, 5G NR 3500",TERMINAL PASSAGER NORD - PASSERELLE N° 6 AÉROPORT RAIZET 97142 LES ABYMES,97101,"16.2692,-61.5258",Bâtiment,23m,"CCI, Ch Métier, Port Aut, Aéroport",,AJO,,False,False
335430,SRR,LTE 2100,CD 3 (CAMBOURG) 97470 ST BENOIT,97410,"-21.1158,55.7383",Mât béton,16m,Société Réunionnaise de Radiotéléphonie,2026-05-22,ART,,False,False
335857,FREE MOBILE,LTE 700,CHEM RURAL DIT DE LA CARRIERE (LA CARRIÈRE) 08160 VENDRESSE,08469,"49.6092,4.7931",Pylône autostable,"36,4m",HIVORY,2026-07-20,ALL,,True,False
341577,ORANGE,GSM 900,CHEM RURAL PRÉS D122 (BREL HAUT) 82190 BOURG DE VISA,82022,"44.2583,0.9439",Château d'eau - réservoir,32m,"Syndicat des eaux, Adduction",2006-12-23,SUP,,True,False
342930,SRR,LTE 2100,13 T R DES GLYCINES CILAOS CENTRE (CILAOS CENTRE) 97413 CILAOS,97424,"-21.135,55.4722",Pylône autostable,18m,Société Réunionnaise de Radiotéléphonie,2024-04-19,ART,,False,False
343117,ORANGE,GSM 900,PRÉS D66 FERME DU BEL AIR (SOULEILLA DE BELER) 31460 PRUNET,31441,"43.5761,1.7328",Pylône autostable,33m,TOTEM,2007-01-06,SUP,,False,False
347794,ORANGE,GSM 900,VC N°2 DE BETCHAT PRÈS RÉSERVOIR ET D 335 (SÈRE) 09230 BAGERT,09033,"43.0811,1.0694",Pylône autostable,25m,Conseil Départemental,2007-02-03,SUP,,True,False
347806,ORANGE,GSM 900, (HAILLOUÉ) 32420 PELLEFIGUE,32309,"43.4797,0.7892",Pylône autostable,25m,Conseil Départemental,2007-02-17,SUP,,True,False
348275,ORANGE,GSM 900,310 AV DE MURET 31500 TOULOUSE,31555,"43.5922,1.4342",Immeuble,37m,"Copropriété, Syndic, SCI",2007-02-17,SUP,,False,False
349276,ORANGE,GSM 900,D 295 CHEM DE MOMY (LE BESIAU) 65500 VILLENAVE PRES BEARN,65476,"43.3733,-0.1003",Pylône autostable,24m,TOTEM,2007-04-17,SUP,,True,False
349476,ORANGE,GSM 900, (TIBART) 09600 DUN,09107,"43.0569,1.8056",Pylône autostable,24m,TOTEM,2007-12-14,SUP,,True,False
349485,ORANGE,GSM 900,CHEM RURAL DE SARAMON À LOMBEZ 32220 MONTAMAT,32277,"43.4978,0.8397",Château d'eau - réservoir,30m,"Syndicat des eaux, Adduction",2007-02-27,SUP,,True,False
350417,ORANGE,GSM 900,VOIE COMMUNALE (LA SOULEILLE DE LANNES) 09140 SEIX,09285,"42.8719,1.1886",Pylône autostable,33m,TOTEM,2008-01-16,SUP,,True,False
354467,ORANGE,5G NR 700,160  R. DU LADHOF Z.I. EST 68000 COLMAR,68066,"48.0944,7.3753",Pylône tubulaire,27m,TOTEM,2026-07-23,AJA,,False,False
354467,ORANGE,5G NR 3500,160  R. DU LADHOF Z.I. EST 68000 COLMAR,68066,"48.0944,7.3753",Pylône tubulaire,27m,TOTEM,,AJO,,False,False
363841,ORANGE,GSM 900,CHEM RURAL DE ST GERMAIN À COUTENS (MIN RNÉ) 46310 FRAYSSINET,46113,"44.6492,1.4708",Pylône autostable,30m,TOTEM,2007-10-12,SUP,,False,False
392176,SFR,GSM 900,"3, AV DE CARRAS IMM LE NEVADA 06300 NICE",06088,"43.6814,7.2306",Immeuble,"31,8m","Copropriété, Syndic, SCI",1995-07-20,SUP,,False,False
397754,ORANGE,GSM 900,CHEM RURAL (LA COURRÈGE) 65190 CAHARET,65118,"43.1508,0.3125",Pylône haubané,25m,TOTEM,2007-09-03,SUP,,False,False
400455,ORANGE,GSM 900,CHEM RURAL (PEYREGUDE) 09320 LE PORT,09231,"42.8775,1.3706",Mât,10m,TOTEM,2007-12-20,SUP,,True,False
400652,ORANGE,"5G NR 700, 5G NR 3500",R RENÉ GILLARDIE PL DE LA GARE 16600 RUELLE SUR TOUVRE,16291,"45.6761,0.2217",Pylône tubulaire,20m,TOTEM,,AJO,,False,False
407684,SFR,GSM 900,53 R DE LA TALAUDIÈRE 42230 ST ETIENNE,42218,"45.4558,4.4131",Pylône autostable,23m,HIVORY,2017-12-13,SUP,,False,False
415169,FREE MOBILE,"LTE 2100, 5G NR 700",CHEM RURAL PRÈS D.36 (LES BOUQUINS) 45210 LA SELLE SUR LE BIED,45307,"48.0467,2.8875",Pylône autostable,35m,TOTEM,2026-07-24,ALL,,False,False
41517,SFR,GSM 900,BD  E.D SEILLON 83270 ST CYR SUR MER,83112,"43.185,5.7103",Bâtiment,13m,SFR,2000-12-06,SUP,,False,False
417371,ORANGE,GSM 900, (LE CHÂTEAU D'AYMARE) 46300 LE VIGAN EN QUERCY,46334,"44.7178,1.4722",Pylône autostable,32m,TOTEM,2008-02-01,SUP,,False,False
424443,SFR,"GSM 900, UMTS 900, LTE 700, LTE 800, LTE 2100, 5G NR 2100",25 R DU GL FOY 75008 PARIS 08,75108,"48.8789,2.3172",Immeuble,"31,7m","Copropriété, Syndic, SCI",,SUP,,False,False
429217,ORANGE,"LTE 700, 5G NR 2100",AV DE LA RÉSISTANCE PRÈS DU CHÂTEAU D'EAU 28480 BEAUMONT LES AUTELS,28031,"48.2583,0.9606",Pylône autostable,33m,TOTEM,2026-07-24,AJA,,False,False
429217,ORANGE,LTE 2100,AV DE LA RÉSISTANCE PRÈS DU CHÂTEAU D'EAU 28480 BEAUMONT LES AUTELS,28031,"48.2583,0.9606",Pylône autostable,33m,TOTEM,2019-11-20,SUP,,False,False
431492,ORANGE,GSM 900,CHEM RURAL  PRÈS D.943 (LASBATS) 65700 LAHITTE TOUPIERE,65248,"43.4539,-0.0192",Château d'eau - réservoir,25m,"Commune, communauté de communes",2008-03-17,SUP,,False,False
435326,FREE MOBILE,"LTE 900, LTE 2100, 5G NR 700",CITÉ DES PAPETERIES (DUNE D'UDOS) 40200 MIMIZAN,40184,"44.2067,-1.2603",Pylône autostable,60m,TOTEM,2026-07-24,ALL,,False,False
435326,SFR,GSM 900,CITÉ DES PAPETERIES (DUNE D'UDOS) 40200 MIMIZAN,40184,"44.2067,-1.2603",Pylône autostable,60m,TOTEM,2002-01-09,SUP,,False,False
435617,ORANGE,GSM 900,CHEM DE MANSÈDRE (JASSE DE MANSÈDRE) 09110 AX LES THERMES,09032,"42.6811,1.8117",Pylône autostable,"30,6m","Commune, communauté de communes",2008-02-04,SUP,,False,False
435649,BOUYGUES TELECOM,LTE 700,2 R BARROUIN 56 R BERGSON 42230 ST ETIENNE,42218,"45.4539,4.3836",Immeuble,34m,Société HLM,2026-07-30,ALL,,False,False
436548,ORANGE,GSM 900,COL DE BES (PLAGNE D'EROS) 09200 ERP,09114,"42.9289,1.2025",Pylône autostable,32m,TOTEM,2004-11-04,SUP,,False,False
436585,ORANGE,GSM 900,RN 21 (LA TUQUETTE) 47480 PONT DU CASSE,47209,"44.2556,0.6594",Pylône autostable,"92,8m",TDF,1994-04-01,SUP,,False,False
436647,ORANGE,GSM 900,PRÈS D 918 RÉSIDENCE TOURMALET (LA MONGIE TOURMALET) 65710 BAGNERES DE BIGORRE,65059,"42.9092,0.1683",Immeuble,"32,1m","Copropriété, Syndic, SCI",2000-12-01,SUP,,False,False
436707,BOUYGUES TELECOM,LTE 2600,CHEMIN FORESTIER DU RELAIS (FASANENWALD) 67700 MONSWILLER,67302,"48.7464,7.3914",Pylône autostable,"54,2m",TDF,,AJO,,False,False
436707,BOUYGUES TELECOM,UMTS 2100,CHEMIN FORESTIER DU RELAIS (FASANENWALD) 67700 MONSWILLER,67302,"48.7464,7.3914",Pylône autostable,"54,2m",TDF,2022-06-30,SUP,,False,False
436973,ORANGE,GSM 900,26 CHEM DE LA GLACIÈRE (LA GLACIÈRE) 31500 TOULOUSE,31555,"43.6442,1.4211",Mât,20m,"Copropriété, Syndic, SCI",2008-05-14,SUP,,False,False
436982,ORANGE,GSM 900, (PRAT DE REDON) 09000 PRAYOLS,09236,"42.9278,1.5919",Pylône autostable,70m,TDF,2004-09-05,SUP,,False,False
437294,ORANGE,GSM 900,D.37 - ROUTE DE DAUX (AU TUCOL) 31330 MERVILLE,31341,"43.7092,1.2797",Pylône autostable,35m,ATC FRANCE,2008-02-19,SUP,,False,False
437294,SFR,GSM 900,D.37 - ROUTE DE DAUX (AU TUCOL) 31330 MERVILLE,31341,"43.7092,1.2797",Pylône autostable,35m,ATC FRANCE,2012-10-29,SUP,,False,False
437497,ORANGE,5G NR 2100,CD59 (LES VINGT QUATRE) 80600 AUTHEUX,80042,"50.1381,2.2225",Tour hertzienne,89m,TDF,2026-07-03,ALL,,False,False
437509,ORANGE,GSM 900,R COLISSON HÔPITAL TONNEINS 47400 TONNEINS,47310,"44.3931,0.3039",Pylône autostable,36m,Établissement de soins,2003-09-20,SUP,,False,False
437660,BOUYGUES TELECOM,"LTE 2100, LTE 2600",R DU PETIT LAC (LEI MORTS) 13320 BOUC BEL AIR,13015,"43.4456,5.4353",Pylône autostable,27m,TDF,2026-07-14,ALL,,False,False
437716,FREE MOBILE,5G NR 3500,LA MARE AUX BOEUFS 76170 ST ANTOINE LA FORET,76556,"49.5492,0.4831",Pylône autostable,44m,TDF,2026-07-24,ALL,,False,False
437743,SFR,5G NR 2100,RN20 (LA BOURDINIÈRE) 41600 NOUAN LE FUZELIER,41161,"47.4753,2.04",Pylône autostable,43m,TDF,2026-07-08,ALL,,False,False
437743,SFR,LTE 2100,RN20 (LA BOURDINIÈRE) 41600 NOUAN LE FUZELIER,41161,"47.4753,2.04",Pylône autostable,43m,TDF,2026-07-01,ART,,False,False
437997,BOUYGUES TELECOM,LTE 800,UBAC DE CHASTILLON (TÊTE DE PELEVOS) 06420 ISOLA,06073,"44.1733,7.1542",Pylône autostable,"27,8m",TDF,2026-07-13,ALL,,False,False
438120,ORANGE,GSM 900,ENTRE D1 ET RTE DE LA FORÊT DE BOUCONNE PRÈS DU CHÂTEAU D'EAU (CANNONGE) 31700 MONDONVILLE,31351,"43.6725,1.28",Pylône tubulaire,45m,HIVORY,2008-02-18,SUP,,False,False
438127,BOUYGUES TELECOM,LTE 2600, (LA GARDETTE DE DESSUS) 31550 CINTEGABELLE,31145,"43.3261,1.5192",Pylône autostable,20m,SFR,2026-07-25,ALL,,False,False
438380,OUTREMER TELECOM,5G NR 3500,HABITATION ST CLAIRE (BARTHÉLÉMY) 97128 GOYAVE,97114,"16.1225,-61.5786",Mât béton,16m,Outremer Telecom,2026-04-17,ART,,False,False
438511,ORANGE,GSM 900,AVE DES PALOMBIÈRES (BOIS DE REBISCOU) 65690 BARBAZAN DEBAT,65062,"43.2078,0.1303",Pylône autostable,78m,TDF,1992-12-04,SUP,,False,False
438823,ORANGE,GSM 900,R LOUIS SABATIÉ PROCHE SNCF (VILLEBOURBON) 82000 MONTAUBAN,82121,"44.0142,1.3397",Pylône autostable,39m,CELLNEX,2000-09-22,SUP,,False,False
439240,SFR,GSM 900,ROND POINT DU MOULIN  PRES DE L'A5 ECH RN 105/RD 402 77166 EVRY GREGY SUR YERRE,77175,"48.6314,2.6303",Pylône autostable,35m,ATC FRANCE,2000-01-17,SUP,,False,False
439243,SFR,5G NR 2100, (FERME LES TERRES DE LA LOGE) 77820 LES ECRENNES,77165,"48.4883,2.8481",Pylône autostable,39m,ATC FRANCE,2025-09-18,SUP,,False,False
439251,BOUYGUES TELECOM,LTE 2100,81 R GRANDE RUE 77135 PONTCARRE,77374,"48.7981,2.7058",Château d'eau - réservoir,43m,"Commune, communauté de communes",2026-07-01,ART,,False,False
439267,ORANGE,GSM 900, (LA CAROLE) 09300 VILLENEUVE D OLMES,09336,"42.9108,1.8136",Pylône autostable,36m,TOTEM,2007-05-19,SUP,,False,False
439283,BOUYGUES TELECOM,5G NR 2100,STATION TDF DE CORNIMONT (TETE DU CANARD) 88290 SAULXURES SUR MOSELOTTE,88447,"47.9414,6.8158",Pylône autostable,50m,TDF,2026-07-10,ALL,,False,False
439465,BOUYGUES TELECOM,LTE 2100, (BOIS DE JÉSUS) 54530 PRENY,54435,"48.9622,5.9822",Tour hertzienne,67m,TDF,2026-07-20,ALL,,False,False
439481,ORANGE,GSM 900,550 AV DE TOULOUSE 31600 SEYSSES,31547,"43.5017,1.3194",Château d'eau - réservoir,50m,"Commune, communauté de communes",1997-01-31,SUP,,False,False
439593,BOUYGUES TELECOM,LTE 2100, (PLAINE DE FOLLEVILLE) 76220 MONTROTY,76450,"49.4489,1.6836",Château d'eau - réservoir,55m,"Syndicat des eaux, Adduction",2026-07-11,ALL,,False,False
439643,BOUYGUES TELECOM,LTE 2600, (LES TOURTELOTTES) 51150 BOUZY,51079,"49.0967,4.1511",Pylône autostable,17m,TDF,2026-07-08,ALL,,False,False
439859,FREE MOBILE,LTE 2600, (LA FOSSE BEAUMONT) 77410 MESSY,77292,"48.9569,2.6856",Pylône tubulaire,"37,5m",HIVORY,,SUP,,False,True
439859,ORANGE,5G NR 700, (LA FOSSE BEAUMONT) 77410 MESSY,77292,"48.9569,2.6856",Pylône tubulaire,"37,5m",HIVORY,,AJO,,False,False
439859,ORANGE,LTE 700, (LA FOSSE BEAUMONT) 77410 MESSY,77292,"48.9569,2.6856",Pylône tubulaire,"37,5m",HIVORY,2024-12-17,SUP,,False,False
439909,SFR,GSM 900,CHEM RURAL DES HAUTES PERRUCHES 78710 ROSNY SUR SEINE,78531,"48.9936,1.625",Pylône autostable,31m,TOTEM,2018-12-11,SUP,,False,False
439919,SFR,LTE 700,11 R DES MINES ANCIENNE USINE 67330 BOUXWILLER,67061,"48.8228,7.4808",Bâtiment,40m,Société Privée,,AJO,,False,False
440050,ORANGE,"5G NR 700, 5G NR 3500",D 74 (LA CROIX BLANCHE) 35350 ST COULOMB,35263,"48.6669,-1.9028",Pylône autostable,44m,TDF,2026-07-09,ALL,,False,False
440542,FREE MOBILE,"LTE 2100, LTE 2600",LA FOURCHE (LES BROSSES SOLLOT) 71120 VENDENESSE LES CHAROLLES,71564,"46.4553,4.3675",Pylône autostable,32m,HIVORY,,SUP,,False,False
440785,ORANGE,GSM 900,BORDENEUVE D'EN BAS (MOURELOU) 31410 MONTAUT,31361,"43.3422,1.2881",Pylône autostable,42m,TOTEM,2007-04-21,SUP,,False,False
440837,ORANGE,5G NR 700,16 CHEM DE LUZANCY (LES HOULEBERTS) 77410 VILLEVAUDE,77517,"48.9075,2.6811",Pylône autostable,45m,TOTEM,2026-07-29,ALL,,False,False
440929,SFR,GSM 900,4 R DE LA SAMMARITAINE 59640 DUNKERQUE,59183,"51.0353,2.3561",Pylône autostable,35m,ATC FRANCE,2016-12-06,SUP,,False,False
441108,ORANGE,"LTE 2100, 5G NR 3500",PRÈS D20.A (LAJUS) 97221 LE CARBET,97204,"14.7031,-61.1811",Pylône autostable,20m,ORANGE,,AJO,,False,False
441219,ORANGE,"5G NR 700, 5G NR 3500",CHEM RURAL (BAS CHEVAL) 90400 MEROUX MOVAL,90068,"47.5956,6.8856",Pylône tubulaire,35m,ATC FRANCE,2026-07-20,ALL,,False,False
441477,BOUYGUES TELECOM,LTE 2100,CHEM HENRI IV (LAGUES) 65100 POUEYFERRE,65366,"43.1097,-0.0753",Pylône autostable,39m,TOTEM,2026-07-24,ALL,,False,False
441477,ORANGE,GSM 900,CHEM HENRI IV (LAGUES) 65100 POUEYFERRE,65366,"43.1097,-0.0753",Pylône autostable,39m,TOTEM,1997-07-11,SUP,,False,False
441512,FREE MOBILE,5G NR 700,CHEM DU MOULIN DECHETTERIE (LES MOLIERES) 84440 ROBION,84099,"43.8583,5.1161",Pylône autostable,29m,ATC FRANCE,2026-07-07,ALL,,False,False
442160,ORANGE,GSM 900,LA GARENNE (AU SAULOU) 47500 FUMEL,47106,"44.5,0.9742",Pylône autostable,31m,TOTEM,1996-06-19,SUP,,False,False
442472,ORANGE,GSM 900, (CAMUS) 65270 PEYROUSE,65360,"43.1014,-0.0956",Pylône autostable,"36,4m",TOTEM,1997-06-27,SUP,,False,False
442680,ORANGE,"LTE 2100, 5G NR 700, 5G NR 3500",COL ST PANCRACE (LE RASTEL) 06440 PEILLE,06091,"43.7928,7.3992",Pylône autostable,16m,ATC FRANCE,2026-07-03,ALL,,False,False
442716,ORANGE,"5G NR 700, 5G NR 3500",BEL AIR (LA BORDETTE) 09110 AX LES THERMES,09032,"42.7236,1.8408",Pylône autostable,37m,TDF,,AJO,,False,False
442716,ORANGE,GSM 900,BEL AIR (LA BORDETTE) 09110 AX LES THERMES,09032,"42.7236,1.8408",Pylône autostable,37m,TDF,1997-06-20,SUP,,False,False
442752,ORANGE,GSM 900,LA GRAVIERE (SABATOUSE) 31410 LONGAGES,31303,"43.3633,1.255",Pylône autostable,43m,ATC FRANCE,2005-03-16,SUP,,False,False
443166,FREE MOBILE,"LTE 2100, 5G NR 700",LA PLAINE DE LA R MARGUET (BOIS DES 7 FONTAINES) 62610 LOUCHES,62531,"50.8189,2.0008",Pylône autostable,33m,HIVORY,2026-07-24,ALL,,False,False
443253,SFR,GSM 900,RTE DE ROUFFACH SNCF FRET 68000 COLMAR,68066,"48.0667,7.3428",Pylône tubulaire,"24,2m",TOTEM,2020-05-20,SUP,,False,False
443258,BOUYGUES TELECOM,5G NR 2100, (HAUT DES RANGS) 88200 DOMMARTIN LES REMIREMONT,88148,"48.0106,6.6172",Pylône autostable,39m,TDF,2026-07-11,ALL,,False,False
443323,BOUYGUES TELECOM,LTE 2100,26 AV DOMAINE DE VIALLE TDF CENTRE EMETTEUR DE BOULIAC (LESPARRE) 33270 BOULIAC,33065,"44.82,-0.5056",Pylône haubané,250m,TDF,2017-12-20,SUP,,False,False
443592,DIGICEL,"LTE 700, LTE 900, 5G NR 3500",BD DE BAIMBRIDGE TOUR ANQUETIL 97142 LES ABYMES,97101,"16.2503,-61.5233",Immeuble,53m,"Copropriété, Syndic, SCI",2026-06-12,ART,,False,False
443592,FREE CARAIBES,"UMTS 900, 5G NR 700, 5G NR 3500",BD DE BAIMBRIDGE TOUR ANQUETIL 97142 LES ABYMES,97101,"16.2503,-61.5233",Immeuble,53m,"Copropriété, Syndic, SCI",2026-06-12,ART,,False,False
443704,ORANGE,GSM 900,20 AV DU GÉNÉRAL DE GAULLE ESPACE OLIVIER CAROL 09000 FOIX,09122,"42.9608,1.61",Bâtiment,35m,"Commune, communauté de communes",2006-08-01,SUP,,False,False
443712,BOUYGUES TELECOM,"LTE 700, LTE 2100, LTE 2600, 5G NR 2100, 5G NR 3500",RTE DE FAY AUX LOGES (LA PLAINE POTEAU) 45470 TRAINOU,45327,"47.965,2.1125",Pylône haubané,203m,TDF,,AJO,,False,False
443712,BOUYGUES TELECOM,"GSM 900, UMTS 900",RTE DE FAY AUX LOGES (LA PLAINE POTEAU) 45470 TRAINOU,45327,"47.965,2.1125",Pylône haubané,203m,TDF,2018-09-26,SUP,,False,False
443776,ORANGE,GSM 900,RUE DU PAPE JEAN XXIII STATION TDF DE CAHORS 2 (LE FAILHAL) 46000 CAHORS,46042,"44.4694,1.4411",Pylône autostable,45m,TDF,2012-12-07,SUP,,False,False
443856,ORANGE,"LTE 700, LTE 1800, 5G NR 2100",CHEM RURAL SHIDELBERG PROCHE D954 (HECKENSTUECK - GIRSCHLOCH) 57220 OTTONVILLE,57530,"49.1992,6.5217",Pylône autostable,40m,HIVORY,,AJO,,False,False
443856,ORANGE,LTE 2100,CHEM RURAL SHIDELBERG PROCHE D954 (HECKENSTUECK - GIRSCHLOCH) 57220 OTTONVILLE,57530,"49.1992,6.5217",Pylône autostable,40m,HIVORY,2022-10-19,SUP,,False,False
444456,ORANGE,"5G NR 700, 5G NR 3500",RUE ST SATURNIN EGLISE 50300 AVRANCHES,50025,"48.685,-1.3619",Monument religieux,41m,"Commune, communauté de communes",,AJO,,False,False
444953,ORANGE,5G NR 2100,R DE LA VIERGE (HAUT DE L'ÉCHELLE) 54640 TUCQUEGNIEUX,54536,"49.3011,5.8867",Pylône autostable,"36,2m",TDF,2026-07-08,ALL,,False,False
445417,ORANGE,GSM 900,4 CHE DE LABASTIDOLE 31140 PECHBONNIEU,31410,"43.7042,1.4653",Tour hertzienne,52m,TDF,1994-07-01,SUP,,False,False
445515,BOUYGUES TELECOM,LTE 2100,R DU CH D'EAU 51530 OIRY,51413,"49.0214,4.0581",Château d'eau - réservoir,45m,"Syndicat des eaux, Adduction",2026-07-20,ALL,,False,False
445906,ORANGE,GSM 900,CHEMIN DU BARTHAC VOIE COM PRÈS CHEM DE FER (CADOSSANG) 82200 MOISSAC,82112,"44.1014,1.1056",Pylône autostable,30m,TOTEM,2005-01-07,SUP,,False,False
445920,ORANGE,"5G NR 700, 5G NR 3500", (LA JASSE) 81540 SOREZE,81288,"43.4428,2.0533",Pylône autostable,28m,TOTEM,2026-07-20,AJA,,False,False
446615,ORANGE,GSM 900, (MAIL LONG) 31440 BEZINS GARRAUX,31067,"42.9367,0.6667",Pylône autostable,48m,TDF,1997-01-24,SUP,,False,False
447050,BOUYGUES TELECOM,LTE 2100,CHEM RURAL LA MARGUERITE (LA MARGUERITE) 77440 TROCY EN MULTIEN,77476,"49.0378,2.9583",Pylône tubulaire,"34,4m",ATC FRANCE,2026-07-12,ALL,,False,False
447056,ORANGE,GSM 900,QUARTIER BOSC (SIGNAL DE LE FAU) 82000 MONTAUBAN,82121,"43.9675,1.3742",Tour hertzienne,90m,TDF,2005-12-24,SUP,,False,False
447819,SFR,LTE 700,LA QUAIZE (LE CALVAIRE) 27470 FONTAINE L ABBE,27251,"49.0781,0.6744",Château d'eau - réservoir,49m,"Syndicat des eaux, Adduction",2026-07-15,ALL,,False,False
447962,SFR,GSM 900,5 R DES GLIÈRES 74960 ANNECY,74010,"45.9003,6.1222",Immeuble,34m,Société Privée,1999-08-06,SUP,,False,False
448282,FREE MOBILE,5G NR 3500,R DE LA FORÊT 91860 EPINAY SOUS SENART,91215,"48.6875,2.5125",Château d'eau - réservoir,65m,"Syndicat des eaux, Adduction",,AJO,,False,False
448296,ORANGE,5G NR 3500,L'ADRET DE REIL RTE FORESTIÈRE DES PRADELS PYLONE TDF 83310 LA MOLE,83079,"43.1906,6.4942",Pylône autostable,32m,TDF,2026-07-02,ALL,,False,False
448328,ORANGE,GSM 900, (SOUBRIE) 46500 GRAMAT,46128,"44.7747,1.7308",Pylône autostable,45m,TDF,1997-02-07,SUP,,False,False
448688,BOUYGUES TELECOM,GSM 1800,ANGLE R DE GRUGIES ET R DU MOULIN DE TOUS VENTS STATION TDF DE ST QUENTIN (MOULIN DE TOUS VENTS) 02430 GAUCHY,02340,"49.8211,3.2839",Pylône autostable,48m,TDF,2016-10-27,SUP,,False,False
448721,BOUYGUES TELECOM,"LTE 1800, LTE 2100, 5G NR 2100", (BOIS DU BOUX) 25360 PASSAVANT,25446,"47.2692,6.3928",Pylône autostable,33m,TDF,,AJO,,False,False
448746,ORANGE,GSM 900,NEGRIE (EN SOUQUET) 32000 AUCH,32013,"43.6581,0.5361",Château d'eau - réservoir,53m,"Syndicat des eaux, Adduction",1997-07-11,SUP,,False,False
448792,SFR,GSM 900,5 RUE GUTENBERG (CHAMP CHAILLOT) 79000 NIORT,79191,"46.3364,-0.4025",Pylône autostable,47m,HIVORY,1997-06-13,SUP,,False,False
449147,ORANGE,GSM 900,EGLISE ST MICHEL PL LUCIEN LAMARQUE 32100 CONDOM,32107,"43.9544,0.3711",Monument religieux,34m,"Commune, communauté de communes",2002-12-07,SUP,,False,False
449175,BOUYGUES TELECOM,5G NR 2100,7 CHEM DU SILO SILO CHAMPAGNE CÉRÉALES (LES TERRES DE LA PLANCHETTE) 02190 BERRY AU BAC,02073,"49.3967,3.9058",Silo,59m,"Coopérative Agricole, Vinicole",2026-07-11,ALL,,False,False
449222,SFR,5G NR 3500,"145, BD  WISTON CHURCHILL TOUR DE WARNERY 77300 FONTAINEBLEAU",77186,"48.4078,2.6883",Immeuble,63m,"Commune, communauté de communes",2026-06-12,ART,,False,False
449990,BOUYGUES TELECOM,"LTE 2100, 5G NR 2100",CHEM RURAL N°16 (SOUS LA CÔTE DES FOURCHES) 88320 LAMARCHE,88258,"48.0717,5.7983",Pylône autostable,45m,TOTEM,2026-07-10,AJA,,False,False
449990,SFR,5G NR 2100,CHEM RURAL N°16 (SOUS LA CÔTE DES FOURCHES) 88320 LAMARCHE,88258,"48.0717,5.7983",Pylône autostable,45m,TOTEM,2026-07-07,ALL,,False,False
450091,SFR,GSM 900,CHEM D'EXPLOITATION N° 6 (LA SAVARIÈRE) 89420 MARMEAUX,89244,"47.5994,4.1283",Pylône autostable,"40,2m",HIVORY,1999-02-11,SUP,,False,False
450105,ORANGE,GSM 900,CHÂTEAU D'EAU (SANSOT) 32400 VIELLA,32463,"43.5983,-0.1481",Château d'eau - réservoir,54m,"Commune, communauté de communes",1998-12-11,SUP,,False,False
450466,FREE MOBILE,5G NR 3500,LE LION D'OR D.1 (COL DE L'ANGE) 13780 CUGES LES PINS,13030,"43.2619,5.6703",Pylône autostable,46m,TDF,,AJO,,False,False
450535,BOUYGUES TELECOM,LTE 2600,CITE ST DENIS CHEM D'HANGEST 80270 AIRAINES,80013,"49.9669,1.955",Pylône autostable,"46,6m",HIVORY,2026-07-10,ALL,,False,False
450539,SFR,GSM 900,6 BD VOLTAIRE 75011 PARIS 11,75111,"48.8661,2.3656",Immeuble,34m,"Copropriété, Syndic, SCI",2016-03-30,SUP,,False,False
451284,BOUYGUES TELECOM,GSM 1800,170 ROUTE DE LA COTINIÈRE D274 (L'AUBIER) 17310 ST PIERRE D OLERON,17385,"45.9319,-1.3158",Château d'eau - réservoir,59m,"Syndicat des eaux, Adduction",2023-01-12,SUP,,False,False
451306,SFR,GSM 900,"178, CH DE LA COSTIÈRE 06300 NICE",06088,"43.7156,7.2297",Pylône tubulaire,15m,TOTEM,2009-05-25,SUP,,False,False
451638,ORANGE,GSM 900,CR SUD DE SAILHAN (TRASSENS) 65170 SAILHAN,65384,"42.8186,0.3325",Pylône autostable,30m,TDF,2005-02-12,SUP,,False,False
452057,SFR,GSM 900,79-83 R DE STRASBOURG 93380 ST DENIS,93066,"48.9367,2.3703",Immeuble,"45,8m","Copropriété, Syndic, SCI",2000-01-19,SUP,,False,False
452441,BOUYGUES TELECOM,5G NR 2100, (BOIS DE LANNAY) 62390 AUXI LE CHATEAU,62060,"50.2294,2.0903",Pylône autostable,"44,5m",TDF,,AJO,,False,False
452473,SFR,GSM 900,AV DE BOUFFLERS IMM P. DUKAS 54100 NANCY,54395,"48.6931,6.1392",Immeuble,48m,"Copropriété, Syndic, SCI",1998-10-23,SUP,,False,False
452531,BOUYGUES TELECOM,"LTE 700, 5G NR 2100, 5G NR 3500", (PECH DE MONFABES) 47300 VILLENEUVE SUR LOT,47323,"44.4333,0.7222",Pylône autostable,42m,TDF,2026-07-20,ALL,,False,False
452531,ORANGE,GSM 900, (PECH DE MONFABES) 47300 VILLENEUVE SUR LOT,47323,"44.4333,0.7222",Pylône autostable,42m,TDF,2001-02-22,SUP,,False,False
452531,SFR,"LTE 700, 5G NR 2100, 5G NR 3500", (PECH DE MONFABES) 47300 VILLENEUVE SUR LOT,47323,"44.4333,0.7222",Pylône autostable,42m,TDF,2026-07-01,ART,,False,False
452952,BOUYGUES TELECOM,LTE 2600,LA CIOTAT 32810 ROQUELAURE,32348,"43.7189,0.5839",Château d'eau - réservoir,60m,"Syndicat des eaux, Adduction",2026-07-25,ALL,,False,False
452952,ORANGE,GSM 900,LA CIOTAT 32810 ROQUELAURE,32348,"43.7189,0.5839",Château d'eau - réservoir,60m,"Syndicat des eaux, Adduction",1997-01-06,SUP,,False,False
453082,FREE MOBILE,"LTE 2100, LTE 2600",4 RTE DES PALOMBES (LES CREUX) 19160 NEUVIC,19148,"45.3939,2.2656",Pylône autostable,50m,TOTEM,,SUP,,False,False
453090,BOUYGUES TELECOM,LTE 2100,D92 - D92B PRÈS DE LA D33E (CAP DE LA OUREST) 31360 ST MEDARD,31504,"43.13,0.815",Pylône autostable,48m,Sociétés d'Autoroutes,2026-07-23,ALL,,False,False
453090,ORANGE,GSM 900,D92 - D92B PRÈS DE LA D33E (CAP DE LA OUREST) 31360 ST MEDARD,31504,"43.13,0.815",Pylône autostable,48m,Sociétés d'Autoroutes,2007-03-27,SUP,,False,False
453489,BOUYGUES TELECOM,LTE 2100,CHEM RURAL N°6  (PARFONDRUPT) 54740 BENNEY,54062,"48.5256,6.2331",Pylône autostable,"42,5m",CELLNEX,2026-07-20,ALL,,False,False
453791,ORANGE,GSM 900,GR65 (LE CINGLE) 46100 FIGEAC,46102,"44.6036,2.0253",Pylône autostable,35m,TDF,1995-12-01,SUP,,False,False
453898,BOUYGUES TELECOM,"5G NR 2100, 5G NR 3500",63 AV CARNOT 52000 CHAUMONT,52121,"48.1194,5.1383",Immeuble,34m,Établissement de soins,,SUP,,False,False
453990,BOUYGUES TELECOM,LTE 2100, (LA BUTE) 08290 MARLEMONT,08277,"49.745,4.3633",Pylône autostable,53m,TDF,2026-07-08,ALL,,False,False
454487,ORANGE,GSM 900,D 820 (BOIS DES PLANES) 09110 AX LES THERMES,09032,"42.7122,1.8242",Pylône autostable,35m,TOTEM,2008-12-11,SUP,,False,False
454493,ORANGE,GSM 900,STATION TDF D'AUCH (LA RÉTOURIE) 32000 AUCH,32013,"43.6406,0.6164",Pylône autostable,42m,TDF,1993-11-05,SUP,,False,False
454940,ORANGE,"LTE 700, 5G NR 2100",RTE DE VINS (LA COCONIÈRE) 83170 BRIGNOLES,83023,"43.4214,6.1106",Pylône autostable,27m,ATC FRANCE,2026-07-06,AJA,,False,False
454940,ORANGE,LTE 2100,RTE DE VINS (LA COCONIÈRE) 83170 BRIGNOLES,83023,"43.4214,6.1106",Pylône autostable,27m,ATC FRANCE,2019-07-17,SUP,,False,False
455138,ORANGE,GSM 900,PL JEAN MOULIN RUE DU MAL JOFFRE 65110 CAUTERETS,65138,"42.8875,-0.1128",Monument religieux,49m,"Commune, communauté de communes",2001-07-06,SUP,,False,False
455358,ORANGE,GSM 900,PYLONE TDF LES BRUGES (PIPOU) 46200 LANZAC,46153,"44.8728,1.4647",Pylône autostable,57m,TDF,1993-09-03,SUP,,False,False
455874,ORANGE,GSM 900, (CUREILLE) 65120 GRUST,65210,"42.8975,-0.0417",Pylône autostable,28m,EDF ou GDF,1998-12-11,SUP,,False,False
455988,ORANGE,GSM 900, (LAURIE) 47510 FOULAYRONNES,47100,"44.2228,0.6114",Pylône autostable,"18,6m",TOTEM,1997-06-06,SUP,,False,False
456024,ORANGE,5G NR 2100,ARTOUSTE (SAGETTE) 64440 LARUNS,64320,"42.8939,-0.405",Bâtiment,27m,SNCF Réseau,2026-06-04,ART,,False,False
456032,BOUYGUES TELECOM,GSM 1800,ALLÉE N°5 ZI INOVA 3000 (FONTAINE LA CHATTE) 88150 THAON LES VOSGES,88465,"48.2572,6.3981",Pylône autostable,40m,CELLNEX,2015-01-27,SUP,,False,False
456241,ORANGE,GSM 900,"AV DES PYRÉNÉES HLM ROCHEBRUNE,BAT C (TOUNIS) 47520 LE PASSAGE",47201,"44.1822,0.6036",Immeuble,31m,Société HLM,2005-09-24,SUP,,False,False
456311,ORANGE,"LTE 700, LTE 1800, 5G NR 2100",LE ROND BOIS (BOIS DES AMBRES) 55400 MOULAINVILLE,55361,"49.1636,5.4583",Tour hertzienne,73m,TDF,,AJO,,False,False
456460,SRR,LTE 2100,ILET AUX PALMISTES LE TREMBLET 97442 ST PHILIPPE,97417,"-21.3342,55.8019",Pylône autostable,34m,TDF,2024-05-27,ART,,False,False
456460,TELCO OI,"LTE 2100, LTE 2600",ILET AUX PALMISTES LE TREMBLET 97442 ST PHILIPPE,97417,"-21.3342,55.8019",Pylône autostable,34m,TDF,2026-06-26,ART,,False,False
456484,ORANGE,GSM 900,AIRE DE REPOS DE CAMPSAS BOIS DE SIOULAYRE (JOUBY) 82370 CAMPSAS,82027,"43.8886,1.3206",Pylône autostable,41m,HIVORY,2012-11-08,SUP,,False,False
456886,ORANGE,GSM 900, (ST-RAYMOND) 09100 PAMIERS,09225,"43.0961,1.6056",Pylône autostable,44m,TDF,2004-11-06,SUP,,False,False
456896,ORANGE,LTE 700,17-19 AV. AUGUSTIN MALROUX 81500 LAVAUR,81140,"43.7014,1.8172",Immeuble,22m,"Commune, communauté de communes",2023-05-09,SUP,,False,False
456922,ORANGE,GSM 900,CHEM DE LA CÔTE (BELLECAVE) 65140 RABASTENS DE BIGORRE,65375,"43.3933,0.1608",Pylône autostable,35m,TOTEM,2007-02-17,SUP,,False,False
457220,FREE MOBILE,LTE 2100,BOIS FRANÇOIS CHÂTEAU D'EAU DE PORT ST LOUIS DU RHÔNE 13230 PORT ST LOUIS DU RHONE,13078,"43.4028,4.7964",Château d'eau - réservoir,39m,"Syndicat des eaux, Adduction",2026-07-07,ALL,,False,False
457661,ORANGE,"LTE 2100, 5G NR 700, 5G NR 3500",RÉSERVOIR COMMUNAL (LES MAILLETS - LA CARRIÈRE) 60370 HERMES,60313,"49.3614,2.2531",Pylône autostable,"34,5m",TOTEM,,AJO,,False,False
457704,ORANGE,GSM 900,20-22 R DES ARBUSTES 31500 TOULOUSE,31555,"43.6031,1.4764",Immeuble,"25,3m",Société HLM,2013-07-12,SUP,,False,False
457921,BOUYGUES TELECOM,"LTE 2100, 5G NR 2100",ROC DU TRAUCADOU (TAOUSSOMALO) 09000 MONTOULIEU,09210,"42.8933,1.5872",Pylône haubané,63m,TDF,2026-07-25,ALL,,False,False
457921,ORANGE,GSM 900,ROC DU TRAUCADOU (TAOUSSOMALO) 09000 MONTOULIEU,09210,"42.8933,1.5872",Pylône haubané,63m,TDF,1993-09-03,SUP,,False,False
457921,SFR,5G NR 2100,ROC DU TRAUCADOU (TAOUSSOMALO) 09000 MONTOULIEU,09210,"42.8933,1.5872",Pylône haubané,63m,TDF,2027-02-01,ALL,,False,False
458515,ORANGE,"5G NR 700, 5G NR 3500",SEMBERT LE HAUT (BOIS DES COUDRES) 58500 CLAMECY,58079,"47.4767,3.5356",Pylône autostable,47m,TDF,2026-07-08,ALL,,False,False
458591,SFR,GSM 900, (RUÉJOULS) 12500 ESPALION,12096,"44.5158,2.7625",Pylône autostable,29m,TDF,2018-12-21,SUP,,False,False
458731,ORANGE,GSM 900,8 - 8BIS AV PIERRE COUPEAU 31130 BALMA,31044,"43.6106,1.4981",Immeuble,21m,"Copropriété, Syndic, SCI",2011-09-28,SUP,,False,False
459157,ORANGE,GSM 900, (SAUDECH) 09200 ST GIRONS,09261,"42.9633,1.1278",Pylône autostable,32m,TDF,1995-06-02,SUP,,False,False
459469,FREE MOBILE,LTE 2100,TRÈS COMBE RN 436 39310 LAJOUX,39274,"46.3694,5.9858",Pylône autostable,44m,TOTEM,,SUP,,False,False
459523,ORANGE,GSM 900,35 B  AV DU 11 NOVEMBRE 09600 LAROQUE D OLMES,09157,"42.9644,1.8653",Pylône autostable,"31,6m",TOTEM,1997-05-09,SUP,,False,False
460180,ORANGE,GSM 900, (ESPITALIS) 31840 SEILH,31541,"43.6975,1.3567",Pylône tubulaire,"40,9m",SFR,1998-02-13,SUP,,False,False
460284,ORANGE,LTE 700,670 R DE HESDIN MIROITERIE DU TERNOIS (LES CINQ) 62130 RAMECOURT,62686,"50.3739,2.3125",Pylône autostable,25m,TOTEM,2026-07-17,ALL,,False,False
460297,ORANGE,GSM 900,CHEM DE PAYOLLE (CAP DE LAS COUMES) 65710 CAMPAN,65123,"42.9425,0.2719",Pylône tubulaire,9m,TOTEM,2008-09-22,SUP,,False,False
460461,SFR,GSM 900,PRÈS RÉSERVOIR (LE HAUT DU CHÊNE) 88220 HADOL,88225,"48.105,6.4672",Pylône autostable,30m,HIVORY,2001-06-22,SUP,,False,False
460511,SFR,GSM 900,LA LOGE GARAGES MUNICIPAUX (LE JAS VIEUX) 13620 CARRY LE ROUET,13021,"43.3372,5.1536",Pylône autostable,43m,TDF,1998-07-15,SUP,,False,False
460709,SFR,LTE 700,CHEM DE GARRADE DOMAINE STE GENEVIÈVE 83170 TOURVES,83140,"43.4347,5.9189",Pylône autostable,30m,ATC FRANCE,,AJO,,False,False
460740,ORANGE,GSM 900,D.49 - C.R. LA MOISSAGUAISE ADM : LE TILLEUL (VILLASSE) 82170 GRISOLLES,82075,"43.8347,1.3064",Pylône autostable,28m,TOTEM,1992-08-07,SUP,,False,False
461533,ORANGE,GSM 900,4 IMP DES VIOLETTES 31140 AUCAMVILLE,31022,"43.6664,1.4281",Immeuble,42m,ORANGE Services Fixes,1994-06-03,SUP,,False,False
461737,BOUYGUES TELECOM,LTE 2100, (ECK BAMBESCH) 57690 BAMBIDERSTROFF,57047,"49.1169,6.6056",Pylône autostable,47m,ATC FRANCE,2026-07-20,ALL,,False,False
461908,BOUYGUES TELECOM,LTE 2600,CARRIÈRE DU REYRAN RD 37 83600 FREJUS,83061,"43.4903,6.7428",Pylône autostable,39m,CELLNEX,2026-07-06,ALL,,False,False
461908,SFR,LTE 2600,CARRIÈRE DU REYRAN RD 37 83600 FREJUS,83061,"43.4903,6.7428",Pylône autostable,39m,CELLNEX,2026-07-15,AJA,,False,False
462371,SFR,GSM 900, (CHAMPS MONSIEUR) 16120 CHATEAUNEUF SUR CHARENTE,16090,"45.6053,-0.0667",Pylône autostable,37m,TDF,2018-06-27,SUP,,False,False
462553,FREE MOBILE,"LTE 2100, LTE 2600",FORÊT DE RIEUMES (LES PINS) 31370 RIEUMES,31454,"43.4039,1.0928",Pylône autostable,42m,SFR,,SUP,,False,True
462553,ORANGE,5G NR 700,FORÊT DE RIEUMES (LES PINS) 31370 RIEUMES,31454,"43.4039,1.0928",Pylône autostable,42m,SFR,2026-07-20,AJA,,False,False
462553,ORANGE,"GSM 900, LTE 700",FORÊT DE RIEUMES (LES PINS) 31370 RIEUMES,31454,"43.4039,1.0928",Pylône autostable,42m,SFR,2003-07-26,SUP,,False,False
462697,SFR,GSM 900,ROUTE FORESTIÈRE DU MOENKALB (GUTLEUTRAIN) 67140 BARR,67021,"48.4142,7.4439",Pylône autostable,32m,TDF,2001-07-11,SUP,,False,False
462810,FREE MOBILE,5G NR 3500,RD 64 (LES SABLONS) 95620 PARMAIN,95480,"49.1131,2.2006",Pylône autostable,"43,4m",ORANGE Services Fixes,,AJO,,False,False
462954,BOUYGUES TELECOM,5G NR 2100,CHEM RURAL N°25 VILLEHARDOUIN (LES HAUTS CHARMES) 10220 VAL D AUZON,10019,"48.3819,4.3697",Pylône tubulaire,35m,HIVORY,2026-07-11,ALL,,False,False
463562,SFR,GSM 900, (LE CHENOIS) 25490 ALLENJOIE,25011,"47.5336,6.8939",Pylône tubulaire,30m,ATC FRANCE,2018-06-29,SUP,,False,False
463672,SFR,GSM 900, (WALDREBEN) 67270 WILWISHEIM,67534,"48.7531,7.4833",Pylône autostable,38m,TDF,2013-07-12,SUP,,False,False
464101,SFR,"LTE 700, LTE 2600", (PORS AN NEY) 22300 LANNION,22113,"48.7706,-3.4733",Pylône autostable,43m,ATC FRANCE,,AJO,,False,False
464168,BOUYGUES TELECOM,LTE 2100,"281, AV DE LA LIBÉRATION 33110 LE BOUSCAT",33069,"44.8664,-0.6056",Immeuble,"30,5m","Copropriété, Syndic, SCI",2017-12-20,SUP,,False,False
464511,FREE MOBILE,"LTE 2100, LTE 2600",CHEMIN DU HAUT CHATEAU (LA LANDE MARTIN) 53410 ST PIERRE LA COUR,53247,"48.1075,-1.0111",Pylône autostable,35m,TOTEM,,SUP,,False,False
464651,ORANGE,"5G NR 700, 5G NR 3500",ZONE ARTISANALE DE KERGRIST (MEZGUEN/KERDREUZ) 29430 PLOUESCAT,29185,"48.6619,-4.1872",Pylône autostable,35m,TDF,2026-07-08,ALL,,False,False
464670,BOUYGUES TELECOM,LTE 700,26 R DES EAUX VIVES 42500 LE CHAMBON FEUGEROLLES,42044,"45.3933,4.3483",Immeuble,20m,Société HLM,2026-07-06,ALL,,False,False
464809,FREE MOBILE,5G NR 3500,2 R THOMAS BECKETT 76130 MONT ST AIGNAN,76451,"49.4619,1.07",Immeuble,62m,Société HLM,2026-07-24,ALL,,False,False
465178,SFR,GSM 900,R DU GRAND SECOURS HOTEL DE POLICE DE CHESSY PÉRIMÈTRE EURODISNEY 77700 CHESSY,77111,"48.8614,2.7858",Bâtiment,31m,"État, Ministère",1995-01-17,SUP,,False,False
465184,SFR,"LTE 700, 5G NR 2100",STATION TDF DE BREIL SUR ROYA (CIME DU BOSC) 06540 BREIL SUR ROYA,06023,"43.9261,7.4919",Pylône autostable,49m,TDF,2026-07-08,ALL,,False,False
465351,ORANGE,GSM 900,D.10 - 346 RTE DE CLARENS (LA GALAVE DÉBAT) 65300 LANNEMEZAN,65258,"43.1231,0.3972",Pylône autostable,47m,TOTEM,2006-02-25,SUP,,False,False
465770,BOUYGUES TELECOM,GSM 1800,62 R DE BEAUVAIS SILO À GRAINS S.C.A.M.M.E 95420 MAGNY EN VEXIN,95355,"49.1583,1.7958",Silo,"37,4m",Société Privée,2016-10-16,SUP,,False,False
465833,SFR,UMTS 2100,R COLLINET PRÈS ANCIENNE RTE DE BOURGOGNE - D.138 77590 BOIS LE ROI,77037,"48.4664,2.6919",Château d'eau - réservoir,"41,3m","Commune, communauté de communes",,AJO,,False,False
465833,SFR,"LTE 700, LTE 2100, LTE 2600, 5G NR 2100",R COLLINET PRÈS ANCIENNE RTE DE BOURGOGNE - D.138 77590 BOIS LE ROI,77037,"48.4664,2.6919",Château d'eau - réservoir,"41,3m","Commune, communauté de communes",,SUP,,False,False
466356,SFR,LTE 700, (LA PETITE PRISE) 44130 FAY DE BRETAGNE,44056,"47.4069,-1.7842",Pylône autostable,33m,ATC FRANCE,,AJO,,False,False
466394,ORANGE,GSM 900, (LE PICON) 31160 RAZECUEILLE,31447,"42.9731,0.8117",Pylône autostable,"33,8m",TDF,2003-07-26,SUP,,True,False
466398,ORANGE,GSM 900,LE PUECH 09240 LA BASTIDE DE SEROU,09042,"43.0194,1.4756",Pylône autostable,53m,TDF,1996-12-21,SUP,,False,False
466467,BOUYGUES TELECOM,"GSM 1800, UMTS 2100",R JEAN VILAR CITÉ DES PAPES HÔTEL MERCURE 84140 AVIGNON,84007,"43.95,4.8067",Immeuble,24m,Société Privée,2015-04-30,SUP,,False,False
466511,SFR,"GSM 900, UMTS 900, UMTS 2100, LTE 700, LTE 800, LTE 1800, LTE 2100, LTE 2600, 5G NR 2100, 5G NR 3500","42, AV DE FRIEDLAND 75008 PARIS 08",75108,"48.8747,2.2975",Immeuble,"35,1m","Copropriété, Syndic, SCI",1998-05-06,SUP,,False,False
466642,ORANGE,GSM 900,CHEM RURAL PRÈS D.926 (MARTY) 82160 CAYLUS,82038,"44.2072,1.7194",Pylône autostable,24m,TOTEM,2009-05-15,SUP,,False,False
466880,ORANGE,GSM 900,N 124 CHÂTEAU D'EAU (AU PADOUENETOT) 32370 ESPAS,32125,"43.7789,0.1219",Château d'eau - réservoir,43m,"Syndicat des eaux, Adduction",1996-09-06,SUP,,False,False
467180,ORANGE,GSM 900, (BOS NÉGRE) 46090 FLAUJAC POUJOLS,46105,"44.4083,1.5181",Pylône autostable,45m,HIVORY,2000-05-26,SUP,,False,False
467920,SRR,5G NR 3500,LA VIGIE (VITALEMENGOU) 97615 PAMANDZI,97615,"-12.7908,45.2825",Pylône autostable,13m,Particulier,2026-03-20,ART,,False,False
467933,BOUYGUES TELECOM,LTE 2100,R DE BARCY (LA POMMERAIE) 77122 MONTHYON,77309,"49.0097,2.8444",Pylône autostable,31m,HIVORY,,AJO,,False,False
467953,SRR,LTE 2100,LES RÉSERVOIRS FORÊT MOUROUVIN 97439 STE ROSE,97419,"-21.1592,55.7647",Pylône autostable,15m,TDF,2026-04-30,ART,,False,False
467959,ORANGE,GSM 900,15 AV DU DR MAURICE GRYNFOGEL CHEM DE GAILLARDIE 31500 TOULOUSE,31555,"43.5778,1.3686",Pylône tubulaire,21m,TOTEM,2009-01-19,SUP,,False,False
468046,ORANGE,GSM 900,CHEM DE PEYRE-D'ESCALE-POUZO (LA CORNASSE) 31520 RAMONVILLE ST AGNE,31446,"43.5397,1.4564",Tour hertzienne,"81,2m",TDF,1994-07-01,SUP,,False,False
468311,SRR,LTE 2100,CHEM BRUNET (LE COLOSSE) 97440 ST ANDRE,97409,"-20.9358,55.6644",Mât béton,16m,Société Réunionnaise de Radiotéléphonie,2026-07-17,AJA,,False,False
468311,SRR,UMTS 2100,CHEM BRUNET (LE COLOSSE) 97440 ST ANDRE,97409,"-20.9358,55.6644",Mât béton,16m,Société Réunionnaise de Radiotéléphonie,2008-10-29,SUP,,False,False
468314,SRR,LTE 2100,1 CHEM DESRUISSEAUX (CAMP DES EVIS) 97441 STE SUZANNE,97420,"-20.9442,55.6328",Mât béton,16m,Société Réunionnaise de Radiotéléphonie,2026-04-30,ART,,False,False
468544,ORANGE,GSM 900,22 AV ARISTIDE BRIAND RÉSIDENCE LA TOUR - IMM RAYBAUD 65000 TARBES,65440,"43.2261,0.0669",Immeuble,53m,"Copropriété, Syndic, SCI",2013-08-26,SUP,,False,False
468662,SFR,UMTS 2100,BOIS DES PLIS LIGNE TGV 1 (LA BOURBELLE) 77610 NEUFMOUTIERS EN BRIE,77336,"48.7614,2.8064",Pylône autostable,36m,SNCF Réseau,,AJO,,False,False
468662,SFR,5G NR 2100,BOIS DES PLIS LIGNE TGV 1 (LA BOURBELLE) 77610 NEUFMOUTIERS EN BRIE,77336,"48.7614,2.8064",Pylône autostable,36m,SNCF Réseau,,SUP,,False,False
468915,SFR,LTE 700,CHEM DÉPARTEMENTAL N° 704 (LA CROIX DE L'ARBRE) 87110 LE VIGEN,87205,"45.7783,1.2886",Pylône autostable,56m,TDF,,AJO,,False,False
469651,ORANGE,"5G NR 700, 5G NR 3500",R JEAN MONNET ZAC DU MIN LUBERON MULTI SERVICES (BOSCODIMINI) 84300 CAVAILLON,84035,"43.8181,5.0439",Pylône tubulaire,21m,TOTEM,,AJO,,False,False
470362,BOUYGUES TELECOM,LTE 2100, (CHATEAU DE LA PRADE) 33650 ST MEDARD D EYRANS,33448,"44.6939,-0.5028",Pylône autostable,"49,4m",ATC FRANCE,2017-01-15,SUP,,False,False
470408,BOUYGUES TELECOM,"LTE 700, LTE 1800, LTE 2100, 5G NR 2100", (LA PLAINE) 42590 NEULISE,42156,"45.8711,4.1719",Pylône autostable,28m,HIVORY,2026-07-07,AJA,,False,False
470408,SFR,"LTE 700, LTE 1800, LTE 2100, 5G NR 2100", (LA PLAINE) 42590 NEULISE,42156,"45.8711,4.1719",Pylône autostable,28m,HIVORY,,AJO,,False,False
470408,SFR,UMTS 2100, (LA PLAINE) 42590 NEULISE,42156,"45.8711,4.1719",Pylône autostable,28m,HIVORY,2011-02-25,SUP,,False,False
470428,ORANGE,"5G NR 700, 5G NR 3500",CAMPING DU VAL JOLY (LES BARAQUES) 59740 WILLIES,59661,"50.1253,4.1156",Pylône autostable,33m,HIVORY,,AJO,,False,False
470622,ORANGE,GSM 900, (PECH ROUDÉ) 46350 CALES,46047,"44.7811,1.5447",Pylône autostable,38m,TOTEM,1997-01-12,SUP,,True,False
470705,ORANGE,GSM 900,CHEM DE CANTECOR 82100 CASTELSARRASIN,82033,"44.04,1.1167",Pylône autostable,30m,TOTEM,2004-01-15,SUP,,False,False
470908,ORANGE,GSM 900,PLAINE DE CISAROL 31130 FLOURENS,31184,"43.5853,1.5697",Château d'eau - réservoir,32m,"Syndicat des eaux, Adduction",1994-08-05,SUP,,False,False
470933,FREE MOBILE,5G NR 3500,ESPLANADE MARCEL PAGNOL STADE STE ROSALIE 13580 LA FARE LES OLIVIERS,13037,"43.5553,5.1958",Pylône tubulaire,23m,TDF,2026-07-24,ALL,,False,False
470998,BOUYGUES TELECOM,LTE 2600, (MONT VINAIGRE) 83600 FREJUS,83061,"43.5033,6.8161",Tour hertzienne,40m,ORANGE Services Fixes,2026-07-06,ALL,,False,False
470998,SFR,LTE 2600, (MONT VINAIGRE) 83600 FREJUS,83061,"43.5033,6.8161",Tour hertzienne,40m,ORANGE Services Fixes,2026-07-15,ALL,,False,False
471263,ORANGE,"5G NR 700, 5G NR 3500",Z.A GLORIETTE R.N 92 38160 CHATTE,38095,"45.1358,5.2942",Pylône autostable,20m,HIVORY,,AJO,,False,False
471545,ORANGE,5G NR 700,"1, R ALBERT CAMUS 71000 MACON",71270,"46.3175,4.8353",Immeuble,36m,Société HLM,2026-07-23,ALL,,False,False
471610,ORANGE,"LTE 1800, 5G NR 2100", (LE FOIRAIL) 24480 LE BUISSON DE CADOUIN,24068,"44.8086,0.8706",Pylône autostable,32m,TDF,2026-07-08,ALL,,False,False
472050,SFR,5G NR 3500,R DU CHANOINE LE TEXIER CHATEAU D'EAU 22230 MERDRIGNAC,22147,"48.1967,-2.4194",Château d'eau - réservoir,36m,"Syndicat des eaux, Adduction",2026-07-15,ALL,,False,False
472184,ORANGE,"LTE 700, LTE 1800, 5G NR 2100", (BIGNE) 19200 ST FREJOUX,19204,"45.5556,2.3622",Pylône autostable,77m,TOTEM,,AJO,,False,False
472763,BOUYGUES TELECOM,5G NR 3500, (L'OUCHE) 03430 COSNE D ALLIER,03084,"46.4728,2.8167",Pylône autostable,29m,ATC FRANCE,,AJO,,False,False
472840,BOUYGUES TELECOM,LTE 2100,CH RURAL DES MARNIÈRES (LES MARNIÈRES) 02210 PARCY ET TIGNY,02585,"49.2797,3.3414",Pylône autostable,40m,HIVORY,,AJO,,False,False
472977,SFR,LTE 700,RTE DU GRAND FOUGERAY (LES COUDRINES) 44290 GUEMENE PENFAO,44067,"47.6392,-1.8217",Pylône autostable,38m,TDF,,AJO,,False,False
473260,SFR,GSM 900, (HAMEAU ET PLAINE DE CAUMONT) 76170 LA FRENAYE,76281,"49.5256,0.5808",Pylône autostable,"62,7m",TDF,2011-06-30,SUP,,False,False
473305,SFR,GSM 900,RUE D'ARGENTINE RÉSIDENCE JEAN GIONO 62480 LE PORTEL,62667,"50.71,1.5847",Immeuble,35m,Société Privée,2018-12-21,SUP,,False,False
473777,ORANGE,5G NR 700,R DES BIENVENUES LES3 MURGERS (MONTFLIX) 91530 SERMAISE,91593,"48.5164,2.1061",Tour hertzienne,105m,TDF,,AJO,,False,False
473777,ORANGE,"GSM 900, UMTS 900, LTE 800, LTE 1800, LTE 2100, LTE 2600, 5G NR 3500",R DES BIENVENUES LES3 MURGERS (MONTFLIX) 91530 SERMAISE,91593,"48.5164,2.1061",Tour hertzienne,105m,TDF,2024-05-16,AJR,,False,False
473777,ORANGE,"GSM 900, UMTS 900, LTE 800, LTE 1800, LTE 2100, LTE 2600, 5G NR 700, 5G NR 3500",R DES BIENVENUES LES3 MURGERS (MONTFLIX) 91530 SERMAISE,91593,"48.5167,2.1061",Tour hertzienne,105m,TDF,2024-05-16,SUP,,False,False
474204,BOUYGUES TELECOM,"GSM 900, UMTS 900, UMTS 2100, LTE 800, LTE 1800, LTE 2100, LTE 2600",11 R DE LA VALLEE 76620 LE HAVRE,76351,"49.4942,0.1489",Immeuble,45m,Société HLM,2018-07-26,SUP,,False,False
474253,SFR,GSM 900,1 AVENUE D'ORADOUR SUR GLANE 94380 BONNEUIL SUR MARNE,94011,"48.7686,2.4819",Immeuble,55m,Société HLM,2002-08-09,SUP,,False,False
474595,BOUYGUES TELECOM,5G NR 3500,AV DE LA CROIX ROUGE RÉSIDENCE LE CLOS 13013 MARSEILLE 13,13213,"43.3314,5.4289",Immeuble,38m,Société HLM,,AJO,,False,False
474619,BOUYGUES TELECOM,5G NR 2100,LE PENDU (DERRIÈRE LES MURS) 51240 OMEY,51415,"48.8519,4.4942",Pylône autostable,43m,ATC FRANCE,2026-07-11,ALL,,False,False
474716,SFR,GSM 900,8 R GAY LUSSAC STATION TDF D'ECKBOLSHEIM 67201 ECKBOLSHEIM,67118,"48.5892,7.6842",Pylône autostable,69m,TDF,1999-11-02,SUP,,False,False
474768,ORANGE,"LTE 700, LTE 800", (KEHLE) 67860 RHINAU,67397,"48.3203,7.7206",Pylône autostable,"40,5m",TOTEM,2026-07-17,ALL,,False,False
474768,ORANGE,5G NR 2100, (KEHLE) 67860 RHINAU,67397,"48.3203,7.7206",Pylône autostable,"40,5m",TOTEM,2026-01-10,ART,,False,False
474834,BOUYGUES TELECOM,5G NR 3500,STATION TDF DE ROGLIANO (STAGNOLI) 20248 ROGLIANO,2B261,"42.9669,9.4556",Pylône autostable,23m,TDF,2026-07-15,ALL,,False,False
475130,ORANGE,LTE 800,CHEM RURAL (LE BUIS) 01100 MARTIGNAT,01237,"46.2097,5.5989",Pylône autostable,40m,Sociétés d'Autoroutes,,AJO,,False,False
475130,ORANGE,LTE 700,CHEM RURAL (LE BUIS) 01100 MARTIGNAT,01237,"46.2097,5.5989",Pylône autostable,40m,Sociétés d'Autoroutes,2024-05-31,SUP,,False,False
475415,FREE MOBILE,"LTE 2100, 5G NR 700",PRES DE LA D25-ROUTE DU MUY (LES BASSES RIBES) 83120 STE MAXIME,83115,"43.3364,6.6117",Pylône autostable,"17,3m",TOTEM,2026-07-07,ALL,,False,False
475639,BOUYGUES TELECOM,LTE 2100, (LA PLANE) 46160 CAJARC,46045,"44.4817,1.835",Pylône autostable,43m,TDF,2026-07-24,ALL,,False,False
475639,ORANGE,GSM 900, (LA PLANE) 46160 CAJARC,46045,"44.4817,1.835",Pylône autostable,43m,TDF,2006-12-09,SUP,,False,False
475799,ORANGE,GSM 900,176 ROUTE DE BAYONNE AIRPORT HOTEL 31500 TOULOUSE,31555,"43.6086,1.3789",Bâtiment,"22,3m",Société Privée,2004-06-19,SUP,,False,False
475799,SFR,GSM 900,176 ROUTE DE BAYONNE AIRPORT HOTEL 31500 TOULOUSE,31555,"43.6086,1.3789",Bâtiment,"22,3m",Société Privée,2017-11-17,SUP,,False,False
476183,BOUYGUES TELECOM,"LTE 700, LTE 2100, LTE 2600, 5G NR 2100, 5G NR 3500",R DE LA BELLE IDÉE RTE DE DAMPLEUX 02600 VILLERS COTTERETS,02810,"49.2525,3.1056",Pylône autostable,45m,CELLNEX,2026-07-12,ALL,,False,False
476197,SFR,GSM 900,1 R HENRI RENAUDIN TOUR LAMARTINE 08000 CHARLEVILLE MEZIERES,08105,"49.7736,4.7083",Immeuble,47m,"Copropriété, Syndic, SCI",2001-07-16,SUP,,False,False
476239,BOUYGUES TELECOM,5G NR 2100, (CÔTE D'ERVEAUX) 10190 ESTISSAC,10142,"48.2786,3.8267",Pylône autostable,54m,TDF,2026-07-11,ALL,,False,False
476303,FREE MOBILE,LTE 2100,COTEAU DE SUDON PRÈS DE LA D.957 (BEL AIR) 41330 FOSSE,41091,"47.6517,1.2739",Pylône autostable,38m,TOTEM,,SUP,,False,True
476325,FREE MOBILE,"LTE 2100, LTE 2600",RTE DU SILO (LE MOULIN) 51150 JUVIGNY,51312,"49.0225,4.2703",Pylône autostable,35m,HIVORY,,SUP,,False,True
476735,SFR,GSM 900,CHEM DES BALMES STATION TDF (MONTRAY-LA-BACHASSE) 69110 STE FOY LES LYON,69202,"45.7256,4.7864",Pylône autostable,25m,TDF,2008-08-29,SUP,,False,False
477001,BOUYGUES TELECOM,"LTE 700, LTE 2600",R ROGER VERCEL CHÂTEAU D'EAU BOURLAGO 22590 PORDIC,22251,"48.5628,-2.8203",Château d'eau - réservoir,"36,5m","Syndicat des eaux, Adduction",,AJO,,False,False
477073,ORANGE,LTE 700,GARE TÉLÉPHÉRIQUE DU PLENAY (LE PLENAY) 74260 LES GETS,74134,"46.17,6.6919",Pylône autostable,42m,TDF,2021-11-29,SUP,,False,False
477371,BOUYGUES TELECOM,"LTE 700, LTE 2100, 5G NR 2100, 5G NR 3500",AV MICHEL MONTAIGNE RÉSERVOIR DE L'ETOILE 33120 ARCACHON,33009,"44.6514,-1.1722",Château d'eau - réservoir,46m,"Commune, communauté de communes",2026-07-15,ALL,,False,False
477371,SFR,"LTE 2100, 5G NR 2100",AV MICHEL MONTAIGNE RÉSERVOIR DE L'ETOILE 33120 ARCACHON,33009,"44.6514,-1.1722",Château d'eau - réservoir,46m,"Commune, communauté de communes",2026-07-07,ALL,,False,False
477382,BOUYGUES TELECOM,"UMTS 900, 5G NR 3500",PRÈS D.16B (LA HOUTTE) 57390 RUSSANGE,57603,"49.4825,5.9494",Pylône autostable,43m,TDF,,AJO,,False,False
477382,BOUYGUES TELECOM,UMTS 2100,PRÈS D.16B (LA HOUTTE) 57390 RUSSANGE,57603,"49.4825,5.9494",Pylône autostable,43m,TDF,2008-06-27,SUP,,False,False
477382,SFR,UMTS 900,PRÈS D.16B (LA HOUTTE) 57390 RUSSANGE,57603,"49.4825,5.9494",Pylône autostable,43m,TDF,,AJO,,False,False
477489,ORANGE,"LTE 800, 5G NR 700",STATION TDF (LA MILLIERE) 13011 MARSEILLE 11,13211,"43.2781,5.49",Pylône autostable,49m,TDF,2026-07-20,ALL,,False,True
477582,BOUYGUES TELECOM,LTE 2100,CHEM COMMUNAL (EICHERHOF) 67260 HERBITZHEIM,67191,"49.04,7.1061",Pylône autostable,"41,1m",HIVORY,2026-07-20,ALL,,False,False
477796,ORANGE,5G NR 700,R DE GRÉVAUX CHÂTEAU D'EAU 59600 MAUBEUGE,59392,"50.2675,3.9219",Château d'eau - réservoir,56m,"Syndicat des eaux, Adduction",2026-07-30,ALL,,False,False
477838,BOUYGUES TELECOM,5G NR 3500,R DE L'ETANCHET (LES ÉTANGS) 35780 LA RICHARDAIS,35241,"48.6044,-2.0414",Pylône autostable,39m,RTE,2026-07-13,ALL,,False,False
477838,SFR,5G NR 3500,R DE L'ETANCHET (LES ÉTANGS) 35780 LA RICHARDAIS,35241,"48.6044,-2.0414",Pylône autostable,39m,RTE,2026-07-22,ALL,,False,False
478435,BOUYGUES TELECOM,LTE 2100,CENTRE EMETTEUR TDF DE CHALINDREY (LE COGNELOT) 52600 CHALINDREY,52093,"47.8036,5.4019",Pylône haubané,205m,TDF,2026-07-10,ALL,,False,False
478624,SRR,LTE 2100,37 AV STANISLAS GIMART STE CLOTILDE 97490 ST DENIS,97411,"-20.8967,55.4764",Pylône autostable,25m,Société Réunionnaise de Radiotéléphonie,2026-06-26,ART,,False,False
478641,SRR,LTE 2100,159 R JULES AUBER FOYER DES JEUNES DE JOINVILLE 97490 ST DENIS,97411,"-20.8839,55.4553",Pylône autostable,"24,5m",SFR,2026-06-27,ART,,False,False
479037,ORANGE,"5G NR 700, 5G NR 3500",16 RUE DU BOIS DE LA REMISE ZONE ARTISANALE ROUTE DE TREMBLAY 91480 VARENNES JARCY,91631,"48.6881,2.5731",Pylône autostable,34m,HIVORY,,AJO,,False,False
479037,ORANGE,LTE 700,16 RUE DU BOIS DE LA REMISE ZONE ARTISANALE ROUTE DE TREMBLAY 91480 VARENNES JARCY,91631,"48.6881,2.5731",Pylône autostable,34m,HIVORY,2024-10-03,SUP,,False,False
479713,ORANGE,GSM 900, (LA BOUERO) 31530 ST PAUL SUR SAVE,31507,"43.7033,1.2147",Pylône autostable,"26,3m",HIVORY,1999-09-03,SUP,,False,False
479734,SRR,LTE 2100,BD LANCASTEL 6 R HENRI VAVASSEUR 97490 ST DENIS,97411,"-20.8797,55.4594",Immeuble,"36,4m",Société Réunionnaise de Radiotéléphonie,2026-07-17,AJA,,False,False
479734,SRR,UMTS 2100,BD LANCASTEL 6 R HENRI VAVASSEUR 97490 ST DENIS,97411,"-20.8797,55.4594",Immeuble,"36,4m",Société Réunionnaise de Radiotéléphonie,2008-04-09,SUP,,False,False
479841,BOUYGUES TELECOM,"LTE 700, 5G NR 2100, 5G NR 3500",1 R ROBERT SCHUMANN 68330 HUNINGUE,68149,"47.595,7.5783",Immeuble,"38,8m","Copropriété, Syndic, SCI",2026-07-11,ALL,,False,False
480757,ORANGE,GSM 900, (TOURNAI) 32240 MAUPAS,32246,"43.8536,-0.1331",Pylône autostable,44m,Conseil Départemental,2006-04-29,SUP,,True,False
480775,ORANGE,LTE 700,21 R JULES BERTHONNEAU PRÈS D.203 - ZI STATION HERTZIENNE F.T. (LA GARGOTIÈRE) 41000 VILLEBAROU,41276,"47.6083,1.3031",Pylône autostable,65m,TDF,2024-04-11,SUP,,False,False
480883,BOUYGUES TELECOM,"LTE 700, 5G NR 3500",12 R JACQUARD 85340 LES SABLES D OLONNE,85194,"46.4911,-1.7364",Pylône autostable,85m,Autres,2026-07-08,ALL,,False,False
480883,SFR,LTE 700,12 R JACQUARD 85340 LES SABLES D OLONNE,85194,"46.4911,-1.7364",Pylône autostable,85m,Autres,2026-07-22,ALL,,False,False
481148,BOUYGUES TELECOM,LTE 2100,CHEM RURAL DE LA GRANDE FOSSE PRÈS A26 (LES FONTINETTES) 02840 ATHIES SOUS LAON,02028,"49.5775,3.7017",Pylône autostable,47m,TDF,2026-07-20,ALL,,False,False
481166,FREE MOBILE,"LTE 2100, 5G NR 3500",R DU CHATEAU D'EAU 37500 CHINON,37072,"47.1719,0.2547",Château d'eau - réservoir,53m,"Syndicat des eaux, Adduction",2026-07-07,ALL,,False,False
481214,ORANGE,GSM 900, (BOUILLARD) 47600 NERAC,47195,"44.1467,0.3453",Pylône autostable,53m,TDF,2006-05-12,SUP,,False,False
481308,FREE MOBILE,5G NR 3500,AV AUGUSTE INGRES/DE LATTRE DE TASSIGNY OPAC SUD (LE MUSSUGUET) 13470 CARNOUX EN PROVENCE,13119,"43.2517,5.5522",Immeuble,15m,Société HLM,2026-07-24,ALL,,False,False
481580,ORANGE,GSM 900, (PIAU ENGALY) 65170 ARAGNOUET,65017,"42.7833,0.1603",Immeuble,14m,Particulier,2007-02-27,SUP,,False,False
481926,ORANGE,GSM 900,MAROU CHEM DES PEYROTS (BOUDON) 31620 BOULOC,31079,"43.7908,1.425",Pylône autostable,34m,TOTEM,2007-01-16,SUP,,False,False
481964,BOUYGUES TELECOM,"LTE 1800, LTE 2100",CHEM RURAL PRÈS RÉSERVOIR (SCHWARZENRECH) 57730 LACHAMBRE,57373,"49.0872,6.7389",Pylône tubulaire,28m,TOTEM,2026-07-20,ALL,,False,False
482203,BOUYGUES TELECOM,LTE 2600,ROUTE DE AOUGNY À LAGERY PYLÔNE TDF (BOIS DES LIMONS) 51170 LAGERY,51314,"49.1989,3.7392",Pylône autostable,"42,5m",TDF,2026-07-12,ALL,,False,False
482203,SFR,LTE 2600,ROUTE DE AOUGNY À LAGERY PYLÔNE TDF (BOIS DES LIMONS) 51170 LAGERY,51314,"49.1989,3.7392",Pylône autostable,"42,5m",TDF,2026-05-28,ART,,False,False
482217,ORANGE,GSM 900,G.R. 46 - CHEM RURAL COUCHIRLE (STE CROIX) 46330 ST CIRQ LAPOPIE,46256,"44.4617,1.6739",Pylône autostable,24m,TDF,2006-06-24,SUP,,False,False
482877,BOUYGUES TELECOM,"GSM 900, UMTS 900, LTE 700, LTE 800, LTE 1800, LTE 2100, LTE 2600, 5G NR 2100, 5G NR 3500",R DE LA MARSIÈRE CHÂTEAU D'EAU 71380 CHATENOY EN BRESSE,71117,"46.7906,4.9186",Château d'eau - réservoir,38m,"Commune, communauté de communes",2021-08-31,SUP,,False,False
483258,FREE MOBILE,5G NR 700,RTE DE MENEHAM (RUDOLOC) 29890 KERLOUAN,29091,"48.6531,-4.3694",Château d'eau - réservoir,"47,6m","Commune, communauté de communes",2026-07-24,ALL,,False,False
483334,FREE MOBILE,"LTE 2100, 5G NR 3500",PL SALVATOR ALLENDE R DU 28 FÉVRIER 1943 PRÈS CENTRE CIAL RUBAN BLEU (MAISON DES SYNDICATS) 44600 ST NAZAIRE,44184,"47.2764,-2.2081",Bâtiment,27m,"Commune, communauté de communes",2026-07-07,ALL,,False,False
483373,BOUYGUES TELECOM,LTE 2600,RUE DE LA MARE À TOUQUES CHÂTEAU D'EAU DU MONT CANISY (LES MONTS VOLANTS) 14800 TOURGEVILLE,14701,"49.3344,0.0686",Château d'eau - réservoir,36m,"Syndicat des eaux, Adduction",2026-06-25,ART,,False,False
483373,SFR,LTE 2600,RUE DE LA MARE À TOUQUES CHÂTEAU D'EAU DU MONT CANISY (LES MONTS VOLANTS) 14800 TOURGEVILLE,14701,"49.3344,0.0686",Château d'eau - réservoir,36m,"Syndicat des eaux, Adduction",2026-07-01,ART,,False,False
483507,ORANGE,5G NR 2100,D.111/A.16 - PK.211 ACCÈS DE SERVICE A.16 SITE SANEF (LE PETIT CHÊNE) 80860 NOUVION,80598,"50.2036,1.7586",Pylône autostable,"50,2m",Sociétés d'Autoroutes,2026-06-26,ART,,False,False
484044,ORANGE,GSM 900,D 24 TOUR TÉLÉCOM (CORNAC) 31530 BELLEGARDE STE MARIE,31061,"43.6853,1.1028",Tour hertzienne,64m,TDF,1993-11-05,SUP,,False,False
484048,FREE MOBILE,"LTE 2100, LTE 2600",SENTINELLE CHEMIN DU PLAN (EMBATS) 32000 AUCH,32013,"43.6397,0.5244",Pylône autostable,60m,TOTEM,,SUP,,False,False
484078,ORANGE,GSM 900,IDRAC (ENTRILLOT) 32300 MIRANDE,32256,"43.5203,0.4325",Château d'eau - réservoir,58m,"Syndicat des eaux, Adduction",1996-12-06,SUP,,False,False
484082,FREE MOBILE,"LTE 2100, 5G NR 700",RUE DU MOULIN RTE DE ROZAY EN BRIE 77370 GASTINS,77201,"48.6367,3.015",Château d'eau - réservoir,45m,"Commune, communauté de communes",2026-07-07,ALL,,False,False
484178,ORANGE,LTE 700,R. DE LA MOTTE HERLIN D 80 (LES PÂTIS) 02130 GOUSSANCOURT,02351,"49.1686,3.6683",Pylône autostable,43m,TOTEM,2026-07-23,ALL,,False,False
484194,ORANGE,"5G NR 700, 5G NR 3500",AV  DE LA CONTERIE LE STADE (LA CONTERIE) 14770 CONDE EN NORMANDIE,14174,"48.8461,-0.5567",Pylône autostable,40m,TDF,,AJO,,False,False
484540,BOUYGUES TELECOM,LTE 2100,R DU CATELET (LE CALVAIRE PETRUS) 02110 BEAUREVOIR,02057,"49.9986,3.3017",Pylône autostable,37m,ATC FRANCE,2026-07-20,ALL,,False,False
484591,BOUYGUES TELECOM,LTE 700,27 R DE LA GUISSAUME COOPÉRATIVE LES VIGNERONS D'ALIGNAN-DU-VENT (LES ESPERASSÈDES) 34290 ALIGNAN DU VENT,34009,"43.4675,3.3439",Bâtiment,22m,"Coopérative Agricole, Vinicole",,AJO,,False,False
484665,ORANGE,GSM 900,STATION DE SKI POSTE DE SECOURS DE LA TOURETTE (LA TOURETTE) 65170 ST LARY SOULAN,65388,"42.8292,0.2378",Pylône autostable,15m,"Commune, communauté de communes",2005-03-19,SUP,,False,False
485589,ORANGE,GSM 900,IMP DU CHATEAU D'EAU (LES TRAVERSES) 82700 MONTECH,82125,"43.9533,1.2339",Château d'eau - réservoir,"31,5m","Syndicat des eaux, Adduction",1997-11-21,SUP,,False,False
485831,SRR,"UMTS 2100, LTE 2100",5000 PIERREFONDS (AEROPORT PIERREFONDS) 97432 ST PIERRE,97416,"-21.3206,55.4281",Bâtiment,"8,5m","CCI, Ch Métier, Port Aut, Aéroport",2024-05-31,ART,,False,False
485914,BOUYGUES TELECOM,LTE 700,LE PETIT ROCHER (LE BREIL) 35210 CHATILLON EN VENDELAIS,35072,"48.2078,-1.1617",Pylône autostable,34m,ATC FRANCE,,AJO,,False,False
485914,SFR,LTE 700,LE PETIT ROCHER (LE BREIL) 35210 CHATILLON EN VENDELAIS,35072,"48.2078,-1.1617",Pylône autostable,34m,ATC FRANCE,,AJO,,False,False
486093,BOUYGUES TELECOM,5G NR 3500,ZAC DE BEL AIR (LA HUTTE ST PIERRE) 56250 LA VRAIE CROIX,56261,"47.6975,-2.5478",Pylône tubulaire,44m,ATC FRANCE,2026-07-06,ALL,,False,False
486093,SFR,5G NR 3500,ZAC DE BEL AIR (LA HUTTE ST PIERRE) 56250 LA VRAIE CROIX,56261,"47.6975,-2.5478",Pylône tubulaire,44m,ATC FRANCE,2026-07-15,ALL,,False,False
486170,SFR,5G NR 3500,35 R DE L'EGALITÉ ATELIERS MUNICIPAUX POMPIERS (LE SALUT) 56920 NOYAL PONTIVY,56151,"48.0697,-2.8747",Pylône autostable,40m,TOTEM,2026-07-15,ALL,,False,False
486170,SFR,LTE 2100,35 R DE L'EGALITÉ ATELIERS MUNICIPAUX POMPIERS (LE SALUT) 56920 NOYAL PONTIVY,56151,"48.0697,-2.8747",Pylône autostable,40m,TOTEM,2026-07-01,ART,,False,False
486643,ORANGE,5G NR 2100,CR DE MONTREUIL À SEMPY (LE MONT MIROUX) 62170 SEMPY,62787,"50.4953,1.8656",Pylône autostable,74m,TDF,2026-07-08,ALL,,False,False
486926,BOUYGUES TELECOM,LTE 2100,CHEM RURAL DIT DE VATÉ PRÈS N.4 (LA HAYE DE VATÉ) 51300 MAISONS EN CHAMPAGNE,51340,"48.7431,4.5203",Pylône autostable,"44,3m",ATC FRANCE,2026-07-20,AJA,,False,False
487060,BOUYGUES TELECOM,LTE 2100,CROISEMENT DE LA RN 44 ET DE LA RD 260 (LE HAUT DE VILLERS) 51300 COUVROT,51195,"48.7783,4.5908",Pylône autostable,46m,ATC FRANCE,2026-07-20,ALL,,False,False
487193,SRR,LTE 2100,284 R HUBERT DELISLE 97430 LE TAMPON,97422,"-21.2761,55.5139",Bâtiment,"17,3m",Société Réunionnaise de Radiotéléphonie,2026-06-26,ART,,False,False
487689,ORANGE,5G NR 3500,USINE THERMIQUE D117 (LE GARDEL) 97160 LE MOULE,97117,"16.305,-61.3267",Pylône autostable,57m,DIGICEL,,AJO,,False,False
487689,ORANGE,"LTE 800, LTE 2600",USINE THERMIQUE D117 (LE GARDEL) 97160 LE MOULE,97117,"16.305,-61.3267",Pylône autostable,57m,DIGICEL,,SUP,,False,False
487727,BOUYGUES TELECOM,"LTE 700, LTE 2600, 5G NR 3500","6,8 R DE RIBISCIA CHÂTEAU D'EAU 22610 PLEUBIAN",22195,"48.8408,-3.1383",Château d'eau - réservoir,48m,"Syndicat des eaux, Adduction",2026-07-13,ALL,,False,False
487727,SFR,"LTE 700, LTE 2600, 5G NR 3500","6,8 R DE RIBISCIA CHÂTEAU D'EAU 22610 PLEUBIAN",22195,"48.8408,-3.1383",Château d'eau - réservoir,48m,"Syndicat des eaux, Adduction",2026-07-22,ALL,,False,False
487739,ORANGE,GSM 900,CHEM DE JOULIOU PYLONE FT (LA FERRANE) 31600 MURET,31395,"43.4194,1.3261",Pylône autostable,44m,TOTEM,2012-01-11,SUP,,False,False
489547,SFR,LTE 2100,LE MARCHAIS BARNAULT R INTERSEC D 952 ET N7 (LA GARDERIE) 45250 BRIARE,45053,"47.6558,2.7378",Pylône autostable,42m,TDF,2026-07-01,ART,,False,False
490245,SFR,GSM 900,14 CHEM DE VELAUX 13170 LES PENNES MIRABEAU,13071,"43.4156,5.3494",Pylône autostable,15m,HIVORY,1999-03-09,SUP,,False,False
492009,SFR,5G NR 3500,D.185 - CHÂTEAU D'EAU (KERGALAN) 56270 PLOEMEUR,56162,"47.7097,-3.415",Château d'eau - réservoir,"39,2m","Syndicat des eaux, Adduction",2026-07-01,ART,,False,False
492058,FREE MOBILE,"LTE 2100, 5G NR 700",CHEM RURAL DIT DE BOISLONDE (LA CAMPAGNE DU ROY) 14250 FONTENAY LE PESNEL,14278,"49.1867,-0.5761",Pylône autostable,45m,ATC FRANCE,2026-07-07,ALL,,False,False
492316,SFR,5G NR 2100,R DU STADE J.F CAPITAINE TERRAIN DE SPORT 22680 BINIC ETABLES SUR MER,22055,"48.5972,-2.8353",Pylône tubulaire,30m,CELLNEX,2026-07-01,ART,,False,False
493032,SFR,GSM 900,R DE VERDUN CENTRAL TÉLÉPHONIQUE PROCHE RN 59 ET DE LA GARE 54120 BACCARAT,54039,"48.4553,6.7422",Pylône autostable,34m,TOTEM,2018-05-25,SUP,,False,False
493358,SRR,LTE 2100,R ROLAND GARROS 97430 LE TAMPON,97422,"-21.2733,55.5217",Bâtiment,27m,Conseil Départemental,2024-04-26,ART,,False,False
493367,SFR,"LTE 700, LTE 1800, LTE 2100, 5G NR 2100", (BOIS DE TOILE) 42660 LE BESSAT,42017,"45.3731,4.5114",Pylône autostable,31m,TOTEM,,AJO,,False,False
493367,SFR,UMTS 2100, (BOIS DE TOILE) 42660 LE BESSAT,42017,"45.3731,4.5114",Pylône autostable,31m,TOTEM,2019-06-20,SUP,,False,False
493528,FREE MOBILE,5G NR 3500,R JEAN PERRIN ZA DE LA FOSSETTE 14440 DOUVRES LA DELIVRANDE,14228,"49.2853,-0.3706",Pylône tubulaire,43m,TDF,2026-07-07,ALL,,False,False
493534,FREE MOBILE,"LTE 2100, 5G NR 700",CHEM DE LA FIÉE (TÊTE DES CERFS) 88250 LA BRESSE,88075,"48.0433,6.9653",Pylône autostable,41m,TOTEM,2026-07-24,ALL,,False,False
493881,ORANGE,GSM 900,R DU PÉRIÉ STADE DE FOOTBALL (LE PÉRIÉ) 31860 PINS JUSTARET,31421,"43.4783,1.3906",Pylône tubulaire,25m,TOTEM,2010-04-20,SUP,,False,False
493963,ORANGE,GSM 900,271 ROUTE DE NARBONNE RES HERMES 31500 TOULOUSE,31555,"43.5533,1.4681",Immeuble,"18,4m","Copropriété, Syndic, SCI",2003-10-18,SUP,,False,False
494075,SFR,GSM 900,PRÉS DU CANAL DE DUNKERQUE À FURNES (USINE DES DUNES) 59495 LEFFRINCKOUCKE,59340,"51.0494,2.4625",Château d'eau - réservoir,"41,7m",Société Privée,2016-10-07,SUP,,False,False
494083,ORANGE,"UMTS 900, LTE 1800, LTE 2100, LTE 2600, 5G NR 3500",AV DE VERDUN - RN 112 CAVE COOP LE RABELAIS 34110 MIREVAL,34159,"43.5072,3.7969",Pylône autostable,29m,ATC FRANCE,2026-07-02,ALL,,False,False
494209,ORANGE,"LTE 800, 5G NR 700",R D'HERVIAUX 60560 ORRY LA VILLE,60482,"49.1289,2.5086",Château d'eau - réservoir,33m,"Commune, communauté de communes",2026-07-24,ALL,,False,True
494642,BOUYGUES TELECOM,LTE 2100,CHEM DE MONPLAISIR (LA FONTAINE NANTIER) 02220 BAZOCHES ET ST THIBAUT,02054,"49.3125,3.6267",Pylône autostable,43m,ATC FRANCE,2026-07-20,ALL,,False,False
494735,ORANGE,GSM 900,PYLONE ASF DE MOIRAX A 62 (ARCHES) 47310 MOIRAX,47169,"44.1439,0.6308",Pylône autostable,42m,Sociétés d'Autoroutes,2005-05-24,SUP,,False,False
495105,FREE MOBILE,5G NR 700,D.24 - RTE DE ST-MAUDET (KERANQUERNAT) 29360 CLOHARS CARNOET,29031,"47.7736,-3.5433",Château d'eau - réservoir,31m,"Syndicat des eaux, Adduction",2026-07-24,ALL,,False,False
495332,BOUYGUES TELECOM,LTE 700,LES BOULATS - LE FOUDON 58370 LAROCHEMILLAY,58140,"46.9081,3.9864",Pylône autostable,46m,TDF,,AJO,,False,False
495399,SRR,LTE 1800,108 R DES BONS ENFANTS POSTE 97432 ST PIERRE,97416,"-21.3389,55.4722",Immeuble,"26,5m",Société Réunionnaise de Radiotéléphonie,2024-03-15,ART,,False,False
496203,ORANGE,LTE 2600,PRÈS DÉPARTEMENTALE 84 PYLÔNE TDF (CANTON DES CHATAIGNERS) 60950 VER SUR LAUNETTE,60666,"49.1044,2.6903",Pylône autostable,37m,TDF,,AJO,,False,False
496203,ORANGE,LTE 700,PRÈS DÉPARTEMENTALE 84 PYLÔNE TDF (CANTON DES CHATAIGNERS) 60950 VER SUR LAUNETTE,60666,"49.1044,2.6903",Pylône autostable,37m,TDF,2024-03-12,SUP,,False,False
496631,SFR,"LTE 2600, 5G NR 3500",281 CHEM DE PIDOURENTE 1 PIDOURENTE 1 (LES FOURCHES) 83340 FLASSANS SUR ISSOLE,83057,"43.3683,6.2281",Pylône autostable,27m,HIVORY,,AJO,,False,False
496718,ORANGE,GSM 900,ROUTE DU MOULIN (CLERC) 47400 GONTAUD DE NOGARET,47110,"44.4433,0.3125",Pylône autostable,30m,TOTEM,2009-06-15,SUP,,False,False
497286,FREE MOBILE,"LTE 700, LTE 1800, LTE 2600, 5G NR 3500",R CHAMPOLLION ZAC DE KEREBARS 29820 GUILERS,29069,"48.4297,-4.5717",Pylône autostable,39m,TOTEM,2026-07-24,ALL,,False,True
497431,BOUYGUES TELECOM,5G NR 3500, (LE SINGLE) 48320 GORGES DU TARN CAUSSES,48146,"44.3586,3.5417",Pylône autostable,"48,5m",TDF,2026-07-20,ALL,,False,False
497493,FREE MOBILE,LTE 2100, (ANDAGNE) 73480 BONNEVAL SUR ARC,73047,"45.3633,7.0522",Pylône autostable,"20,7m",TDF,2026-07-28,ALL,,False,False
497898,FREE MOBILE,5G NR 700,18 R JEAN MERMOZ 08000 CHARLEVILLE MEZIERES,08105,"49.7808,4.7117",Immeuble,36m,Société HLM,2026-07-28,ALL,,False,False
498423,FREE MOBILE,5G NR 700,PL DE L'EGLISE 65100 LOURDES,65286,"43.0964,-0.0447",Monument religieux,57m,"Commune, communauté de communes",2026-07-24,ALL,,False,False
498480,ORANGE,"LTE 700, LTE 800",AV DU VERDALAI (LES MICHELS) 13790 PEYNIER,13072,"43.4467,5.6019",Château d'eau - réservoir,21m,"Commune, communauté de communes",2026-07-03,ALL,,False,False
498655,BOUYGUES TELECOM,LTE 1800, (LA ROCHE SAUTERRE) 63410 MANZAT,63206,"45.9161,2.93",Pylône autostable,47m,Sociétés d'Autoroutes,,AJO,,False,False
498793,ORANGE,"LTE 2600, 5G NR 700, 5G NR 3500",RUE DE LA CARLETTE (LES CHAMPS NIGAUDS) 76170 ST JEAN DE FOLLEVILLE,76592,"49.5142,0.5261",Pylône autostable,45m,TDF,,AJO,,False,False
498793,SFR,GSM 900,RUE DE LA CARLETTE (LES CHAMPS NIGAUDS) 76170 ST JEAN DE FOLLEVILLE,76592,"49.5142,0.5261",Pylône autostable,45m,TDF,2003-02-10,SUP,,False,False
498897,ORANGE,5G NR 2100,CD15 (LE CHÊNE DE L'AGNEAU) 03130 LE DONJON,03103,"46.345,3.8031",Pylône autostable,34m,TOTEM,,AJO,,False,False
498971,BOUYGUES TELECOM,LTE 2100, (ROCHER BLANC) 48200 ALBARET STE MARIE,48002,"44.8583,3.2583",Pylône autostable,50m,DDE,2026-07-20,ALL,,False,False
499273,ORANGE,GSM 900,R JULES FERRY (LE GUINLET) 47190 AIGUILLON,47004,"44.3003,0.3414",Château d'eau - réservoir,31m,"Commune, communauté de communes",1997-12-19,SUP,,False,False
499544,BOUYGUES TELECOM,5G NR 2100,33 BD  THIBAULT DE CHAMPAGNE NOTRE DAME DU VAL 77600 BUSSY ST GEORGES,77058,"48.8397,2.7164",Monument religieux,"41,7m",Association,,AJO,,False,False
499544,BOUYGUES TELECOM,5G NR 3500,33 BD  THIBAULT DE CHAMPAGNE NOTRE DAME DU VAL 77600 BUSSY ST GEORGES,77058,"48.8397,2.7164",Monument religieux,"41,7m",Association,2026-06-22,ART,,False,False
499544,BOUYGUES TELECOM,LTE 2100,33 BD  THIBAULT DE CHAMPAGNE NOTRE DAME DU VAL 77600 BUSSY ST GEORGES,77058,"48.8397,2.7164",Monument religieux,"41,7m",Association,,SUP,,False,False
500160,ORANGE,GSM 900, (AU MERCADIOL) 46230 LALBENQUE,46148,"44.3417,1.5428",Pylône autostable,"31,8m",TOTEM,2003-12-20,SUP,,False,False
500488,ORANGE,GSM 900,COMBE NEGRE CHEM RURAL DU SALVAGE FACE AU RÉSERVOIR (CHAMP DE GAULE) 46500 PADIRAC,46213,"44.8386,1.7383",Pylône autostable,37m,TOTEM,1996-04-16,SUP,,False,False
500596,SFR,LTE 2600,VALLON DES POURAQUES (LE BOURIGAOU) 83340 LE LUC,83073,"43.4014,6.2906",Pylône autostable,45m,HIVORY,,AJO,,False,False
500618,SRR,LTE 700,88 R SUFFREN 97432 ST PIERRE,97416,"-21.3358,55.4736",Immeuble,18m,Société HLM,2023-11-28,ART,,False,False
501234,BOUYGUES TELECOM,"LTE 700, LTE 2600, 5G NR 3500",ROUTE DE ROQUELAURE ZONE COMMERCIALE DE CLARAC (MOUROUSSIN) 32000 AUCH,32013,"43.6667,0.595",Pylône tubulaire,30m,TOTEM,2026-07-15,ALL,,False,False
501261,FREE MOBILE,5G NR 3500,ALL D'HALVER IMM SEQUOIA 59330 HAUTMONT,59291,"50.2558,3.9025",Immeuble,"28,3m",Société HLM,2026-07-24,ALL,,False,False
501706,SFR,GSM 900,345 ALL DES QUATRE VENTS CITÉ BEL AIR (TRÉMARIA) 29800 LANDERNEAU,29103,"48.4592,-4.2625",Pylône autostable,37m,TDF,2017-09-15,SUP,,False,False
502104,BOUYGUES TELECOM,"LTE 700, LTE 2600, 5G NR 3500",R DE L'EGLISE LE VILLAGE 34820 TEYRAN,34309,"43.6831,3.9244",Monument religieux,20m,"Commune, communauté de communes",,AJO,,False,False
502142,SRR,LTE 2100,FORET DE L'ETANG SALE (GROS PITON) 97427 L ETANG SALE,97404,"-21.2636,55.3431",Pylône autostable,26m,TDF,2026-06-26,ART,,False,False
502172,ORANGE,GSM 900,D65.C (LES MULATIERS) 31490 LEGUEVIN,31291,"43.5986,1.2706",Pylône autostable,42m,HIVORY,2008-03-14,SUP,,False,False
502272,SRR,LTE 2100,R GEORGES POMPIDOU (LE TREIZIEME) 97430 LE TAMPON,97422,"-21.2586,55.5219",Mât métallique,16m,Société Réunionnaise de Radiotéléphonie,2026-05-07,ART,,False,False
502859,SFR,"LTE 700, LTE 1800, LTE 2600",R DE L'HÔTEL DE VILLE LE BOURG 44680 STE PAZANNE,44186,"47.1033,-1.8114",Monument religieux,"61,5m","Commune, communauté de communes",2026-07-01,ART,,False,False
502900,FREE MOBILE,LTE 2100,R DU PONT NEUF - LE STADE 56370 LE TOUR DU PARC,56252,"47.5322,-2.6614",Pylône autostable,"27,1m",ATC FRANCE,,SUP,,False,False
502958,SFR,GSM 900,D31 DE PFETTISHEIM À PFULGRIESHEIM (GOEHREN) 67370 PFULGRIESHEIM,67375,"48.6522,7.6633",Pylône autostable,44m,HIVORY,1998-06-26,SUP,,False,False
502970,ORANGE,"LTE 700, 5G NR 2100",RN 63 FACE MAISON FORÊSTIÈRE (KRANZHUEBEL - BIRKLACH) 67500 HAGUENAU,67180,"48.8336,7.8564",Pylône autostable,47m,HIVORY,,AJO,,False,False
503670,ORANGE,GSM 900,LA COUME R MIRABEAU 09300 LAVELANET,09160,"42.9436,1.8503",Pylône autostable,32m,TDF,2006-12-16,SUP,,False,False
50369,SRR,LTE 700,LES LATANIERS 97419 LA POSSESSION,97408,"-20.9253,55.3433",Immeuble,"20,5m",Société Réunionnaise de Radiotéléphonie,2022-08-23,ART,,False,False
504125,ORANGE,GSM 900,CHEM RURAL DE MÉLIS (MÉLIS) 47500 CUZORN,47077,"44.5678,0.9506",Pylône autostable,"34,7m",TDF,1998-03-27,SUP,,False,False
504184,ORANGE,GSM 900, (LA TRILLIÈRE) 46130 GLANES,46124,"44.9258,1.8731",Pylône autostable,"45,7m",TDF,1997-04-11,SUP,,False,False
505025,FREE MOBILE,LTE 2100,PRÈS D.3 FORÊT DOMANIALE DE BEFEY (LES GRANDES FRICHES) 57640 VRY,57736,"49.2131,6.3761",Pylône autostable,45m,TOTEM,,SUP,,False,False
505025,ORANGE,LTE 700,PRÈS D.3 FORÊT DOMANIALE DE BEFEY (LES GRANDES FRICHES) 57640 VRY,57736,"49.2131,6.3761",Pylône autostable,45m,TOTEM,2026-07-22,ALL,,False,False
505131,BOUYGUES TELECOM,LTE 2100,BELLE COTE (LA SCIA) 38380 ST PIERRE DE CHARTREUSE,38442,"45.3456,5.8467",Pylône autostable,"28,8m",TDF,,AJO,,False,False
505412,BOUYGUES TELECOM,LTE 700,STATION TDF CLOSE LANDE (LE PRÉ DE LA PETITE CLOSE) 35470 BAIN DE BRETAGNE,35012,"47.7972,-1.6478",Tour hertzienne,65m,TDF,,AJO,,False,False
505515,ORANGE,GSM 900,CHEM DE LA CROIX DE MITRAC (LE FORT) 31860 LABARTHE SUR LEZE,31248,"43.4508,1.3992",Château d'eau - réservoir,31m,"Commune, communauté de communes",2002-10-19,SUP,,False,False
505571,ORANGE,"LTE 1800, 5G NR 2100",5 RTE DE WIERRE 62240 LONGFOSSE,62524,"50.6475,1.7894",Pylône tubulaire,28m,TOTEM,2026-07-03,ALL,,False,False
506211,ORANGE,GSM 900,R D'OREILLE AUTOCOM 47180 STE BAZEILLE,47233,"44.5306,0.095",Pylône autostable,25m,TOTEM,1997-12-19,SUP,,False,False
506236,SFR,LTE 2600, (KERVILIGOU) 29720 PLONEOUR LANVERN,29174,"47.9178,-4.2936",Pylône autostable,48m,ATC FRANCE,2026-07-01,ART,,False,False
50645,SRR,"GSM 900, UMTS 900, UMTS 2100, LTE 700, LTE 800, LTE 1800, LTE 2600",MAJICAVO LAMIR 97605 MAMOUDZOU,97611,"-12.7564,45.2331",Pylône autostable,25m,SFR,2002-04-18,SUP,,False,False
507119,BOUYGUES TELECOM,"5G NR 2100, 5G NR 3500",R DU POILU 68600 VOLGELSHEIM,68352,"48.0122,7.5386",Château d'eau - réservoir,51m,"Syndicat des eaux, Adduction",,AJO,,False,False
507165,ORANGE,"GSM 900, UMTS 900, LTE 800, LTE 1800, LTE 2100, 5G NR 700, 5G NR 3500",CHÂTEAU D'EAU (LES BRUYÈRES DE ST-PAIR) 14670 TROARN,14712,"49.1742,-0.1897",Château d'eau - réservoir,48m,"Syndicat des eaux, Adduction",1997-05-09,SUP,,False,False
507177,ORANGE,GSM 900,R DES QUATRE VENTS (CALES ST FERREOL) 31250 REVEL,31451,"43.4414,2.0089",Pylône autostable,23m,TOTEM,1996-06-19,SUP,,False,False
507193,ORANGE,LTE 700,LES MÊLIERS PRÈS D 978 (MONT MIGIN) 58270 ST BENIN D AZY,58232,"47.0033,3.4331",Pylône autostable,46m,HIVORY,2026-07-30,ALL,,False,False
507644,SFR,LTE 2100,RTE DE LA FORÊT (LES PICS) 03360 URCAY,03293,"46.6264,2.6",Pylône autostable,28m,HIVORY,2026-07-01,ART,,False,False
508272,SFR,"LTE 700, LTE 1800, LTE 2100, 5G NR 2100",VC N°25 (BEAUREPAIRE) 28240 CHAMPROND EN GATINE,28071,"48.3908,1.09",Château d'eau - réservoir,50m,"Commune, communauté de communes",,AJO,,False,False
508728,ORANGE,GSM 900,COMPLEXE SPORTIF MUNICIPAL (GIRBET) 09700 SAVERDUN,09282,"43.2419,1.5742",Pylône tubulaire,34m,ATC FRANCE,2002-09-28,SUP,,False,False
508734,ORANGE,GSM 900,PICON ET PÈRE (PÉRÉ) 31360 ROQUEFORT SUR GARONNE,31457,"43.1603,1.0131",Pylône autostable,30m,TOTEM,1993-03-05,SUP,,False,False
508958,BOUYGUES TELECOM,,17/19 R JEAN LEBAS ETS BILLORE MATERIAUX 80320 CHAULNES,80186,"49.8189,2.8097",Pylône autostable,"35,9m",HIVORY,2007-12-13,CHH,37m,False,False
508958,SFR,,17/19 R JEAN LEBAS ETS BILLORE MATERIAUX 80320 CHAULNES,80186,"49.8189,2.8097",Pylône autostable,"35,9m",HIVORY,1999-06-04,CHH,37m,False,False
509038,BOUYGUES TELECOM,LTE 2600,CHEM RURAL N°2 DE LA CAVE MORINET AUX JOLLETIÈRES (LES JOLLETIÈRES) 37600 LOCHES,37132,"47.1544,1.0128",Pylône autostable,40m,ATC FRANCE,2026-07-02,ALL,,False,False
509038,SFR,"LTE 700, LTE 2600",CHEM RURAL N°2 DE LA CAVE MORINET AUX JOLLETIÈRES (LES JOLLETIÈRES) 37600 LOCHES,37132,"47.1544,1.0128",Pylône autostable,40m,ATC FRANCE,2026-07-08,ALL,,False,False
509541,BOUYGUES TELECOM,LTE 1800,SITE TDF (TUNON DE L'EGLISE) 65120 GAVARNIE GEDRE,65192,"42.7342,-0.0108",Pylône autostable,25m,TDF,2026-07-22,ALL,,False,False
509541,FREE MOBILE,"LTE 2100, LTE 2600",SITE TDF (TUNON DE L'EGLISE) 65120 GAVARNIE GEDRE,65192,"42.7342,-0.0108",Pylône autostable,25m,TDF,,SUP,,False,True
509541,ORANGE,GSM 900,SITE TDF (TUNON DE L'EGLISE) 65120 GAVARNIE GEDRE,65192,"42.7342,-0.0108",Pylône autostable,25m,TDF,1998-03-27,SUP,,False,False
509730,BOUYGUES TELECOM,LTE 700,RN.16 HÔTEL CAMPANILE (REDOUTE DU MOULIN) 95440 ECOUEN,95205,"49.0147,2.3858",Pylône autostable,"26,3m",TOTEM,2026-07-13,ALL,,False,False
510283,BOUYGUES TELECOM,LTE 2600,CHEMIN DU CHATEAU D'EAU (PUY NACHET) 19320 MARCILLAC LA CROISILLE,19125,"45.265,2.01",Château d'eau - réservoir,33m,"Commune, communauté de communes",2026-07-25,ALL,,False,False
510600,BOUYGUES TELECOM,LTE 2100,BOIS DES AUNAIES LIGNE TGV E PK 105.320 (LES TROMPES) 51390 GUEUX,51282,"49.2417,3.8894",Pylône autostable,25m,SNCF Réseau,2026-07-20,ALL,,False,False
510699,ORANGE,LTE 2600, (LA MONTAGNE) 60800 FRESNOY LE LUAT,60261,"49.2058,2.7539",Pylône autostable,32m,ATC FRANCE,2026-07-15,ALL,,False,False
510791,ORANGE,LTE 800,CHEM AIGREFOIN 78470 ST REMY LES CHEVREUSE,78575,"48.7131,2.0978",Pylône autostable,47m,RTE,2026-07-20,AJA,,False,False
511180,SFR,LTE 700,LES VAUVAINES 79170 BRIOUX SUR BOUTONNE,79057,"46.1564,-0.2139",Pylône autostable,43m,TDF,,AJO,,False,False
511203,ORANGE,5G NR 700,L'HUBAC PISTE DFCI COLLINE DU MIRAILLET (LE MIRAILLET) 84530 VILLELAURE,84147,"43.7219,5.4586",Pylône autostable,45m,HIVORY,2026-07-29,ALL,,False,False
511298,SFR,"LTE 2600, 5G NR 3500", (LES BARAUDIÈRES) 79310 ST PARDOUX SOUTIERS,79285,"46.5764,-0.2931",Pylône autostable,"49,3m",TDF,,AJO,,False,False
511642,ORANGE,"LTE 1800, 5G NR 2100",ALLÉE DE LA SOURCE FROIDE (FROIDEFOND) 24450 ST PIERRE DE FRUGIE,24486,"45.5883,0.9817",Pylône autostable,"42,3m",TDF,2026-06-23,ART,,False,False
511871,BOUYGUES TELECOM,UMTS 900,TATTOUENIA RELAIS TDF (MOUSSIOU) 64220 ARNEGUY,64047,"43.1183,-1.2664",Pylône autostable,25m,TDF,2026-07-22,ALL,,False,False
512163,ORANGE,GSM 900, (BRAMOFAM) 31600 EAUNES,31165,"43.4269,1.3717",Pylône autostable,34m,HIVORY,2012-02-06,SUP,,False,False
512346,BOUYGUES TELECOM,"LTE 700, LTE 1800",C.R 35 DE LA CORVÉE À LA MALADRERIE (LA MALADRERIE) 58290 MOULINS ENGILBERT,58182,"46.9814,3.8203",Pylône autostable,22m,TOTEM,2026-07-20,ALL,,False,False
512707,BOUYGUES TELECOM,"LTE 700, LTE 1800, LTE 2100, LTE 2600",FERME DE HEURTEBISE 77440 DHUISY,77157,"49.0481,3.1708",Pylône tubulaire,"37,5m",TOTEM,2026-07-15,ALL,,False,False
512707,SFR,"LTE 700, LTE 1800, LTE 2100, LTE 2600",FERME DE HEURTEBISE 77440 DHUISY,77157,"49.0481,3.1708",Pylône tubulaire,"37,5m",TOTEM,2026-07-10,ALL,,False,False
512816,BOUYGUES TELECOM,"LTE 700, 5G NR 2100, 5G NR 3500",BOULEVARD DES ECOSSAIS IMMEUBLE ''TOUR DES MYRTILLES'' 08200 SEDAN,08409,"49.7056,4.945",Immeuble,"42,9m",Société HLM,,AJO,,False,False
512822,FREE MOBILE,5G NR 3500,6-7 BD CHANZY 08200 SEDAN,08409,"49.7011,4.9267",Immeuble,36m,Société HLM,2026-07-28,ALL,,False,False
512940,ORANGE,LTE 700,COTE DU VALLOT PARC LAQUERRIÈRE (LA FORÊT) 76500 ELBEUF,76231,"49.2831,0.9983",Pylône autostable,43m,TDF,2023-11-09,SUP,,False,False
513253,SFR,GSM 900, (LA CROISETTE) 57420 VIGNY,57715,"48.9728,6.2503",Pylône autostable,20m,HIVORY,2003-08-14,SUP,,False,False
513287,BOUYGUES TELECOM,LTE 2100,D 28 DERRIÈRE SILO (SUR LE CHEMIN DE XAMMES) 54470 THIAUCOURT REGNIEVILLE,54518,"48.9639,5.8611",Pylône autostable,"36,5m",ATC FRANCE,2026-07-20,ALL,,False,False
513352,ORANGE,LTE 2100,PITON DES CASCADES (GROS PITON) 97439 STE ROSE,97419,"-21.1794,55.8292",Pylône autostable,36m,TDF,,AJO,,False,False
513352,ORANGE,"UMTS 2100, 5G NR 2100",PITON DES CASCADES (GROS PITON) 97439 STE ROSE,97419,"-21.1794,55.8292",Pylône autostable,36m,TDF,2017-05-15,SUP,,False,False
513561,FREE MOBILE,UMTS 900, (TRUC DE FORTUNIO) 48700 MONTS DE RANDON,48127,"44.6422,3.5322",Tour hertzienne,109m,TDF,2017-04-04,SUP,,True,False
513630,BOUYGUES TELECOM,"UMTS 900, UMTS 2100", (COUTURE DU GRAND CHEVET) 02100 NEUVILLE ST AMAND,02549,"49.8194,3.3336",Pylône autostable,64m,TDF,2019-11-26,SUP,,False,False
513658,ORANGE,GSM 900,GARE TÉLÉPHÉRIQUE PLA D'ADET (PLAT D'ADET) 65170 ST LARY SOULAN,65388,"42.8133,0.2972",Pylône autostable,44m,TDF,1999-04-16,SUP,,False,False
513700,ORANGE,GSM 900,RTE DE BOULOC (LES HEBRAILS) 31620 CASTELNAU D ESTRETEFONDS,31118,"43.7933,1.3756",Pylône autostable,"46,5m",ATC FRANCE,2004-11-23,SUP,,False,False
513786,ORANGE,LTE 700,28 R JEAN MACE STADE JEAN MACÉ PYLÔNE TDF 53000 LAVAL,53130,"48.0753,-0.7761",Pylône autostable,44m,TDF,2021-12-21,SUP,,False,False
513813,ORANGE,"LTE 1800, 5G NR 3500",VALLAJOUSE (LES GARRIGUES BASSES) 30210 SERNHAC,30317,"43.9075,4.5356",Pylône autostable,33m,TDF,2026-06-18,ART,,False,False
514238,BOUYGUES TELECOM,LTE 2600, (S1 LE HAUT DU SEC) 52160 PERROGNEY LES FONTAINES,52384,"47.7972,5.1936",Tour hertzienne,67m,TDF,2026-07-10,ALL,,False,False
514313,ORANGE,GSM 900,PL DE LA POSTE CHÂTEAU D'EAU 31650 ST ORENS DE GAMEVILLE,31506,"43.555,1.5331",Château d'eau - réservoir,34m,"Commune, communauté de communes",2005-08-13,SUP,,False,False
514335,FREE MOBILE,"LTE 2100, 5G NR 700", (A LABORIE) 47270 PUYMIROL,47217,"44.1839,0.8197",Pylône autostable,36m,TOTEM,2026-07-28,ALL,,False,False
514335,ORANGE,GSM 900, (A LABORIE) 47270 PUYMIROL,47217,"44.1839,0.8197",Pylône autostable,36m,TOTEM,2001-01-19,SUP,,False,False
514355,FREE MOBILE,LTE 2100,AV DE VERDUN CPE FT DE BAZAS (PRADÈRES) 33430 BAZAS,33036,"44.4361,-0.2294",Pylône haubané,58m,TOTEM,,SUP,,False,False
514751,ORANGE,GSM 900,PYLÔNE TDF (PECH-DE-MIEY) 09000 FOIX,09122,"42.9689,1.6206",Pylône autostable,43m,TDF,2012-09-15,SUP,,True,False
514834,FREE MOBILE,"LTE 700, LTE 900, LTE 2100, 5G NR 700", (MONT LEUZE) 06230 VILLEFRANCHE SUR MER,06159,"43.7217,7.3211",Tour hertzienne,60m,ORANGE Services Fixes,2026-07-07,ALL,,False,False
514844,ORANGE,5G NR 3500,4 AVENUE DIDEROT BIBLIOTHÈQUE UNIVERSITAIRE AVENUE DES ARTS 33600 PESSAC,33318,"44.7964,-0.62",Immeuble,45m,"État, Ministère",2026-04-17,ART,,False,False
515181,ORANGE,GSM 900,PL DU MARCADIEU RTE D'AGEN CHATEAU D'EAU 47310 LAPLUME,47137,"44.1131,0.5306",Château d'eau - réservoir,48m,"Syndicat des eaux, Adduction",1998-02-06,SUP,,False,False
515181,SFR,UMTS 2100,PL DU MARCADIEU RTE D'AGEN CHATEAU D'EAU 47310 LAPLUME,47137,"44.1131,0.5306",Château d'eau - réservoir,48m,"Syndicat des eaux, Adduction",2018-06-12,SUP,,False,False
515697,ORANGE,GSM 900,PRÈS DE LA D 64 (PLAINE DE LALIE) 31130 FLOURENS,31184,"43.5889,1.5561",Pylône autostable,51m,HIVORY,2007-12-26,SUP,,False,False
515755,ORANGE,"LTE 2600, 5G NR 2100",CHEM RURAL DIT DES BOURNÉES (PRÉS DES RAMOTTES) 58800 CORBIGNY,58083,"47.2753,3.6906",Pylône autostable,52m,TOTEM,2026-07-07,ALL,,False,False
516139,ORANGE,GSM 900,24 RUE DU 11 NOVEMBRE (LE MOULIN) 31470 FONTENILLES,31188,"43.5492,1.1922",Château d'eau - réservoir,34m,"Syndicat des eaux, Adduction",2004-10-16,SUP,,False,False
516252,SFR,"LTE 700, LTE 1800, LTE 2100, 5G NR 2100",N.157 - CHEM RURAL N°35 (LA HAIE AUX BICHES) 41160 BUSLOUP,41028,"47.8919,1.1419",Pylône tubulaire,37m,HIVORY,,AJO,,False,False
516452,ORANGE,LTE 2100,PRÈS VOIE FERRÉE (BOUILLAQUE) 01990 CHANEINS,01083,"46.0853,4.8478",Pylône autostable,25m,TOTEM,2026-06-25,ART,,False,False
516574,ORANGE,GSM 900,RTE DU CLOS DU LOUP - D.77F (LES CANCÈRES) 31180 CASTELMAUROU,31117,"43.6733,1.5083",Pylône tubulaire,24m,HIVORY,2012-01-30,SUP,,False,False
517058,ORANGE,GSM 900,CHEM DE MOULIAS CHATEAU D'EAU (LES GRASSES) 32200 GIMONT,32147,"43.6167,0.88",Château d'eau - réservoir,38m,"Commune, communauté de communes",2005-10-08,SUP,,False,False
517078,ORANGE,GSM 900, (PUJOL GRAND) 09130 PAILHES,09224,"43.1,1.4397",Pylône autostable,28m,TDF,1997-01-31,SUP,,False,False
517160,SFR,5G NR 3500,AV D' ORLÉANS / AV DE CHAMBORD 45190 BEAUGENCY,45028,"47.7817,1.6339",Château d'eau - réservoir,25m,"Syndicat des eaux, Adduction",2026-07-15,ALL,,False,False
517251,ORANGE,GSM 900,7 R DE L ÉGALITÉ CENTRAL TÉLÉPHONIQUE 65710 BAGNERES DE BIGORRE,65059,"43.07,0.1469",Pylône autostable,32m,TOTEM,1996-06-06,SUP,,False,False
517271,BOUYGUES TELECOM,LTE 2600,RTE ANGLE LA GARENNE ET FONTANARIÉ (CAP DE L'HOMME) 81990 PUYGOUZON,81218,"43.8694,2.1897",Pylône autostable,39m,TDF,2026-07-26,ALL,,False,False
517475,BOUYGUES TELECOM,"GSM 900, UMTS 900, LTE 700, LTE 800, LTE 1800, LTE 2100, LTE 2600, 5G NR 2100, 5G NR 3500",R NICOLAS APPERT (ROUGNAC) 32600 L ISLE JOURDAIN,32160,"43.6022,1.1006",Pylône autostable,37m,TDF,2023-04-13,SUP,,False,False
517514,ORANGE,LTE 800,R DU 4ÈME RÉGIMENT DE DRAGONS PORTÉS - EGLISE MONT ST ELOI 62144 MONT ST ELOI,62589,"50.3514,2.6919",Monument religieux,30m,"Commune, communauté de communes",2019-03-12,EXT,,False,False
517707,ORANGE,LTE 700,RTE DE BARGEMON QUARTIER ST JOSEPH PARK CITROËN (LES VIGNASSES) 83440 SEILLANS,83124,"43.6308,6.6419",Pylône autostable,25m,HIVORY,2025-03-21,ART,,False,False
518078,ORANGE,LTE 700,MONTAIGUT EN COMBRAILLE (LA BROSSE) 63700 MONTAIGUT EN COMBRAILLE,63233,"46.1739,2.7975",Pylône autostable,33m,TDF,2026-07-30,ALL,,False,False
518482,FREE MOBILE,"LTE 2100, 5G NR 700",RTE N 62 (VOLKERSRHEIM) 67580 MERTZWILLER,67291,"48.8778,7.6742",Château d'eau - réservoir,"40,8m","Syndicat des eaux, Adduction",2026-07-07,ALL,,False,False
518749,BOUYGUES TELECOM,LTE 2100,CHEMIN DE LA LANDE (PERIGAL) 82170 CANALS,82028,"43.8681,1.3092",Pylône autostable,44m,TDF,2026-07-25,ALL,,False,False
518778,SFR,"LTE 700, LTE 2100, LTE 2600, 5G NR 2100",AIRE DE REPOS DE PRAT DE CEST A 61 POINT KM 199 11100 BAGES,11024,"43.1142,2.9528",Pylône autostable,50m,Sociétés d'Autoroutes,,AJO,,False,False
518778,SFR,UMTS 2100,AIRE DE REPOS DE PRAT DE CEST A 61 POINT KM 199 11100 BAGES,11024,"43.1142,2.9528",Pylône autostable,50m,Sociétés d'Autoroutes,2010-04-01,SUP,,False,False
519002,SFR,GSM 900,RTE DE NOIDANT ST GEOSMES PRES DE RN 74 (ZI LA BELLE CHAPELLE) 52200 SAINTS GEOSMES,52449,"47.8447,5.3347",Pylône autostable,"34,4m",BOUYGUES,2002-11-29,SUP,,False,False
519321,ORANGE,GSM 900,2 AV DES PYRÉNÉES 31320 VIGOULET AUZIL,31578,"43.5081,1.4503",Pylône autostable,24m,RTE,2008-12-15,SUP,,False,False
519817,BOUYGUES TELECOM,"LTE 700, 5G NR 3500",AV DES THERMES GRAND HÔTEL 01220 DIVONNE LES BAINS,01143,"46.3572,6.1383",Immeuble,46m,Établissement de soins,,AJO,,False,False
519823,ORANGE,GSM 900,890 R DES CHALETS V.V.F. - IMM LE TARBESOU D 820 (PLATEAU DE BONASCRE) 09110 AX LES THERMES,09032,"42.7033,1.8175",Immeuble,"32,4m","Copropriété, Syndic, SCI",1997-03-28,SUP,,False,False
519844,ORANGE,LTE 700,63 CHEM DES COMBES (LES COMBES) 38330 ST ISMIER,38397,"45.2503,5.8156",Pylône autostable,17m,ATC FRANCE,2021-10-19,SUP,,False,False
519959,ORANGE,5G NR 700, (SERRE RATIER) 05330 ST CHAFFREY,05133,"44.9247,6.5714",Pylône autostable,25m,TDF,2026-07-14,ALL,,False,False
520025,SRR,LTE 2100,R THEODORE DROUET ZAC 2000 97420 LE PORT,97407,"-20.9469,55.3172",Pylône autostable,45m,Société Réunionnaise de Radiotéléphonie,2025-05-12,ART,,False,False
520025,SRR,UMTS 2100,R THEODORE DROUET ZAC 2000 97420 LE PORT,97407,"-20.9469,55.3172",Pylône autostable,45m,Société Réunionnaise de Radiotéléphonie,2008-08-04,SUP,,False,False
520303,BOUYGUES TELECOM,"GSM 1800, UMTS 2100",CÔTE REYNAUD (LES BRAYARDS) 63440 CHAMPS,63082,"46.0692,3.0969",Pylône autostable,73m,TDF,2001-07-13,SUP,,False,False
520371,ORANGE,"LTE 2100, 5G NR 700, 5G NR 3500",R D'UBERHERRN CH D'EAU (CITÉ LA COLLINE) 57490 L HOPITAL,57336,"49.1642,6.7422",Château d'eau - réservoir,43m,"Syndicat des eaux, Adduction",,AJO,,False,False
520451,BOUYGUES TELECOM,LTE 2100,V COM. N°6 - CHEM DE LA PLAINE DE LA MARE (LE MONT RICARD) 76270 NEUFCHATEL EN BRAY,76462,"49.7406,1.4728",Pylône autostable,48m,HIVORY,2026-07-11,ALL,,False,False
520780,BOUYGUES TELECOM,LTE 2100,CHEM DE CARRETS (PATER) 31220 MONDAVEZAN,31349,"43.2333,1.0631",Pylône autostable,46m,BOUYGUES,2026-07-23,ALL,,False,False
520897,ORANGE,GSM 900,24 CHEM DE LARRIEU (LINDETTES) 31600 LHERM,31299,"43.4239,1.2194",Château d'eau - réservoir,"48,5m","Syndicat des eaux, Adduction",2003-08-09,SUP,,False,False
520979,ORANGE,GSM 900,R FRESCATY (NOGAYE) 82600 VERDUN SUR GARONNE,82190,"43.8478,1.2403",Château d'eau - réservoir,"38,3m","Syndicat des eaux, Adduction",2004-04-10,SUP,,False,False
520991,ORANGE,LTE 2600,31 R DE COEUVRES 02290 MONTIGNY LENGRAIN,02514,"49.3894,3.1156",Pylône autostable,44m,TOTEM,2026-06-29,ART,,False,False
521102,BOUYGUES TELECOM,"GSM 900, GSM 1800, UMTS 2100",AV DU PARC DES PRINCES TUNNEL BP SS PARC DES PRINCES 75116 PARIS 16,75116,"48.8406,2.2536",Tunnel,7m,"Commune, communauté de communes",2021-07-20,SUP,,False,False
521597,BOUYGUES TELECOM,LTE 700,AÉROPORT ST EXUPÉRY BÂT. CENTRAL 69125 COLOMBIER SAUGNIEU,69299,"45.7203,5.0794",Bâtiment,35m,"CCI, Ch Métier, Port Aut, Aéroport",2026-07-17,ALL,,False,False
521645,ORANGE,"LTE 2600, 5G NR 700, 5G NR 3500",RTE DÉPART. 72 (LA DOUAIRIERE) 78720 CERNAY LA VILLE,78128,"48.6656,1.9681",Château d'eau - réservoir,72m,"Syndicat des eaux, Adduction",2026-07-10,ALL,,False,False
521846,BOUYGUES TELECOM,GSM 1800,SOUS ARC DE TRIOMPHE 75008 PARIS 08,75108,"48.8744,2.2953",Tunnel,5m,"Commune, communauté de communes",1997-05-16,SUP,,False,False
521861,FREE MOBILE,5G NR 3500, (OBER SOLBERG) 68140 ESCHBACH AU VAL,68083,"48.0222,7.1342",Pylône autostable,43m,TDF,2026-07-24,ALL,,False,False
522173,BOUYGUES TELECOM,"GSM 900, GSM 1800, UMTS 2100",AV DE NEUILLY PORTE MAILLOT 3 RUE DE SURESNES 75017 PARIS 17,75117,"48.8786,2.2803",Tunnel,7m,"Commune, communauté de communes",1997-04-25,SUP,,False,False
522207,ORANGE,GSM 900,19/20 PL DES FAONS 31500 TOULOUSE,31555,"43.6397,1.4431",Immeuble,35m,Société HLM,2008-11-20,SUP,,False,False
522250,ORANGE,GSM 900, (LA COUME ESQUIRO) 32360 ST LARY,32384,"43.7197,0.5072",Pylône autostable,36m,TOTEM,1997-10-03,SUP,,False,False
522315,ORANGE,GSM 900, (LES VIGNES) 46120 THEMINES,46318,"44.7444,1.8269",Pylône autostable,30m,TOTEM,1998-02-12,SUP,,True,False
522347,ORANGE,GSM 900,CD 41 PYLÔNE FT  (SECULI) 32100 CONDOM,32107,"43.9708,0.4044",Pylône autostable,52m,TOTEM,1997-12-05,SUP,,False,False
522353,ORANGE,GSM 900,5005 AV DES LANDES (GARROUSSET) 47310 BRAX,47040,"44.205,0.5378",Pylône autostable,35m,TOTEM,1995-08-04,SUP,,False,False
522907,ORANGE,GSM 900,D.77 - RTE DE CASTELMAUROU (QUAXOUS) 31180 ST GENIES BELLEVUE,31484,"43.6897,1.4994",Pylône tubulaire,30m,TOTEM,2011-12-16,SUP,,False,False
522989,BOUYGUES TELECOM,LTE 700,BOIS DE CHAVAN (LA PIERRE AU CHAT) 89320 VAUMORT,89434,"48.1339,3.4286",Pylône autostable,"37,5m",HIVORY,2026-07-23,ALL,,False,False
522989,SFR,"LTE 700, LTE 1800, LTE 2100, 5G NR 2100",BOIS DE CHAVAN (LA PIERRE AU CHAT) 89320 VAUMORT,89434,"48.1339,3.4286",Pylône autostable,"37,5m",HIVORY,,AJO,,False,False
523033,BOUYGUES TELECOM,LTE 700,CHEM RURAL (LA FRUGERIE) 87110 BOSMIE L AIGUILLE,87021,"45.7656,1.2222",Pylône tubulaire,34m,TOTEM,,AJO,,False,False
523682,ORANGE,"LTE 700, 5G NR 2100",TDF PYL OUEST ET EST (MONT AIGOUAL) 30570 VAL D AIGOUAL,30339,"44.1211,3.575",Pylône autostable,50m,TDF,,AJO,,False,False
523709,ORANGE,5G NR 2100,CHEM DE ST-MARC (HUBAC DE ST-MARC) 04500 ALLEMAGNE EN PROVENCE,04004,"43.7822,6.0131",Pylône autostable,"32,5m",TDF,2026-07-10,ALL,,False,False
523999,ORANGE,5G NR 2100,PRÈS A.26 - SENS CHALONS-EN-CHAMPAGNE/TROYES (LES VERMILLONNES) 10150 LUYERES,10210,"48.3686,4.1567",Tour hertzienne,66m,TDF,,AJO,,False,False
524047,ORANGE,GSM 900, (PECH D'AUSSEL) 46600 MONTVALENT,46208,"44.8731,1.605",Pylône autostable,"26,7m",TDF,2006-02-11,SUP,,False,False
524991,SRR,LTE 2100,ROUTE DES CAFIEIERS (DIX-SEPTIEME) 97430 LE TAMPON,97422,"-21.2353,55.5225",Mât béton,16m,Société Réunionnaise de Radiotéléphonie,2026-05-07,ART,,False,False
525003,ORANGE,"5G NR 700, 5G NR 3500", (LA GASTIÈRE) 30120 LE VIGAN,30350,"44.0075,3.6036",Pylône autostable,"43,2m",TDF,2026-07-09,ALL,,False,False
525179,SFR,LTE 700,RTE N154 (LE VIVIER) 28210 LE BOULLAY MIVOYE,28054,"48.6442,1.4047",Pylône autostable,41m,ATC FRANCE,,AJO,,False,False
525284,SFR,GSM 900,CHAMP CHARON D 334 (LES COMTES) 89144 LIGNY LE CHATEL,89227,"47.9514,3.7439",Pylône autostable,40m,HIVORY,2016-08-31,SUP,,False,False
525305,BOUYGUES TELECOM,GSM 1800,13 R GASTON PHILIPPE 93380 ST DENIS,93066,"48.9403,2.3506",Immeuble,17m,Particulier,2009-01-05,SUP,,False,False
525490,ORANGE,5G NR 700,GARE DU TELECABINE (POINTE DE LA MASSE) 73600 LES BELLEVILLE,73257,"45.2972,6.5089",Pylône autostable,45m,TDF,2026-07-30,ALL,,False,False
525496,SFR,LTE 700,RTE DE BORDEAUX (LA BATAILLE) 40190 VILLENEUVE DE MARSAN,40331,"43.9272,-0.3067",Pylône haubané,85m,TOTEM,2026-07-10,AJA,,False,False
525646,BOUYGUES TELECOM,LTE 2100,COLETTA (FIUMINALE) 20117 CAURO,2A085,"41.9158,8.9161",Pylône autostable,21m,HIVORY,2026-07-20,ALL,,False,False
525673,BOUYGUES TELECOM,"GSM 900, GSM 1800, UMTS 2100",BD DE REIMS TUNNEL DE COURCELLES / PORTE DE CHAMPERRET NIVEAU PASSAGE SOUTERRAIN DE LA PROMENADE BERNARD LAFAY  75017 PARIS 17,75117,"48.8892,2.2964",Tunnel,"7,4m","Commune, communauté de communes",2006-12-14,SUP,,False,False
525695,FREE MOBILE,"LTE 700, LTE 900, LTE 1800, 5G NR 700",R MOUSSY (LA CORNOUILLE) 95750 CHARS,95142,"49.1544,1.9319",Château d'eau - réservoir,"28,2m","Syndicat des eaux, Adduction",2026-07-24,ALL,,False,True
526189,SFR,GSM 900,21 R PLANTIER RÉS. LE BELVÉDÈRE 31500 TOULOUSE,31555,"43.6003,1.4764",Immeuble,"15,9m","Copropriété, Syndic, SCI",2009-01-12,SUP,,False,False
526219,ORANGE,GSM 900,CHEMIN IC N°47 (LA TOUR) 31460 BEAUVILLE,31055,"43.4686,1.7733",Pylône autostable,19m,TOTEM,2011-12-01,SUP,,False,False
526258,ORANGE,GSM 900,216 RTE DE ST-SIMON IMM LE TERTIAL 31500 TOULOUSE,31555,"43.5792,1.3939",Immeuble,28m,"Copropriété, Syndic, SCI",2020-01-20,SUP,,False,False
526339,SFR,GSM 900, (BEIM WASSERTURM) 67120 KOLBSHEIM,67247,"48.5642,7.6",Pylône autostable,15m,TOTEM,2018-12-19,SUP,,False,False
526349,ORANGE,GSM 900,RTE DE VALLESVILLES DÉPARTEMENTALE N° 59 (LES OULIERS) 31460 CARAMAN,31106,"43.5419,1.7406",Pylône autostable,33m,TOTEM,2006-10-21,SUP,,False,False
526360,ORANGE,GSM 900, (SERRECAUTE) 65420 IBOS,65226,"43.245,-0.0222",Pylône autostable,35m,TOTEM,2006-02-11,SUP,,False,False
527467,BOUYGUES TELECOM,LTE 700,CD 134 (LA MAINGOT) 28300 BERCHERES ST GERMAIN,28034,"48.5333,1.4564",Pylône autostable,43m,ATC FRANCE,,AJO,,False,False
527889,ORANGE,LTE 700,50-52 CHEM SABLES HOTEL AMBASSADEUR 06600 ANTIBES,06004,"43.5683,7.1167",Immeuble,28m,Société Privée,2023-12-18,SUP,,False,False
528897,SFR,GSM 900,9 BD DUTASTA 83200 TOULON,83137,"43.1189,5.9353",Immeuble,"26,6m",Société Privée,1998-03-18,SUP,,False,False
52926,SRR,LTE 2100,RN 1 (CAP LAHOUSSAYE) 97460 ST PAUL,97415,"-21.0197,55.2342",Mât,"4,9m",Société Réunionnaise de Radiotéléphonie,2024-05-27,ART,,False,False
52938,SRR,"LTE 700, LTE 2100",CD 36 (NOTRE DAME DE LA PAIX) 97430 LE TAMPON,97422,"-21.2575,55.6",Mât béton,16m,Société Réunionnaise de Radiotéléphonie,2025-07-02,ART,,False,False
52952,SRR,LTE 1800,270 RTE ANTIDE BOYER 97490 ST DENIS,97411,"-20.9211,55.3911",Pylône autostable,16m,Société Réunionnaise de Radiotéléphonie,2024-02-29,ART,,False,False
52984,SRR,LTE 2100,STADE DU CHAUDRON R GEORGES POMPIDOU 97490 ST DENIS,97411,"-20.8889,55.4878",Pylône autostable,25m,Société Réunionnaise de Radiotéléphonie,2026-07-17,AJA,,False,False
52984,SRR,UMTS 2100,STADE DU CHAUDRON R GEORGES POMPIDOU 97490 ST DENIS,97411,"-20.8889,55.4878",Pylône autostable,25m,Société Réunionnaise de Radiotéléphonie,2009-04-08,SUP,,False,False
529850,ORANGE,GSM 900,D.713 (LE BUALA) 65100 GER,65197,"43.055,-0.035",Pylône autostable,29m,TDF,1996-06-07,SUP,,False,False
529895,BOUYGUES TELECOM,LTE 700,PRÈS DU CHÂTEAU D'EAU (STOCKPLATZ) 67230 ROSSFELD,67412,"48.3344,7.6231",Pylône autostable,"40,2m",TOTEM,,AJO,,False,False
529895,SFR,LTE 700,PRÈS DU CHÂTEAU D'EAU (STOCKPLATZ) 67230 ROSSFELD,67412,"48.3344,7.6231",Pylône autostable,"40,2m",TOTEM,,AJO,,False,False
529948,BOUYGUES TELECOM,"GSM 1800, UMTS 2100",QUAI DES TUILERIES TUNEL RIVE DROITE 75001 PARIS 01,75101,"48.8614,2.3292",Tunnel,"6,8m","Commune, communauté de communes",1997-03-14,SUP,,False,False
529975,SFR,GSM 900,8 ESPLANADE CHARLES DE GAULLE 40100 DAX,40088,"43.7106,-1.0519",Immeuble,31m,Société HLM,2000-06-16,SUP,,False,False
530091,ORANGE,GSM 900,GRICHET CHEM RURAL (LES GRANDES CHATAIGNERAIES) 47150 GAVAUDUN,47109,"44.5728,0.9039",Pylône autostable,26m,Conseil Départemental,2006-11-11,SUP,,True,False
530103,BOUYGUES TELECOM,LTE 2600,PL JOSEPH ROUMANILLE BAT MEDICAL 13210 ST REMY DE PROVENCE,13100,"43.7886,4.8269",Bâtiment,"18,7m",Établissement de soins,2026-07-13,ALL,,False,False
530103,SFR,"LTE 700, LTE 2600",PL JOSEPH ROUMANILLE BAT MEDICAL 13210 ST REMY DE PROVENCE,13100,"43.7886,4.8269",Bâtiment,"18,7m",Établissement de soins,2026-07-22,ALL,,False,False
530143,ORANGE,GSM 900, (TOUR DE VILLE) 47150 MONFLANQUIN,47175,"44.5336,0.7686",Château d'eau - réservoir,23m,"Syndicat des eaux, Adduction",1998-12-11,SUP,,False,False
530255,ORANGE,GSM 900,CHEM RURAL PRÈS D.245 (MENDOUSE) 47360 LUSIGNAN PETIT,47154,"44.2581,0.4978",Château d'eau - réservoir,34m,"Syndicat des eaux, Adduction",2006-09-05,SUP,,False,False
53034,SRR,"LTE 700, LTE 2100",72 ALL DE L'AVE MARIA PROVIDENCE 97490 ST DENIS,97411,"-20.8975,55.4511",Pylône autostable,22m,Société Réunionnaise de Radiotéléphonie,2026-08-05,AJO,,False,False
53034,SRR,UMTS 2100,72 ALL DE L'AVE MARIA PROVIDENCE 97490 ST DENIS,97411,"-20.8975,55.4511",Pylône autostable,22m,Société Réunionnaise de Radiotéléphonie,2009-12-16,SUP,,False,False
53042,SRR,LTE 700,R LORY LES HAUTS 97490 ST DENIS,97411,"-20.8986,55.4811",Immeuble,23m,Société HLM,2023-06-19,ART,,False,False
53052,SRR,"LTE 700, LTE 2100, 5G NR 3500",9 AV RAYMOND VERGES STADE GARGARINE 97419 LA POSSESSION,97408,"-20.9344,55.3319",Pylône autostable,30m,Société Réunionnaise de Radiotéléphonie,2026-07-21,ALL,,False,False
53054,SRR,LTE 2100,STADE MUNICIPAL GEORGES LAMBRAKIS 97420 LE PORT,97407,"-20.9331,55.2997",Pylône autostable,25m,Société Réunionnaise de Radiotéléphonie,2023-07-21,ART,,False,False
530594,BOUYGUES TELECOM,"LTE 700, 5G NR 2100, 5G NR 3500",A 63 ASF (LANDES TRESBA) 40230 SAUBION,40291,"43.6758,-1.3111",Pylône autostable,48m,Sociétés d'Autoroutes,2026-07-05,AJA,,False,False
530729,SFR,UMTS 900,R DE LA DOUTRE CH D'EAU (LES CHANNES) 77330 OZOIR LA FERRIERE,77350,"48.7744,2.6739",Château d'eau - réservoir,51m,"Commune, communauté de communes",,SUP,,False,False
530791,BOUYGUES TELECOM,"GSM 900, GSM 1800, UMTS 2100","A 86-USINE DE LA GARE R JEAN MONNET, ENTRE D44 E 94130 NOGENT SUR MARNE",94052,"48.8392,2.4936",Tunnel,"5,6m",Sociétés d'Autoroutes,1997-06-06,SUP,,False,False
53088,SRR,LTE 2100,R ST EXPEDIT RES BERNICA 97460 ST PAUL,97415,"-21.0008,55.2797",Immeuble,21m,Société HLM,2026-04-17,ART,,False,False
53110,SRR,"LTE 700, 5G NR 3500",6101 AV DE BOURBON L'HERMITAGE 97460 ST PAUL,97415,"-21.0703,55.2244",Pylône autostable,25m,Société Réunionnaise de Radiotéléphonie,,AJO,,False,False
53110,SRR,UMTS 2100,6101 AV DE BOURBON L'HERMITAGE 97460 ST PAUL,97415,"-21.0703,55.2244",Pylône autostable,25m,Société Réunionnaise de Radiotéléphonie,2009-06-22,SUP,,False,False
531146,BOUYGUES TELECOM,"GSM 900, GSM 1800, UMTS 2100",COURS DE LA REINE-RIVE DROITE 75008 PARIS 08,75108,"48.8647,2.3119",Tunnel,"6,8m","Commune, communauté de communes",2019-05-17,SUP,,False,False
531162,BOUYGUES TELECOM,LTE 2100,20 R DE LA BATTERIE 08110 CARIGNAN,08090,"49.6317,5.1706",Pylône autostable,34m,TOTEM,2026-07-20,ALL,,False,False
53126,SRR,LTE 2100,17 ET 19 R LUCAY LANGENIER (BOEUF MORT) 97419 LA POSSESSION,97408,"-20.9503,55.3322",Bâtiment,20m,Société HLM,2026-04-15,ART,,False,False
531506,ORANGE,GSM 900,RD 117 CHATEAU D'EAU DE SAINT PIERRE (BELLEVUE) 47170 MEZIN,47167,"44.0503,0.2781",Château d'eau - réservoir,51m,"Syndicat des eaux, Adduction",1998-12-11,SUP,,False,False
531635,BOUYGUES TELECOM,"GSM 1800, UMTS 2100",PL DE LA PORTE DE PANTIN - TUN DE PANTIN 75019 PARIS 19,75119,"48.8897,2.3964",Tunnel,16m,"Commune, communauté de communes",2009-01-09,SUP,,False,False
53176,SRR,LTE 2100,R AMIRAL LACAZE GHANDHI 97480 ST JOSEPH,97412,"-21.3817,55.6131",Bâtiment,17m,Société Réunionnaise de Radiotéléphonie,2026-04-30,ART,,False,False
53178,SRR,"LTE 700, LTE 2100",5 BRULE DE MARE LONGUE (MARE LONGUE) 97442 ST PHILIPPE,97417,"-21.3644,55.7433",Pylône autostable,30m,Société Réunionnaise de Radiotéléphonie,2026-02-05,ART,,False,False
53190,SRR,"LTE 700, LTE 2100",CHEM DU CAPTAGE (JEAN PETIT) 97480 ST JOSEPH,97412,"-21.3569,55.6269",Pylône autostable,20m,Société Réunionnaise de Radiotéléphonie,2025-07-21,ART,,False,False
531981,ORANGE,GSM 900, (LA BURLADE) 47500 BLANQUEFORT SUR BRIOLANCE,47029,"44.6156,0.9508",Château d'eau - réservoir,36m,"Syndicat des eaux, Adduction",2006-11-11,SUP,,True,False
532057,ORANGE,LTE 1800,D. 572 - RTE DE ST CANNAT (LES POINTES) 13330 LA BARBEN,13009,"43.6253,5.18",Pylône tubulaire,25m,TOTEM,,AJO,,False,False
532191,ORANGE,"5G NR 700, 5G NR 3500",14-28 R DES ECLUSES ST MARTIN 75010 PARIS 10,75110,"48.8769,2.3667",Immeuble,"36,6m","Copropriété, Syndic, SCI",,AJO,,False,False
532191,ORANGE,"UMTS 2100, LTE 700",14-28 R DES ECLUSES ST MARTIN 75010 PARIS 10,75110,"48.8769,2.3667",Immeuble,"36,6m","Copropriété, Syndic, SCI",2007-01-05,SUP,,False,False
532210,ORANGE,GSM 900,IMP DU PICHARRET 32600 PUJAUDRAN,32334,"43.5919,1.1478",Pylône autostable,34m,TOTEM,2001-10-12,SUP,,False,False
532220,ORANGE,LTE 2100,R DU CIMETIERE  INTERSEC CHEM DE ST HUBERT 45360 CHATILLON SUR LOIRE,45087,"47.5847,2.7436",Château d'eau - réservoir,"42,3m","Syndicat des eaux, Adduction",2026-07-15,AJA,,False,False
532220,ORANGE,"5G NR 700, 5G NR 3500",R DU CIMETIERE  INTERSEC CHEM DE ST HUBERT 45360 CHATILLON SUR LOIRE,45087,"47.5847,2.7436",Château d'eau - réservoir,"42,3m","Syndicat des eaux, Adduction",,AJO,,False,False
532342,BOUYGUES TELECOM,"GSM 900, GSM 1800, UMTS 2100",TUNNEL PONT IENA PL DE VARSOVIE VERD 75116 PARIS 16,75116,"48.8603,2.2911",Tunnel,6m,"Commune, communauté de communes",2021-07-20,SUP,,False,False
532540,FREE MOBILE,"LTE 700, LTE 900, LTE 1800, LTE 2100, LTE 2600, 5G NR 3500",17 R AUGUSTE ROMAGNE 78700 CONFLANS STE HONORINE,78172,"48.9981,2.0975",Immeuble,25m,Société HLM,2026-07-24,ALL,,False,True
532814,SFR,LTE 700,STATION HERTZIENNE FRANCE TELECOM (FORÊT DU MONT) 39200 VILLARD ST SAUVEUR,39560,"46.3578,5.8289",Pylône autostable,"55,2m",TOTEM,,AJO,,False,False
53288,SRR,"GSM 900, UMTS 900, LTE 800",25IÈME KM CD 41 (FERME AVICOLE) 97419 LA POSSESSION,97408,"-20.9333,55.3781",Pylône autostable,21m,Société Réunionnaise de Radiotéléphonie,2018-04-09,SUP,,False,False
53300,SRR,LTE 2100,22 R DU PERE LAFOSSE 97420 LE PORT,97407,"-20.9375,55.3",Immeuble,38m,SFR,2026-07-17,AJA,,False,False
53300,SRR,UMTS 2100,22 R DU PERE LAFOSSE 97420 LE PORT,97407,"-20.9375,55.3",Immeuble,38m,SFR,2009-04-06,SUP,,False,False
53306,SRR,"LTE 700, LTE 2100, 5G NR 3500",208 RN 2 (PETIT ST PIERRE) 97470 ST BENOIT,97410,"-21.0875,55.7458",Pylône autostable,18m,Société Réunionnaise de Radiotéléphonie,2026-06-25,ART,,False,False
533096,ORANGE,GSM 900,VC N° 101 (LA CONCADE NORD) 47250 LABASTIDE CASTEL AMOUROUX,47121,"44.3572,0.1247",Pylône autostable,30m,TOTEM,2009-06-22,SUP,,False,False
533507,ORANGE,GSM 900, (PLAINE DU CHÂTEAU) 82340 SISTELS,82181,"44.0617,0.7839",Château d'eau - réservoir,30m,"Syndicat des eaux, Adduction",2004-05-15,SUP,,False,False
533527,SFR,GSM 900,Z.A. DES GRILLONS (BRANGET) 33810 AMBES,33004,"45.0225,-0.5519",Pylône autostable,43m,ATC FRANCE,2002-12-26,SUP,,False,False
533954,SFR,GSM 900,"11, R HENRI MOISSAN ZI REPUBLIQUE 2 86000 POITIERS",86194,"46.6117,0.3367",Pylône tubulaire,"61,4m",BOUYGUES,2002-12-24,SUP,,False,False
533964,BOUYGUES TELECOM,LTE 2100, (LE PUCH) 09400 MERCUS GARRABET,09188,"42.8717,1.6306",Pylône autostable,15m,TDF,2026-07-22,ALL,,False,False
534035,BOUYGUES TELECOM,GSM 1800,PL DE LA MAIRIE 27310 BOURG ACHARD,27103,"49.3542,0.8175",Bâtiment,"24,7m","Commune, communauté de communes",2000-12-18,SUP,,False,False
534522,BOUYGUES TELECOM,"LTE 700, LTE 800, LTE 1800, LTE 2100, LTE 2600, 5G NR 2100, 5G NR 3500",R DE LA CHAPELLE DU PONT INTERSEC D 918 ET VOIE FERREE 36100 ISSOUDUN,36088,"46.9614,1.9964",Pylône autostable,38m,TDF,,AJO,,False,True
534635,BOUYGUES TELECOM,LTE 700, (LAMURE) 42460 SEVELINGES,42300,"46.0922,4.2989",Pylône autostable,37m,TDF,,AJO,,False,False
534740,ORANGE,5G NR 700,CHEM VICINAL N° 4 R ROGER RENARD 95270 BELLOY EN FRANCE,95056,"49.1047,2.3625",Pylône autostable,35m,HIVORY,,AJO,,False,False
534740,ORANGE,LTE 700,CHEM VICINAL N° 4 R ROGER RENARD 95270 BELLOY EN FRANCE,95056,"49.1047,2.3625",Pylône autostable,35m,HIVORY,2025-02-12,SUP,,False,False
535041,ORANGE,"LTE 800, LTE 2100, LTE 2600, 5G NR 3500",2 SQ DU 8 MAI 1945 91390 MORSANG SUR ORGE,91434,"48.6578,2.3483",Immeuble,24m,Société HLM,2026-07-15,AJA,,False,False
535041,ORANGE,5G NR 700,2 SQ DU 8 MAI 1945 91390 MORSANG SUR ORGE,91434,"48.6578,2.3483",Immeuble,24m,Société HLM,,AJO,,False,False
535041,ORANGE,UMTS 900,2 SQ DU 8 MAI 1945 91390 MORSANG SUR ORGE,91434,"48.6578,2.3483",Immeuble,24m,Société HLM,2015-04-30,SUP,,False,False
535147,ORANGE,5G NR 700,18/20 AV DU CAPITAINE GLARNER 93400 ST OUEN SUR SEINE,93070,"48.9061,2.3272",Immeuble,28m,Société HLM,2026-07-06,AJA,,False,False
535991,ORANGE,"LTE 700, 5G NR 2100",CHEM RURAL DE LA HAIE LE LOUP BOIS DE PLÉFÉ (LE GROS CHÊNE) 54260 FRESNOIS LA MONTAGNE,54212,"49.4981,5.6269",Pylône autostable,40m,TDF,2026-08-07,AJO,,False,False
535991,ORANGE,LTE 2100,CHEM RURAL DE LA HAIE LE LOUP BOIS DE PLÉFÉ (LE GROS CHÊNE) 54260 FRESNOIS LA MONTAGNE,54212,"49.4981,5.6269",Pylône autostable,40m,TDF,2021-06-18,SUP,,False,False
536018,ORANGE,GSM 900,69 RTE DE TOULOUSE (LE ROUAT) 31190 AUTERIVE,31033,"43.3597,1.4636",Château d'eau - réservoir,45m,"Syndicat des eaux, Adduction",1994-01-07,SUP,,False,False
536334,TELCO OI,"GSM 900, UMTS 900, UMTS 2100, LTE 800, LTE 1800, LTE 2100, LTE 2600, 5G NR 700, 5G NR 3500", (PITON TEXTOR) 97430 LE TAMPON,97422,"-21.1878,55.635",Pylône haubané,43m,TDF,,AJO,,False,True
536494,ORANGE,5G NR 700,31-33 R ERNEST LAVAL 92170 VANVES,92075,"48.8197,2.2939",Immeuble,35m,Société HLM,2026-07-22,ALL,,False,False
536494,ORANGE,5G NR 3500,31-33 R ERNEST LAVAL 92170 VANVES,92075,"48.8197,2.2939",Immeuble,35m,Société HLM,2026-06-30,ART,,False,False
537836,SFR,"LTE 1800, LTE 2100, 5G NR 2100", (LA TUFFETIÈRE) 72270 LIGRON,72163,"47.7583,0.0039",Château d'eau - réservoir,"48,5m","Syndicat des eaux, Adduction",,AJO,,False,False
538463,FREE MOBILE,5G NR 700,CHEM RURAL N°8 (CHANTEMERLE) 38260 ORNACIEUX BALBINS,38284,"45.4017,5.2236",Pylône autostable,27m,ATC FRANCE,2026-07-28,ALL,,False,False
538625,ORANGE,5G NR 700,R JEAN MERMOZ D 14 CHAUSSEE BRUNEHAUT (LE DOIGNY) 59227 SAULZOIR,59558,"50.2397,3.455",Château d'eau - réservoir,57m,"Commune, communauté de communes",2026-07-31,AAV,,False,False
538677,ORANGE,5G NR 700,CHEM VICINAL DES SAGNÈS AUX AIGAUX (LES AIGAUX) 38250 LANS EN VERCORS,38205,"45.1625,5.5969",Pylône autostable,24m,TDF,2026-07-31,AAV,,False,False
538973,FREE MOBILE,5G NR 3500, (LA TANCANIÈRE) 38250 VILLARD DE LANS,38548,"45.0689,5.5431",Pylône autostable,29m,TDF,2026-07-24,ALL,,False,False
539017,ORANGE,GSM 900,PYL FT (MONT GAILLARD) 65240 LANCON,65255,"42.8894,0.3647",Pylône autostable,28m,TOTEM,1997-04-18,SUP,,False,False
540102,BOUYGUES TELECOM,"LTE 700, LTE 1800, 5G NR 2100", (LES SAGNES) 34360 BABEAU BOULDOUX,34021,"43.4456,2.9036",Pylône autostable,20m,HIVORY,,AJO,,False,False
540149,ORANGE,GSM 900,R DES CHÊNES D74 PYLÔNE RTE N°172 65250 ESCALA,65159,"43.1003,0.4147",Pylône autostable,44m,RTE,2009-10-13,SUP,,False,False
540589,ORANGE,"LTE 700, LTE 2100",LES STES PRÈS RÉSERVOIR PYLONE TDF (LE CHAMEAU) 97137 TERRE DE HAUT,97131,"15.8608,-61.5936",Pylône haubané,27m,TDF,,AJO,,False,False
540772,ORANGE,GSM 900,10 AV MARCONI D.12 ROUTE DE MURET (ZAC DU BOUTET) 31470 ST LYS,31499,"43.5125,1.1986",Pylône autostable,35m,TOTEM,1997-04-18,SUP,,False,False
541339,ORANGE,GSM 900,10 CHEM DE GARRABOT 31770 COLOMIERS,31149,"43.5992,1.3056",Pylône tubulaire,24m,TOTEM,2013-07-12,SUP,,False,False
541395,BOUYGUES TELECOM,"GSM 900, GSM 1800",A 86  TUNNEL DE THIAIS 2FFF VOIE D ISOLEMENT PS2 94320 THIAIS,94073,"48.7667,2.3789",Tunnel,"17,8m",Sociétés d'Autoroutes,1997-04-28,SUP,,False,False
541418,SFR,"LTE 700, LTE 2100, 5G NR 2100",LA FERME DE LANDREVILLE (LANDREVILLE) 45480 BAZOCHES LES GALLERANDES,45025,"48.1753,2.0358",Pylône tubulaire,37m,TDF,,AJO,,False,False
541418,SFR,UMTS 2100,LA FERME DE LANDREVILLE (LANDREVILLE) 45480 BAZOCHES LES GALLERANDES,45025,"48.1753,2.0358",Pylône tubulaire,37m,TDF,2018-12-21,SUP,,False,False
541519,ORANGE,"5G NR 700, 5G NR 3500",CARREFOUR ENTRE R.N 29 ET LA R.D 25 RELAIS DE TRANSMISSION FRANCE-TÉLÉCOM (BOSC AUX LIÈVRES) 76890 TOTES,76700,"49.6792,1.0272",Pylône autostable,60m,TOTEM,,AJO,,False,False
541519,ORANGE,LTE 700,CARREFOUR ENTRE R.N 29 ET LA R.D 25 RELAIS DE TRANSMISSION FRANCE-TÉLÉCOM (BOSC AUX LIÈVRES) 76890 TOTES,76700,"49.6792,1.0272",Pylône autostable,60m,TOTEM,2021-12-23,SUP,,False,False
542132,BOUYGUES TELECOM,5G NR 2100, (AUBETERRE) 10320 LIREY,10198,"48.1617,4.0247",Pylône autostable,48m,ATC FRANCE,2026-07-11,ALL,,False,False
542191,ORANGE,GSM 900,CD 926 (MOULIN À VENT) 82160 PARISOT,82137,"44.2678,1.8556",Pylône autostable,36m,TOTEM,1997-07-15,SUP,,False,False
542216,SFR,GSM 900,5 R LOUIS BREGUET 77100 MEAUX,77284,"48.9525,2.9167",Immeuble,53m,Société HLM,2000-08-18,SUP,,False,False
542232,ORANGE,GSM 900,AVENUE LUCIE AUBRAC TERRAIN DE SPORT 31470 FONSORBES,31187,"43.5294,1.2058",Pylône tubulaire,32m,TOTEM,2009-11-02,SUP,,False,False
542797,FREE MOBILE,5G NR 700,R HENRI 4 ÉGLISE ST MARTIN 64000 PAU,64445,"43.2944,-0.3725",Monument religieux,70m,"Commune, communauté de communes",2026-07-24,ALL,,False,False
542892,SFR,GSM 900,RD 405 (LE HAUT DE BEAUVAL) 77440 CONGIS SUR THEROUANNE,77126,"49.0306,2.9778",Pylône autostable,38m,SNCF Réseau,2006-12-22,SUP,,False,False
544526,SFR,5G NR 2100,LA TOURNELLE CHEM COMMUNAL (PUITS DE L'ETANG) 21460 TOUTRY,21642,"47.5078,4.1286",Pylône autostable,38m,ATC FRANCE,2024-11-27,SUP,,False,False
544907,ORANGE,"LTE 1800, 5G NR 2100",CHEM DE CENDU (CLAVERIE) 40500 AUDIGNON,40017,"43.7156,-0.5822",Château d'eau - réservoir,37m,"Syndicat des eaux, Adduction",2026-06-24,ART,,False,False
545193,ORANGE,GSM 900,STATION DE SKI VAL LOURON IMM LE LUSTOU (VAL LOURON) 65240 GENOS,65195,"42.7906,0.3917",Immeuble,27m,REGIE HTES PYRENEES HAUT DEBIT,2009-11-30,SUP,,False,False
545412,FREE MOBILE,"LTE 700, LTE 900, LTE 1800, LTE 2100, LTE 2600, 5G NR 700, 5G NR 3500",ANGLE NORD/EST CROISEMENT D98 ET A13 (RTE DE ST GERMAIN) 78860 ST NOM LA BRETECHE,78571,"48.8664,2.0356",Pylône autostable,44m,HIVORY,,AJO,,False,True
545802,ORANGE,GSM 900,1343 AV DE BEAUSOLEIL RÉSERVOIR 82000 MONTAUBAN,82121,"44.0044,1.3753",Château d'eau - réservoir,31m,"Syndicat des eaux, Adduction",2009-10-01,SUP,,False,False
546292,ORANGE,GSM 900,IMPASSE DE BOURNAZEL (BOURNAZEL) 46300 GOURDON,46127,"44.7294,1.3953",Pylône autostable,40m,TDF,1998-03-27,SUP,,False,False
547784,ORANGE,LTE 700,D928 (LES CÔTES DE FERMAINCOURT) 28410 ABONDANT,28001,"48.7717,1.4033",Pylône autostable,30m,TOTEM,2026-07-30,AJA,,False,False
547784,ORANGE,5G NR 2100,D928 (LES CÔTES DE FERMAINCOURT) 28410 ABONDANT,28001,"48.7717,1.4033",Pylône autostable,30m,TOTEM,,AJO,,False,False
547784,ORANGE,LTE 2100,D928 (LES CÔTES DE FERMAINCOURT) 28410 ABONDANT,28001,"48.7717,1.4033",Pylône autostable,30m,TOTEM,2019-11-13,SUP,,False,False
547867,ORANGE,GSM 900,CHEM DU BANQUÉ (LAS MARGALIDES) 31600 LABASTIDETTE,31253,"43.4633,1.26",Pylône autostable,28m,TOTEM,2007-11-19,SUP,,False,False
547934,SFR,GSM 1800,"ANGLE RUES DES DÉSERTS ET VACHON PR 6,00 SENS PARIS PROVINCE (A15/VACHON/LES DESERTS) 95100 ARGENTEUIL",95018,"48.9517,2.28",Pylône tubulaire,"18,1m",Sociétés d'Autoroutes,,SUP,,False,False
548317,SFR,"UMTS 2100, 5G NR 2100",DÉPARTEMENTALE 405 (LE HAUT MONTGAGNANT) 77910 VARREDDES,77483,"49.0114,2.9392",Pylône autostable,"40,3m","Commune, communauté de communes",2024-11-29,SUP,,False,False
548662,ORANGE,"LTE 2600, 5G NR 700, 5G NR 3500",19 PL MONNET CENTRE DES CONGRÈS LA SALAMANDRE 16100 COGNAC,16102,"45.6928,-0.3267",Bâtiment,"18,5m","Commune, communauté de communes",2026-07-06,AJA,,False,False
548662,ORANGE,LTE 700,19 PL MONNET CENTRE DES CONGRÈS LA SALAMANDRE 16100 COGNAC,16102,"45.6928,-0.3267",Bâtiment,"18,5m","Commune, communauté de communes",,SUP,,False,False
548733,SFR,GSM 900,VC VARENNES À VILLIERS-VINEUX (LES GUERLURETTES) 89144 MERE,89250,"47.9297,3.81",Pylône autostable,38m,HIVORY,1998-11-26,SUP,,False,False
549112,SFR,"LTE 700, LTE 1800, LTE 2100, 5G NR 2100",A 77 PK 81 SENS COSNE PARIS (LA NOUE) 45420 BONNY SUR LOIRE,45040,"47.5719,2.8756",Pylône autostable,50m,Sociétés d'Autoroutes,,AJO,,False,False
549213,ORANGE,GSM 900,R DES USINES 31150 FENOUILLET,31182,"43.685,1.4019",Pylône tubulaire,21m,TOTEM,2009-03-09,SUP,,False,False
549304,SFR,"LTE 700, LTE 2100, 5G NR 2100", (LA GRAVIERE) 84430 MONDRAGON,84078,"44.2169,4.7025",Pylône autostable,55m,RTE,,AJO,,False,False
549304,SFR,UMTS 2100, (LA GRAVIERE) 84430 MONDRAGON,84078,"44.2169,4.7025",Pylône autostable,55m,RTE,2019-06-20,SUP,,False,False
549591,ORANGE,LTE 700,CHEM RURAL DE GENOUILLY PRÈS LIGNE TGV SUD-EST (LA SAULE) 71460 GENOUILLY,71214,"46.6511,4.5817",Pylône autostable,18m,TOTEM,,AJO,,False,False
549826,BOUYGUES TELECOM,LTE 2100, (LES CHAUVAUDS) 16430 CHAMPNIERS,16078,"45.7031,0.1808",Pylône autostable,42m,ATC FRANCE,2026-07-19,ALL,,False,False
549955,ORANGE,GSM 900,D44 (COSTE D'IOT) 82500 LARRAZET,82093,"43.9169,1.0939",Pylône autostable,42m,TOTEM,1997-12-11,SUP,,False,False
550591,FREE MOBILE,5G NR 700,PL DE L'EGLISE-EGLISE 26600 TAIN L HERMITAGE,26347,"45.0694,4.8386",Monument religieux,38m,"Commune, communauté de communes",2026-07-28,ALL,,False,False
550679,ORANGE,"LTE 2100, 5G NR 700, 5G NR 3500",MAISON DE GARDES FORÊT DE CRÉCY (LA CROIX ST FIACRE) 77610 CREVECOEUR EN BRIE,77144,"48.7747,2.8989",Pylône autostable,36m,HIVORY,,AJO,,False,False
550975,ORANGE,GSM 900,STATION DE SKI LE MOURTIS (LE MOURTIS) 31440 BOUTX,31085,"42.9106,0.7678",Pylône autostable,27m,ATC FRANCE,2002-09-21,SUP,,False,False
551596,ORANGE,GSM 900,VOIE COMMUNALE N° 204 (SALABEILLES) 47300 VILLENEUVE SUR LOT,47323,"44.3833,0.7386",Pylône autostable,27m,ORANGE Services Fixes,2009-05-28,SUP,,False,False
551691,ORANGE,"UMTS 900, LTE 1800, 5G NR 2100",22 CHEM DE MOLIN-ARRER D.88A (GABARRET) 31800 LABARTHE INARD,31246,"43.1061,0.8572",Pylône autostable,23m,TOTEM,2026-07-01,ART,,False,False
551726,ORANGE,GSM 900, (LA TUQUE NEUVE) 47600 ESPIENS,47090,"44.1725,0.3436",Pylône autostable,16m,TOTEM,2009-07-27,SUP,,False,False
551754,ORANGE,"5G NR 700, 5G NR 3500",LE CLOS DES ALOUETTES 78125 VIEILLE EGLISE EN YVELINES,78655,"48.6678,1.8781",Pylône autostable,30m,ORANGE,2026-07-03,ALL,,False,False
551797,ORANGE,"LTE 2600, 5G NR 700, 5G NR 3500",CHEM DE BEL-AIR (TORTRON) 85400 LUCON,85128,"46.4714,-1.1492",Pylône autostable,52m,TOTEM,2026-07-21,AJA,,False,False
551797,ORANGE,LTE 2100,CHEM DE BEL-AIR (TORTRON) 85400 LUCON,85128,"46.4714,-1.1492",Pylône autostable,52m,TOTEM,2019-06-21,AJR,,False,False
553793,SFR,GSM 900,3100 RTE DES HAUTS DU CAMPS CIRCUIT AUTOMOBILE DU CASTELLET 83330 LE CASTELLET,83035,"43.2517,5.7986",Pylône tubulaire,24m,TOTEM,2008-03-14,SUP,,False,False
554013,SFR,"LTE 2100, 5G NR 3500",ESPLANADE GEORGES POMPIDOU PALAIS DES FESTIVALS 06400 CANNES,06029,"43.5506,7.0175",Bâtiment,33m,Société Privée,2025-09-12,ART,,False,False
554141,ORANGE,"LTE 800, LTE 1800, LTE 2100, LTE 2600, 5G NR 700, 5G NR 3500",CHÂTEAU D'EAU COMMUNAL AVENUE LÉON BLUM (LA FAUCONNIÈRE) 95500 GONESSE,95277,"49.0053,2.4206",Château d'eau - réservoir,43m,"Commune, communauté de communes",2026-07-06,AJA,,False,True
554483,BOUYGUES TELECOM,5G NR 3500,2 RUE DOYEN JACQUES PARISOT CENTRE DE MEDECINE PREVENTIVE 54500 VANDOEUVRE LES NANCY,54547,"48.6544,6.1625",Immeuble,"51,2m",Établissement de soins,,AJO,,False,False
554552,ORANGE,"5G NR 700, 5G NR 3500",8 DOMAINE DES SEPT ILES RTE DU 19 MARS 1962 93220 GAGNY,93032,"48.8978,2.5444",Immeuble,19m,Société HLM,,AJO,,False,False
554552,ORANGE,LTE 700,8 DOMAINE DES SEPT ILES RTE DU 19 MARS 1962 93220 GAGNY,93032,"48.8978,2.5444",Immeuble,19m,Société HLM,2025-10-22,SUP,,False,False
554552,SFR,GSM 900,8 DOMAINE DES SEPT ILES RTE DU 19 MARS 1962 93220 GAGNY,93032,"48.8978,2.5444",Immeuble,19m,Société HLM,2000-12-18,SUP,,False,False
554562,BOUYGUES TELECOM,GSM 1800,4 PL DE L'EUROPE CARREFOUR CENTRE COMMERCIAL BERCY 2 94220 CHARENTON LE PONT,94018,"48.8264,2.3944",Bâtiment,"20,2m","Copropriété, Syndic, SCI",2003-07-18,SUP,,False,False
554585,BOUYGUES TELECOM,"GSM 900, UMTS 900, UMTS 2100",DÉPARTEMENTALE 9 -LIGNE TGV EST - PK 119.505 (LE HAUT DES RONCIERES) 51500 TAISSY,51562,"49.1942,4.0661",Pylône autostable,33m,SNCF Réseau,2007-08-24,SUP,,False,False
555003,ORANGE,5G NR 700,TERRAIN DE SPORTS (POULRIOU) 29270 CARHAIX PLOUGUER,29024,"48.2683,-3.5536",Pylône tubulaire,30m,TOTEM,2026-07-09,ALL,,False,False
555057,ORANGE,GSM 900,CHEM DE MOUNDRAN 31470 FONSORBES,31187,"43.5442,1.2414",Pylône tubulaire,26m,TOTEM,2009-11-02,SUP,,False,False
555131,FREE MOBILE,5G NR 700,67 R DU FOUR D770 CENTRAL TÉLÉPHONIQUE (STREAT VEUR) 29260 LESNEVEN,29124,"48.5789,-4.3261",Pylône haubané,52m,TOTEM,2026-07-24,ALL,,False,False
555190,BOUYGUES TELECOM,LTE 700,1 R DE LA LIBÉRATION ENCEINTE DES HEC 78350 JOUY EN JOSAS,78322,"48.7603,2.1714",Pylône autostable,38m,TDF,,AJO,,False,False
555190,BOUYGUES TELECOM,GSM 1800,1 R DE LA LIBÉRATION ENCEINTE DES HEC 78350 JOUY EN JOSAS,78322,"48.7603,2.1714",Pylône autostable,38m,TDF,2020-02-05,SUP,,False,False
555570,FREE MOBILE,LTE 2100,V COMMUNAL NUMERO 16 (LES GLIMONIERES) 89330 PIFFONDS,89298,"48.0553,3.1089",Pylône autostable,47m,TDF,,SUP,,False,False
555576,SFR,GSM 900,84-86 RUE DE SILLY ENTRÉE 176 RUE GALLIENI IMMEUBLE 3F 92100 BOULOGNE BILLANCOURT,92012,"48.8361,2.2319",Immeuble,"40,9m",Société HLM,1997-08-25,SUP,,False,False
555889,SFR,GSM 900,D. 64 (LES LONGLETS) 01140 ST DIDIER SUR CHALARONNE,01348,"46.1711,4.8519",Pylône autostable,"31,1m",HIVORY,2009-03-27,SUP,,False,False
555899,ORANGE,"5G NR 700, 5G NR 3500",VOIE COMMUNALE N°3 PRÈS DU RÉSERVOIR (BELLEVUE) 17430 MORAGNE,17246,"45.9661,-0.8008",Pylône autostable,18m,"Syndicat des eaux, Adduction",,AJO,,False,False
555899,ORANGE,LTE 700,VOIE COMMUNALE N°3 PRÈS DU RÉSERVOIR (BELLEVUE) 17430 MORAGNE,17246,"45.9661,-0.8008",Pylône autostable,18m,"Syndicat des eaux, Adduction",2020-08-26,SUP,,False,False
556478,ORANGE,"LTE 700, 5G NR 2100",D.593 (LA GRANDE RONCE) 53290 BOUERE,53036,"47.8494,-0.4792",Pylône autostable,45m,TOTEM,2026-07-10,ALL,,False,False
556505,BOUYGUES TELECOM,"UMTS 900, LTE 800, LTE 1800, LTE 2100, 5G NR 2100",RÉÉMETTEUR TDF (BOIS DE HIERGES) 08320 AUBRIVES,08028,"50.0906,4.7661",Pylône autostable,47m,TDF,2026-07-12,ALL,,False,False
556543,ORANGE,GSM 900,A61 PEAGE TOULOUSE SUD (LABÈGE) 31520 RAMONVILLE ST AGNE,31446,"43.5494,1.4981",Pylône autostable,41m,Sociétés d'Autoroutes,2013-07-12,SUP,,False,False
556647,ORANGE,GSM 900,MORNE PAVILLON QUARTIER BRIÈRE DE LISLE 1ER RSMA 97232 LE LAMENTIN,97213,"14.6308,-61.0292",Pylône tubulaire,16m,ORANGE,2008-11-05,SUP,,False,False
556789,ORANGE,LTE 700,MORNE FERRET IMM SITE FERRET QUARTIER ASSAINISSEMENT 97142 LES ABYMES,97101,"16.2464,-61.5328",Immeuble,30m,Société Privée,,AJO,,False,False
557594,ORANGE,GSM 900, (PIC DE ST BRESSOU) 46120 ST BRESSOU,46249,"44.7053,1.9686",Pylône autostable,44m,TDF,1995-12-01,SUP,,False,False
557719,SRR,LTE 2100,GRAND PRADO (LA MARE) 97438 STE MARIE,97418,"-20.905,55.5325",Bâtiment,10m,ORANGE Services Fixes,2026-07-17,AJA,,False,False
557719,SRR,UMTS 2100,GRAND PRADO (LA MARE) 97438 STE MARIE,97418,"-20.905,55.5325",Bâtiment,10m,ORANGE Services Fixes,2010-12-24,SUP,,False,False
557816,FREE MOBILE,5G NR 700,2 R HENRI DUNANT RES. LES MORTEFONTAINES 95170 DEUIL LA BARRE,95197,"48.9739,2.3194",Immeuble,"38,6m",Société HLM,2026-07-07,ALL,,False,False
558473,SFR,GSM 900,345 AV DE L'ARGONNE 33700 MERIGNAC,33281,"44.8147,-0.7144",Pylône autostable,"26,9m",TOTEM,2018-02-23,SUP,,False,False
558832,SRR,5G NR 3500,MADJABALINI 97630 MTSAMBORO,97612,"-12.7119,45.0597",Pylône autostable,30m,TDF,2026-06-17,ART,,False,False
559261,BOUYGUES TELECOM,GSM 1800,36 R DAJOT RES LE VERLAINE 77000 MELUN,77288,"48.5308,2.6583",Immeuble,29m,"Copropriété, Syndic, SCI",2000-02-16,SUP,,False,False
559367,ORANGE,GSM 900,CHEM PRÈS D.8 STATION D'EPURATION (DARRE LAPOUTGE) 65200 ORDIZAN,65335,"43.1092,0.1239",Pylône autostable,25m,TOTEM,2011-01-21,SUP,,False,False
559905,ORANGE,GSM 900,LA SERRE DE CAZAUX 31800 ST GAUDENS,31483,"43.1386,0.735",Pylône autostable,52m,TOTEM,2006-04-22,SUP,,False,False
559950,ORANGE,5G NR 3500,GR 65 (ANTIOLES) 48260 NASBINALS,48104,"44.6628,3.0597",Pylône autostable,24m,TDF,2026-06-25,ART,,False,False
560035,ORANGE,5G NR 700,R DE BÉTHLÉEM COMPLEXE SPORTIF 60128 PLAILLY,60494,"49.1031,2.5917",Pylône tubulaire,34m,HIVORY,2026-07-31,AAV,,False,False
560051,ORANGE,GSM 900,D 52 (L'ALODEN) 31230 L ISLE EN DODON,31239,"43.3758,0.8406",Pylône autostable,36m,TOTEM,1997-06-20,SUP,,False,False
560097,BOUYGUES TELECOM,LTE 700,D 49 (LE GROS CHÊNE) 41210 ST VIATRE,41231,"47.5267,1.9442",Pylône autostable,35m,ATC FRANCE,2026-07-13,ALL,,False,False
560097,SFR,"LTE 700, LTE 1800, LTE 2100, 5G NR 2100",D 49 (LE GROS CHÊNE) 41210 ST VIATRE,41231,"47.5267,1.9442",Pylône autostable,35m,ATC FRANCE,,AJO,,False,False
560563,ORANGE,GSM 900, (CATARRABE) 65110 CAUTERETS,65138,"42.8989,-0.1192",Pylône autostable,35m,HIVORY,2009-09-01,SUP,,False,False
561377,ORANGE,GSM 900,LE CAILLAU SERRE 09800 CESCAU,09095,"42.9203,1.0525",Pylône autostable,"39,5m",TDF,2006-12-16,SUP,,False,False
561401,ORANGE,GSM 900,CHEMIN DE MIREVAL (MIREVAL) 09600 LE PEYRAT,09229,"42.9608,1.9322",Pylône autostable,24m,TDF,2002-10-19,SUP,,False,False
561871,FREE MOBILE,"LTE 2100, 5G NR 700",NATIONALE 39 (L'ENCLOS L'HOMME) 62130 HUMIERES,62468,"50.3906,2.2078",Château d'eau - réservoir,"42,2m","Syndicat des eaux, Adduction",2026-07-24,ALL,,False,False
562531,BOUYGUES TELECOM,LTE 2100,ANCIEN CHEM DE BASTELICA À BOCOGNANO (CASTAGNETO) 20119 BASTELICA,2A031,"42.0036,9.0497",Pylône autostable,15m,TOTEM,2026-07-20,ALL,,False,False
562531,FREE MOBILE,"LTE 2100, LTE 2600",ANCIEN CHEM DE BASTELICA À BOCOGNANO (CASTAGNETO) 20119 BASTELICA,2A031,"42.0036,9.0497",Pylône autostable,15m,TOTEM,,SUP,,False,True
562554,ORANGE,GSM 900,CHEM DU MOUTET PAR LA BOULBÈNE STADE DE FOOTBALL (LE MOUTET) 82210 ST NICOLAS DE LA GRAVE,82169,"44.0517,1.0131",Pylône tubulaire,30m,TOTEM,2009-11-26,SUP,,False,False
563263,ORANGE,GSM 900,VOIE COMMUNALE N° 102 (CHEM DE BRAYES À GR6) (LE COLOMBIER) 46120 LE BOURG,46034,"44.7186,1.8972",Pylône autostable,30m,TOTEM,2013-10-03,SUP,,False,False
563335,ORANGE,GSM 900,STATION D'ÉPURATION (LESCOUBOUE) 31370 RIEUMES,31454,"43.4172,1.1281",Pylône tubulaire,30m,HIVORY,2012-01-30,SUP,,False,False
563354,SRR,"LTE 700, LTE 2100, 5G NR 3500",R AUGUSTE LARRE 97450 ST LOUIS,97414,"-21.2789,55.4203",Pylône tubulaire,30m,Société Réunionnaise de Radiotéléphonie,2026-03-18,ART,,False,False
563449,ORANGE,GSM 900,AV PIERRE MENDÈS FRANCE PYLÔNE RTE N°26 31320 CASTANET TOLOSAN,31113,"43.5211,1.5128",Pylône autostable,27m,RTE,2009-11-20,SUP,,False,False
564219,SFR,LTE 700,CHÂTEAU D'EAU DE BOISMORAND RTE D'ADON (TERRES DE LA REMISE D'ADON) 45290 BOISMORAND,45036,"47.7875,2.7239",Château d'eau - réservoir,46m,"Commune, communauté de communes",2026-07-22,AJA,,False,False
564219,SFR,LTE 2100,CHÂTEAU D'EAU DE BOISMORAND RTE D'ADON (TERRES DE LA REMISE D'ADON) 45290 BOISMORAND,45036,"47.7875,2.7239",Château d'eau - réservoir,46m,"Commune, communauté de communes",2026-07-01,ART,,False,False
565149,ORANGE,GSM 900,CHEM DE LA CROIX DE SUATIS (LA CROIX DE SUATIS) 65310 ODOS,65331,"43.2019,0.04",Pylône autostable,35m,HIVORY,2012-12-01,SUP,,False,False
565879,ORANGE,GSM 900,PRÈS DU RÉSERVOIR (CASTILLON) 31510 LABROQUERE,31255,"43.0464,0.6044",Pylône autostable,"33,5m",HIVORY,2009-09-07,SUP,,False,False
565891,BOUYGUES TELECOM,5G NR 2100,"60, RTE DE MADORO COMPLEXE SPORTIF (LES HORMEAUX) 85520 JARD SUR MER",85114,"46.4175,-1.5858",Pylône autostable,36m,TOTEM,2026-07-13,ALL,,False,False
565891,SFR,5G NR 2100,"60, RTE DE MADORO COMPLEXE SPORTIF (LES HORMEAUX) 85520 JARD SUR MER",85114,"46.4175,-1.5858",Pylône autostable,36m,TOTEM,2026-07-22,ALL,,False,False
566411,ORANGE,"5G NR 700, 5G NR 3500",R DES GRANDS MOUNTAINS ZA GARAGE MONNEREAU J. SARL 85110 ST PROUANT,85266,"46.7581,-0.9622",Pylône tubulaire,30m,TOTEM,2026-07-23,ALL,,False,False
566718,ORANGE,GSM 900,PRÈS DU RÉSERVOIR (ST NICOLAS) 32420 SIMORRE,32433,"43.4519,0.7269",Pylône autostable,20m,TOTEM,2002-08-10,SUP,,False,False
568095,ORANGE,GSM 900,D 654 (LA BOURDETTE) 32500 BRUGNENS,32066,"43.8436,0.7036",Pylône autostable,28m,TOTEM,1995-11-03,SUP,,False,False
568439,BOUYGUES TELECOM,LTE 700,CHEM RURAL DIT DE L'ARDOISE (LES TERRES BLANCHES - LE HÊTRE) 41000 ST SULPICE DE POMMERAY,41230,"47.6131,1.2631",Pylône autostable,26m,TOTEM,2026-08-03,AAV,,False,False
569010,ORANGE,GSM 900,IMP DE PARCHEROT STATION D' ÉPURATION (PRAT DU CASSE) 31410 LAVERNOSE LACASSE,31287,"43.4039,1.2694",Pylône autostable,35m,HIVORY,2009-04-24,SUP,,False,False
569060,ORANGE,GSM 900,C.V.O. N° 5 DE MONTALZAT À CAUSSADE (RICASSAC) 82300 CAUSSADE,82037,"44.1753,1.5236",Pylône autostable,32m,TOTEM,2009-04-27,SUP,,False,False
569271,ORANGE,GSM 900,AV DU CHÂTEAU D'EAU CHÂTEAU D'EAU 31470 FONSORBES,31187,"43.5331,1.2281",Château d'eau - réservoir,33m,"Syndicat des eaux, Adduction",1997-06-20,SUP,,False,False
569334,ORANGE,GSM 900,84 ALL JEAN JAURES HÔTEL SOFITEL 31500 TOULOUSE,31555,"43.6086,1.4536",Bâtiment,"59,8m",Société Privée,2013-07-12,SUP,,False,False
569396,FREE MOBILE,"LTE 2100, 5G NR 700",V C N° 8 DE LA TOUR SAVARY (LE BOIS ROND) 86490 BEAUMONT ST CYR,86019,"46.7469,0.4197",Pylône autostable,50m,CELLNEX,2026-07-07,ALL,,False,False
569396,ORANGE,"LTE 700, 5G NR 2100",V C N° 8 DE LA TOUR SAVARY (LE BOIS ROND) 86490 BEAUMONT ST CYR,86019,"46.7469,0.4197",Pylône autostable,50m,CELLNEX,2026-07-20,AJA,,False,False
569396,ORANGE,LTE 2100,V C N° 8 DE LA TOUR SAVARY (LE BOIS ROND) 86490 BEAUMONT ST CYR,86019,"46.7469,0.4197",Pylône autostable,50m,CELLNEX,2020-10-01,SUP,,False,False
570373,ORANGE,GSM 900,27 AV DES TOURONDES Z.I. DES TOURONDES 82300 CAUSSADE,82037,"44.1528,1.5311",Pylône tubulaire,"24,6m",TOTEM,2006-07-01,SUP,,False,False
570388,SFR,GSM 900,ZI DE BIESHEIM RD 52 (BOIS BOULAY) 68600 BIESHEIM,68036,"48.0592,7.5572",Château d'eau - réservoir,50m,"Syndicat des eaux, Adduction",2000-11-07,SUP,,False,False
570403,ORANGE,"5G NR 700, 5G NR 3500",HAMEAU DE TERMINE (LES RAFFAUTS) 74130 GLIERES VAL DE BORNE,74212,"46.0256,6.3975",Pylône autostable,44m,TDF,,AJO,,False,False
570403,ORANGE,LTE 700,HAMEAU DE TERMINE (LES RAFFAUTS) 74130 GLIERES VAL DE BORNE,74212,"46.0256,6.3975",Pylône autostable,44m,TDF,2021-11-24,SUP,,False,False
571309,ORANGE,GSM 900,PRÉS D911 (BEL AIR) 46260 LIMOGNE EN QUERCY,46173,"44.3956,1.7631",Pylône autostable,19m,TOTEM,2007-03-31,SUP,,False,False
571319,SRR,LTE 700,R HUBERT DELISLE (LA SOURCE) 97490 ST DENIS,97411,"-20.8917,55.4511",Immeuble,24m,"Copropriété, Syndic, SCI",2023-06-20,ART,,False,False
571671,ORANGE,GSM 900,R DES FERRONNIERS R DES TONNELIERS 31700 BLAGNAC,31069,"43.6453,1.3833",Château d'eau - réservoir,49m,"Commune, communauté de communes",2012-02-23,SUP,,False,False
572032,ORANGE,GSM 900,CHEM RURAL DES ARTIGUES (LE HAILLA) 65710 CAMPAN,65123,"43.0172,0.1722",Pylône autostable,30m,TOTEM,2009-05-04,SUP,,False,False
572116,ORANGE,"LTE 2600, 5G NR 2100",CHEMIN BEL (PUY LENTY) 87470 PEYRAT LE CHATEAU,87117,"45.8097,1.8289",Pylône autostable,36m,TDF,2026-06-25,ART,,False,False
572863,ORANGE,GSM 900,CHEM RURAL PYLÔNE FRANCE TELECOM ADM. : LA MAGDELEINE (JUVELIN) 47200 MARMANDE,47157,"44.5272,0.1906",Pylône autostable,30m,TOTEM,1992-10-02,SUP,,False,False
573987,BOUYGUES TELECOM,GSM 1800,2 SQ NADAR 94300 VINCENNES,94080,"48.8428,2.4294",Immeuble,29m,Société Privée,1996-06-05,SUP,,False,False
574170,BOUYGUES TELECOM,5G NR 2100,R DE L' ARBRE HAUT ANCIENNE RN 4 (LES NOUES) 51310 ESTERNAY,51237,"48.7203,3.5403",Pylône autostable,"40,5m",HIVORY,2026-07-20,ALL,,False,False
574213,ORANGE,GSM 900,RTE DE LARRA STADE MUNICIPAL 31330 LAUNAC,31281,"43.7433,1.1856",Pylône tubulaire,26m,TOTEM,2007-05-23,SUP,,False,False
574862,FREE MOBILE,5G NR 3500,"24-32, R CAMILLE BLANC 94400 VITRY SUR SEINE",94081,"48.785,2.3956",Immeuble,34m,Société HLM,2026-07-24,ALL,,False,False
574862,SFR,GSM 900,"24-32, R CAMILLE BLANC 94400 VITRY SUR SEINE",94081,"48.785,2.3956",Immeuble,34m,Société HLM,1996-12-19,SUP,,False,False
574869,ORANGE,GSM 900,VC N°6 (BOIS DE ST VICTOR) 31570 LANTA,31271,"43.5658,1.6519",Pylône autostable,40m,TOTEM,2006-01-18,SUP,,False,False
574880,SFR,GSM 900,"140, R VATEL HOTEL VATEL 30900 NIMES",30189,"43.8206,4.3194",Immeuble,"32,9m",Société Privée,1998-06-15,SUP,,False,False
575936,ORANGE,GSM 900,CR DE PONT DE RHODES À LA CROIX BLANCHE LIMITE COMMUNE DE BEAUMAT (REDOUILLIERES) 46310 FRAYSSINET,46113,"44.6594,1.5086",Mât,18m,TOTEM,2009-05-30,SUP,,False,False
576042,ORANGE,GSM 900, (FORT ST BERNARD) 31330 GRENADE,31232,"43.7681,1.29",Château d'eau - réservoir,44m,"Commune, communauté de communes",1999-05-21,SUP,,False,False
576117,FREE MOBILE,LTE 2100,FORÊT COMMUNALE (WIWENBERG) 57660 HELLIMER,57311,"49.0014,6.8006",Pylône autostable,41m,HIVORY,,SUP,,False,False
576560,BOUYGUES TELECOM,UMTS 900,R DE NOISY LE SEC (TUN PORTE DES LILAS - FOUGERES) 75020 PARIS 20,75120,"48.8731,2.4122",Tunnel,6m,"Commune, communauté de communes",,AJO,,False,False
576560,BOUYGUES TELECOM,"GSM 1800, UMTS 2100",R DE NOISY LE SEC (TUN PORTE DES LILAS - FOUGERES) 75020 PARIS 20,75120,"48.8731,2.4122",Tunnel,6m,"Commune, communauté de communes",2009-04-17,SUP,,False,False
577695,SFR,LTE 700,CHEM RURAL N° 8 DIT DE LA GARE PROCHE GARE (LE MOULIN DU PLESSIS) 41310 ST AMAND LONGPRE,41199,"47.6964,1.0153",Pylône autostable,40m,HIVORY,,AJO,,False,False
578249,ORANGE,LTE 700,ROUTE DE L'AUBINIÈRE (L'AUBINIÈRE) 44220 COUERON,44047,"47.2511,-1.7011",Pylône autostable,"46,8m",HIVORY,2022-12-07,SUP,,False,False
578958,ORANGE,GSM 900,GALDOU 46150 ST DENIS CATUS,46264,"44.5583,1.3831",Pylône autostable,44m,TDF,2006-12-02,SUP,,False,False
579011,ORANGE,GSM 900, (SAINT-CHIGNES) 46500 SAIGNES,46246,"44.7906,1.8289",Pylône autostable,45m,TDF,2022-03-07,SUP,,False,False
579960,SFR,GSM 900,36 R DES SOEURS JANIN 69009 LYON 09,69389,"45.7614,4.7986",Immeuble,47m,Société Privée,2004-10-04,SUP,,False,False
579983,SRR,LTE 700,19 R PAUL VERLAINE (LA CAPITAINERIE) 97420 LE PORT,97407,"-20.935,55.3183",Mât béton,16m,Société Réunionnaise de Radiotéléphonie,2022-09-09,ART,,False,False
580209,ORANGE,GSM 900,MONDON (MOULIN DE BOURBON) 47220 FALS,47092,"44.0903,0.6736",Château d'eau - réservoir,39m,"Syndicat des eaux, Adduction",1996-08-02,SUP,,False,False
580308,SRR,LTE 2100,R LAMBERT (MAGALIE) 97480 ST JOSEPH,97412,"-21.3742,55.62",Mât béton,16m,Société Réunionnaise de Radiotéléphonie,2026-05-18,ART,,False,False
580325,FREE MOBILE,LTE 2100,ROUTE DU FARON 83200 TOULON,83137,"43.1494,5.9517",Pylône autostable,18m,TDF,,SUP,,False,False
580511,ORANGE,GSM 900,ROUTE DE LA SERRETTE (LA SERRETTE) 47270 CLERMONT SOUBIRAN,47067,"44.1383,0.8692",Pylône autostable,"31,4m",TDF,1994-03-04,SUP,,False,False
58064,ORANGE,GSM 900,TÉLÉCABINE DU POUNTAS (PONT D'ESPAGNE) 65110 CAUTERETS,65138,"42.8522,-0.1419",Pylône tubulaire,12m,"Commune, communauté de communes",2002-12-07,SUP,,False,False
581254,ORANGE,GSM 900,VOIE COMMUNALE N° 16 (LE BREIL) 47500 BLANQUEFORT SUR BRIOLANCE,47029,"44.6039,0.9739",Mât,12m,TOTEM,2009-02-27,SUP,,True,False
581354,ORANGE,GSM 900,VC N°6 DE LARÉGNADE (LARÉGNADE) 47430 LE MAS D AGENAIS,47159,"44.4069,0.2117",Château d'eau - réservoir,42m,"Syndicat des eaux, Adduction",1995-05-05,SUP,,False,False
582487,BOUYGUES TELECOM,LTE 700,CHÂTEAU D'EAU (CHAMPEILLON OUEST) 01300 BELLEY,01034,"45.7353,5.6792",Pylône autostable,38m,BOUYGUES,2026-07-30,ALL,,False,False
582533,ORANGE,GSM 900,5 R DU STADE 31270 CUGNAUX,31157,"43.54,1.3478",Immeuble,18m,"Copropriété, Syndic, SCI",2010-06-02,SUP,,False,False
583626,ORANGE,5G NR 700,12 RUE ROSSINI (LES GODEAUX) 91330 YERRES,91691,"48.7044,2.4814",Pylône tubulaire,"33,1m",TDF,2025-12-01,ART,,False,False
584038,BOUYGUES TELECOM,GSM 1800,121 RTE DE DORNACH CENTRALE THERMIQUE D'ILLBERG (INCINÉRATION) 68350 BRUNSTATT DIDENHEIM,68056,"47.7281,7.305",Bâtiment,50m,"Commune, communauté de communes",2001-03-22,SUP,,False,False
584419,ORANGE,GSM 900,BOUET (LES GUIGNES BASSES) 46800 BARGUELONNE EN QUERCY,46263,"44.3561,1.2031",Pylône autostable,30m,TOTEM,1999-06-30,SUP,,False,False
584854,SFR,LTE 700,D.116 (LES BANIS DE BERNOUVILLE) 27830 NEAUFLES ST MARTIN,27426,"49.2814,1.6997",Château d'eau - réservoir,53m,"Syndicat des eaux, Adduction",2026-07-01,ART,,False,False
584965,BOUYGUES TELECOM,GSM 1800,CCAL CARREFOUR ROUTE NATIONALE 3 77410 CLAYE SOUILLY,77118,"48.9475,2.6636",Bâtiment,"15,5m",Société Privée,2014-11-21,SUP,,False,False
585158,BOUYGUES TELECOM,LTE 2600,RN.542 (LE PORCIER) 05300 LARAGNE MONTEGLIN,05070,"44.3175,5.8275",Pylône autostable,35m,TOTEM,2026-07-06,ALL,,False,False
585158,SFR,"LTE 2600, 5G NR 3500",RN.542 (LE PORCIER) 05300 LARAGNE MONTEGLIN,05070,"44.3175,5.8275",Pylône autostable,35m,TOTEM,2026-07-08,ALL,,False,False
585284,BOUYGUES TELECOM,LTE 2100,RUE DES GARRIGUES RELAIS TDF (TRAVERS DE LA ROQUE) 11510 FITOU,11144,"42.8928,2.98",Pylône autostable,16m,TDF,2026-07-17,ALL,,False,False
585338,BOUYGUES TELECOM,LTE 700, (BOIS DU GLACIER) 89100 NAILLY,89274,"48.2103,3.2281",Pylône autostable,40m,ATC FRANCE,2026-07-13,ALL,,False,False
585338,SFR,LTE 700, (BOIS DU GLACIER) 89100 NAILLY,89274,"48.2103,3.2281",Pylône autostable,40m,ATC FRANCE,,AJO,,False,False
585358,ORANGE,"LTE 800, LTE 1800, LTE 2100, LTE 2600, 5G NR 700, 5G NR 3500",3 AV DU 8 MAI 1945 RÉSIDENCE CYTHÈRE 95200 SARCELLES,95585,"48.9767,2.3753",Immeuble,"46,6m","Copropriété, Syndic, SCI",2026-07-06,AJA,,False,True
585916,ORANGE,GSM 900,PRÈS D 655 CHATEAU D'EAU (JACQUET) 47700 ANTAGNAC,47010,"44.3514,0.0225",Château d'eau - réservoir,32m,"Syndicat des eaux, Adduction",1998-02-20,SUP,,False,False
585939,ORANGE,GSM 900,220 AV DES PYRÉNÉES 31600 MURET,31395,"43.4406,1.3122",Pylône tubulaire,"32,7m",ATC FRANCE,2009-11-16,SUP,,False,False
585972,ORANGE,GSM 900, (MIRAMONT) 65100 JULOS,65236,"43.1269,-0.0033",Pylône autostable,39m,Towercast,1997-03-14,SUP,,False,False
585977,FREE MOBILE,"LTE 2100, 5G NR 700",SILO GROUPE CTRE ATLANTIQUE CD 2 DE TOURNON ST MARTIN (LA GÈRE) 86340 FLEURE,86099,"46.4703,0.5167",Pylône autostable,45m,HIVORY,2026-07-24,ALL,,False,False
586011,FREE MOBILE,"LTE 2100, 5G NR 700",RTE FORESTIÈRE DE LA BILLETTE CARREFOUR DU DÉBUCHÉ (LE DÉBUCHÉ) 78125 POIGNY LA FORET,78497,"48.7031,1.7728",Pylône autostable,50m,SFR,2026-07-07,ALL,,False,False
586331,ORANGE,GSM 900,47 ROUTE DE MONS 31130 BALMA,31044,"43.6267,1.5181",Pylône tubulaire,26m,TOTEM,2011-12-09,SUP,,False,False
586356,FREE MOBILE,"LTE 2100, 5G NR 700",CHEM RURAL LE LONG DE LA VOIE FERRÉE PROCHE ANGLE D49 LORIEUX VILLEHERVIERS - VOIE FERR (CHAMPVIOUX) 41200 VILLEHERVIERS,41282,"47.3689,1.7936",Pylône autostable,30m,ATC FRANCE,2026-07-24,ALL,,False,False
587183,ORANGE,LTE 2600, (CHEM DOMPIERRE) 80200 FLAUCOURT,80313,"49.9108,2.8514",Pylône autostable,27m,TOTEM,2026-07-08,ALL,,False,False
587349,BOUYGUES TELECOM,LTE 1800,A10-PK 192 ACCÈS DE SERVICE / D5 (PÉAGE DE MONNAIE) 37380 REUGNY,37194,"47.4917,0.8256",Pylône autostable,53m,HIVORY,2026-07-02,ALL,,False,False
587349,SFR,LTE 1800,A10-PK 192 ACCÈS DE SERVICE / D5 (PÉAGE DE MONNAIE) 37380 REUGNY,37194,"47.4917,0.8256",Pylône autostable,53m,HIVORY,2026-07-08,ALL,,False,False
587664,BOUYGUES TELECOM,LTE 2100,LE PETIT TRONCET LA FERME PROSLINS 02570 CHEZY SUR MARNE,02186,"48.9719,3.3575",Pylône autostable,46m,TDF,2026-07-08,ALL,,False,False
587892,ORANGE,GSM 900,ROC DE LA GRENOUILLE 09300 BELESTA,09047,"42.8989,1.9564",Pylône autostable,16m,TOTEM,2007-08-21,SUP,,True,False
588111,ORANGE,LTE 2600, (MONTAIN) 39600 CHAMPAGNE SUR LOUE,39095,"47.0356,5.8108",Pylône autostable,31m,TDF,2026-06-26,ART,,False,False
588392,SFR,LTE 700,PYLONE TDF (PRAT YOUEN) 29180 PLOGONNEC,29169,"48.0906,-4.1911",Pylône autostable,42m,TDF,,AJO,,False,False
588427,SFR,UMTS 2100,17 R GALLIÉNI 92500 RUEIL MALMAISON,92063,"48.8744,2.2014",Immeuble,24m,Société HLM,2004-02-25,SUP,,False,False
588967,ORANGE,GSM 900,A.62  - SENS BORDEAUX /TOULOUSE AIRES DE QUEYRAU (AIRES DE QUEYRAU) 47160 PUCH D AGENAIS,47214,"44.3439,0.2489",Pylône autostable,30m,Sociétés d'Autoroutes,2006-11-11,SUP,,False,False
588979,SRR,"LTE 1800, LTE 2100",GILLOT (AEROPORT ROLLAND GARROS) 97438 STE MARIE,97418,"-20.8914,55.5122",Bâtiment,15m,"CCI, Ch Métier, Port Aut, Aéroport",2024-06-21,ART,,False,False
589046,ORANGE,GSM 900,CHEM DES ROMAINS CENTRAL TÉLÉPHONIQUE (LE CIMETIÈRE) 31450 BAZIEGE,31048,"43.455,1.6108",Pylône tubulaire,19m,TOTEM,1996-04-05,SUP,,False,False
589065,ORANGE,GSM 900,ALLÉE DE LA GERBIÈRE (LE PRÉ ST-SÉVERIN) 31320 AUZEVILLE TOLOSANE,31035,"43.53,1.4847",Pylône tubulaire,24m,TOTEM,1996-12-06,SUP,,False,False
589067,ORANGE,GSM 900,R DE LA MAIRIE 31750 ESCALQUENS,31169,"43.5175,1.5589",Pylône tubulaire,18m,TOTEM,1997-01-17,SUP,,False,False
589077,ORANGE,GSM 900,CHEM DE LA BESTHOROLE STADE 31120 LACROIX FALGARDE,31259,"43.5017,1.4044",Pylône tubulaire,31m,TOTEM,2003-11-28,SUP,,False,False
589079,ORANGE,GSM 900,R MAX PLANK EN FACE DU 411 (POUCHALOU) 31670 LABEGE,31254,"43.5522,1.5111",Pylône autostable,"30,3m",RTE,2006-09-05,SUP,,False,False
589081,ORANGE,GSM 900,ALLÉE DES FONTAINES PYLONE EDF 31320 AUZEVILLE TOLOSANE,31035,"43.535,1.4831",Pylône autostable,35m,RTE,2007-05-05,SUP,,False,False
589083,ORANGE,GSM 900,D.24 ROUTE DE CORRONSAC (BEL AIR) 31450 MONTBRUN LAURAGAIS,31366,"43.46,1.5133",Château d'eau - réservoir,36m,"Syndicat des eaux, Adduction",2008-03-17,SUP,,False,False
589794,ORANGE,GSM 900, (PARRINOTS) 47290 CANCON,47048,"44.5208,0.6189",Château d'eau - réservoir,34m,"Syndicat des eaux, Adduction",1996-05-08,SUP,,False,False
590056,ORANGE,GSM 900, (POULVIGNAC) 47340 ST ANTOINE DE FICALBA,47228,"44.3411,0.7114",Château d'eau - réservoir,34m,"Syndicat des eaux, Adduction",1996-05-03,SUP,,False,False
590064,ORANGE,"5G NR 700, 5G NR 3500",43-45 R PLANTAGENET  49100 ANGERS,49007,"47.4722,-0.5544",Bâtiment,21m,Société Privée,,AJO,,False,False
590786,ORANGE,5G NR 700,150 ALLÉE DU TERRAL STADE E.VIDAL 34430 ST JEAN DE VEDAS,34270,"43.5825,3.8383",Pylône tubulaire,28m,HIVORY,2026-07-15,ALL,,False,False
590798,BOUYGUES TELECOM,5G NR 2100,LE MONT LE CERF AV DU 128E RI D61 51340 PARGNY SUR SAULX,51423,"48.7611,4.8442",Pylône autostable,40m,HIVORY,2026-07-11,ALL,,False,False
591232,BOUYGUES TELECOM,"LTE 700, 5G NR 2100, 5G NR 3500",3 R FRESNEL 25000 BESANCON,25056,"47.2353,5.9778",Pylône tubulaire,20m,HIVORY,2026-07-20,ALL,,False,False
591232,SFR,"LTE 700, 5G NR 2100, 5G NR 3500",3 R FRESNEL 25000 BESANCON,25056,"47.2353,5.9778",Pylône tubulaire,20m,HIVORY,2026-07-08,ALL,,False,False
591337,FREE MOBILE,5G NR 700,4 BD ALFRED DE VIGNY 79100 THOUARS,79329,"46.9778,-0.2106",Château d'eau - réservoir,44m,"Commune, communauté de communes",2026-07-24,ALL,,False,False
592007,ORANGE,GSM 900,N 113 CENTRAL TÉLÉPHONIQUE (TERRE BLANCHE) 82100 CASTELSARRASIN,82033,"44.0625,1.0967",Pylône autostable,"43,6m",TOTEM,1992-08-07,SUP,,False,False
593042,FREE MOBILE,LTE 2100,D158_PYLONE ORANGE (LA FORÊT) 19600 NOAILLES,19151,"45.0997,1.5114",Pylône autostable,30m,TOTEM,,SUP,,False,False
593092,ORANGE,LTE 700, (MONT ANDRÉ) 71360 SULLY,71530,"46.9906,4.4706",Pylône autostable,36m,TOTEM,2026-08-06,AAV,,False,False
593128,ORANGE,GSM 900,ZAC LES PORTS (NAFINES) 82800 NEGREPELISSE,82134,"44.0694,1.5342",Pylône autostable,30m,TOTEM,2008-06-25,SUP,,False,False
593741,BOUYGUES TELECOM,"LTE 700, LTE 1800, LTE 2100, 5G NR 2100",RTE DE ROQUESTERON (LE VILLARS) 06830 GILETTE,06066,"43.8578,7.155",Mât,12m,ATC FRANCE,,AJO,,False,False
593772,ORANGE,GSM 900,CHEM DU MOULIN À VENT 32190 VIC FEZENSAC,32462,"43.7539,0.3172",Pylône tubulaire,"9,9m",TOTEM,2007-11-27,SUP,,False,False
593781,ORANGE,GSM 900,R DES CAUSSADES CHÂTEAU D'EAU 31800 ST GAUDENS,31483,"43.1128,0.735",Château d'eau - réservoir,"37,2m","Syndicat des eaux, Adduction",2010-09-29,SUP,,False,False
593825,BOUYGUES TELECOM,LTE 700,85 AV HENRI BARBUSSE 92140 CLAMART,92023,"48.8119,2.2578",Immeuble,21m,"Copropriété, Syndic, SCI",2026-07-13,ALL,,False,False
594281,FREE MOBILE,"LTE 900, LTE 2100, 5G NR 700", (LA RICHARDIÈRE) 38410 ST MARTIN D URIAGE,38422,"45.1433,5.8336",Pylône autostable,21m,TDF,2026-07-28,ALL,,False,False
594845,SFR,LTE 2100, (LES CARRIERES) 78930 BREUIL BOIS ROBERT,78104,"48.9547,1.7158",Pylône autostable,58m,TDF,2022-01-11,SUP,,False,False
595211,FREE MOBILE,"LTE 2100, 5G NR 700",LES TATTES RELAIS TDF LA FRASSE 74300 ARACHES LA FRASSE,74014,"46.0522,6.6358",Pylône autostable,25m,TDF,2026-07-24,ALL,,False,False
595549,SFR,UMTS 2100,PRÈS D.45 (PIFOY) 43330 PONT SALOMON,43153,"45.345,4.2364",Pylône autostable,31m,TDF,2011-12-13,SUP,,False,False
595841,ORANGE,"5G NR 700, 5G NR 3500",RUE DE GRAV NED (KÉRÉMARC'H) 22260 PONTRIEUX,22250,"48.7,-3.1522",Pylône autostable,"46,5m",TDF,,AJO,,False,False
595841,ORANGE,LTE 700,RUE DE GRAV NED (KÉRÉMARC'H) 22260 PONTRIEUX,22250,"48.7,-3.1522",Pylône autostable,"46,5m",TDF,2020-11-24,SUP,,False,False
595924,SFR,UMTS 900,"173, BD  ROBERT BALLANGER 93420 VILLEPINTE",93078,"48.9558,2.5383",Château d'eau - réservoir,69m,"Commune, communauté de communes",,SUP,,False,True
596199,BOUYGUES TELECOM,LTE 700,D.307 (PUY CHABRIT) 03430 VILLEFRANCHE D ALLIER,03315,"46.4086,2.8483",Pylône autostable,23m,TDF,,AJO,,False,False
596896,BOUYGUES TELECOM,LTE 700,72 R DE LA HALLE 59800 LILLE,59350,"50.6442,3.0589",Immeuble,20m,Particulier,2026-07-30,ALL,,False,False
597140,ORANGE,"5G NR 700, 5G NR 3500", (LE MAS DU PUY) 87510 NIEUL,87107,"45.9339,1.1697",Pylône autostable,42m,TDF,2026-07-20,AJA,,False,False
597140,ORANGE,"LTE 700, 5G NR 2100", (LE MAS DU PUY) 87510 NIEUL,87107,"45.9339,1.1697",Pylône autostable,42m,TDF,,SUP,,False,False
597190,ORANGE,5G NR 700,AV PELADAN CIRCUIT SÉCURITÉ ROUTIÈRE SQUARE (MONT DUPLAN) 30900 NIMES,30189,"43.845,4.3656",Pylône tubulaire,"25,3m",TOTEM,2026-07-20,AJA,,False,False
597190,ORANGE,LTE 700,AV PELADAN CIRCUIT SÉCURITÉ ROUTIÈRE SQUARE (MONT DUPLAN) 30900 NIMES,30189,"43.845,4.3656",Pylône tubulaire,"25,3m",TOTEM,,SUP,,False,False
597190,SFR,"LTE 700, LTE 800, LTE 1800, LTE 2100, LTE 2600, 5G NR 2100",AV PELADAN CIRCUIT SÉCURITÉ ROUTIÈRE SQUARE (MONT DUPLAN) 30900 NIMES,30189,"43.845,4.3656",Pylône tubulaire,"25,3m",TOTEM,,AJO,,False,False
597190,SFR,"GSM 900, UMTS 2100",AV PELADAN CIRCUIT SÉCURITÉ ROUTIÈRE SQUARE (MONT DUPLAN) 30900 NIMES,30189,"43.845,4.3656",Pylône tubulaire,"25,3m",TOTEM,2011-12-15,SUP,,False,False
597229,SFR,,CHEM DE CORMEILLES LA REMISE DU VAL 78360 MONTESSON,78418,"48.9142,2.1311",Pylône tubulaire,35m,ATC FRANCE,2022-01-31,CHI,2430496,False,True
597567,ORANGE,GSM 900,AV DU CHÊNE VERT PL HOTEL DE VILLE 31270 FROUZINS,31203,"43.5147,1.3211",Pylône autostable,24m,TOTEM,2006-09-05,SUP,,False,False
598499,BOUYGUES TELECOM,LTE 1800, (LE POTEAU) 24590 ST CREPIN ET CARLUCET,24392,"44.9706,1.2914",Pylône autostable,45m,Conseil Départemental,,AJO,,False,False
598499,SFR,LTE 1800, (LE POTEAU) 24590 ST CREPIN ET CARLUCET,24392,"44.9706,1.2914",Pylône autostable,45m,Conseil Départemental,,AJO,,True,False
599004,ORANGE,"LTE 700, 5G NR 2100",VOIE COMMUNALE 128 (BRÉVIANDES) 36260 STE LIZAIGNE,36199,"47.0031,2.0325",Pylône autostable,30m,TOTEM,,AJO,,False,False
599004,ORANGE,LTE 2100,VOIE COMMUNALE 128 (BRÉVIANDES) 36260 STE LIZAIGNE,36199,"47.0031,2.0325",Pylône autostable,30m,TOTEM,2020-03-02,SUP,,False,False
599361,SFR,"LTE 2100, 5G NR 2100",LES QUATRE TERMES (BLAYEUL SOMMET) 04420 BEAUJEU,04024,"44.2467,6.3117",Pylône autostable,47m,TDF,2026-07-01,ART,,False,False
599383,SFR,"LTE 700, LTE 1800, LTE 2100, 5G NR 2100",PRÉS D119 (LA TAILLE DU BOIS) 41130 BILLY,41016,"47.3425,1.5333",Pylône autostable,30m,TOTEM,,AJO,,False,False
599413,SFR,LTE 700,CHEM DÉPARTEMENTAL N°83 DU LOUROUX (LA TURMELLIÈRE) 37310 TAUXIGNY ST BAULD,37254,"47.2194,0.8436",Château d'eau - réservoir,57m,"Commune, communauté de communes",,AJO,,False,False
599673,SFR,"LTE 2600, 5G NR 3500",PRÈS N176 PYLÔNE TDF (CHANTELOUP) 22980 LA LANDEC,22097,"48.43,-2.1722",Pylône autostable,43m,TDF,,AJO,,False,False
601136,BOUYGUES TELECOM,LTE 2100,D.22 - PRÈS DU RÉSERVOIR ENTERRÉ (LE REBOINVEAU) 88140 URVILLE,88482,"48.1817,5.7431",Pylône tubulaire,24m,TDF,2026-07-20,ALL,,False,False
601434,ORANGE,5G NR 3500,RD 418 (LES CULEES) 77410 ANNET SUR MARNE,77005,"48.9406,2.7044",Pylône autostable,38m,SNCF Réseau,2026-07-20,AJA,,False,False
601434,ORANGE,5G NR 700,RD 418 (LES CULEES) 77410 ANNET SUR MARNE,77005,"48.9406,2.7044",Pylône autostable,38m,SNCF Réseau,,AJO,,False,False
601434,ORANGE,LTE 700,RD 418 (LES CULEES) 77410 ANNET SUR MARNE,77005,"48.9406,2.7044",Pylône autostable,38m,SNCF Réseau,2025-11-19,SUP,,False,False
601968,ORANGE,LTE 700,AREVA (LA HAGUE) 50690 LA HAGUE,50041,"49.68,-1.8819",Fût,109m,"État, Ministère",2023-06-30,SUP,,False,False
602039,SFR,"GSM 900, UMTS 900, UMTS 2100, LTE 700, LTE 800, 5G NR 2100","5, R D'ALSACE 75010 PARIS 10",75110,"48.8767,2.3572",Immeuble,33m,"Copropriété, Syndic, SCI",2010-10-15,SUP,,False,False
602272,BOUYGUES TELECOM,"LTE 2600, 5G NR 3500",R DU MOUSTOIRIC CHÂTEAU D'EAU 56530 GESTEL,56063,"47.8067,-3.4408",Château d'eau - réservoir,62m,"Syndicat des eaux, Adduction",2026-06-24,ART,,False,False
603243,BOUYGUES TELECOM,LTE 2100,STATION TDF (LE CHONOT) 88370 PLOMBIERES LES BAINS,88351,"47.9689,6.4608",Pylône autostable,45m,TDF,2026-07-20,ALL,,False,False
603858,ORANGE,5G NR 700,D.155 - RTE DE ROYBON (L'ADRET) 38470 VINAY,38559,"45.2122,5.3967",Pylône autostable,25m,TDF,2026-07-17,ALL,,False,False
603879,ORANGE,"LTE 800, LTE 2100, 5G NR 700, 5G NR 3500",PRÈS D.43 DOMAINE SNCF POSTE 2 (GROSSMATT) 57400 SARREBOURG,57630,"48.7414,7.0567",Pylône autostable,45m,TOTEM,2026-07-20,ALL,,False,False
604343,SFR,GSM 900,20 R DE LA SAUSSAIE 93380 ST DENIS,93066,"48.9408,2.3742",Immeuble,"15,6m",Particulier,2016-04-13,SUP,,False,False
604662,FREE MOBILE,"LTE 2100, 5G NR 700",CHAMPS POTIERS CHEM DES GARENNES (CHAMBERTRAND) 79160 VILLIERS EN PLAINE,79351,"46.4369,-0.5647",Pylône autostable,39m,TOTEM,2026-07-24,ALL,,False,False
604833,SRR,"GSM 900, UMTS 900, LTE 1800",10 R DES BADAMIERS (LABATTOIR) 97615 DZAOUDZI,97608,"-12.7828,45.2783",Pylône autostable,"11,7m",Particulier,2011-07-27,ART,,False,False
604975,ORANGE,5G NR 700,CHEM DE LA ROUSSELIÈRE (LA ROUSSELIÈRE) 37190 CHEILLE,37067,"47.25,0.4486",Pylône autostable,45m,TDF,2026-07-23,ALL,,False,False
604981,SFR,LTE 700,LE BILLIAC 22210 LA PRENESSAYE,22255,"48.1789,-2.6647",Pylône autostable,31m,TOTEM,,AJO,,False,False
605013,ORANGE,GSM 900,D.11 - GARE DE PÉAGE DE NAILLOUX (ABETSENC D'ENGASC) 31560 NAILLOUX,31396,"43.3822,1.6169",Pylône tubulaire,25m,TOTEM,2007-11-16,SUP,,False,False
605301,SFR,"LTE 700, LTE 1800, LTE 2100, 5G NR 2100",RTE DES QUENOUS (LES GOURDEAUX) 45620 CERDON,45063,"47.6325,2.3708",Château d'eau - réservoir,49m,"Commune, communauté de communes",,AJO,,False,False
605301,SFR,UMTS 2100,RTE DES QUENOUS (LES GOURDEAUX) 45620 CERDON,45063,"47.6325,2.3708",Château d'eau - réservoir,49m,"Commune, communauté de communes",2017-06-07,SUP,,False,False
605331,BOUYGUES TELECOM,LTE 700,R DE LA GARE 41150 VALLOIRE SUR CISSE,41055,"47.5211,1.2486",Pylône tubulaire,33m,CELLNEX,2026-07-15,ALL,,False,False
605331,SFR,LTE 700,R DE LA GARE 41150 VALLOIRE SUR CISSE,41055,"47.5211,1.2486",Pylône tubulaire,33m,CELLNEX,2026-07-22,AJA,,False,False
605363,ORANGE,5G NR 2100,R DU CHÂTEAU D'EAU 45240 MENESTREAU EN VILLETTE,45200,"47.7011,2.0239",Château d'eau - réservoir,39m,"Commune, communauté de communes",,AJO,,False,False
605694,SRR,"LTE 700, LTE 1800, LTE 2100",LABATTOIR (BADAMIER) 97615 DZAOUDZI,97608,"-12.7644,45.2842",Pylône autostable,30m,Société Réunionnaise de Radiotéléphonie,2024-12-10,ART,,False,False
606015,SFR,GSM 900,R PASTEUR VALERY RADOT PARKING PALAIS DES SPORTS R. DUBRON - UNIVERSITÉ D 94000 CRETEIL,94028,"48.7886,2.4411",Pylône tubulaire,"26,4m",HIVORY,1998-12-02,SUP,,False,False
606221,BOUYGUES TELECOM,LTE 700,44 CHEM RURAL (BEAUREGARD) 37380 NOUZILLY,37175,"47.5386,0.7403",Château d'eau - réservoir,32m,"Commune, communauté de communes",2026-07-06,ALL,,False,False
606221,BOUYGUES TELECOM,5G NR 2100,44 CHEM RURAL (BEAUREGARD) 37380 NOUZILLY,37175,"47.5386,0.7403",Château d'eau - réservoir,32m,"Commune, communauté de communes",2026-06-26,ART,,False,False
607095,SFR,"LTE 700, LTE 800, LTE 1800, LTE 2100, LTE 2600, 5G NR 2100, 5G NR 3500",CENTRE RADIO MARITIME (CAMICAS) 33260 LA TESTE DE BUCH,33529,"44.6472,-1.1639",Pylône autostable,94m,TDF,2026-07-03,AJA,,False,True
607160,BOUYGUES TELECOM,LTE 2100,CHEM RURAL DIT DU VIEUX FOUR (LES SEUILS) 16170 VAL D AUGE,16339,"45.8347,-0.1344",Tour hertzienne,73m,TDF,2026-07-15,ALL,,False,False
607160,ORANGE,"LTE 2600, 5G NR 2100",CHEM RURAL DIT DU VIEUX FOUR (LES SEUILS) 16170 VAL D AUGE,16339,"45.8347,-0.1344",Tour hertzienne,73m,TDF,,AJO,,False,False
607160,ORANGE,LTE 2100,CHEM RURAL DIT DU VIEUX FOUR (LES SEUILS) 16170 VAL D AUGE,16339,"45.8347,-0.1344",Tour hertzienne,73m,TDF,2019-06-05,SUP,,False,False
607217,BOUYGUES TELECOM,5G NR 2100, (LE HAUT DU BOURG) 88170 CHATENOIS,88095,"48.2997,5.8242",Pylône autostable,34m,ORANGE Services Fixes,2026-07-11,ALL,,False,False
607242,ORANGE,GSM 900,CHEM COMMUNAL N°3 DE ST-MARTIN À POUPAS (LES GRAVES) 82120 MARSAC,82104,"43.9344,0.8419",Pylône autostable,38m,TOTEM,2007-04-23,SUP,,True,False
607889,SFR,"LTE 700, LTE 2100, 5G NR 2100", (MONT CHAUSSITRE) 42660 ST REGIS DU COIN,42280,"45.3056,4.4453",Pylône autostable,45m,TDF,,AJO,,False,False
607889,SFR,UMTS 2100, (MONT CHAUSSITRE) 42660 ST REGIS DU COIN,42280,"45.3056,4.4453",Pylône autostable,45m,TDF,2018-03-09,SUP,,False,False
608322,ORANGE,"GSM 900, UMTS 900, LTE 800, LTE 1800",LA BASSE CHUÉTRÉE 36600 VALENCAY,36228,"47.1431,1.5406",Château d'eau - réservoir,57m,"Syndicat des eaux, Adduction",1994-12-02,SUP,,False,False
608603,ORANGE,GSM 900,PLAINE DE BROUELLE (PECH JOUAN) 47470 CAUZAC,47062,"44.2786,0.8228",Château d'eau - réservoir,56m,"Syndicat des eaux, Adduction",1999-01-29,SUP,,False,False
608618,ORANGE,GSM 900,AV DE LA REPUBLIQUE (PALFOURQUES) 47330 CASTILLONNES,47057,"44.6508,0.5917",Château d'eau - réservoir,42m,"Syndicat des eaux, Adduction",2003-07-26,SUP,,False,False
608668,SFR,GSM 900,2/4 R NICOLAS APPERT ZI DU MOULIN DE L'ÉCAILLE 51430 TINQUEUX,51573,"49.2417,3.9906",Pylône tubulaire,27m,HIVORY,1999-12-22,SUP,,False,False
608916,ORANGE,GSM 900,CHEM COMMUNAL PRÉS D315 (LES MENAUDES) 47350 ST BARTHELEMY D AGENAIS,47232,"44.54,0.3753",Pylône autostable,35m,Conseil Départemental,2007-03-26,SUP,,True,False
609310,SFR,LTE 700,R DU CHÂTEAU D'EAU (LA ROCHEFOLIE) 36100 NEUVY PAILLOUX,36140,"46.8875,1.8647",Château d'eau - réservoir,39m,"Syndicat des eaux, Adduction",,AJO,,False,False
609560,FREE MOBILE,5G NR 700,96-98 COURS ALSACE LORRAINE RÉSIDENCE SIBAL 33800 BORDEAUX,33063,"44.8375,-0.5736",Immeuble,35m,"Copropriété, Syndic, SCI",2026-07-07,ALL,,False,False
609833,BOUYGUES TELECOM,LTE 2600,ZWISCHEN KLEINER UND GROSS (GUCKENBERG) 57410 ROHRBACH LES BITCHE,57589,"49.0469,7.255",Pylône autostable,30m,TOTEM,2026-07-08,ALL,,False,False
609839,SFR,GSM 900,CHEM RURAL SITE TDF ALTILLAC-LA VEYSSIÈRE (LA VEYSSIÈRE) 19120 ALTILLAC,19007,"44.9839,1.8633",Pylône autostable,33m,TDF,2010-09-29,SUP,,False,False
610025,SRR,LTE 700,R DE L'INTERNAT (MAMOUDZOU) 97605 MAMOUDZOU,97611,"-12.7797,45.2253",Immeuble,"21,6m","Copropriété, Syndic, SCI",2023-08-26,ART,,False,False
610350,ORANGE,GSM 900,CÉVENNES DE BÉARS GR 36 - GR 46 (PECH DE BÉARS) 46090 ARCAMBAL,46007,"44.4733,1.5569",Pylône autostable,"32,8m",TDF,2008-03-20,SUP,,True,False
610452,FREE MOBILE,5G NR 700,DE LA HIADÈRE D.100 ROCADE SUD EST (BOURDALAT) 64320 BIZANOS,64132,"43.2883,-0.3356",Pylône autostable,40m,HIVORY,2026-07-24,ALL,,False,False
611241,ORANGE,LTE 1800,"62, R DE LA FONTAINE CITÉ MABLY 42300 MABLY",42127,"46.0664,4.0664",Pylône autostable,42m,TOTEM,,AJO,,False,False
611674,ORANGE,5G NR 3500, (LES BRULERIES) 49650 ALLONNES,49002,"47.2953,0.0342",Pylône autostable,"38,5m",TDF,2026-07-02,ALL,,False,False
611716,ORANGE,GSM 900,D.958 - CHEM RURAL (LA NAUZE) 82800 MONTRICOUX,82132,"44.0814,1.6283",Pylône autostable,23m,TOTEM,1998-07-17,SUP,,False,False
611764,ORANGE,GSM 900,RTE DE GEZ /D102 (CANERIE) 65400 ARGELES GAZOST,65025,"43.0061,-0.1042",Pylône autostable,15m,TOTEM,2005-01-29,SUP,,False,False
611967,ORANGE,GSM 900, (LANDIECH) 46700 TOUZAC,46321,"44.4861,1.065",Pylône autostable,26m,TOTEM,1997-11-28,SUP,,False,False
612553,ORANGE,GSM 900,RTE DU LAVET 31210 MONTREJEAU,31390,"43.0919,0.5689",Pylône autostable,24m,TOTEM,2007-02-05,SUP,,False,False
612761,ORANGE,GSM 900,R DE LA CÔTE VC N°12 31340 VILLEMUR SUR TARN,31584,"43.8617,1.5106",Pylône autostable,13m,TOTEM,1998-12-11,SUP,,False,False
612799,BOUYGUES TELECOM,GSM 1800,R DU CIMETIÈRE (CH. RURAL N° 20) CHEM RURAL N°20 (CAMPAGNE DU BOIS L'HÔTEL DIEU) 60730 STE GENEVIEVE,60575,"49.29,2.2058",Château d'eau - réservoir,60m,"Commune, communauté de communes",1997-02-21,SUP,,False,False
614022,ORANGE,GSM 900,CHE DES ISLES (LES ESPIADES) 31260 MANE,31315,"43.0911,0.9572",Pylône autostable,33m,TOTEM,2003-07-24,SUP,,False,False
614028,BOUYGUES TELECOM,LTE 2100,D.130 - CHEM RURAL (LE GRAND BUISSON) 16250 VAL DES VIGNES,16175,"45.5322,-0.0425",Pylône autostable,36m,HIVORY,2026-07-15,ALL,,False,False
614065,ORANGE,GSM 900,GR 69 (LA FERRIÈRE) 47320 CLAIRAC,47065,"44.3608,0.3553",Pylône autostable,40m,HIVORY,2006-01-21,SUP,,False,False
614814,ORANGE,GSM 900,RELAIS HERTZIEN (VENTE FARINE) 31290 VILLEFRANCHE DE LAURAGAIS,31582,"43.4028,1.7247",Pylône autostable,"23,4m",TOTEM,1992-09-04,SUP,,False,False
615863,FREE MOBILE,"LTE 2100, LTE 2600",1930 CHEMIN DE LORIAZ LE COUTERAY (LA CHAMOSSIÈRE) 74660 VALLORCINE,74290,"46.0272,6.9136",Pylône autostable,"30,6m",HIVORY,,SUP,,False,True
616936,FREE MOBILE,5G NR 700,AV. DE L'ABBAYE D.10/N.90 (LES PALISSES) 38920 CROLLES,38140,"45.2761,5.8731",Pylône autostable,24m,TOTEM,2026-07-28,ALL,,False,False
616956,ONATI,LTE 800,ATOLL DE TAKUME ARCHIPEL DES TUAMOTU (TAHETO) 98790 MAKEMO,98726,"-15.8531,-142.2664",Pylône autostable,25m,Onati,,AJO,,False,False
617311,ORANGE,GSM 900, (BARBUT) 47340 LAROQUE TIMBAUT,47138,"44.2639,0.7322",Pylône autostable,38m,TOTEM,1999-01-29,SUP,,False,False
617418,SFR,GSM 900,32 AV JEAN JAURÈS 93700 DRANCY,93029,"48.9217,2.4483",Immeuble,18m,"Copropriété, Syndic, SCI",1999-12-02,SUP,,False,False
617926,ORANGE,"5G NR 700, 5G NR 3500",BEFFROI - HOTEL DE VILLE (GRAND'PLACE) 62120 AIRE SUR LA LYS,62014,"50.6383,2.3964",Monument historique,57m,"Commune, communauté de communes",2026-07-03,ALL,,False,False
618009,BOUYGUES TELECOM,5G NR 3500,14 AV YVES THÉPOT 29000 QUIMPER,29232,"47.9869,-4.095",Immeuble,"54,7m",Établissement de soins,2026-07-30,ALL,,False,False
618292,BOUYGUES TELECOM,LTE 1800,CH DU BOIS DE CALMONT 60480 ST ANDRE FARIVILLERS,60565,"49.5958,2.2908",Château d'eau - réservoir,"53,5m","Syndicat des eaux, Adduction",,AJO,,False,False
618292,BOUYGUES TELECOM,LTE 2100,CH DU BOIS DE CALMONT 60480 ST ANDRE FARIVILLERS,60565,"49.5958,2.2908",Château d'eau - réservoir,"53,5m","Syndicat des eaux, Adduction",2026-07-20,ALL,,False,False
618292,SFR,5G NR 2100,CH DU BOIS DE CALMONT 60480 ST ANDRE FARIVILLERS,60565,"49.5958,2.2908",Château d'eau - réservoir,"53,5m","Syndicat des eaux, Adduction",,AJO,,False,False
618316,BOUYGUES TELECOM,LTE 2600,VC DE HAMBACH À HERBITZHEIM (TURWIESE) 57910 HAMBACH,57289,"49.0489,7.0528",Pylône autostable,44m,ORANGE,2026-07-20,ALL,,False,False
618379,ORANGE,5G NR 700,"6, R DE LA VILLE ES COURS Z.I. DU VAL 35400 ST MALO",35288,"48.6364,-1.9808",Bâtiment,16m,"Copropriété, Syndic, SCI",,AJO,,False,False
618379,ORANGE,LTE 700,"6, R DE LA VILLE ES COURS Z.I. DU VAL 35400 ST MALO",35288,"48.6364,-1.9808",Bâtiment,16m,"Copropriété, Syndic, SCI",,SUP,,False,False
619923,ORANGE,GSM 900,D.43I - CHEM DE LASSÈRE (MENJOUNE ET GALINAT) 31560 CALMONT,31100,"43.2936,1.6336",Pylône autostable,33m,TOTEM,1996-01-12,SUP,,False,False
620251,ORANGE,GSM 900,340 RTE DE PAULHAC PRÈS CHATEAU D'EAU (CHÂTEAU CAMPAGNE) 31380 MONTASTRUC LA CONSEILLERE,31358,"43.7256,1.5844",Pylône autostable,46m,CELLNEX,2012-10-03,SUP,,False,False
620300,ORANGE,GSM 900,Z.I DU PARANT 46400 ST CERE,46251,"44.8569,1.88",Pylône autostable,27m,TOTEM,1997-05-30,SUP,,False,False
620306,SFR,GSM 900,PARKING P2 SERVICE  ADP BRETELLE DE SERVICE SODEXA 94390 PARAY VIEILLE POSTE,91479,"48.7294,2.3628",Pylône autostable,"29,9m","CCI, Ch Métier, Port Aut, Aéroport",2002-08-09,SUP,,False,False
620395,SFR,GSM 900,"2,4 R PIERRE SEMARD CITÉ DE LA SABLIERE 94310 ORLY",94054,"48.7436,2.4183",Immeuble,19m,Société HLM,2016-03-01,SUP,,False,False
620711,FREE MOBILE,"LTE 2100, 5G NR 700",CHEM RURAL DE CHEVIGNY (LA CHEVINIÈRE) 01310 CURTAFOND,01140,"46.2672,5.1078",Pylône autostable,42m,TOTEM,2026-07-07,ALL,,False,False
620946,SFR,"GSM 900, UMTS 900, LTE 700, LTE 800, LTE 1800, LTE 2100, LTE 2600, 5G NR 3500",RTE DE PALAVAS CAMPING LE CAMARGUAIS (TOURNEFORT) 34970 LATTES,34129,"43.5475,3.8953",Pylône autostable,15m,HIVORY,2023-02-16,SUP,,False,False
622064,BOUYGUES TELECOM,LTE 700,CHEM RURAL N° 28 (BELLE-VUE) 72300 JUIGNE SUR SARTHE,72151,"47.8592,-0.3142",Pylône autostable,30m,TOTEM,2026-08-03,AAV,,False,False
622504,ORANGE,GSM 900,R JEANNE PENENT 31220 CAZERES,31135,"43.2058,1.0822",Bâtiment,19m,ORANGE Services Fixes,2001-09-28,SUP,,False,False
622547,FREE MOBILE,"LTE 2100, 5G NR 700",CHEM DÉPARTEMENTAL N°23 (LE CHÂTENET) 86140 SCORBE CLAIRVAUX,86258,"46.8236,0.4078",Pylône autostable,"37,6m",TOTEM,2026-07-24,ALL,,False,False
622665,ORANGE,GSM 900,14 B  PL PRAX PARIS RÉS OCCITAN 82000 MONTAUBAN,82121,"44.0186,1.3572",Immeuble,34m,Particulier,1997-06-06,SUP,,False,False
622667,FREE MOBILE,5G NR 700,2 RUE JEAN GABRIEL GOULINEAT 82000 MONTAUBAN,82121,"44.0186,1.3675",Pylône autostable,52m,TOTEM,2026-07-24,ALL,,False,False
622667,ORANGE,GSM 900,2 RUE JEAN GABRIEL GOULINEAT 82000 MONTAUBAN,82121,"44.0186,1.3675",Pylône autostable,52m,TOTEM,1995-04-07,SUP,,False,False
622680,ORANGE,GSM 900,130 IMP BEAU DE ROCHAS ZI ALBASUD A 20 82000 MONTAUBAN,82121,"43.9822,1.3339",Pylône tubulaire,25m,TOTEM,2005-02-19,SUP,,False,False
622694,ORANGE,GSM 900,CHEM DE MÉNESCAL (FIGUÉRY) 82290 MONTBETON,82124,"44.0111,1.2453",Pylône autostable,30m,TOTEM,2008-01-21,SUP,,False,False
623176,FREE MOBILE,LTE 2100,RTE DE THORENS (LES MOUILLES BAUDY) 74800 ETAUX,74116,"46.0431,6.2575",Pylône autostable,"30,8m",TOTEM,,SUP,,False,False
623213,FREE MOBILE,"LTE 2100, 5G NR 700",D.135 - ZI (LA PLAINE DE SEILLEREAU) 79330 ST VARENT,79299,"46.9008,-0.2336",Pylône autostable,30m,TOTEM,2026-07-28,ALL,,False,False
623213,ORANGE,5G NR 700,D.135 - ZI (LA PLAINE DE SEILLEREAU) 79330 ST VARENT,79299,"46.9008,-0.2336",Pylône autostable,30m,TOTEM,2026-07-06,ALL,,False,False
623448,ORANGE,GSM 900,80 ALLÉES DE BARCELONE 31500 TOULOUSE,31555,"43.6083,1.4267",Immeuble,37m,"Copropriété, Syndic, SCI",2013-07-12,SUP,,False,False
623942,ORANGE,"UMTS 900, LTE 800, LTE 1800, LTE 2100",ROUTE D'ANGERS N162 (LES TROIS PILIERS) 49220 LE LION D ANGERS,49176,"47.62,-0.7108",Château d'eau - réservoir,45m,"Syndicat des eaux, Adduction",2018-11-30,SUP,,False,False
624046,BOUYGUES TELECOM,LTE 2100, (L'ORBI) 88310 VENTRON,88500,"47.9342,6.8831",Pylône autostable,46m,TDF,2026-07-20,ALL,,False,False
624541,BOUYGUES TELECOM,LTE 700,CHEMIN RURAL DE CHARCOA (XARKOA) 64120 ARHANSUS,64045,"43.2522,-1.0342",Pylône autostable,32m,SFR,,AJO,,False,False
624541,FREE MOBILE,"LTE 2100, LTE 2600",CHEMIN RURAL DE CHARCOA (XARKOA) 64120 ARHANSUS,64045,"43.2522,-1.0342",Pylône autostable,32m,SFR,,SUP,,False,True
624541,SFR,LTE 700,CHEMIN RURAL DE CHARCOA (XARKOA) 64120 ARHANSUS,64045,"43.2522,-1.0342",Pylône autostable,32m,SFR,,AJO,,False,False
624602,SRR,"LTE 1800, LTE 2100",CHEM VICTOR BELIER COMMUNE CARRON 97441 STE SUZANNE,97420,"-20.9381,55.6128",Pylône autostable,25m,Société Réunionnaise de Radiotéléphonie,2026-05-18,ART,,False,False
626459,BOUYGUES TELECOM,5G NR 2100,CHEMIN DE RUMILLY (LA VARIE) 10260 CHAPPES,10083,"48.1569,4.2428",Pylône autostable,"32,8m",TDF,2026-07-11,ALL,,False,False
627907,FREE MOBILE,"LTE 900, LTE 2100",275 R BLANQUI 33800 BORDEAUX,33063,"44.8775,-0.5481",Immeuble,26m,Société HLM,2026-07-07,ALL,,False,False
628349,FREE MOBILE,"LTE 2100, 5G NR 700",LES MONTILLAIS (LES CHESNAIES) 49170 ST MARTIN DU FOUILLOUX,49306,"47.4239,-0.7139",Château d'eau - réservoir,55m,"Syndicat des eaux, Adduction",2026-07-07,ALL,,False,False
628393,FREE MOBILE,LTE 2100,CHEM RURAL (WEINGAESSEL) 67270 GOUGENHEIM,67163,"48.6978,7.5856",Pylône autostable,32m,HIVORY,2026-07-07,ALL,,False,False
628449,BOUYGUES TELECOM,5G NR 3500,63 AV EDOUARD VAILLANT 92100 BOULOGNE BILLANCOURT,92012,"48.835,2.2486",Immeuble,34m,Société Privée,,AJO,,False,False
630753,BOUYGUES TELECOM,LTE 2100,15 R RODE BÂTIMENT ETS BEAUVAIS 33800 BORDEAUX,33063,"44.8525,-0.5722",Immeuble,28m,Société Privée,2017-12-20,SUP,,False,False
630896,BOUYGUES TELECOM,"GSM 1800, UMTS 2100",87-95 R VICTOR HUGO N.301 93300 AUBERVILLIERS,93001,"48.9061,2.3747",Immeuble,"39,7m",Société Privée,1997-11-14,SUP,,False,False
631917,ORANGE,GSM 900,88 R DES AUGUSTINS RÉSIDENCE LES THERMES 46000 CAHORS,46042,"44.4503,1.4389",Immeuble,31m,"Copropriété, Syndic, SCI",2006-06-13,SUP,,False,False
631959,ORANGE,GSM 900,SALESSOUS CHEM RURAL  (LEZ) 82250 LAGUEPIE,82088,"44.1681,1.9483",Château d'eau - réservoir,36m,"Syndicat des eaux, Adduction",2006-09-05,SUP,,False,False
631989,SFR,"LTE 700, LTE 2100, 5G NR 2100",CHEM RURAL N°21 (COURTEMICHE) 41500 MAVES,41130,"47.7589,1.3286",Tour hertzienne,107m,TDF,,AJO,,False,False
633244,ORANGE,"LTE 700, 5G NR 2100",CHEM RURAL STADE COMMUNAL (A VORPAT ET POMMIER RONDOT) 25390 FLANGEBOUCHE,25243,"47.1461,6.4633",Pylône autostable,40m,TOTEM,2026-07-07,ALL,,False,False
633319,ORANGE,LTE 2600,CHEM D'ACCES SANEF CHEM DES MOINES 80320 PUNCHY,80646,"49.7894,2.8025",Pylône autostable,30m,TOTEM,,AJO,,False,False
634329,ORANGE,"LTE 700, 5G NR 2100",PRÈS A71 CÔTÉ LES FOSSÉS (LES DURETS) 03190 HAUT BOCAGE,03158,"46.4972,2.6494",Pylône autostable,30m,TOTEM,2026-06-19,ART,,False,False
634335,ORANGE,5G NR 700,VC N° 11 (VALBURGE) 88220 XERTIGNY,88530,"48.04,6.4011",Pylône autostable,36m,TOTEM,2026-07-30,ALL,,False,False
635072,BOUYGUES TELECOM,LTE 700,LA DEMEURANTAIS 53500 ST DENIS DE GASTINES,53211,"48.3394,-0.8658",Pylône autostable,38m,TDF,,AJO,,False,False
636043,ORANGE,"LTE 700, 5G NR 2100", (VIGNES VAQUES) 42155 VILLEMONTAIS,42331,"45.9819,3.9456",Pylône autostable,24m,TOTEM,2026-06-22,ART,,False,False
636098,ORANGE,GSM 900,RTE DE MONDAVEZAN 31220 MARTRES TOLOSANE,31324,"43.2097,1.0214",Pylône autostable,24m,ORANGE,1998-02-13,SUP,,False,False
636160,FREE MOBILE,LTE 2100, (LES QUATRE ROUTES) 22330 LE MENE,22046,"48.2725,-2.5275",Pylône autostable,"40,5m",TOTEM,,SUP,,False,False
636942,FREE MOBILE,LTE 2100,CHEM RURAL (LE PORTAIL DE ROME) 46110 VAYRAC,46330,"44.9561,1.6797",Pylône autostable,26m,TOTEM,,SUP,,False,False
636942,ORANGE,GSM 900,CHEM RURAL (LE PORTAIL DE ROME) 46110 VAYRAC,46330,"44.9561,1.6797",Pylône autostable,26m,TOTEM,1997-06-13,SUP,,False,False
637056,SFR,GSM 900,6A R ELISÉE RECLUS IMM SAFC (QUARTIER ST CLAUDE) 25000 BESANCON,25056,"47.26,6.0114",Immeuble,23m,Société Privée,2000-05-02,SUP,,False,False
637511,ORANGE,"GSM 900, LTE 2100, 5G NR 3500",PRÈS D2 CHEM RURAL (BONFILS) 97122 BAIE MAHAULT,97103,"16.2467,-61.6294",Pylône autostable,25m,ORANGE,,AJO,,False,False
637511,ORANGE,LTE 2600,PRÈS D2 CHEM RURAL (BONFILS) 97122 BAIE MAHAULT,97103,"16.2467,-61.6294",Pylône autostable,25m,ORANGE,,SUP,,False,False
637829,ORANGE,GSM 900,PLANTAUREL (LIEURAC) 09300 ROQUEFORT LES CASCADES,09250,"42.9664,1.7536",Pylône autostable,24m,TDF,2005-06-11,SUP,,True,False
637848,ORANGE,GSM 900,PRÈS D.626 PYLÔNE F.T. (LE DURET) 32800 EAUZE,32119,"43.8575,0.0694",Pylône autostable,53m,TOTEM,1997-11-07,SUP,,False,False
637861,ORANGE,"5G NR 700, 5G NR 3500",D.960 - RTE DE SAUMUR STADE RENÉ REULLIER (LE POIRIER DU RENARD) 49560 LYS HAUT LAYON,49373,"47.1478,-0.5181",Pylône autostable,36m,TOTEM,,AJO,,False,False
638346,ORANGE,"LTE 2100, 5G NR 3500",IMPASSE BARLET PRÈS RN 2001 (BLONDE) 97170 PETIT BOURG,97118,"16.1969,-61.5992",Pylône autostable,33m,ORANGE Services Fixes,,AJO,,False,False
639079,ORANGE,5G NR 2100, (LE ROCHER ROUX) 05400 MONTMAUR,05087,"44.5647,5.8967",Pylône autostable,30m,TOTEM,2026-06-16,ART,,False,False
639083,ORANGE,"5G NR 700, 5G NR 3500",ATELIERS MUNICIPAUX  (Z.I.LES SABOTIERS) 49350 GENNES VAL DE LOIRE,49261,"47.33,-0.2381",Pylône autostable,36m,TOTEM,2026-07-21,ALL,,False,False
639604,ORANGE,GSM 900,CHEM DE COURTY 82130 LAMOTHE CAPDEVILLE,82090,"44.0836,1.3642",Pylône autostable,"36,5m",TOTEM,2011-07-05,SUP,,False,False
639649,SFR,LTE 700, (SERRELA CHATTE) 05800 ST FIRMIN,05142,"44.7889,6.0167",Pylône autostable,45m,TOTEM,2026-07-08,ALL,,False,False
642078,BOUYGUES TELECOM,"LTE 2100, 5G NR 2100",SILOS (LES OUCHES ST MARTIN) 51460 COURTISOLS,51193,"48.9872,4.5075",Silo,42m,"Coopérative Agricole, Vinicole",2026-07-20,AJA,,False,False
642078,BOUYGUES TELECOM,UMTS 2100,SILOS (LES OUCHES ST MARTIN) 51460 COURTISOLS,51193,"48.9872,4.5075",Silo,42m,"Coopérative Agricole, Vinicole",2016-06-20,SUP,,False,False
642078,SFR,5G NR 2100,SILOS (LES OUCHES ST MARTIN) 51460 COURTISOLS,51193,"48.9872,4.5075",Silo,42m,"Coopérative Agricole, Vinicole",,AJO,,False,False
642078,SFR,UMTS 2100,SILOS (LES OUCHES ST MARTIN) 51460 COURTISOLS,51193,"48.9872,4.5075",Silo,42m,"Coopérative Agricole, Vinicole",2016-06-30,SUP,,False,False
642160,BOUYGUES TELECOM,"LTE 2100, LTE 2600",RD 19 (LA MAISON NEUVE) 79380 MONCOUTANT SUR SEVRE,79179,"46.7192,-0.5767",Pylône autostable,49m,HIVORY,2026-06-29,ART,,False,False
642160,SFR,"LTE 700, LTE 2100, LTE 2600, 5G NR 3500",RD 19 (LA MAISON NEUVE) 79380 MONCOUTANT SUR SEVRE,79179,"46.7192,-0.5767",Pylône autostable,49m,HIVORY,2026-07-15,ALL,,False,False
642932,BOUYGUES TELECOM,LTE 700,PRÈS D5 STADE MUNICIPAL (LES GRÈS) 83136 LA ROQUEBRUSSANNE,83108,"43.3497,5.9692",Pylône arbre,20m,HIVORY,2026-08-03,AAV,,False,False
642985,BOUYGUES TELECOM,LTE 2100,D.479 - CHÂTEAU D'EAU (LE DIGUET) 50540 ISIGNY LE BUAT,50256,"48.6156,-1.21",Pylône autostable,"31,2m",TOTEM,2026-06-29,ART,,False,False
642985,SFR,LTE 2100,D.479 - CHÂTEAU D'EAU (LE DIGUET) 50540 ISIGNY LE BUAT,50256,"48.6156,-1.21",Pylône autostable,"31,2m",TOTEM,2026-07-08,ALL,,False,False
643490,BOUYGUES TELECOM,LTE 2100,R DU PUITS ROYAU CHÂTEAU D'EAU LES AJOTS 52100 ST DIZIER,52448,"48.6303,4.9439",Château d'eau - réservoir,25m,"Commune, communauté de communes",2026-07-10,ALL,,False,False
643600,BOUYGUES TELECOM,LTE 2100,R DES USINES HAMEAU DE GUILLENFOSSE  (LA TÊTE DE MOUSSE) 60850 ST GERMER DE FLY,60577,"49.4458,1.8183",Pylône autostable,40m,HIVORY,2026-07-08,ALL,,False,False
644697,BOUYGUES TELECOM,LTE 2600,KERBIGUET D 773 (L'ABBAYE) 56380 GUER,56075,"47.9158,-2.1231",Pylône autostable,48m,TDF,2026-07-13,ALL,,False,False
644697,SFR,"LTE 700, LTE 2600",KERBIGUET D 773 (L'ABBAYE) 56380 GUER,56075,"47.9158,-2.1231",Pylône autostable,48m,TDF,2026-07-22,ALL,,False,False
644751,BOUYGUES TELECOM,LTE 1800, (PENTREZ-PLAGE) 29550 ST NIC,29256,"48.1992,-4.3047",Château d'eau - réservoir,35m,"Syndicat des eaux, Adduction",,AJO,,True,False
644751,ORANGE,LTE 1800, (PENTREZ-PLAGE) 29550 ST NIC,29256,"48.1992,-4.3047",Château d'eau - réservoir,35m,"Syndicat des eaux, Adduction",,AJO,,True,False
644751,SFR,LTE 1800, (PENTREZ-PLAGE) 29550 ST NIC,29256,"48.1992,-4.3047",Château d'eau - réservoir,35m,"Syndicat des eaux, Adduction",,AJO,,True,False
646219,ORANGE,GSM 900, (MONTSEC) 09300 LAVELANET,09160,"42.92,1.8608",Pylône autostable,24m,TOTEM,1997-09-05,SUP,,False,False
646871,FREE MOBILE,"LTE 2100, 5G NR 700",R DU CHÂTEAU D'EAU (LA MOTTE) 89710 MONTHOLON,89003,"47.8717,3.34",Château d'eau - réservoir,30m,"Commune, communauté de communes",2026-07-07,ALL,,False,False
647244,SFR,LTE 700,R DE LA COOPERATIVE PL DE LA CAVE LES AIRES 34160 BEAULIEU,34027,"43.7306,4.0197",Bâtiment,20m,"Coopérative Agricole, Vinicole",,AJO,,False,False
647837,ORANGE,"LTE 700, 5G NR 2100", (JAMBERT) 33125 LOUCHATS,33251,"44.5181,-0.55",Pylône autostable,"50,2m",HIVORY,2026-07-17,ALL,,False,False
647930,SFR,LTE 700,HAMEAU DES COQUETTES RD 84 (LES HURETS) 37320 ST BRANCHS,37211,"47.2311,0.7575",Château d'eau - réservoir,44m,"Syndicat des eaux, Adduction",,AJO,,False,False
647968,ORANGE,"UMTS 900, LTE 1800, LTE 2100",TERRAIN COMMUNAL ANCIENNE DÉCHETTERIE (OBERSTE WIESEN) 57800 ROSBRUCK,57596,"49.1569,6.8539",Pylône autostable,"37,4m",BOUYGUES,2026-07-01,ART,,False,False
648063,ORANGE,"5G NR 700, 5G NR 3500","226, AV DU MAINE 75014 PARIS 14",75114,"48.8286,2.3261",Immeuble,42m,"Copropriété, Syndic, SCI",2025-07-28,AJR,,False,False
648065,FREE MOBILE,5G NR 700,STE BAUME CSEC 83640 PLAN D AUPS STE BAUME,83093,"43.3303,5.7144",Pylône autostable,21m,TOTEM,2026-07-28,ALL,,False,False
648383,BOUYGUES TELECOM,LTE 2600,CHEM RURAL N° 34 DIT DU RELAIS (PUECH CLERGUE) 12420 ARGENCES EN AUBRAC,12223,"44.7989,2.7458",Pylône autostable,"31,5m",TOTEM,2026-07-25,ALL,,False,False
648458,BOUYGUES TELECOM,LTE 2600,ALL DE L'ÉCUSSON STADE 49600 MONTREVAULT SUR EVRE,49218,"47.2703,-1.0333",Pylône autostable,50m,HIVORY,,SUP,,False,False
650067,BOUYGUES TELECOM,LTE 2100, (PUNTA DI TRAGUNATU) 20160 BALOGNA,2A028,"42.1772,8.7931",Pylône tubulaire,40m,TDF,2026-07-20,ALL,,False,False
650141,ORANGE,"LTE 800, LTE 2100, LTE 2600, 5G NR 700, 5G NR 3500",68/70 R ST CHARLES 75015 PARIS 15,75115,"48.8481,2.2861",Immeuble,"36,5m",Société HLM,2026-07-15,AJA,,False,False
651242,BOUYGUES TELECOM,5G NR 3500,2 SQ DESNOUETTES 75015 PARIS 15,75115,"48.8347,2.2836",Immeuble,38m,"Copropriété, Syndic, SCI",2026-07-06,ALL,,False,False
651422,SRR,"LTE 700, LTE 2100, 5G NR 3500",RTE DE MAFATE LYCEE AGRICOLE 97460 ST PAUL,97415,"-20.9747,55.3256",Pylône autostable,25m,Société Réunionnaise de Radiotéléphonie,2026-08-04,AJO,,False,False
651422,SRR,UMTS 2100,RTE DE MAFATE LYCEE AGRICOLE 97460 ST PAUL,97415,"-20.9747,55.3256",Pylône autostable,25m,Société Réunionnaise de Radiotéléphonie,2010-02-17,SUP,,False,False
651875,SFR,"LTE 700, LTE 2600, 5G NR 3500",PROMENADE MARCEL PROUST GRAND HÔTEL JARDIN DU CASINO 14390 CABOURG,14117,"49.2939,-0.1156",Immeuble,25m,"Commune, communauté de communes",,AJO,,False,False
651965,BOUYGUES TELECOM,LTE 2100,R DE LA GUINOTERIE ZI DE MONDANT 51210 MONTMIRAIL,51380,"48.8711,3.5589",Pylône tubulaire,32m,ATC FRANCE,,AJO,,False,False
652529,FREE MOBILE,"LTE 700, LTE 900, LTE 1800, LTE 2100, LTE 2600, 5G NR 3500",10B R DU MARÉCHAL LECLERC CSEC (LA GARE DU NORD) 33380 MIOS,33284,"44.6008,-0.9325",Pylône autostable,"40,2m",HIVORY,2026-07-07,ALL,,False,True
653335,ORANGE,GSM 900,CHEMIN DE VIELLE AURE STADE 65170 ST LARY SOULAN,65388,"42.8214,0.3231",Pylône autostable,23m,TOTEM,1997-04-18,SUP,,False,False
654311,SRR,"LTE 700, LTE 2100, 5G NR 3500",STADE MUNICIPAL R PAUL JULIUS BENARD (PLATEAU CAILLOU) 97460 ST PAUL,97415,"-21.0286,55.2681",Pylône autostable,25m,"Commune, communauté de communes",2026-07-02,ALL,,False,False
654989,FREE MOBILE,5G NR 700,ROUTE DE SAINT-SAUVEUR CENTRAL TÉLÉPHONIQUE PRÈS GYMNASE 00404 ERR CONV INSEE,49069,"47.2658,-1.2447",Pylône autostable,36m,TOTEM,2026-07-24,ALL,,False,False
655507,ORANGE,"LTE 700, 5G NR 2100",8B R NONGESSER ET COLI (R DE TERCIS) 40100 DAX,40088,"43.6931,-1.0678",Pylône tubulaire,27m,TOTEM,,AJO,,False,False
655507,ORANGE,"LTE 2100, 5G NR 700, 5G NR 3500",8B R NONGESSER ET COLI (R DE TERCIS) 40100 DAX,40088,"43.6931,-1.0678",Pylône tubulaire,27m,TOTEM,2022-11-04,SUP,,False,False
656046,ORANGE,"LTE 700, LTE 2100",STADE  LA CROIX PRÉS N5 (LA CROIX) 97160 LE MOULE,97117,"16.3328,-61.3906",Pylône autostable,25m,ORANGE,,AJO,,False,False
656055,BOUYGUES TELECOM,"LTE 700, LTE 1800, LTE 2100, 5G NR 2100",CHEM LES BLAQUIÈRES (LES BLAQUIÈRES) 34220 COURNIOU,34086,"43.4742,2.7017",Pylône autostable,28m,HIVORY,,AJO,,False,False
656393,FREE MOBILE,"LTE 2100, LTE 2600",RN 85 - CHEM DU BOIS DE BRIASQ (LE CASTELLAS) 06460 ESCRAGNOLLES,06058,"43.7258,6.7947",Pylône autostable,27m,TDF,,SUP,,False,True
656484,ORANGE,GSM 900,AV. DU CASSOU DE HERRE 32110 NOGARO,32296,"43.7572,-0.0417",Pylône autostable,33m,TOTEM,2012-08-22,SUP,,False,False
656512,ORANGE,"LTE 700, LTE 1800, 5G NR 2100",MAS DE LA SORT (LA REDOUTE) 66260 ST LAURENT DE CERDANS,66179,"42.3922,2.6094",Pylône autostable,29m,HIVORY,2026-07-16,ALL,,False,False
656972,ORANGE,"5G NR 700, 5G NR 3500",R DU CH D'EAU (LES GUENOCHÈRES) 41250 BRACIEUX,41025,"47.5444,1.5456",Château d'eau - réservoir,39m,"Syndicat des eaux, Adduction",,AJO,,False,False
656972,ORANGE,LTE 700,R DU CH D'EAU (LES GUENOCHÈRES) 41250 BRACIEUX,41025,"47.5444,1.5456",Château d'eau - réservoir,39m,"Syndicat des eaux, Adduction",2021-04-21,SUP,,False,False
657146,ORANGE,GSM 900,1 PL CARNOT 46100 FIGEAC,46102,"44.6092,2.0342",Bâtiment,17m,"Copropriété, Syndic, SCI",2010-01-26,SUP,,False,False
657282,ORANGE,GSM 900,CHÂTEAU D'EAU DE MIELAN (MAJESTÉ DESSUS) 32170 MIELAN,32252,"43.425,0.3061",Château d'eau - réservoir,28m,"Syndicat des eaux, Adduction",1996-09-06,SUP,,False,False
657310,ORANGE,GSM 900,CHEM RURAL (COMBES PLEINES BOIS LOZIER) 46240 LAMOTHE CASSEL,46151,"44.6156,1.4911",Pylône autostable,36m,HIVORY,2009-12-23,SUP,,False,False
657314,ORANGE,GSM 900,VC N° 503 (RAYNE) 47430 STE MARTHE,47253,"44.4239,0.1511",Pylône autostable,30m,TOTEM,1997-12-16,SUP,,False,False
657902,SFR,"LTE 700, LTE 1800, LTE 2100, 5G NR 2100",RD 765 (LE CHAMP DES GOURDES) 41250 FONTAINES EN SOLOGNE,41086,"47.4667,1.5136",Pylône autostable,42m,TDF,,AJO,,False,False
657959,SFR,"GSM 900, UMTS 900, UMTS 2100, LTE 800",A 11 PK 158 72470 ST MARS LA BRIERE,72300,"48.0539,0.3558",Pylône autostable,49m,HIVORY,1995-08-01,SUP,,False,False
657998,ORANGE,GSM 900,VIEUX CHEM DE CALIFORNIE (ACAJOU) 97232 LE LAMENTIN,97213,"14.6197,-61.0131",Pylône haubané,15m,ORANGE,1997-05-01,SUP,,False,False
659644,BOUYGUES TELECOM,LTE 2100,25 VICTOR HUGO OCEANIA 33700 MERIGNAC,33281,"44.8225,-0.6278",Pylône arbre,"11,9m",BOUYGUES,2017-12-20,SUP,,False,False
660092,ORANGE,GSM 900,PRÈS RN1 (PELLETIER) 97232 LE LAMENTIN,97213,"14.6547,-60.9731",Pylône autostable,30m,ORANGE,2004-09-06,SUP,,False,False
660101,ORANGE,GSM 900,LES HAUTS DE CALIFORNIE POINT MAT_PRÉS D14A (CALIFORNIE) 97232 LE LAMENTIN,97213,"14.6206,-61.0322",Pylône autostable,20m,ORANGE,1999-03-24,SUP,,False,False
660107,ORANGE,"LTE 700, LTE 2100, 5G NR 3500",AU SOMMET DU CHEM DU CALVAIRE PROCHE EGLISE DE STE ANNE 97227 STE ANNE,97226,"14.4344,-60.8792",Pylône haubané,17m,ORANGE,,AJO,,False,False
660107,ORANGE,GSM 900,AU SOMMET DU CHEM DU CALVAIRE PROCHE EGLISE DE STE ANNE 97227 STE ANNE,97226,"14.4344,-60.8792",Pylône haubané,17m,ORANGE,2006-03-17,SUP,,False,False
660735,ORANGE,"LTE 2100, 5G NR 3500",CHEM COMMUNAL (GUEYDON) 97270 ST ESPRIT,97223,"14.5656,-60.9325",Pylône autostable,22m,ORANGE,,AJO,,False,False
660850,ORANGE,"5G NR 700, 5G NR 3500",C.R N°17 SITE TDF (LA CÔTE) 38930 CLELLES,38113,"44.8317,5.6217",Pylône autostable,25m,TDF,,AJO,,False,False
660850,ORANGE,LTE 700,C.R N°17 SITE TDF (LA CÔTE) 38930 CLELLES,38113,"44.8317,5.6217",Pylône autostable,25m,TDF,2021-03-16,SUP,,False,False
661161,ORANGE,GSM 900,CHEM DU CALMONTAIS A CÔTÉ DU RÉSERVOIR DE MAUVAISIN (SICARDOU) 31190 AUTERIVE,31033,"43.3578,1.5167",Pylône autostable,33m,TOTEM,2007-02-17,SUP,,False,False
661508,BOUYGUES TELECOM,LTE 700,MENONVILLE CD 154 (LA CROIX DE BOIS) 28150 VILLARS,28411,"48.2297,1.5386",Pylône autostable,35m,TDF,,AJO,,False,False
662282,SFR,GSM 900,"90/94, R DES SAULES 76620 LE HAVRE",76351,"49.5117,0.1553",Immeuble,22m,Société HLM,1997-09-15,SUP,,False,False
662646,ORANGE,"5G NR 700, 5G NR 3500",70 CHEM DE ST ETIENNE 69210 L ARBRESLE,69010,"45.8322,4.6044",Pylône autostable,31m,TOTEM,,AJO,,False,False
663312,SFR,LTE 700,A11/SORTIE 3/PÉAGE GENDARMERIE (LES CHAIGNOTS) 28630 THIVARS,28388,"48.3658,1.4436",Pylône autostable,45m,"État, Ministère",,AJO,,False,False
663340,ORANGE,GSM 900,D.15 LOT LA MAUGÉE (LA MAUGÉE) 97232 LE LAMENTIN,97213,"14.6417,-61.0114",Pylône autostable,30m,ORANGE,2006-02-03,SUP,,False,False
663346,ORANGE,GSM 900,BD FERNAND GUILON STADE YVES ADÈLE 97232 LE LAMENTIN,97213,"14.615,-60.9981",Pylône autostable,22m,ORANGE,2000-04-20,SUP,,False,False
663460,BOUYGUES TELECOM,,12 R HAXO 75020 PARIS 20,75120,"48.8706,2.4053",Immeuble,"32,8m",Société HLM,2021-01-27,CHH,32m,False,False
663651,FREE MOBILE,"LTE 2100, 5G NR 700",CHEM COMUNAL N°212 (LES COMBETTES) 24480 LE BUISSON DE CADOUIN,24068,"44.8347,0.8494",Pylône autostable,38m,TOTEM,2026-07-24,ALL,,False,False
663751,ORANGE,GSM 900,PRÉS D3 PYLONETDF (MANGOT VULCIN) 97232 LE LAMENTIN,97213,"14.6269,-60.9886",Pylône autostable,"75,4m",TDF,1998-01-01,SUP,,False,False
664397,SFR,LTE 700, (MAUCHAMP) 42740 DOIZIEUX,42085,"45.4317,4.5844",Pylône autostable,25m,TDF,,AJO,,False,False
664914,ORANGE,GSM 900,7 AV EDOUARD BELIN 31500 TOULOUSE,31555,"43.5636,1.4844",Pylône tubulaire,"26,7m",TOTEM,2010-02-01,SUP,,False,False
664921,ORANGE,"5G NR 700, 5G NR 3500", (LES ESSARTS) 04140 SEYNE,04205,"44.3333,6.3417",Pylône autostable,25m,TDF,,AJO,,False,False
664921,ORANGE,LTE 700, (LES ESSARTS) 04140 SEYNE,04205,"44.3333,6.3417",Pylône autostable,25m,TDF,2020-02-18,SUP,,False,False
665020,ORANGE,GSM 900,MORNE BALATA D.28 (ROCHES CARRÉES) 97232 LE LAMENTIN,97213,"14.6333,-60.9539",Immeuble,16m,Inconnu,2006-02-17,SUP,,False,False
665726,BOUYGUES TELECOM,LTE 2100,CHEM DE CARBONNEL (LE TARDA) 31190 MAURESSAC,31330,"43.3122,1.4381",Pylône autostable,30m,SFR,2026-07-23,ALL,,False,False
665844,ORANGE,"LTE 700, LTE 2100",N. 4 (LABROUSSE) 97190 LE GOSIER,97113,"16.2208,-61.5175",Pylône autostable,20m,ORANGE,,AJO,,False,False
665844,ORANGE,LTE 2600,N. 4 (LABROUSSE) 97190 LE GOSIER,97113,"16.2208,-61.5175",Pylône autostable,20m,ORANGE,2019-07-11,SUP,,False,False
666136,ORANGE,"LTE 700, 5G NR 2100",FERME DE GRANDCHAMPS 77440 JAIGNES,77235,"48.9956,3.1003",Pylône tubulaire,30m,TOTEM,2026-07-15,AJA,,False,False
666136,ORANGE,LTE 2100,FERME DE GRANDCHAMPS 77440 JAIGNES,77235,"48.9956,3.1003",Pylône tubulaire,30m,TOTEM,2021-02-16,SUP,,False,False
666505,BOUYGUES TELECOM,LTE 700,A 83 - PK 88.2 (GRAND VANZAY) 85370 MOUZEUIL ST MARTIN,85158,"46.4825,-0.9525",Pylône autostable,"49,3m",Sociétés d'Autoroutes,2026-07-15,ALL,,False,False
666505,SFR,LTE 700,A 83 - PK 88.2 (GRAND VANZAY) 85370 MOUZEUIL ST MARTIN,85158,"46.4825,-0.9525",Pylône autostable,"49,3m",Sociétés d'Autoroutes,,AJO,,False,False
666856,ORANGE,5G NR 2100, (SERRE LA CHAUMETTE) 05140 ST JULIEN EN BEAUCHENE,05146,"44.6242,5.6947",Pylône autostable,22m,HIVORY,2026-06-19,ART,,False,False
666910,BOUYGUES TELECOM,LTE 700, (CROIX D'ARFEUILLE) 23460 ROYERE DE VASSIVIERE,23165,"45.8375,1.9158",Pylône autostable,37m,HIVORY,2026-07-06,ALL,,False,False
666910,SFR,LTE 700, (CROIX D'ARFEUILLE) 23460 ROYERE DE VASSIVIERE,23165,"45.8375,1.9158",Pylône autostable,37m,HIVORY,,AJO,,False,False
667141,BOUYGUES TELECOM,LTE 2100, (LES PETITS BOIS) 17330 VILLENEUVE LA COMTESSE,17474,"46.0922,-0.5356",Pylône autostable,45m,TDF,2026-07-20,ALL,,False,False
667180,BOUYGUES TELECOM,LTE 2100, (FOND DE CESSEAUX) 19430 GOULLES,19086,"45.0161,2.0553",Pylône autostable,35m,HIVORY,2026-07-22,ALL,,False,False
667947,ORANGE,GSM 900, (FORT CÉPÉROU) 97300 CAYENNE,97302,"4.9372,-52.3367",Pylône autostable,30m,Autres,1999-05-30,SUP,,False,False
667965,BOUYGUES TELECOM,LTE 1800,LAFAGE RTE DU SOURBIER (TRÉMOUILH) 24150 COUZE ET ST FRONT,24143,"44.8181,0.6969",Pylône autostable,43m,Conseil Départemental,,AJO,,False,False
667965,SFR,LTE 1800,LAFAGE RTE DU SOURBIER (TRÉMOUILH) 24150 COUZE ET ST FRONT,24143,"44.8181,0.6969",Pylône autostable,43m,Conseil Départemental,,AJO,,True,False
667992,ORANGE,5G NR 700,5 R DIDEROT 69600 OULLINS PIERRE BENITE,69149,"45.715,4.8103",Immeuble,22m,ORANGE Services Fixes,2026-07-22,ALL,,False,False
668018,ORANGE,GSM 900,CANAL LEBLOND  PRÈS STADE (ILET MALOUIN) 97300 CAYENNE,97302,"4.9317,-52.3342",Pylône autostable,41m,ORANGE,2006-02-15,SUP,,False,False
668060,ORANGE,GSM 900,65 CHEM D'EN SIGAL CENTRAL TÉLÉPHONIQUE 31770 COLOMIERS,31149,"43.6064,1.3272",Pylône autostable,38m,TOTEM,1992-09-04,SUP,,False,False
668064,ORANGE,GSM 900,108 CHEMIN DE PÉRIOLE CPE JOLIMONT 31500 TOULOUSE,31555,"43.6175,1.4614",Immeuble,30m,ORANGE Services Fixes,2013-07-19,SUP,,False,False
668068,ORANGE,GSM 900,6 AV ALBERT DURAND 31700 BLAGNAC,31069,"43.6353,1.3747",Immeuble,25m,ORANGE,2013-07-12,SUP,,False,False
668076,ORANGE,GSM 900,16 ALL DE BARCELONE CITE UNIVERSITAIRE 31500 TOULOUSE,31555,"43.6058,1.4344",Immeuble,48m,"Copropriété, Syndic, SCI",2011-10-21,SUP,,False,False
668078,ORANGE,GSM 900,"165, AV DES MINIMES CU 31500 TOULOUSE",31555,"43.6258,1.4336",Immeuble,40m,La Poste,2011-09-20,SUP,,False,False
668084,ORANGE,GSM 900,AV. DU CHÂTEAU D'EAU CHÂTEAU D'EAU 31490 BRAX,31088,"43.6186,1.2356",Château d'eau - réservoir,34m,"Commune, communauté de communes",2011-12-20,SUP,,False,False
668089,ORANGE,GSM 900,48 CHEM DE TOURNEFEUILLE 31500 TOULOUSE,31555,"43.5922,1.3628",Pylône tubulaire,19m,TOTEM,2013-07-12,SUP,,False,False
668091,ORANGE,GSM 900,"10, CHEM DE COURNAUDIS CLINIQUE DES PYRÉNÉES 31770 COLOMIERS",31149,"43.5981,1.3389",Immeuble,30m,Établissement de soins,1996-01-12,SUP,,False,False
668114,ORANGE,GSM 900,RUE DE LA CADENE 31500 TOULOUSE,31555,"43.6553,1.4258",Pylône tubulaire,25m,TOTEM,1996-05-03,SUP,,False,False
668127,ORANGE,GSM 900,256 AV. DE GRANDE BRETAGNE 31500 TOULOUSE,31555,"43.6033,1.4083",Immeuble,"20,1m","Copropriété, Syndic, SCI",2013-07-12,SUP,,False,False
668130,ORANGE,GSM 900,"5, RENÉ NELLI 31500 TOULOUSE",31555,"43.6464,1.4389",Bâtiment,28m,Société Privée,2004-04-19,SUP,,False,False
668134,ORANGE,GSM 900,1 AV DE LA MARQUEILLE 31650 ST ORENS DE GAMEVILLE,31506,"43.5631,1.5211",Pylône tubulaire,18m,TOTEM,2013-07-12,SUP,,False,False
668136,ORANGE,GSM 900,CHEM DE LA LOGE - D.4D LA SNPE (PONTS D'EMPALOT) 31500 TOULOUSE,31555,"43.5706,1.4358",Pylône autostable,25m,TOTEM,2013-08-09,SUP,,False,False
668143,ORANGE,GSM 900,60 R DES 36 PONTS 31500 TOULOUSE,31555,"43.59,1.4486",Immeuble,"25,5m","Copropriété, Syndic, SCI",1996-09-06,SUP,,False,False
668394,ORANGE,GSM 900,44 CHEM DUROUX 31500 TOULOUSE,31555,"43.5936,1.4775",Tour hertzienne,71m,ORANGE Services Fixes,2013-07-12,SUP,,False,False
668486,ORANGE,"LTE 700, 5G NR 2100",44 R DE PARIS 28150 BEAUVILLIERS,28032,"48.2961,1.6567",Château d'eau - réservoir,24m,"Commune, communauté de communes",2026-07-10,ALL,,False,False
668496,ORANGE,GSM 900,CHEM RURAL PRÈS D.17 (LA BESSE) 46240 COEUR DE CAUSSE,46138,"44.6458,1.5714",Pylône autostable,52m,TOTEM,2007-02-03,SUP,,False,False
668923,ORANGE,GSM 900,D.210 (LE PALIDOR - COLOMBIER) 97133 ST BARTHELEMY,97701,"17.9111,-62.8511",Pylône autostable,21m,TDF,2009-01-15,SUP,,False,False
669169,ORANGE,GSM 900,D.40 (LE GRAND BALÈS) 31310 MONTESQUIEU VOLVESTRE,31375,"43.205,1.1856",Pylône autostable,36m,TOTEM,1998-02-13,SUP,,False,False
669179,ORANGE,GSM 900,CD 1 DE LECTOURE À SORÈZE (EN VIÉ) 31460 AURIAC SUR VENDINELLE,31026,"43.525,1.8433",Pylône autostable,35m,HIVORY,2010-09-16,SUP,,False,False
669750,ORANGE,GSM 900,2 R CAMBOULIVES (BASSO CAMBO) 31500 TOULOUSE,31555,"43.5703,1.3892",Immeuble,23m,Société Privée,2013-07-12,SUP,,False,False
669752,ORANGE,GSM 900,"10, IMP SAUDRUNE 31140 LAUNAGUET",31282,"43.6747,1.445",Mât,20m,TOTEM,2013-07-12,SUP,,False,False
669779,ORANGE,GSM 900,"37, BD  JEAN BRUNHES 31500 TOULOUSE",31555,"43.6017,1.4206",Immeuble,30m,"Copropriété, Syndic, SCI",1996-10-31,SUP,,False,False
669813,ORANGE,GSM 900,1 IMP LAURENT GUERRERO 31500 TOULOUSE,31555,"43.5758,1.4839",Immeuble,25m,Société HLM,2011-11-09,SUP,,False,False
669818,BOUYGUES TELECOM,GSM 1800,171 R ST DENIS 93100 MONTREUIL,93048,"48.8756,2.4497",Immeuble,34m,"Copropriété, Syndic, SCI",1998-02-06,SUP,,False,False
669820,ORANGE,GSM 900,7 R DU VIVIER 31270 CUGNAUX,31157,"43.5369,1.3372",Immeuble,28m,"Copropriété, Syndic, SCI",1996-12-21,SUP,,False,False
669828,ORANGE,GSM 900,"5, PL PERGOLA 31500 TOULOUSE",31555,"43.585,1.4731",Immeuble,17m,Société HLM,2013-07-12,SUP,,False,False
669849,ORANGE,GSM 900,"87, R JEAN GAYRAL EDF 31500 TOULOUSE",31555,"43.6167,1.4181",Immeuble,39m,EDF ou GDF,1996-12-06,SUP,,False,False
670584,ORANGE,5G NR 700,R DE LA FRONTIERE - D26 (WEIHER) 57490 CARLING,57123,"49.1681,6.7208",Pylône tubulaire,30m,SNCF Réseau,2026-07-23,ALL,,False,False
671255,ORANGE,"LTE 700, LTE 1800, 5G NR 2100",CHEM RURAL DES CHAMPS DU THEIL (LES CHAUMES) 86700 VALENCE EN POITOU,86082,"46.2792,0.2461",Pylône autostable,33m,ATC FRANCE,,AJO,,False,False
671290,ORANGE,GSM 900, (A MONS) 32130 SAMATAN,32410,"43.4828,0.9444",Pylône autostable,"24,9m",TOTEM,1997-07-18,SUP,,False,False
671373,BOUYGUES TELECOM,LTE 1800,PECH BRUNET PRÈS D.20 (VIANDÈS) 82270 MONTPEZAT DE QUERCY,82131,"44.2508,1.5103",Pylône autostable,40m,Sociétés d'Autoroutes,,AJO,,False,False
671894,ORANGE,GSM 900, (BLAZY) 31390 CARBONNE,31107,"43.2939,1.235",Pylône tubulaire,"19,3m",HIVORY,2010-12-16,SUP,,False,False
672305,TELCO OI,LTE 2100,"R DE L'ARCHIPEL, IMM BURHANELEC KAWENI 97605 MAMOUDZOU",97611,"-12.7747,45.2244",Bâtiment,14m,Société Privée,2025-06-03,ART,,False,False
672311,TELCO OI,LTE 2100,1 R KOUAKOUA BONOVO (MTSAPERE) 97605 MAMOUDZOU,97611,"-12.79,45.2192",Mât béton,16m,Telco OI,2025-06-03,ART,,False,False
672609,ORANGE,"LTE 700, LTE 800, LTE 2600, 5G NR 3500",D208 - GALISBAY MARIGOT (BAIE NETTLÉ) 97150 ST MARTIN,97801,"18.0608,-63.1103",Mât,"22,6m",ORANGE,,AJO,,False,False
672609,ORANGE,GSM 900,D208 - GALISBAY MARIGOT (BAIE NETTLÉ) 97150 ST MARTIN,97801,"18.0608,-63.1103",Mât,"22,6m",ORANGE,2004-04-10,SUP,,False,False
67268,SRR,LTE 2100,GFA DES GIROFLES BASSE VALLEE (BASSE VALLÉE) 97480 ST JOSEPH,97412,"-21.3747,55.7094",Mât béton,20m,Société Réunionnaise de Radiotéléphonie,2026-06-27,ART,,False,False
672687,FREE MOBILE,"LTE 2100, 5G NR 700",CHEM D'EXPLOITATION  LES FRÈRES JEAN (LES BOULARDS) 60850 ST PIERRE ES CHAMPS,60592,"49.4178,1.7367",Pylône autostable,45m,TDF,2026-07-28,ALL,,False,False
672720,FREE MOBILE,"LTE 700, LTE 2100",4 R CHARLES FRIEDEL ENTREPRISE STRACEL BASSIN RENÉ GRAFF 67200 STRASBOURG,67482,"48.565,7.7961",Pylône autostable,43m,TOTEM,2026-07-07,ALL,,False,False
673308,ORANGE,GSM 900,A61 - AIRE DE SERVICE DE PORT LAURAGAIS 31290 AVIGNONET LAURAGAIS,31037,"43.3525,1.8106",Pylône autostable,40m,Sociétés d'Autoroutes,1996-09-06,SUP,,False,False
673330,ORANGE,GSM 900, (CABIROL) 31560 GIBEL,31220,"43.2964,1.6681",Pylône autostable,"42,6m",ATC FRANCE,2007-12-17,SUP,,False,False
673336,BOUYGUES TELECOM,"GSM 1800, UMTS 2100",CHEM DU CIMETIÈRE (L'AIRE) 31430 LE FOUSSERET,31193,"43.285,1.0692",Château d'eau - réservoir,53m,"Syndicat des eaux, Adduction",2018-01-30,SUP,,False,False
673431,ORANGE,GSM 900, (BOUSQUET DE BARBE) 31360 LESTELLE DE ST MARTORY,31296,"43.125,0.895",Pylône autostable,30m,TOTEM,1997-11-07,SUP,,False,False
673458,ORANGE,GSM 900,CHEM DES GAMOTS (BOUDOU) 82410 ST ETIENNE DE TULMONT,82161,"44.0481,1.4772",Pylône autostable,30m,ORANGE,1997-12-29,SUP,,False,False
674098,ORANGE,GSM 900,CHEM PRÈS D.911 ZA LALANDETTE (LABESQUE) 47500 CONDEZAYGUES,47070,"44.4778,0.9342",Pylône autostable,26m,ORANGE,2011-02-16,SUP,,False,False
674230,FREE MOBILE,5G NR 700,VC N°4 IMP DE LA PERRIERE (LE MONT) 74450 LE GRAND BORNAND,74136,"45.9503,6.4267",Pylône autostable,"47,6m",TOTEM,2026-07-28,ALL,,False,False
674317,FREE MOBILE,5G NR 700,R DU 11 NOVEMBRE 1943 LE RELAIS D'AGAY 83700 ST RAPHAEL,83118,"43.4342,6.8586",Immeuble,17m,Société Privée,2026-07-28,ALL,,False,False
674332,SFR,LTE 2600,CROISEMENT A.10/D.21 PK 229.8 - SENS PARIS/PROVINCE (LA CHARBAUDIÈRE) 37260 VILLEPERDUE,37278,"47.2008,0.6508",Pylône autostable,45m,Sociétés d'Autoroutes,2026-07-01,ART,,False,False
674847,BOUYGUES TELECOM,LTE 2100,10 R NATIONALE 02620 BUIRONFOSSE,02135,"49.9617,3.8297",Pylône tubulaire,30m,HIVORY,2026-07-08,ALL,,False,False
674960,SFR,GSM 900,LE PLANTRET (LES BRIGUES) 73120 COURCHEVEL,73227,"45.4256,6.6372",Pylône autostable,25m,TDF,2017-03-31,SUP,,False,False
675369,ORANGE,GSM 900,PL DU CHÂTEAU D'EAU 09700 MONTAUT,09199,"43.1875,1.6422",Château d'eau - réservoir,27m,"Commune, communauté de communes",2002-10-19,SUP,,False,False
675495,ORANGE,GSM 900,D. 14 (ACAJOU NORD - PAYS MELE) 97232 LE LAMENTIN,97213,"14.63,-61.0158",Pylône autostable,22m,ORANGE,2008-10-15,SUP,,False,False
676196,BOUYGUES TELECOM,,AVENUE DE L'EDEN LOT LES HAUTS DE PYLA (PISSENS) 33260 LA TESTE DE BUCH,33529,"44.6303,-1.1925",Pylône tubulaire,39m,CELLNEX,2021-09-07,CHH,37m,False,False
676196,FREE MOBILE,,AVENUE DE L'EDEN LOT LES HAUTS DE PYLA (PISSENS) 33260 LA TESTE DE BUCH,33529,"44.6303,-1.1925",Pylône tubulaire,39m,CELLNEX,2022-01-31,CHH,37m,False,False
676196,ORANGE,,AVENUE DE L'EDEN LOT LES HAUTS DE PYLA (PISSENS) 33260 LA TESTE DE BUCH,33529,"44.6303,-1.1925",Pylône tubulaire,39m,CELLNEX,2021-05-31,CHH,37m,False,False
676196,SFR,,AVENUE DE L'EDEN LOT LES HAUTS DE PYLA (PISSENS) 33260 LA TESTE DE BUCH,33529,"44.6303,-1.1925",Pylône tubulaire,39m,CELLNEX,2021-08-17,CHH,37m,False,False
677800,ORANGE,GSM 900,83 - 85 ROUTE DE TARBES 31170 TOURNEFEUILLE,31557,"43.5792,1.3294",Pylône tubulaire,"13,5m",TOTEM,2010-09-16,SUP,,False,False
677924,FREE MOBILE,LTE 2100,CH DU TOUR DE VILLE LOTISSEMENT HOCQUET 80710 QUEVAUVILLERS,80656,"49.8217,2.0858",Pylône autostable,30m,TOTEM,,SUP,,False,False
678367,ORANGE,GSM 900,RÉSIDENCE GUIMAUVE BÂT. F (PALMISTE) 97232 LE LAMENTIN,97213,"14.6356,-61.0228",Immeuble,32m,Société HLM,2006-02-15,SUP,,False,False
678526,ORANGE,5G NR 700,CHEM DU ROND STADE DE FOOTBALL (LE ROND) 49360 MAULEVRIER,49192,"46.9939,-0.7464",Pylône tubulaire,37m,TOTEM,2026-07-30,ALL,,False,False
678661,BOUYGUES TELECOM,5G NR 3500,LA HAUT DU BOIS (LE PARC BESNIER) 72260 MAROLLES LES BRAULTS,72189,"48.2667,0.3161",Château d'eau - réservoir,"39,9m","Syndicat des eaux, Adduction",2026-07-07,ALL,,False,False
678661,SFR,"LTE 2600, 5G NR 3500",LA HAUT DU BOIS (LE PARC BESNIER) 72260 MAROLLES LES BRAULTS,72189,"48.2667,0.3161",Château d'eau - réservoir,"39,9m","Syndicat des eaux, Adduction",2026-07-15,ALL,,False,False
679395,ORANGE,GSM 900,D 19 (LABORIE) 31560 NAILLOUX,31396,"43.3475,1.6297",Château d'eau - réservoir,36m,"Syndicat des eaux, Adduction",1997-09-26,SUP,,False,False
681561,ORANGE,GSM 900,RTE DÉPARTEMENTALE 8 CHÂTEAU D'EAU BELLEGERDE (BOUDENNES) 82370 ST NAUPHARY,82167,"43.9769,1.47",Château d'eau - réservoir,53m,"Syndicat des eaux, Adduction",2005-05-28,SUP,,False,False
681947,ORANGE,GSM 900,RN 7 (MORNE VALOIS) 97150 ST MARTIN,97801,"18.0808,-63.0758",Pylône autostable,30m,ORANGE,2003-11-08,SUP,,False,False
681966,ORANGE,GSM 900, (PONT DE L'HERS) 31500 TOULOUSE,31555,"43.6428,1.4717",Pylône autostable,51m,Sociétés d'Autoroutes,2011-11-09,SUP,,False,False
682127,BOUYGUES TELECOM,"GSM 1800, UMTS 2100",AV DU CANADA PARC D ACTIVITÉ DE COURTABOEUF 91940 LES ULIS,91692,"48.6853,2.1933",Immeuble,"14,6m",Société Privée,2010-04-14,SUP,,False,False
683187,ORANGE,LTE 700,GARAGE RASSAT - STATION ELF (PINGOULEAU) 33590 ST VIVIEN DE MEDOC,33490,"45.445,-1.0561",Pylône autostable,32m,TOTEM,2026-07-20,ALL,,False,False
683238,ORANGE,GSM 900,SUR LE TERRAIN DIJON ZI (PL D'ARMES) 97232 LE LAMENTIN,97213,"14.6114,-60.9897",Pylône autostable,35m,Particulier,2006-03-31,SUP,,False,False
683752,FREE MOBILE,"LTE 2100, 5G NR 700",ROCHERS DE MONTBRETON 24340 MAREUIL EN PERIGORD,24253,"45.4475,0.4567",Pylône haubané,77m,TDF,2026-07-28,ALL,,False,False
683762,FREE MOBILE,"LTE 2100, 5G NR 700",AV LÉON LAURENT D 76 26190 ST NAZAIRE EN ROYANS,26320,"45.0581,5.2522",Pylône autostable,29m,TOTEM,2026-07-24,ALL,,False,False
684032,BOUYGUES TELECOM,"LTE 2100, 5G NR 2100",CHEM RURAL N° 16 (LES VIGNOTTES) 88410 MONTHUREUX SUR SAONE,88310,"48.0383,5.9536",Pylône autostable,30m,HIVORY,2026-07-10,AJA,,False,False
684032,SFR,5G NR 2100,CHEM RURAL N° 16 (LES VIGNOTTES) 88410 MONTHUREUX SUR SAONE,88310,"48.0383,5.9536",Pylône autostable,30m,HIVORY,2026-07-07,ALL,,False,False
684050,ORANGE,GSM 900,ZI DE LA LÉZARDE VOIE N° 1 97232 LE LAMENTIN,97213,"14.6067,-61.0083",Pylône autostable,20m,ORANGE,2001-01-26,SUP,,False,False
684062,ORANGE,GSM 900,AÉROPORT AIMÉ CÉSAIRE LE LAMENTIN ZONE DE FRET (TROU MARINGOUINS) 97232 LE LAMENTIN,97213,"14.5975,-61.0028",Mât,23m,"CCI, Ch Métier, Port Aut, Aéroport",1998-06-18,SUP,,False,False
684068,BOUYGUES TELECOM,"LTE 700, LTE 2100, LTE 2600, 5G NR 2100, 5G NR 3500",R DE LA RÉPUBLIQUE 81200 MAZAMET,81163,"43.4897,2.3725",Monument religieux,"32,2m","Commune, communauté de communes",2026-07-15,ALL,,False,False
684068,SFR,"LTE 700, LTE 2100, LTE 2600, 5G NR 2100, 5G NR 3500",R DE LA RÉPUBLIQUE 81200 MAZAMET,81163,"43.4897,2.3725",Monument religieux,"32,2m","Commune, communauté de communes",2026-06-12,ART,,False,False
684438,BOUYGUES TELECOM,LTE 2100,CHEMIN DE VEIRIÉ LA FUSARIÉ (PAR OULES) 81260 BRASSAC,81037,"43.6336,2.5083",Pylône autostable,25m,HIVORY,2026-07-25,ALL,,False,False
684485,ORANGE,5G NR 2100,CLAUX VIEIL (GARRHAN) 81140 PENNE,81206,"44.0797,1.7147",Pylône autostable,15m,TDF,2026-07-16,ALL,,False,False
684875,BOUYGUES TELECOM,LTE 2100,CHEM DE LA MONTEE ROUGE CHATEAU D EAU 10130 ERVY LE CHATEL,10140,"48.0461,3.9086",Château d'eau - réservoir,27m,"Commune, communauté de communes",2026-07-20,ALL,,False,False
685952,ORANGE,"LTE 700, LTE 800, LTE 2100", (BOSRÉDON) 97111 MORNE A L EAU,97116,"16.3078,-61.4869",Pylône autostable,20m,ORANGE,,AJO,,False,False
686167,ORANGE,GSM 900,GRAND FONBEAUZARD (LES QUATRES SAISONS) 31140 FONBEAUZARD,31186,"43.6831,1.4394",Pylône autostable,42m,HIVORY,2020-11-16,SUP,,False,False
686191,ORANGE,"LTE 2100, 5G NR 700, 5G NR 3500",ZONE ARTISANALE (HAMEAU BILLARD) 50880 PONT HEBERT,50409,"49.1733,-1.1369",Pylône autostable,43m,TDF,,AJO,,False,False
686191,ORANGE,LTE 700,ZONE ARTISANALE (HAMEAU BILLARD) 50880 PONT HEBERT,50409,"49.1733,-1.1369",Pylône autostable,43m,TDF,2021-09-08,SUP,,False,False
686605,ORANGE,GSM 900,1 R D'AGEN 47110 STE LIVRADE SUR LOT,47252,"44.3981,0.5894",Immeuble,19m,Particulier,2010-08-10,SUP,,False,False
686984,DIGICEL,"LTE 700, 5G NR 3500","R DU DR ETIENNE GIPPET ADM. : 56, AV. LOUIS PASTEUR, LE PETIT CHALET (CHATON) 97300 CAYENNE",97302,"4.9433,-52.3222",Immeuble,30m,Société HLM,2026-06-03,ART,,False,False
686984,FREE CARAIBES,"LTE 700, LTE 900, 5G NR 3500","R DU DR ETIENNE GIPPET ADM. : 56, AV. LOUIS PASTEUR, LE PETIT CHALET (CHATON) 97300 CAYENNE",97302,"4.9433,-52.3222",Immeuble,30m,Société HLM,2026-06-03,ART,,False,False
687280,ORANGE,GSM 900,CHEM DU MOULIN BLANC (PÉREILLE) 31180 CASTELMAUROU,31117,"43.6767,1.5367",Château d'eau - réservoir,"43,6m","Syndicat des eaux, Adduction",2008-01-30,SUP,,False,False
687302,FREE MOBILE,LTE 2100,R DE LAGRESLE (LE BOURG) 42840 MONTAGNY,42145,"46.0339,4.2364",Pylône autostable,37m,TOTEM,,SUP,,False,False
687328,SFR,"LTE 700, LTE 2600", (L'ORMEAU) 49620 MAUGES SUR LOIRE,49244,"47.3089,-0.8103",Pylône autostable,"33,7m",ATC FRANCE,2026-07-01,ART,,False,False
687800,BOUYGUES TELECOM,"LTE 2100, LTE 2600",CHEM LUNARD (DOMAINE DE LUNARD) 13140 MIRAMAS,13063,"43.5611,5.0614",Pylône tubulaire,"15,6m",ATC FRANCE,2026-07-16,ALL,,False,False
687800,BOUYGUES TELECOM,5G NR 2100,CHEM LUNARD (DOMAINE DE LUNARD) 13140 MIRAMAS,13063,"43.5611,5.0614",Pylône tubulaire,"15,6m",ATC FRANCE,2026-06-11,ART,,False,False
687831,ORANGE,GSM 900,QUARTIER FONTANETTE (CABANAS) 09400 ORNOLAC USSAT LES BAINS,09221,"42.8156,1.6306",Pylône tubulaire,31m,TOTEM,1997-10-24,SUP,,False,False
687947,BOUYGUES TELECOM,LTE 2600, (LA BUTTE) 35190 ST DOMINEUC,35265,"48.3606,-1.8694",Pylône autostable,"45,9m",ATC FRANCE,2026-07-20,ALL,,False,False
687947,SFR,5G NR 3500, (LA BUTTE) 35190 ST DOMINEUC,35265,"48.3606,-1.8694",Pylône autostable,"45,9m",ATC FRANCE,2026-07-01,ART,,False,False
688235,SFR,GSM 900,179 BD RENE CASSIN HÔTEL ARENAS 06300 NICE,06088,"43.6675,7.2092",Immeuble,33m,Société Privée,1999-04-09,SUP,,False,False
688294,BOUYGUES TELECOM,5G NR 3500,2830 RTE D'EOURES (LA BASTIDE CLAIRE) 13400 AUBAGNE,13005,"43.3089,5.5436",Pylône tubulaire,18m,HIVORY,,AJO,,False,False
688373,ORANGE,GSM 900, (BOIS DU FOURMIGUÉ) 82500 FAUDOAS,82059,"43.8492,0.9625",Pylône autostable,33m,TOTEM,2006-08-12,SUP,,False,False
688406,ORANGE,"5G NR 700, 5G NR 3500",CHEM RURAL DE QUELVEHEN (QUELVEHEN) 56300 MALGUENAC,56125,"48.0756,-3.0225",Pylône autostable,82m,TOTEM,,AJO,,False,False
688406,ORANGE,LTE 700,CHEM RURAL DE QUELVEHEN (QUELVEHEN) 56300 MALGUENAC,56125,"48.0756,-3.0225",Pylône autostable,82m,TOTEM,2024-03-29,SUP,,False,False
688452,BOUYGUES TELECOM,"LTE 2100, 5G NR 3500",R DES 2 PONTS 135 R DU FAUBOURG BANNIER SODC : CHAUFFAGE URBAIN 45100 ORLEANS,45234,"47.9169,1.8978",Bâtiment,34m,Société Privée,,SUP,,False,True
688491,ORANGE,"UMTS 2100, LTE 1800, LTE 2100","2, ALLÉE DU GRAND LAUNAY 49100 ANGERS",49007,"47.4683,-0.5931",Pylône tubulaire,23m,Société Privée,2018-04-09,SUP,,False,False
688924,FREE MOBILE,"LTE 2100, LTE 2600",CHEM DE SAFRUS - QUARTIER CABRION 30400 VILLENEUVE LES AVIGNON,30351,"43.9844,4.8042",Pylône autostable,23m,Towercast,,SUP,,False,True
689097,ORANGE,5G NR 700,104 R CRILLON 69006 LYON 06,69386,"45.7711,4.8564",Immeuble,39m,"Copropriété, Syndic, SCI",2026-07-24,ALL,,False,False
689187,BOUYGUES TELECOM,"LTE 700, LTE 800",8 R FRANCOIS VERNAY 69005 LYON 05,69385,"45.7653,4.8283",Immeuble,29m,"Copropriété, Syndic, SCI",2026-07-15,ALL,,False,False
689561,BOUYGUES TELECOM,,AV ALBERT FRANCOIS STADE LACANAU (LA METAIRIE) 33680 LACANAU,33214,"44.9794,-1.0731",Pylône tubulaire,43m,CELLNEX,2024-01-09,CHH,45m,False,False
689561,SFR,,AV ALBERT FRANCOIS STADE LACANAU (LA METAIRIE) 33680 LACANAU,33214,"44.9794,-1.0731",Pylône tubulaire,43m,CELLNEX,2024-12-19,CHH,45m,False,False
689782,SFR,GSM 900,321-323 AV BERTHELOT 69008 LYON 08,69388,"45.7372,4.8675",Immeuble,37m,Société HLM,2004-04-06,SUP,,False,False
689802,BOUYGUES TELECOM,"GSM 900, GSM 1800, UMTS 2100",BD PÉRIPHÉRIQUE DIRECTION BAGNOLET RTE DE LA CROIX ROUGE/RTE DE REUILLY TUNNEL PELOUSE DE REUILLY 75012 PARIS 12,75112,"48.8317,2.4044",Tunnel,7m,"Commune, communauté de communes",2021-07-20,SUP,,False,False
689824,BOUYGUES TELECOM,LTE 700,76-82 R DE PICPUS 75012 PARIS 12,75112,"48.8419,2.3972",Immeuble,35m,Association,2026-07-13,ALL,,False,False
690439,BOUYGUES TELECOM,"LTE 2100, LTE 2600",R NOTRE DAME EGLISE NOTRE DAME 72300 SABLE SUR SARTHE,72264,"47.8381,-0.33",Monument religieux,"51,4m","Commune, communauté de communes",2026-07-07,ALL,,False,False
690439,BOUYGUES TELECOM,"5G NR 2100, 5G NR 3500",R NOTRE DAME EGLISE NOTRE DAME 72300 SABLE SUR SARTHE,72264,"47.8381,-0.33",Monument religieux,"51,4m","Commune, communauté de communes",2026-06-23,ART,,False,False
690439,SFR,"LTE 2100, LTE 2600, 5G NR 2100, 5G NR 3500",R NOTRE DAME EGLISE NOTRE DAME 72300 SABLE SUR SARTHE,72264,"47.8381,-0.33",Monument religieux,"51,4m","Commune, communauté de communes",2026-07-08,ALL,,False,False
690712,ORANGE,GSM 900, (BERBEZIEL D EN BAS) 09350 SABARAT,09253,"43.1069,1.3867",Pylône autostable,21m,TDF,2006-08-24,SUP,,False,False
691139,SFR,LTE 700,CHEM D'EXPLOITATION N°5 (LES BOUCHURES) 89330 ST LOUP D ORDON,89350,"48.0172,3.1408",Pylône autostable,45m,HIVORY,,AJO,,False,False
691966,ORANGE,GSM 900,17 R DU GÉNÉRAL DE GAULLE CENTRAL TÉLÉPHONIQUE FRANCE TÉLÉCOM (MARIGOT) 97150 ST MARTIN,97801,"18.0667,-63.0856",Pylône autostable,26m,ORANGE Services Fixes,2009-01-13,SUP,,False,False
692230,BOUYGUES TELECOM,"GSM 900, UMTS 2100",RTE CENTRALE - LA BOUVERIE DES NOYERS PROCHE STATION D'EPURATION (PARC AGRICOLE D'ACHÈRES) 78112 ST GERMAIN EN LAYE,78551,"48.9828,2.1183",Château d'eau - réservoir,38m,"Syndicat des eaux, Adduction",2001-06-11,SUP,,False,False
693128,ORANGE,"LTE 700, LTE 2100",RTE BELLEVUE SÈZE (SEZE) 97118 ST FRANCOIS,97125,"16.2508,-61.2883",Pylône tubulaire,20m,ORANGE Services Fixes,,AJO,,False,False
693868,ORANGE,"LTE 700, 5G NR 2100",RTE DE L'USINE D'AMIANTE STATION TDF DE OGLIASTRO 20217 OGLIASTRO,2B183,"42.8181,9.3303",Pylône autostable,24m,TDF,,AJO,,False,False
693868,ORANGE,LTE 2100,RTE DE L'USINE D'AMIANTE STATION TDF DE OGLIASTRO 20217 OGLIASTRO,2B183,"42.8181,9.3303",Pylône autostable,24m,TDF,2019-10-07,SUP,,False,False
694014,BOUYGUES TELECOM,"LTE 1800, LTE 2100",CORNICHE DE LA MEYJANDE STATION TDF (CARREYRE) 33680 LACANAU,33214,"44.9961,-1.1497",Château d'eau - réservoir,36m,"Commune, communauté de communes",2026-07-17,ALL,,False,False
694014,SFR,LTE 2600,CORNICHE DE LA MEYJANDE STATION TDF (CARREYRE) 33680 LACANAU,33214,"44.9961,-1.1497",Château d'eau - réservoir,36m,"Commune, communauté de communes",,SUP,,False,False
694360,ORANGE,GSM 900,PRÉS D30 (LAPEYRE) 31380 PAULHAC,31407,"43.7486,1.54",Mât,15m,TOTEM,2010-04-20,SUP,,False,False
694889,ORANGE,"LTE 2600, 5G NR 700, 5G NR 3500",CHÂTEAU D'EAU (KERGUENEC) 29680 ROSCOFF,29239,"48.7128,-3.9875",Château d'eau - réservoir,32m,"Commune, communauté de communes",,AJO,,False,False
694971,SFR,LTE 700,R DU STADE (LE LIEVRE-CUL) 28300 CLEVILLIERS,28102,"48.5503,1.3825",Château d'eau - réservoir,22m,"Commune, communauté de communes",,AJO,,False,False
695216,ORANGE,"GSM 900, UMTS 900, UMTS 2100, LTE 800, LTE 1800, LTE 2100, 5G NR 3500",PRÈS RÉSERVOIR (RÉGALE) 97211 RIVIERE PILOTE,97220,"14.5322,-60.9161",Pylône autostable,35m,Outremer Telecom,,AJO,,False,True
695649,SFR,5G NR 3500, (LES COTEAUX) 86250 CHARROUX,86061,"46.1475,0.3847",Château d'eau - réservoir,58m,"Syndicat des eaux, Adduction",2026-07-01,ART,,False,False
696094,SFR,GSM 900,4 R ERNEST LAVISSE 75012 PARIS 12,75112,"48.8417,2.4103",Immeuble,36m,"Copropriété, Syndic, SCI",2014-02-26,SUP,,False,False
697188,BOUYGUES TELECOM,"LTE 700, LTE 2600",D.54 (DOMAINE DE LA MASSE) 35390 GRAND FOUGERAY,35124,"47.725,-1.7139",Pylône tubulaire,"42,5m",TDF,2026-07-14,ALL,,False,False
697188,SFR,"LTE 700, LTE 2600",D.54 (DOMAINE DE LA MASSE) 35390 GRAND FOUGERAY,35124,"47.725,-1.7139",Pylône tubulaire,"42,5m",TDF,2026-07-22,ALL,,False,False
697902,ORANGE,5G NR 700,84 R REBEVAL 75019 PARIS 19,75119,"48.8736,2.3825",Immeuble,28m,Société HLM,2026-07-06,AJA,,False,False
697902,ORANGE,LTE 700,84 R REBEVAL 75019 PARIS 19,75119,"48.8736,2.3825",Immeuble,28m,Société HLM,2024-12-13,SUP,,False,False
698271,ORANGE,"5G NR 700, 5G NR 3500",6 AV DU GRAND PERIGNE CSEC 49070 BEAUCOUZE,49020,"47.4756,-0.6156",Pylône autostable,"49,9m","SDIS, secours, incendie",,AJO,,False,False
698271,ORANGE,UMTS 2100,6 AV DU GRAND PERIGNE CSEC 49070 BEAUCOUZE,49020,"47.4756,-0.6156",Pylône autostable,"49,9m","SDIS, secours, incendie",2012-03-30,SUP,,False,False
698402,FREE MOBILE,"LTE 2100, 5G NR 700",TERRAIN DE FOOTBALL DE BEAUQUESNE (L'ARBRISSET) 80600 BEAUQUESNE,80070,"50.0942,2.3967",Pylône autostable,33m,HIVORY,2026-07-24,ALL,,False,False
699043,ORANGE,LTE 700,LE CHAMP DU CARREFOUR (LA GRANDE VIEILLE ABBAYE) 72240 TENNIE,72351,"48.1369,-0.0567",Pylône autostable,30m,TOTEM,2026-07-30,ALL,,False,False
700980,SFR,LTE 700,CHEM DE JUGEPIE STADE MUNICIPAL (BEL AIR) 49610 ST MELAINE SUR AUBANCE,49308,"47.3747,-0.4958",Pylône tubulaire,34m,HIVORY,2026-07-01,ART,,False,False
701017,SFR,GSM 900,D.920 - PLAINE DE GRÈGES (LES LONGS BOYAUX) 76370 MARTIN EGLISE,76414,"49.9206,1.1336",Pylône haubané,"73,5m",TDF,2018-04-18,SUP,,False,False
701616,SFR,GSM 900,75 AV. DU DR CHARCOT BD FRÉDÉRIC GARNIER RÉSIDENCE  LA GRANDE HUNE 17200 ROYAN,17306,"45.6139,-1.01",Immeuble,39m,"Copropriété, Syndic, SCI",2001-06-14,SUP,,False,False
701802,BOUYGUES TELECOM,GSM 900,20 BD  JEAN JAURÈS 45100 ORLEANS,45234,"47.9019,1.8939",Immeuble,29m,"Copropriété, Syndic, SCI",2016-10-27,SUP,,False,False
702671,ORANGE,GSM 900,R LÉON CLADEL AUTOCOM 82130 LAFRANCAISE,82087,"44.1278,1.24",Pylône tubulaire,"27,3m",TOTEM,1998-10-11,SUP,,False,False
703234,ORANGE,GSM 900,AIRE DE LOISIRS PONT DU ROZE (LE BIAC CHATEAU) 09210 LEZAT SUR LEZE,09167,"43.2736,1.3481",Pylône tubulaire,29m,TOTEM,2000-03-17,SUP,,False,False
703312,BOUYGUES TELECOM,LTE 700,CHÂTEAU D'EAU DU S.A.E.P DU CANTON DE MENNETOU-SUR RTE DU CHÂTEAU D'EAU (LE TERTRE DES CHÊNES) 41200 VILLEFRANCHE SUR CHER,41280,"47.2969,1.7767",Château d'eau - réservoir,37m,"Syndicat des eaux, Adduction",2026-07-22,ALL,,False,False
703939,ORANGE,GSM 900, (PECH DE BOURIANE) 46500 ROCAMADOUR,46240,"44.8172,1.6422",Château d'eau - réservoir,24m,"Syndicat des eaux, Adduction",2000-02-18,SUP,,False,False
704002,ORANGE,5G NR 700,R DE DIJON CHATEAU D'EAU 71100 CHALON SUR SAONE,71076,"46.7886,4.8531",Château d'eau - réservoir,57m,"Commune, communauté de communes",2026-08-06,AAV,,False,False
704508,ORANGE,5G NR 700,"5, R JACQUES DE GRAILLY 86000 POITIERS",86194,"46.5825,0.3367",Immeuble,39m,La Poste,2026-07-06,ALL,,False,False
705293,BOUYGUES TELECOM,LTE 2100,RTE DE DURENQUE (MAYRAC) 12430 VILLEFRANCHE DE PANAT,12299,"44.0903,2.6925",Pylône autostable,45m,TDF,2026-07-23,ALL,,False,False
705317,ORANGE,GSM 900,GRAMONT (GADESSERRE) 46300 GINOUILLAC,46121,"44.7378,1.5481",Pylône autostable,36m,SFR,1997-11-15,SUP,,False,False
705366,ORANGE,GSM 900,MAS BARAS (PECH DELMOULY) 46330 LENTILLAC DU CAUSSE,46167,"44.5667,1.6492",Pylône autostable,36m,TOTEM,1999-10-29,SUP,,True,False
705375,BOUYGUES TELECOM,LTE 2600, (LES SALES) 46330 BLARS,46031,"44.5928,1.7367",Pylône autostable,41m,SFR,2026-07-26,ALL,,False,False
705375,ORANGE,GSM 900, (LES SALES) 46330 BLARS,46031,"44.5928,1.7367",Pylône autostable,41m,SFR,1999-10-29,SUP,,False,False
705419,ORANGE,GSM 900,CHEM DES RAMIERS STADE DE BLAGNAC 31700 BLAGNAC,31069,"43.6392,1.4008",Pylône tubulaire,25m,TOTEM,1999-08-06,SUP,,False,False
705482,BOUYGUES TELECOM,LTE 2100,7 R DE LIÈGE INSTITUT INFIRMIER 59640 DUNKERQUE,59183,"51.0364,2.4017",Immeuble,27m,Établissement de soins,2026-07-20,ALL,,False,False
705524,BOUYGUES TELECOM,,11 R GABRIEL PIERNE 57070 METZ,57463,"49.1017,6.1778",Immeuble,"63,8m","Copropriété, Syndic, SCI",2020-11-23,CHT,Bâtiment,False,False
705524,SFR,,11 R GABRIEL PIERNE 57070 METZ,57463,"49.1017,6.1778",Immeuble,"63,8m","Copropriété, Syndic, SCI",2020-12-30,CHT,Bâtiment,False,False
705625,BOUYGUES TELECOM,5G NR 3500,2 ALLÉE DU DANUBE 92160 ANTONY,92002,"48.7389,2.2886",Immeuble,40m,"Copropriété, Syndic, SCI",2026-07-06,ALL,,False,False
706086,ORANGE,GSM 900,AUTOROUTE A61 PYLÔNE ASF (BARDOU) 31450 DEYME,31161,"43.4875,1.5475",Pylône autostable,40m,Sociétés d'Autoroutes,2011-12-06,SUP,,False,False
706093,SFR,LTE 700,CHEM DES TRENTE ARPENTS 28250 SENONCHES,28373,"48.5489,1.0067",Tour hertzienne,80m,ORANGE Services Fixes,,AJO,,False,False
707552,ORANGE,GSM 900, (LABADE) 09420 RIMONT,09246,"42.9967,1.2739",Pylône autostable,30m,TOTEM,2007-10-22,SUP,,False,False
707904,BOUYGUES TELECOM,"LTE 700, LTE 2100",A1 EMPRISE AUTOROUTIÈRE SANEF PR 74.3 (LE FOND DE LAGNY) 60190 MONTMARTIN,60424,"49.4658,2.7067",Pylône autostable,41m,Sociétés d'Autoroutes,,AJO,,False,False
707904,SFR,"LTE 700, 5G NR 2100",A1 EMPRISE AUTOROUTIÈRE SANEF PR 74.3 (LE FOND DE LAGNY) 60190 MONTMARTIN,60424,"49.4658,2.7067",Pylône autostable,41m,Sociétés d'Autoroutes,,AJO,,False,False
708334,SFR,"LTE 700, LTE 1800, LTE 2100, 5G NR 2100",D765 (LA JAUDRAIE) 41200 PRUNIERS EN SOLOGNE,41185,"47.3842,1.6692",Pylône autostable,43m,TDF,,AJO,,False,False
708334,SFR,UMTS 2100,D765 (LA JAUDRAIE) 41200 PRUNIERS EN SOLOGNE,41185,"47.3842,1.6692",Pylône autostable,43m,TDF,2017-01-13,SUP,,False,False
708365,SFR,LTE 700,STATION ÉPURATION (LA VILLE ROUXEL) 22130 VAL D ARGUENON,22237,"48.5383,-2.2644",Pylône autostable,34m,ATC FRANCE,,AJO,,False,False
708395,ORANGE,"LTE 1800, 5G NR 2100",TUNTING (BRENNERT) 57480 MANDEREN RITZING,57439,"49.4522,6.4525",Pylône autostable,12m,HIVORY,,AJO,,False,False
708483,SFR,GSM 900,131 AV JEAN JAURES 95100 ARGENTEUIL,95018,"48.9397,2.2278",Immeuble,19m,Société HLM,2015-06-08,SUP,,False,False
709423,ORANGE,GSM 900,TIOUL DE LA GALINE VOIE COMMUNALE (LE ROC D'ANGLARS) 82140 ST ANTONIN NOBLE VAL,82155,"44.1453,1.7581",Mât béton,9m,TOTEM,2010-06-07,SUP,,False,False
710009,SFR,GSM 900, (A LA CROCHERE) 01250 CORVEISSIAT,01125,"46.2475,5.4636",Pylône autostable,32m,CELLNEX,2011-08-10,SUP,,False,False
710229,BOUYGUES TELECOM,"LTE 700, LTE 2600, 5G NR 3500",1 R MARCELLIN BERTHELOT 92170 VANVES,92075,"48.825,2.2875",Immeuble,27m,"Copropriété, Syndic, SCI",2026-07-23,ALL,,False,False
711686,ORANGE,"LTE 700, LTE 800, LTE 1800, 5G NR 2100",CHEM RURAL DES MÈZES (LES MÈZES) 19370 CHAMBERET,19036,"45.5942,1.7128",Pylône autostable,43m,TDF,,AJO,,False,True
712339,ORANGE,5G NR 700,STATION TDF DE PUY MAURE (CRÈVECOEUR) 05000 GAP,05061,"44.5617,6.0694",Pylône autostable,"13,5m",TDF,2026-07-17,ALL,,False,False
713207,ORANGE,GSM 900,CHEM DE PANEGANS (BEAUFORT) 31170 TOURNEFEUILLE,31557,"43.5894,1.3272",Château d'eau - réservoir,37m,"Syndicat des eaux, Adduction",1994-10-07,SUP,,False,False
713614,BOUYGUES TELECOM,LTE 700,EMPRISE LGV - PYLÔNE RFF PK 68.803 (AU CHARMEY) 70190 TRAITIEFONTAINE,70503,"47.4225,6.0928",Pylône autostable,30m,SNCF Réseau,,AJO,,False,False
713646,ORANGE,GSM 900, (LE CAUSSE) 46400 ST JEAN LESPINASSE,46271,"44.8497,1.8547",Pylône autostable,32m,TOTEM,1997-12-11,SUP,,False,False
713793,BOUYGUES TELECOM,LTE 700, (LES GRANDS BOIS) 70190 BEAUMOTTE AUBERTANS,70059,"47.4411,6.1469",Pylône autostable,30m,SNCF Réseau,,AJO,,False,False
714029,SRR,LTE 2100,34 R ADAMS (BOIS DE NEFLES) 97460 ST PAUL,97415,"-20.9853,55.3336",Bâtiment,"13,3m",Particulier,2024-08-23,ART,,False,False
714094,BOUYGUES TELECOM,"LTE 700, LTE 1800, LTE 2100, 5G NR 2100",RTE DE BELLEGARDE CHEM RURAL N°10 PRÈS RN 60 (DOMAINE DE LA GRILLE) 45110 CHATEAUNEUF SUR LOIRE,45082,"47.8972,2.2864",Pylône autostable,40m,TOTEM,2026-07-23,ALL,,False,False
714764,SRR,"LTE 700, LTE 2100",RADIER (LA POINTE) 97432 ST PIERRE,97416,"-21.2972,55.5106",Pylône autostable,16m,Société Réunionnaise de Radiotéléphonie,2026-06-24,ART,,False,False
715397,ORANGE,GSM 900,V C N°5 (PARENS) 32300 ST MAUR,32393,"43.49,0.3422",Pylône autostable,"31,4m",HIVORY,2000-05-26,SUP,,False,False
715416,SFR,LTE 700,A 89 - PK 73 SENS LYON-PARIS (LA GOUTTE-NORD) 42260 ST JULIEN D ODDES,42243,"45.8597,3.9889",Pylône autostable,55m,Sociétés d'Autoroutes,,AJO,,False,False
71543,ORANGE,LTE 700,D57 (ENTRE DEUX BOIS) 02420 HARGICOURT,02370,"49.9772,3.2064",Pylône autostable,40m,TOTEM,2026-07-10,ALL,,False,False
715431,ORANGE,GSM 900, (BELESTA) 31550 GAILLAC TOULZA,31206,"43.2511,1.4825",Pylône autostable,20m,TOTEM,2011-05-04,SUP,,False,False
716474,BOUYGUES TELECOM,,ROUTE DE LA GARDE (LA PRADELLE) 23230 GOUZON,23093,"46.1817,2.2439",Pylône autostable,48m,TDF,2021-12-15,CHA,La Pradelle,False,False
716474,FREE MOBILE,,ROUTE DE LA GARDE (LA PRADELLE) 23230 GOUZON,23093,"46.1817,2.2439",Pylône autostable,48m,TDF,2021-05-21,CHA,La Pradelle,False,False
716474,SFR,,ROUTE DE LA GARDE (LA PRADELLE) 23230 GOUZON,23093,"46.1817,2.2439",Pylône autostable,48m,TDF,2021-12-13,CHA,La Pradelle,False,False
716903,BOUYGUES TELECOM,LTE 700, (LE PLENITRE) 22270 JUGON LES LACS,22084,"48.3819,-2.3406",Pylône autostable,"43,8m",TDF,,AJO,,False,False
717567,ORANGE,GSM 900, (BOIS DE FELZINS) 46100 VIAZAC,46332,"44.6386,2.0864",Pylône autostable,37m,TOTEM,1997-12-11,SUP,,False,False
717747,ORANGE,GSM 900,145 RTE DE PIBRAC (CALAOUÉ) 31700 CORNEBARRIEU,31150,"43.6361,1.3028",Pylône autostable,25m,HIVORY,2011-12-07,SUP,,False,False
717771,ORANGE,GSM 900, (PUY D'ARQUIÉ) 46600 MARTEL,46185,"44.9297,1.6358",Pylône autostable,44m,TOTEM,1999-10-29,SUP,,True,False
717993,BOUYGUES TELECOM,LTE 2100,LE SIFFLOT ROUGE RN34 (MAISON ROUGE) 77120 MAROLLES EN BRIE,77278,"48.7878,3.1606",Pylône tubulaire,34m,ATC FRANCE,2026-07-11,ALL,,False,False
718511,FREE MOBILE,"LTE 2100, LTE 2600",A51 PR 115.078 SENS 2 (LA PEYROUSE) 04290 SALIGNAC,04200,"44.16,5.96",Pylône autostable,22m,Société Privée,,SUP,,False,False
718638,ORANGE,"5G NR 700, 5G NR 3500",4 R DU CHAMP DE MARS 76100 ROUEN,76540,"49.4367,1.1067",Immeuble,38m,Société HLM,,AJO,,False,False
718638,ORANGE,UMTS 2100,4 R DU CHAMP DE MARS 76100 ROUEN,76540,"49.4367,1.1067",Immeuble,38m,Société HLM,2004-12-31,SUP,,False,False
718679,ORANGE,GSM 900,PRÈS D. 103 (GRACHIES) 32190 VIC FEZENSAC,32462,"43.7533,0.3414",Pylône autostable,40m,TOTEM,2008-01-16,SUP,,False,False
718854,BOUYGUES TELECOM,UMTS 2100,RTE DE ST ETIENNE-CCAL CARREFOUR 42110 FEURS,42094,"45.7217,4.2281",Bâtiment,10m,"Copropriété, Syndic, SCI",2020-05-20,SUP,,False,False
719022,FREE MOBILE,LTE 2100,A51 PR 133.43 SENS 2 RELAIS ST MARTIN 05300 UPAIX,05173,"44.3075,5.9",Pylône autostable,30m,Société Privée,,SUP,,False,False
719048,ORANGE,GSM 900,CHÂTEAU D'EAU (RAPINE) 32160 PLAISANCE,32319,"43.5956,0.0528",Château d'eau - réservoir,31m,"Commune, communauté de communes",1998-09-20,SUP,,False,False
719054,ORANGE,GSM 900,CHEM DE LA PROMENADE (CÔTE DE VALENTRÉ) 46000 CAHORS,46042,"44.4444,1.4183",Pylône autostable,14m,ORANGE,2000-05-01,SUP,,False,False
719107,ORANGE,GSM 900,PRÉS D2 (MOULIN DE GOUTS) 82150 MONTAIGU DE QUERCY,82117,"44.3536,1.0094",Pylône autostable,40m,TOTEM,2006-05-03,SUP,,False,False
719749,SFR,"LTE 700, LTE 1800, LTE 2100, 5G NR 2100",RTE DE CIGOGNOLLES (LES GROSSES TERRES) 36110 BRION,36026,"46.9728,1.7244",Château d'eau - réservoir,32m,"Syndicat des eaux, Adduction",,AJO,,False,False
719826,BOUYGUES TELECOM,UMTS 2100,CHEM DE VARVANNE - CHATEAU D'EAU (BOIS ST MARTIN) 77720 CHAMPEAUX,77082,"48.5861,2.8169",Château d'eau - réservoir,"36,6m","Commune, communauté de communes",2010-12-14,SUP,,False,False
720477,SFR,LTE 700,VOIE COMMUNALE N°41 (PRÉ DE L' ÉTANG) 79120 LEZAY,79148,"46.2631,-0.0172",Pylône autostable,"34,8m",TDF,,AJO,,False,False
720815,FREE MOBILE,LTE 2100, (LES COMBES) 73590 LA GIETTAZ,73123,"45.8728,6.4858",Pylône autostable,30m,TDF,,SUP,,False,False
720860,ORANGE,GSM 900,PRÈS D930 (PEBORDE) 47230 VIANNE,47318,"44.2017,0.3325",Pylône autostable,24m,TOTEM,2004-10-16,SUP,,False,False
720977,ORANGE,GSM 900,PIC DU MIDI DE BIGORRE PYLONE TDF ET BÂTIMENT TDF 65710 BAGNERES DE BIGORRE,65059,"42.9372,0.1411",Bâtiment,25m,TDF,2005-10-15,SUP,,False,False
722491,ORANGE,GSM 900,PRÉS GR36 (LE PIC) 46140 DOUELLE,46088,"44.4642,1.3672",Mât,15m,TOTEM,2011-04-06,SUP,,False,False
722650,ORANGE,5G NR 2100,CHEMIN COMMUNAL (LE BAURE) 38660 PLATEAU DES PETITES ROCHES,38395,"45.2867,5.8436",Mât,7m,ORANGE,2026-06-17,ART,,False,False
722780,ORANGE,5G NR 2100, (PECH DE L'EGLISE) 46150 LABASTIDE DU VERT,46136,"44.5161,1.26",Pylône autostable,32m,TDF,2026-06-22,ART,,False,False
724271,BOUYGUES TELECOM,LTE 2100, (LE GAULIAU) 19260 TREIGNAC,19269,"45.5511,1.7856",Pylône autostable,38m,HIVORY,2026-07-22,ALL,,False,False
724294,BOUYGUES TELECOM,"LTE 700, LTE 1800, LTE 2100, 5G NR 2100", (CHARAMBLAS D'EN BAS) 23260 LA VILLETELLE,23266,"45.9183,2.3217",Pylône autostable,38m,HIVORY,2026-07-23,AJA,,False,False
724415,ORANGE,"LTE 1800, 5G NR 2100",ROUTE DE VILLARS CHEZ POUGE (FERME ROUGE) 24300 NONTRON,24311,"45.5169,0.6639",Pylône autostable,43m,TDF,2026-07-20,AJA,,True,False
724486,ORANGE,"LTE 700, LTE 800",1118 IMPASSE DE LAMBERTIE 24380 VERGT,24571,"45.0156,0.7011",Pylône autostable,45m,TDF,2026-07-20,ALL,,False,True
724486,SFR,"LTE 700, LTE 800, LTE 1800, LTE 2100, LTE 2600, 5G NR 2100",1118 IMPASSE DE LAMBERTIE 24380 VERGT,24571,"45.0156,0.7011",Pylône autostable,45m,TDF,2026-07-10,AJA,,False,True
725488,ORANGE,GSM 900,D.11 (LE MOULIN) 31450 MONTESQUIEU LAURAGAIS,31374,"43.4133,1.6253",Château d'eau - réservoir,22m,"Commune, communauté de communes",1997-11-14,SUP,,False,False
725921,BOUYGUES TELECOM,LTE 2100,LE CAP D'ARMAS (LES EXPLÉCHAUX D'EN HAUT) 31420 BOUSSAN,31083,"43.2233,0.8903",Pylône autostable,17m,SFR,2026-07-23,ALL,,False,False
727484,SFR,GSM 900,BD LÉON BOLLÉE 53000 LAVAL,53130,"48.0803,-0.7428",Pylône autostable,36m,HIVORY,1998-12-17,SUP,,False,False
727685,FREE MOBILE,5G NR 700, (JANS DES RAY) 35480 GUIPRY MESSAC,35176,"47.8892,-1.865",Pylône autostable,"49,1m",TOTEM,2026-07-07,ALL,,False,False
728705,ORANGE,GSM 900, (LAGAZAILLE) 82230 LEOJAC,82098,"44.0094,1.4511",Pylône autostable,"30,3m",HIVORY,2011-07-05,SUP,,False,False
729106,BOUYGUES TELECOM,UMTS 2100,V COM. N 5 (L'HOSPITAL-HAUT CAMPIGNAS) 31220 MARTRES TOLOSANE,31324,"43.1922,0.9764",Pylône autostable,"38,3m",CELLNEX,2018-06-14,SUP,,False,False
729130,ORANGE,GSM 900, (PRAT MATAOU) 09140 USTOU,09322,"42.7872,1.3011",Pylône autostable,30m,TDF,2006-03-18,SUP,,False,False
729303,ORANGE,GSM 900, (LES TURONS) 65460 BOURS,65108,"43.2678,0.0825",Pylône tubulaire,30m,TOTEM,2011-04-04,SUP,,False,False
729402,BOUYGUES TELECOM,LTE 2100,DOMAINE DE MERCY CAMP MILITAIRE (LA HOULUOTTE) 57530 ARS LAQUENEXY,57031,"49.0853,6.2458",Pylône autostable,"45,2m",BOUYGUES,2026-07-20,ALL,,False,False
730147,SFR,UMTS 2100,STATION TDF  HAUTECOURT 1 (SUR PEROY) 01250 GRAND CORENT,01177,"46.1833,5.4233",Pylône autostable,40m,TDF,2010-10-15,SUP,,False,False
730204,ORANGE,GSM 900, (LE NOT) 31620 LABASTIDE ST SERNIN,31252,"43.7403,1.4781",Pylône autostable,31m,HIVORY,2010-12-16,SUP,,False,False
730219,ORANGE,5G NR 2100, (LES GATÉS) 18250 HENRICHEMONT,18109,"47.3111,2.5322",Pylône autostable,53m,Conseil Départemental,2026-07-09,ALL,,False,False
730317,ORANGE,"5G NR 700, 5G NR 3500",BD  DU BORDAGE TDF 4917901 (ZI DU BORDAGE) 49710 SEVREMOINE,49301,"47.0186,-1.0497",Pylône autostable,35m,TDF,,AJO,,False,False
730317,ORANGE,LTE 700,BD  DU BORDAGE TDF 4917901 (ZI DU BORDAGE) 49710 SEVREMOINE,49301,"47.0186,-1.0497",Pylône autostable,35m,TDF,2021-10-06,SUP,,False,False
730342,FREE MOBILE,"LTE 2100, 5G NR 700",INSTITUT MÉDICO-PÉDAGOGIQUE (LA GRANDE FÔRET) 83670 CHATEAUVERT,83039,"43.5156,6.0133",Pylône autostable,24m,Association,2026-07-24,ALL,,False,False
730573,BOUYGUES TELECOM,UMTS 2100,DEPARTEMENTALE 8 - CSEC (LA SOURCE REYGALET) 13105 MIMET,13062,"43.4194,5.5006",Pylône arbre,26m,TOTEM,2011-10-21,SUP,,False,False
730709,ORANGE,5G NR 2100,ANCIENNE CARRIÈRE DES COSTES (LES COSTES) 83670 MONTMEYAN,83084,"43.6469,6.0547",Pylône autostable,36m,TOTEM,2026-07-17,ALL,,False,False
730948,ORANGE,GSM 900,RTE AYGUE LOUNGUE (LAS COSTE ET LA SERRE) 09310 PECH,09226,"42.7753,1.6861",Pylône autostable,45m,TDF,1993-09-03,SUP,,False,False
730971,ORANGE,"GSM 900, 5G NR 3500", (LES FOURCHES) 31540 ST FELIX LAURAGAIS,31478,"43.4406,1.8836",Pylône autostable,"26,1m",HIVORY,2000-02-18,SUP,,False,False
731009,ORANGE,"LTE 2100, LTE 2600, 5G NR 700, 5G NR 3500",PRÈS D652 (BELLEVUE) 40170 BIAS,40043,"44.1317,-1.2194",Pylône autostable,45m,HIVORY,,AJO,,False,False
731009,ORANGE,"LTE 700, 5G NR 2100",PRÈS D652 (BELLEVUE) 40170 BIAS,40043,"44.1317,-1.2194",Pylône autostable,45m,HIVORY,2024-12-24,SUP,,False,False
731073,BOUYGUES TELECOM,UMTS 2100,PAGONDOA (MIKELARE) 64780 ST MARTIN D ARROSSA,64490,"43.2606,-1.3347",Pylône autostable,18m,TDF,2018-06-12,SUP,,False,False
731092,BOUYGUES TELECOM,LTE 2600,CHEM DE CONRE HALAGE - N.43 (LA BRASSERIE ALSACIENNE) 62730 LES ATTAQUES,62043,"50.9067,1.9369",Château d'eau - réservoir,46m,"Syndicat des eaux, Adduction",,AJO,,False,False
731136,BOUYGUES TELECOM,UMTS 2100,CHEM DE LA COMMANDERIE 77840 CROUY SUR OURCQ,77148,"49.0931,3.0739",Pylône arbre,27m,ATC FRANCE,2011-06-01,SUP,,False,False
731639,SFR,GSM 900, (COMBE D'ENCHOSE) 24460 SORGES ET LIGUEUX EN PERIGORD,24540,"45.3186,0.8789",Pylône autostable,"39,5m",TDF,2004-06-23,SUP,,False,False
731693,ORANGE,GSM 900, (LA TOURETTE) 65270 ST PE DE BIGORRE,65395,"43.1103,-0.1753",Pylône tubulaire,34m,HIVORY,2011-12-12,SUP,,False,False
733667,BOUYGUES TELECOM,LTE 2600, (LA LANDE ST LUC) 50450 GAVRAY SUR SIENNE,50197,"48.9006,-1.3547",Pylône autostable,"40,4m",HIVORY,2026-07-06,ALL,,False,False
733667,SFR,"LTE 700, LTE 2600", (LA LANDE ST LUC) 50450 GAVRAY SUR SIENNE,50197,"48.9006,-1.3547",Pylône autostable,"40,4m",HIVORY,2026-07-15,ALL,,False,False
733695,ORANGE,GSM 900, (PEYREHITTE) 65300 LANNEMEZAN,65258,"43.0983,0.3881",Pylône autostable,44m,HIVORY,2014-03-04,SUP,,False,False
734059,ORANGE,GSM 900,28 R HENRI EBELOT 31500 TOULOUSE,31555,"43.6408,1.4597",Immeuble,"23,6m",Société HLM,2013-07-19,SUP,,False,False
735699,SFR,GSM 900,2 R DU DOCTEUR ALEXIS GIRY CITÉ RADIEUSE BOIS DE NAPATANT LE CORBUSIER 54790 VAL DE BRIEY,54099,"49.2606,5.9281",Immeuble,66m,"Copropriété, Syndic, SCI",2018-12-15,SUP,,False,False
736643,SFR,"LTE 700, LTE 800, LTE 1800, 5G NR 2100",RUE DE CUMÈNE (AUX QUALOTTES) 54230 NEUVES MAISONS,54397,"48.6192,6.1178",Pylône autostable,38m,TDF,2026-07-17,AJA,,False,True
736643,SFR,LTE 2100,RUE DE CUMÈNE (AUX QUALOTTES) 54230 NEUVES MAISONS,54397,"48.6192,6.1178",Pylône autostable,38m,TDF,,AJO,,False,True
736876,ORANGE,"UMTS 900, LTE 800",38 R DES OTAGES (HOP DU CORNILLON) 01230 ST RAMBERT EN BUGEY,01384,"45.9486,5.4389",Immeuble,39m,Établissement de soins,2018-07-10,SUP,,True,False
736909,ORANGE,UMTS 900,D.239 - CHEM DE GRANDE COMMUNICATION N°39 (LE CALVAIRE) 76280 CRIQUETOT L ESNEVAL,76196,"49.6531,0.2608",Château d'eau - réservoir,43m,"Syndicat des eaux, Adduction",2015-05-18,SUP,,True,False
737594,BOUYGUES TELECOM,UMTS 2100,COL DU GD TAILLET (LA COMBE) 74200 LA FORCLAZ,74129,"46.3258,6.6158",Pylône autostable,36m,TOTEM,2023-03-15,SUP,,False,False
738206,SRR,LTE 2100,307 B  RN3 PONT PAYET (GRAND ETANG) 97470 ST BENOIT,97410,"-21.0969,55.6758",Pylône autostable,"20,6m",Société Réunionnaise de Radiotéléphonie,2026-05-07,ART,,False,False
738235,ORANGE,"5G NR 700, 5G NR 3500",R DE LA MAIRIE CENTRAL FT (LE BAS BEAUVAIS) 85660 ST PHILBERT DE BOUAINE,85262,"46.9839,-1.5222",Pylône autostable,36m,TOTEM,2026-07-23,ALL,,False,False
738271,BOUYGUES TELECOM,LTE 700,EMPRISE LGV PK 48.481 (LES GRANDS BUGNOZ) 25170 MONCLEY,25383,"47.2975,5.9108",Pylône autostable,30m,SNCF Réseau,,AJO,,False,False
738310,BOUYGUES TELECOM,UMTS 2100,EMPRISE LGV PK 53.681 (VAUVEREILLE) 25870 GENEUILLE,25265,"47.3144,5.9747",Pylône autostable,36m,SNCF Réseau,2021-04-14,SUP,,False,False
738369,BOUYGUES TELECOM,LTE 700,EMPRISE LGV PK 42.102 (LES FOUCHÈRES) 25170 RUFFEY LE CHATEAU,25510,"47.2844,5.8292",Pylône autostable,25m,SNCF Réseau,,AJO,,False,False
739186,SFR,GSM 900,59 BD ULYSSE CASSE 47200 MARMANDE,47157,"44.5036,0.1647",Immeuble,"33,8m","Copropriété, Syndic, SCI",1997-09-26,SUP,,False,False
739320,BOUYGUES TELECOM,UMTS 2100,327 R ST MARTIN 73 R NOTRE DAME DE NAZARETH 75003 PARIS 03,75103,"48.8678,2.3544",Immeuble,32m,"Copropriété, Syndic, SCI",2007-01-16,SUP,,False,False
739725,ORANGE,GSM 900,VOIE COMMUNALE N°331 (LANGLARÈS) 46100 LISSAC ET MOURET,46175,"44.6247,1.9767",Pylône autostable,20m,TOTEM,2012-12-11,SUP,,False,False
740043,SRR,LTE 2100,CHEM DES MILITAIRES (PITON DESFORGES) 97430 LE TAMPON,97422,"-21.1961,55.5744",Mât métallique,"4,2m",Société Réunionnaise de Radiotéléphonie,2026-06-12,ART,,False,False
740131,SRR,"UMTS 2100, LTE 700, LTE 800, LTE 1800",CARREAU MORIN RIVIERE DU MAT (BELLEVUE) 97412 BRAS PANON,97402,"-20.9944,55.6325",Pylône autostable,20m,Société Réunionnaise de Radiotéléphonie,2025-05-24,ART,,False,False
740701,BOUYGUES TELECOM,"LTE 700, LTE 2100, 5G NR 2100",180 AV AV DU PRADO 13008 MARSEILLE 08,13208,"43.2778,5.3878",Bâtiment,35m,"Commune, communauté de communes",,AJO,,False,False
740701,BOUYGUES TELECOM,"GSM 1800, UMTS 2100",180 AV AV DU PRADO 13008 MARSEILLE 08,13208,"43.2778,5.3878",Bâtiment,35m,"Commune, communauté de communes",2016-10-17,SUP,,False,False
740800,FREE MOBILE,"LTE 700, LTE 900, LTE 2100",AV DU GRAND SUD  (LES RENARDIÈRES) 37170 CHAMBRAY LES TOURS,37050,"47.3175,0.7117",Pylône autostable,26m,TOTEM,2026-07-24,ALL,,False,False
741338,ORANGE,GSM 900,CHEM CHICOT (LE JAULIN) 32440 CASTELNAU D AUZAN LABARRERE,32079,"43.9564,0.0672",Pylône autostable,35m,HIVORY,2011-04-19,SUP,,False,False
741349,BOUYGUES TELECOM,LTE 700,EMPRISE LGV PK44.654 (LES FOUCHÈRES) 25170 CHEVIGNEY SUR L OGNON,25150,"47.2869,5.8625",Pylône autostable,25m,SNCF Réseau,,AJO,,False,False
741519,ORANGE,GSM 900,D.15 - CHEM RURAL (PEYRUCAT) 32250 MONTREAL,32290,"43.9481,0.1575",Château d'eau - réservoir,33m,"Syndicat des eaux, Adduction",2000-03-22,SUP,,False,False
742025,ORANGE,LTE 2600,CHEMIN DE LAMANET (UDEE) 64290 GAN,64230,"43.1733,-0.4144",Pylône autostable,40m,TOTEM,2026-06-11,ART,,False,False
742099,ORANGE,GSM 900,D.509 (LES CLAUZETS) 32270 MARSAN,32237,"43.6542,0.7022",Château d'eau - réservoir,21m,"Commune, communauté de communes",1994-01-07,SUP,,False,False
742127,ORANGE,LTE 1800, (LE DENBES) 65190 OZON,65353,"43.1706,0.2386",Pylône autostable,34m,ATC FRANCE,2026-06-18,ART,,False,False
742446,BOUYGUES TELECOM,"LTE 700, LTE 2600, 5G NR 3500", (CHÂTEAU D'EAU DES GARENNES) 22370 PLENEUF VAL ANDRE,22186,"48.5856,-2.555",Pylône autostable,30m,TDF,2026-07-13,ALL,,False,False
742446,SFR,"LTE 700, LTE 2600, 5G NR 3500", (CHÂTEAU D'EAU DES GARENNES) 22370 PLENEUF VAL ANDRE,22186,"48.5856,-2.555",Pylône autostable,30m,TDF,2026-07-22,ALL,,False,False
742544,ORANGE,5G NR 700,R DES VALLÉES CHATEAU D'EAU 37330 CHATEAU LA VALLIERE,37062,"47.5436,0.3264",Château d'eau - réservoir,35m,"Syndicat des eaux, Adduction",2026-07-09,ALL,,False,False
743049,ORANGE,GSM 900, (THOMASS) 31310 MASSABRAC,31326,"43.2192,1.3683",Pylône autostable,24m,TOTEM,1997-12-19,SUP,,False,False
743800,BOUYGUES TELECOM,5G NR 3500,R JEAN BAPTISTE PREUX 94140 ALFORTVILLE,94002,"48.7769,2.4194",Château d'eau - réservoir,33m,Société Privée,2026-07-02,ALL,,False,False
744831,BOUYGUES TELECOM,UMTS 2100,CD N° 98 (LE PUCHEUIL) 76680 ST MARTIN OSMONVILLE,76621,"49.6425,1.2675",Pylône tubulaire,"47,5m",ATC FRANCE,2012-06-19,SUP,,False,False
746662,ORANGE,GSM 900,R AMANIEU-DUPUY 32500 FLEURANCE,32132,"43.8522,0.6539",Pylône tubulaire,"23,4m",TOTEM,2011-05-12,SUP,,False,False
746776,ORANGE,5G NR 700,ROUTE DE ROYAN (LES SIGNAUX) 17100 SAINTES,17415,"45.7458,-0.6836",Pylône autostable,"56,4m",TOTEM,2026-07-20,ALL,,False,False
747048,BOUYGUES TELECOM,UMTS 2100,LE POIRIER GRIS CHÂTEAU D'EAU 95420 ST GERVAIS,95554,"49.1725,1.7383",Château d'eau - réservoir,25m,"Commune, communauté de communes",2016-10-14,SUP,,False,False
747365,ORANGE,GSM 900,CHEM VICINAL N°2 (CAILLAOU EST) 47210 VILLEREAL,47324,"44.6308,0.7381",Pylône autostable,32m,TOTEM,1997-11-14,SUP,,False,False
747376,ORANGE,5G NR 3500,A COTE DU FORT (FORT DU SAPEY) 73500 MODANE,73157,"45.2022,6.6497",Pylône autostable,24m,TOTEM,2026-06-19,ART,,False,False
747409,ORANGE,GSM 900,CHEMIN DE ST EYRARD VOIE COMMUNALE N°106 (LES BOUTÈRES) 47120 DURAS,47086,"44.6756,0.1886",Pylône autostable,31m,TOTEM,1997-11-28,SUP,,False,False
748073,ORANGE,GSM 900,R DU CHÂTEAU D'EAU CROISEMENT D162 (LE BOILA) 65150 ST LAURENT DE NESTE,65389,"43.0953,0.4828",Château d'eau - réservoir,42m,"Syndicat des eaux, Adduction",1997-07-11,SUP,,False,False
748095,ORANGE,"LTE 2100, 5G NR 700, 5G NR 3500", (LA CHAPELLE) 79360 GRANZAY GRIPT,79137,"46.2178,-0.4617",Château d'eau - réservoir,"44,5m","Commune, communauté de communes",,AJO,,False,False
748095,ORANGE,LTE 700, (LA CHAPELLE) 79360 GRANZAY GRIPT,79137,"46.2178,-0.4617",Château d'eau - réservoir,"44,5m","Commune, communauté de communes",2020-03-30,SUP,,False,False
748600,ORANGE,GSM 900,C.R DE N.D  DES MISÈRES (LES AUSSIÈRES) 82440 REALVILLE,82149,"44.1361,1.4464",Château d'eau - réservoir,"46,6m","Syndicat des eaux, Adduction",1997-08-08,SUP,,False,False
748866,SFR,"LTE 700, LTE 1800, LTE 2100, 5G NR 2100", (LES MAILLOUTIÈRES) 04420 MARCOUX,04113,"44.1247,6.2869",Pylône autostable,20m,TOTEM,,AJO,,False,False
748935,ORANGE,GSM 900,1 R DE LA MANCHE 31500 TOULOUSE,31555,"43.5825,1.4081",Immeuble,77m,Société Privée,2005-01-07,SUP,,False,False
748957,BOUYGUES TELECOM,GSM 1800,10 R MICHEL VIGNAUD 92360 MEUDON,92048,"48.7881,2.2314",Immeuble,39m,Société HLM,2013-12-04,SUP,,False,False
749370,BOUYGUES TELECOM,LTE 2100, (LE HAUT DES FOURASSES) 54290 BREMONCOURT,54098,"48.4981,6.3428",Pylône autostable,"35,6m",HIVORY,2026-06-18,ART,,False,False
749370,BOUYGUES TELECOM,UMTS 2100, (LE HAUT DES FOURASSES) 54290 BREMONCOURT,54098,"48.4981,6.3428",Pylône autostable,"35,6m",HIVORY,2019-07-30,SUP,,False,False
749492,ORANGE,GSM 900,219 R DE JUNCASSA 31700 BEAUZELLE,31056,"43.6664,1.3678",Pylône autostable,34m,TOTEM,2000-01-14,SUP,,False,False
749816,BOUYGUES TELECOM,"LTE 2100, 5G NR 3500",2 BD DE LA TOUR D'AUVERGNE 1 RUE DE LA MOTTE PICQUET 35700 RENNES,35238,"48.1081,-1.685",Immeuble,"30,5m","Copropriété, Syndic, SCI",,SUP,,False,True
749973,SFR,LTE 700, (PUY DE REDON) 87250 ST PARDOUX LE LAC,87128,"46.0633,1.2692",Pylône autostable,36m,TOTEM,2026-07-08,ALL,,False,False
750879,ORANGE,"LTE 1800, 5G NR 2100",CHEM COMMUNAL DU GOUFFRE (LES VEAUX) 27270 LA CHAPELLE GAUTHIER,27148,"48.9833,0.4919",Pylône tubulaire,30m,TOTEM,,AJO,,False,False
750971,ORANGE,GSM 900,AV DE LA FONDERIE LA GARE 65700 MAUBOURGUET,65304,"43.4628,0.0325",Pylône autostable,35m,ORANGE,2007-04-14,SUP,,False,False
751536,BOUYGUES TELECOM,"LTE 1800, 5G NR 2100",RD 959 (Z.A LE PILORI) 37360 SEMBLANCAY,37245,"47.4753,0.5447",Pylône autostable,45m,TDF,2026-04-28,ART,,False,False
751536,SFR,"LTE 700, LTE 1800, 5G NR 2100",RD 959 (Z.A LE PILORI) 37360 SEMBLANCAY,37245,"47.4753,0.5447",Pylône autostable,45m,TDF,2026-07-08,ALL,,False,False
751635,ORANGE,"LTE 700, LTE 1800, 5G NR 2100",AUX SAGNES - D8 (MONTÉE ST GUILLAUME) 38450 MIRIBEL LANCHATRE,38235,"44.9728,5.6158",Pylône autostable,21m,TOTEM,,AJO,,False,False
751709,SFR,"LTE 700, LTE 2100, 5G NR 2100", (LA CROIX DES RAMEAUX) 87120 NEDDE,87104,"45.7181,1.8367",Pylône autostable,"26,5m",TDF,,AJO,,False,False
752106,SFR,"LTE 700, LTE 1800, LTE 2100, 5G NR 2100",CHEM RURAL DE MARCILLY EN GAULT (BOISVERT) 41210 MARCILLY EN GAULT,41125,"47.4661,1.8806",Château d'eau - réservoir,60m,"Syndicat des eaux, Adduction",,AJO,,False,False
752942,ORANGE,"LTE 700, 5G NR 2100",CHEM COMMUNAL (LE TERTRE) 72270 MEZERAY,72195,"47.8125,-0.06",Pylône autostable,40m,TOTEM,2026-07-09,ALL,,False,False
752980,ORANGE,5G NR 2100,27 R DU STADE (LA FERME DU TRÈFLE) 27260 EPAIGNES,27218,"49.2758,0.4444",Pylône autostable,30m,TOTEM,,AJO,,False,False
753331,ORANGE,5G NR 2100,RTE DE BÉZY (LA LANDE DE LA PIE HAUDAIS) 56140 CARO,56035,"47.8483,-2.2917",Pylône autostable,35m,TOTEM,2026-07-09,ALL,,False,False
753400,ORANGE,"5G NR 700, 5G NR 3500",PYLÔNE TDF (CONDAMINE) 01250 GRAND CORENT,01177,"46.2058,5.4206",Pylône autostable,34m,TDF,2026-06-16,ART,,False,False
753427,ORANGE,"5G NR 700, 5G NR 3500",CHEM. DES ETANGS LA CHÂTAIGNERAIE (NEPROZ) 01220 DIVONNE LES BAINS,01143,"46.3689,6.1617",Pylône autostable,28m,HIVORY,2026-07-08,ALL,,False,False
753500,FREE MOBILE,"LTE 2100, LTE 2600",LE BOURG DU VILLAGE (EN CHAPELLON) 01410 LELEX,01210,"46.3031,5.9403",Pylône autostable,25m,TOTEM,,SUP,,False,False
753883,ORANGE,"5G NR 700, 5G NR 3500",RTE D'ISIGNY (LA CHÊNÉE) 14330 LE MOLAY LITTRY,14370,"49.2572,-0.8903",Château d'eau - réservoir,38m,"Syndicat des eaux, Adduction",2026-07-10,ALL,,False,False
754436,SFR,GSM 900,40 BD DE STRASBOURG 31500 TOULOUSE,31555,"43.6083,1.4461",Immeuble,17m,Particulier,2011-12-08,SUP,,False,False
754933,BOUYGUES TELECOM,LTE 1800, (LIBERSAC NORD) 19160 NEUVIC,19148,"45.3828,2.2858",Pylône tubulaire,40m,TDF,2026-07-20,ALL,,False,False
755083,SFR,5G NR 3500,3110 ROUTE DE LA MOYENNE CORNICHE RES MONEGHETTI -LOGIREM 06240 BEAUSOLEIL,06012,"43.7392,7.4131",Bâtiment,"23,6m","Copropriété, Syndic, SCI",2026-07-22,AJA,,False,False
755083,SFR,"LTE 700, LTE 800",3110 ROUTE DE LA MOYENNE CORNICHE RES MONEGHETTI -LOGIREM 06240 BEAUSOLEIL,06012,"43.7392,7.4131",Bâtiment,"23,6m","Copropriété, Syndic, SCI",,AJO,,False,False
755498,BOUYGUES TELECOM,LTE 2100, (LAMATH BOIS DE LA FOITERIE) 54300 XERMAMENIL,54595,"48.5469,6.4694",Pylône autostable,30m,TDF,2026-07-20,ALL,,False,False
755577,BOUYGUES TELECOM,LTE 700,EMPRISE LGV P.K 19.969 (CHAMP GOURI) 39290 MONTMIREY LE CHATEAU,39361,"47.2408,5.5517",Pylône autostable,30m,SNCF Réseau,,AJO,,False,False
756588,SFR,GSM 900,2 BD J. F. KENNEDY TRIBUNES (HIPPODROME DE LA CÔTE D'AZUR) 06800 CAGNES SUR MER,06027,"43.6481,7.1419",Bâtiment,24m,Société Privée,1999-02-26,SUP,,False,False
756646,ORANGE,"UMTS 900, LTE 700, 5G NR 2100",ROUTE DE GOURDON - CHEM RURAL PARC D'ACTIVITÉS (LA SARRÉE) 06620 LE BAR SUR LOUP,06010,"43.6919,6.9653",Pylône autostable,13m,TOTEM,2026-06-15,ART,,False,False
757367,SFR,GSM 900,NOUVEAU CIMETIÈRE (LES PÉDES) 07120 RUOMS,07201,"44.4619,4.3461",Pylône autostable,20m,ORANGE,2004-12-22,SUP,,False,False
757379,ORANGE,5G NR 2100,AUTTOCOM FT D 122 BERNARDON (LE LANTER) 07510 STE EULALIE,07235,"44.8161,4.1864",Pylône autostable,28m,TOTEM,2026-07-08,ALL,,False,False
757403,BOUYGUES TELECOM,UMTS 2100,ROUTE DE LA MOTTE (LE PRÉ HUGON) 08380 SIGNY LE PETIT,08420,"49.9106,4.2844",Pylône autostable,43m,TOTEM,2017-03-30,SUP,,False,False
757411,ORANGE,GSM 900, (ROC GARDIOLES) 09110 MERENS LES VALS,09189,"42.6119,1.8125",Pylône autostable,9m,TOTEM,1993-11-05,SUP,,False,False
757448,ORANGE,GSM 900,ROUTE DE LORDAT D 55 09250 VERNAUX,09330,"42.7731,1.7606",Pylône autostable,30m,TOTEM,1997-09-26,SUP,,False,False
757453,ORANGE,"LTE 700, LTE 1800, 5G NR 2100",CHEM PRADELLES (PIPPIÈ) 09300 MONTFERRIER,09206,"42.9108,1.7786",Pylône autostable,37m,TOTEM,,AJO,,False,False
757457,ORANGE,GSM 900,PECH DE LOUBENS CHEM DES MIOULS (PECH DE LIMOUZY) 09120 ARTIX,09021,"43.0558,1.545",Pylône autostable,39m,TOTEM,1998-11-06,SUP,,False,False
757461,ORANGE,GSM 900,CHEM RURAL (LA SERRE) 09460 LE PUCH,09237,"42.7211,2.0986",Pylône autostable,32m,TDF,2004-11-13,SUP,,True,False
757723,BOUYGUES TELECOM,UMTS 2100,RTE DE ST MAURE (LA PATURE LONGUE) 10600 BARBEREY ST SULPICE,10030,"48.3433,4.0406",Pylône tubulaire,45m,TOTEM,2020-07-15,SUP,,False,False
757725,ORANGE,GSM 900,IMM CRISTAL RÉSID FRONT DE NEIGE (MONTS D'OLMES) 09300 MONTFERRIER,09206,"42.8436,1.7453",Immeuble,"31,7m","Copropriété, Syndic, SCI",1997-12-05,SUP,,False,False
757742,ORANGE,GSM 900,PYLÔNE TDF (EST SALEIX) 09220 VAL DE SOS,09334,"42.7708,1.4797",Pylône autostable,40m,TDF,2002-10-26,SUP,,False,False
758140,FREE MOBILE,"LTE 2100, 5G NR 700",CHEM DE ST MARTIN AUX CONDAMINES (COL DE MAURE) 04140 SEYNE,04205,"44.3178,6.4067",Pylône autostable,26m,BOUYGUES,2026-07-24,ALL,,False,False
758201,ORANGE,GSM 900,LA CHAPELLE BASSE (PECH REDON) 46200 LACHAPELLE AUZAC,46145,"44.9333,1.5019",Pylône autostable,45m,Société Privée,1997-11-14,SUP,,False,False
758238,ORANGE,"LTE 700, 5G NR 2100", (LA PLAINE DE CAZELLES) 11390 CUXAC CABARDES,11115,"43.3664,2.285",Château d'eau - réservoir,33m,"Commune, communauté de communes",,AJO,,False,False
758804,ORANGE,5G NR 2100,LE BOUSQUET (BELVEZET) 12780 ST LEONS,12238,"44.2561,2.9697",Pylône tubulaire,30m,TOTEM,,AJO,,False,False
759394,ORANGE,"LTE 700, LTE 1800, 5G NR 2100",D.82 (LOU PIOCH) 12380 MONTFRANC,12152,"43.8414,2.5667",Pylône autostable,35m,TOTEM,2026-07-09,ALL,,False,False
759426,ORANGE,5G NR 2100,D.130 PARC TGV (LES TERRES NOIRES) 77390 CHAMPDEUIL,77081,"48.6211,2.7228",Pylône autostable,40m,CELLNEX,2026-07-06,AJA,,False,False
759426,ORANGE,LTE 2100,D.130 PARC TGV (LES TERRES NOIRES) 77390 CHAMPDEUIL,77081,"48.6211,2.7228",Pylône autostable,40m,CELLNEX,2024-05-31,SUP,,False,False
760765,ORANGE,GSM 900, (ROUILLAN) 32190 DEMU,32115,"43.7639,0.1956",Château d'eau - réservoir,35m,"Syndicat des eaux, Adduction",1998-07-30,SUP,,False,False
760824,ORANGE,"LTE 1800, LTE 2100",CHEM D'EXPLOITATION N°23 (LA QUEUE DES YVARTS) 51800 SIVRY ANTE,51537,"49.0125,4.8464",Pylône autostable,34m,SNCF Réseau,2026-07-01,ART,,False,False
761351,ORANGE,GSM 900, (BIDAUX) 09230 STE CROIX VOLVESTRE,09257,"43.1075,1.1958",Pylône autostable,25m,TDF,2005-06-18,SUP,,True,False
761426,ORANGE,GSM 900, (LA RUÈRE) 09320 MASSAT,09182,"42.895,1.3775",Pylône autostable,35m,TDF,2006-01-06,SUP,,True,False
762323,ORANGE,GSM 900,D.34D CHÂTEAU D'EAU (HOURG) 31210 CUGURON,31158,"43.0992,0.5325",Château d'eau - réservoir,44m,"Syndicat des eaux, Adduction",1995-06-02,SUP,,False,False
762896,SFR,GSM 900,2 ALLÉE SACOMAN CARRÉ SAUMATY 13016 MARSEILLE 16,13216,"43.3622,5.3183",Bâtiment,18m,Particulier,2001-09-27,SUP,,False,False
762898,ORANGE,"LTE 700, 5G NR 2100",VALLON DE ROUSTAN RN 113 13680 LANCON PROVENCE,13051,"43.5675,5.155",Pylône tubulaire,20m,HIVORY,2026-07-20,AJA,,False,False
762898,ORANGE,"LTE 1800, LTE 2100",VALLON DE ROUSTAN RN 113 13680 LANCON PROVENCE,13051,"43.5675,5.155",Pylône tubulaire,20m,HIVORY,2019-09-26,SUP,,False,False
763311,SRR,"LTE 700, LTE 2100",ROUTE FORESTIÈRE DE LA ROCHE ECRITE (LE BRÛLÉ) 97490 ST DENIS,97411,"-20.9331,55.4333",Pylône autostable,"22,9m",TDF,2025-05-27,ART,,False,False
763370,BOUYGUES TELECOM,5G NR 2100,RTE DÉPART. 20 (FOSSE NOIRE) 51490 SELLES,51529,"49.3039,4.2956",Pylône autostable,38m,ATC FRANCE,2026-07-08,ALL,,False,False
763548,SFR,GSM 900,CHEM DU ROUQUIER BÂTIMENT B2 13800 ISTRES,13047,"43.5089,4.9917",Immeuble,21m,Société HLM,1994-07-29,SUP,,False,False
764119,ORANGE,GSM 900,FORET DE TEILHET (CROIX DE STE TANOQUE) 09220 LERCOUL,09162,"42.7742,1.5433",Pylône autostable,44m,TDF,2005-08-02,SUP,,True,False
764645,ORANGE,"5G NR 700, 5G NR 3500",PL NOTRE DAME EGLISE N.D DES VICTOIRES 14360 TROUVILLE SUR MER,14715,"49.3653,0.0847",Monument religieux,40m,"Commune, communauté de communes",,AJO,,False,False
764655,ORANGE,"UMTS 900, LTE 700, LTE 800, LTE 1800, LTE 2100, LTE 2600, 5G NR 700, 5G NR 3500",1 AV DU HAUT CRÉPON  14200 HEROUVILLE ST CLAIR,14327,"49.2089,-0.3358",Fût,68m,"Commune, communauté de communes",2022-04-25,SUP,,False,False
764732,BOUYGUES TELECOM,UMTS 2100,RD N°253 (LES LONGÉES DE BINCA) 33860 REIGNAC,33351,"45.2144,-0.5086",Pylône autostable,"43,9m",TDF,2018-04-11,SUP,,False,False
765807,ORANGE,GSM 900,LA DEBEZO DEL ROC DIRECTION CENTRES EXPERTISE ET ESSAIS DGA (LES VITARELLES) 46500 GRAMAT,46128,"44.7392,1.7283",Pylône autostable,24m,TOTEM,2006-09-22,SUP,,False,False
766055,FREE MOBILE,"LTE 2100, 5G NR 700",RTE DE MARTRET STADE MUNICIPAL 17610 CHERAC,17100,"45.7003,-0.4364",Pylône autostable,30m,TOTEM,2026-07-24,ALL,,False,False
766545,ORANGE,GSM 900,VOIE N°8 (A CATREILLE) 32410 AYGUETINTE,32024,"43.8192,0.4147",Pylône autostable,25m,TOTEM,1997-10-03,SUP,,False,False
767301,SFR,GSM 900,6 QUAI DE MARSEILLE IMM SRIEM 59100 ROUBAIX,59512,"50.7061,3.1817",Immeuble,"56,3m",Société HLM,1998-05-06,SUP,,False,False
767332,BOUYGUES TELECOM,LTE 2100, (ROCHER D'ANLARS) 82140 ST ANTONIN NOBLE VAL,82155,"44.1461,1.7536",Pylône autostable,18m,TDF,2026-07-22,ALL,,False,False
767392,DIGICEL,"LTE 700, 5G NR 700, 5G NR 3500",42-44 R GARNIER PAGÉS IMM MONPLAISIR 97234 FORT DE FRANCE,97209,"14.6044,-61.0725",Immeuble,"33,5m",Société Privée,2026-06-04,ART,,False,False
767392,FREE CARAIBES,"UMTS 900, 5G NR 700, 5G NR 3500",42-44 R GARNIER PAGÉS IMM MONPLAISIR 97234 FORT DE FRANCE,97209,"14.6044,-61.0725",Immeuble,"33,5m",Société Privée,2026-06-04,ART,,False,False
767806,ORANGE,GSM 900,CHEM DE SIEUCÈDE (SIEUCÈDE) 65410 ILHET,65228,"42.9725,0.3975",Pylône autostable,"45,2m",TDF,1998-03-27,SUP,,False,False
767810,BOUYGUES TELECOM,UMTS 2100,CHEM D'EXPLOITATION N°202 (LA COUR BOUTIER) 35120 ST BROLADRE,35259,"48.5833,-1.6692",Pylône autostable,"45,4m",Conseil Départemental,2019-08-20,SUP,,True,False
768455,ORANGE,GSM 900,SARROQUES - LE MAS D'AZIRAC 46600 MARTEL,46185,"44.9594,1.5731",Pylône autostable,26m,TOTEM,2000-02-18,SUP,,False,False
769425,BOUYGUES TELECOM,"LTE 700, LTE 1800, LTE 2100, LTE 2600", (LE COURADEAU) 16700 SALLES DE VILLEFAGNAN,16361,"45.9586,0.1417",Pylône autostable,23m,HIVORY,2026-07-20,ALL,,False,False
769425,SFR,"LTE 700, LTE 1800, LTE 2100, LTE 2600", (LE COURADEAU) 16700 SALLES DE VILLEFAGNAN,16361,"45.9586,0.1417",Pylône autostable,23m,HIVORY,2026-07-08,ALL,,False,False
769820,SFR,"LTE 700, LTE 2600, 5G NR 3500",PL ST MARTIN 44260 SAVENAY,44195,"47.3606,-1.9456",Monument religieux,42m,"Commune, communauté de communes",,AJO,,False,False
769858,ORANGE,"GSM 900, UMTS 900, LTE 700, LTE 800, LTE 1800, LTE 2100, LTE 2600, 5G NR 700, 5G NR 3500", (PEN AN CREC H) 22200 PLOUISY,22223,"48.5603,-3.1964",Pylône autostable,35m,TOTEM,2022-05-31,SUP,,False,False
770269,ORANGE,GSM 900,CHEM DE RANDONNÉE DU BIROS (TUC DE PUECH) 09800 BALACET,09034,"42.8922,0.9847",Pylône tubulaire,13m,EDF ou GDF,2006-04-15,SUP,,True,False
770945,BOUYGUES TELECOM,"LTE 700, LTE 800, LTE 1800, LTE 2100, LTE 2600, 5G NR 2100",R DE PEY HARRY (PEY HARRY) 24750 BOULAZAC ISLE MANOIRE,24053,"45.1697,0.7439",Pylône autostable,35m,TOTEM,2026-07-04,ALL,,False,True
770966,BOUYGUES TELECOM,LTE 1800,PRÉS D704 (COMBENÉGRE) 24590 ST GENIES,24412,"44.9914,1.2408",Pylône autostable,43m,Conseil Départemental,,AJO,,False,False
770966,SFR,LTE 1800,PRÉS D704 (COMBENÉGRE) 24590 ST GENIES,24412,"44.9914,1.2408",Pylône autostable,43m,Conseil Départemental,,AJO,,True,False
771008,BOUYGUES TELECOM,LTE 1800,CHEM RURAL (VIGNES DE FRANCE) 24350 GRAND BRASSAC,24200,"45.2792,0.5311",Pylône autostable,35m,Conseil Départemental,,AJO,,False,False
771008,SFR,LTE 1800,CHEM RURAL (VIGNES DE FRANCE) 24350 GRAND BRASSAC,24200,"45.2792,0.5311",Pylône autostable,35m,Conseil Départemental,,AJO,,True,False
771847,BOUYGUES TELECOM,UMTS 2100, (BRULEFER EST) 26210 LAPEYROUSE MORNAY,26155,"45.3281,4.9839",Pylône autostable,32m,HIVORY,2019-06-27,SUP,,False,False
771867,ORANGE,5G NR 2100,RD 26 (LA BALME) 26400 LA REPARA AURIPLES,26020,"44.6611,4.9864",Pylône autostable,"27,4m",TOTEM,2026-06-25,ART,,False,False
772155,ORANGE,"LTE 700, LTE 1800, 5G NR 2100",R DU GAI LOGIS (LE VILLAGE) 10510 CHATRES,10089,"48.4989,3.8531",Pylône autostable,"40,5m",ATC FRANCE,,AJO,,False,False
772155,ORANGE,LTE 2100,R DU GAI LOGIS (LE VILLAGE) 10510 CHATRES,10089,"48.4989,3.8531",Pylône autostable,"40,5m",ATC FRANCE,2022-08-24,SUP,,False,False
772194,SFR,"LTE 700, LTE 2100, 5G NR 2100",R DE LA RÉPUBLIQUE (LES OUCHES DE BOISVILLE) 28150 BOISVILLE LA ST PERE,28047,"48.3317,1.6919",Pylône autostable,"13,6m",CELLNEX,,AJO,,False,False
772324,BOUYGUES TELECOM,"GSM 900, UMTS 900, LTE 800, LTE 1800, LTE 2100, LTE 2600",VIADUC DE LA GRÉNETTE LIGNE TGV / D113 (LES PLANTIERS) 26400 LA ROCHE SUR GRANE,26277,"44.6825,4.9353",Mât béton,6m,ORANGE,2017-01-24,SUP,,False,False
772338,FREE MOBILE,"LTE 2100, LTE 2600",RUE DES MUTTES N.14 (LES MUTTES) 27440 VAL D ORGER,27294,"49.3542,1.3622",Pylône autostable,67m,TOTEM,,SUP,,False,False
772340,ORANGE,5G NR 2100,EMETTEUR TDF (LES COUTURES) 27260 ST PIERRE DE CORMEILLES,27591,"49.2411,0.37",Pylône autostable,35m,TDF,2026-07-21,ALL,,False,False
773002,SFR,5G NR 2100,RD 134 (LE COUDRAI) 27390 LA GOULAFRIERE,27289,"48.9461,0.4153",Pylône tubulaire,30m,ATC FRANCE,2026-07-08,ALL,,False,False
773013,SFR,"LTE 700, LTE 800, LTE 1800, LTE 2100, LTE 2600, 5G NR 2100, 5G NR 3500",A.11 - PK 55 PÉAGE ÉCHANGEUR CHARTRES EST SENS PROVINCE-PARIS (A11 CHARTRES-EST) 28000 CHARTRES,28085,"48.4542,1.54",Pylône autostable,41m,Sociétés d'Autoroutes,,AJO,,False,True
773033,BOUYGUES TELECOM,5G NR 3500,11 R DE LA CROIX JUMELIN 28000 CHARTRES,28085,"48.4539,1.485",Immeuble,18m,Société HLM,,AJO,,False,False
773033,SFR,GSM 900,11 R DE LA CROIX JUMELIN 28000 CHARTRES,28085,"48.4539,1.485",Immeuble,18m,Société HLM,2000-06-23,SUP,,False,False
773056,SFR,LTE 700,V.C. N° 3 ET 4 (LE BOIS DE LA PÉNIÈRE) 28330 ST BOMER,28327,"48.1878,0.8261",Château d'eau - réservoir,27m,"Commune, communauté de communes",,AJO,,False,False
773069,SFR,LTE 700,R PIERRE ET MARIE CURIE (APRÈS LA CSE DES POMPIERS TERRAIN NU COMMUNAL (PRSÈ DE L'A A11) (LA CHESNAYE) 28330 AUTHON DU PERCHE,28018,"48.2022,0.8925",Pylône autostable,"47,7m",HIVORY,,AJO,,False,False
773787,ORANGE,"GSM 900, UMTS 900, LTE 800, LTE 1800, LTE 2100",D71 RTE EVREUX/CH EAU (ST HILAIRE) 27400 LOUVIERS,27375,"49.2044,1.1681",Château d'eau - réservoir,26m,"Commune, communauté de communes",1999-12-09,SUP,,False,False
774455,BOUYGUES TELECOM,UMTS 2100,CHEM D'ALLONDRELLE À VITRON (LE PRE DU BOUVRET) 54260 ALLONDRELLE LA MALMAISON,54011,"49.5192,5.5572",Pylône autostable,"37,8m",Conseil Départemental,2019-08-20,SUP,,True,False
776360,ORANGE,GSM 900,"66, R EDOUARD LARTET 31500 TOULOUSE",31555,"43.5883,1.4781",Château d'eau - réservoir,"29,5m","Syndicat des eaux, Adduction",2013-07-12,SUP,,False,False
776366,ORANGE,GSM 900,"17, AV HONORÉ DE SERRES 31500 TOULOUSE",31555,"43.6122,1.4381",Immeuble,38m,"Copropriété, Syndic, SCI",2013-07-19,SUP,,False,False
776372,ORANGE,GSM 900,50 BLD DES RECOLLETS 31500 TOULOUSE,31555,"43.5839,1.4456",Immeuble,33m,"Copropriété, Syndic, SCI",2013-07-12,SUP,,False,False
776380,ORANGE,GSM 900,30 CHEM DES PINS 31130 BALMA,31044,"43.6156,1.5069",Pylône tubulaire,18m,TOTEM,2013-07-12,SUP,,False,False
776382,ORANGE,GSM 900,1-2 PL DES PAPYRUS CHEM DES CYTISES 31500 TOULOUSE,31555,"43.635,1.4333",Immeuble,20m,Société HLM,1996-12-21,SUP,,False,False
776386,ORANGE,GSM 900,3 R ROQUELAINE 31500 TOULOUSE,31555,"43.6103,1.4444",Immeuble,"26,8m","État, Ministère",1997-03-28,SUP,,False,False
776394,ORANGE,GSM 900,"119, IMP ROQUEMAUREL RES DE L'HIPPODROME 31500 TOULOUSE",31555,"43.5944,1.4064",Immeuble,40m,"Copropriété, Syndic, SCI",2013-08-09,SUP,,False,False
776400,ORANGE,GSM 900,57 CHE DU SANG DE SERP LYCÉE ET USINE AIRBUS - BÂT E50 31500 TOULOUSE,31555,"43.6158,1.4278",Bâtiment,22m,Société Privée,2013-07-19,SUP,,False,False
776416,ORANGE,GSM 900,58 BD  KOENINGS 31500 TOULOUSE,31555,"43.5964,1.4197",Immeuble,37m,"Copropriété, Syndic, SCI",2004-12-02,SUP,,False,False
776461,ORANGE,GSM 900,CHEM DE L'ARNAYS (LES ARRIOUS) 31350 PEGUILHAN,31412,"43.3406,0.6967",Pylône autostable,33m,TOTEM,1997-10-17,SUP,,False,False
776463,ORANGE,GSM 900,RUE DES USINES ZI DU TERROIR 31150 FENOUILLET,31182,"43.6972,1.3981",Pylône autostable,31m,TOTEM,1997-10-24,SUP,,False,False
777190,ORANGE,GSM 900,10 R ARISTIDE BERGES 31270 CUGNAUX,31157,"43.5547,1.3664",Pylône tubulaire,25m,TOTEM,1997-07-11,SUP,,False,False
777601,ORANGE,GSM 900,RN632 (CHARRET) 65220 PUYDARRIEUX,65374,"43.3031,0.3897",Pylône autostable,31m,TOTEM,2010-11-30,SUP,,False,False
777739,ORANGE,GSM 900,"CHEM DU CANAL ADM : 2, R DU MÉDOC 31170 TOURNEFEUILLE",31557,"43.5594,1.3511",Pylône autostable,20m,TOTEM,2005-07-23,SUP,,False,False
777741,ORANGE,GSM 900,R D'AVRANCHES R MOTO-VIDAL STADE CAZAL LAPUJADE 31500 TOULOUSE,31555,"43.6319,1.4644",Pylône tubulaire,25m,ORANGE,2005-01-17,SUP,,False,False
777746,ORANGE,GSM 900,ALLÉE DE FRAIXINET 31120 ROQUES,31458,"43.5128,1.3678",Château d'eau - réservoir,40m,"Syndicat des eaux, Adduction",2005-02-19,SUP,,False,False
777754,ORANGE,GSM 900,"CU 1, PL DES CARMES 31500 TOULOUSE",31555,"43.5978,1.4447",Bâtiment,36m,"Commune, communauté de communes",2005-03-19,SUP,,False,False
777756,ORANGE,GSM 900,"39, RTE DE TOULOUSE 31830 PLAISANCE DU TOUCH",31424,"43.5719,1.3122",Pylône tubulaire,18m,TOTEM,2005-03-19,SUP,,False,False
777764,ORANGE,GSM 900,AV CAPITOULS CIMETIÈRE 31880 LA SALVETAT ST GILLES,31526,"43.5817,1.2736",Pylône tubulaire,28m,TDF,2007-06-01,SUP,,False,False
777775,ORANGE,GSM 900,AV DE CUGNAUX R DU CHÂTEAU D'EAU CHÂTEAU D'EAU (IMP LEMOZI) 31270 VILLENEUVE TOLOSANE,31588,"43.5289,1.3431",Château d'eau - réservoir,47m,"Syndicat des eaux, Adduction",2005-07-23,SUP,,False,False
777781,ORANGE,GSM 900,1 R LOUIS PASTEUR R DÉODAT DE SÉVERAC 31140 ST ALBAN,31467,"43.6856,1.4133",Immeuble,19m,Société HLM,2006-01-21,SUP,,False,False
777785,ORANGE,GSM 900,R DES PYRÉNÉES CHATEAU D'EAU (LE SARRET SUD) 31120 ROQUETTES,31460,"43.4958,1.3722",Château d'eau - réservoir,31m,"Commune, communauté de communes",1998-06-05,SUP,,False,False
777798,ORANGE,GSM 900,D.42 (LES BRUGES) 31480 LE GRES,31234,"43.7253,1.105",Château d'eau - réservoir,48m,"Syndicat des eaux, Adduction",2000-01-14,SUP,,False,False
777805,ORANGE,GSM 900,102 AV DE LA GLOIRE 31500 TOULOUSE,31555,"43.6069,1.4672",Immeuble,36m,Société Privée,2018-04-09,SUP,,False,False
777809,ORANGE,GSM 900,RTE DU STADE STADE DE FOOTBALL (ST CLÉMENT) 31700 CORNEBARRIEU,31150,"43.6544,1.3231",Pylône tubulaire,27m,ATC FRANCE,2000-02-04,SUP,,False,False
777811,ORANGE,GSM 900,"41, ANCIENNE RTE IMPÉRIALE 31120 PORTET SUR GARONNE",31433,"43.5158,1.3933",Bâtiment,"20,7m",ORANGE Services Fixes,1992-07-03,SUP,,False,False
777814,ORANGE,GSM 900,17 R DE L'INDÉPENDANCE 31800 ST GAUDENS,31483,"43.1081,0.7189",Bâtiment,24m,ORANGE Services Fixes,1996-04-05,SUP,,False,False
777816,ORANGE,GSM 900,6 AVE ALEXANDRE DUMAS 31110 BAGNERES DE LUCHON,31042,"42.7914,0.5967",Bâtiment,20m,ORANGE Services Fixes,2003-09-06,SUP,,False,False
777818,ORANGE,GSM 900,5 BD VINCENT AURIOL 31170 TOURNEFEUILLE,31557,"43.585,1.3447",Immeuble,"17,4m","Copropriété, Syndic, SCI",2022-03-21,SUP,,False,False
777821,ORANGE,GSM 900,102 AV. DES MINIMES 31500 TOULOUSE,31555,"43.6214,1.4356",Immeuble,42m,"Copropriété, Syndic, SCI",2005-11-04,SUP,,False,False
777823,ORANGE,GSM 900,1/3 GUILLAUME IBOS 31600 MURET,31395,"43.4572,1.3231",Immeuble,22m,"Copropriété, Syndic, SCI",2013-07-12,SUP,,False,False
777827,ORANGE,GSM 900,9-13 AV DE TOULOUSE 31240 L UNION,31561,"43.6503,1.4706",Pylône tubulaire,20m,TOTEM,1996-09-06,SUP,,False,False
777829,ORANGE,GSM 900,38 AV DES BOURDIES PYLONE TDF 31880 LA SALVETAT ST GILLES,31526,"43.5711,1.2906",Pylône tubulaire,"22,5m",TDF,2004-09-25,SUP,,False,False
777834,ORANGE,GSM 900,3 R DE LA SAUDRUNE 31120 PORTET SUR GARONNE,31433,"43.5314,1.3828",Mât,27m,TOTEM,2017-11-09,SUP,,False,False
777840,ORANGE,GSM 900,8 ALLÉE DU POITOU 31770 COLOMIERS,31149,"43.6128,1.3339",Bâtiment,36m,Société HLM,2004-10-16,SUP,,False,False
777846,ORANGE,GSM 900,AV DE L'EGLISE - PL DE LA MAIRIE 31240 ST JEAN,31488,"43.665,1.5042",Immeuble,19m,"Commune, communauté de communes",2004-10-16,SUP,,False,False
777848,ORANGE,GSM 900,4 IMP DE LA FLAMBERE 31500 TOULOUSE,31555,"43.6131,1.3917",Pylône autostable,25m,TOTEM,2017-11-09,SUP,,False,False
778111,TELCO OI,5G NR 3500,ROUTE NATIONNAL HAMOUROU 97660 BANDRELE,97603,"-12.8853,45.2164",Mât béton,16m,Telco OI,2025-06-03,ART,,False,False
778471,ORANGE,GSM 900,D.35 ZONE NC        (JUSTET ) 31550 CINTEGABELLE,31145,"43.3203,1.5269",Pylône autostable,18m,TOTEM,2007-10-26,SUP,,False,False
778487,ORANGE,GSM 900,CHEM DU RÉSERVOIR (LES AGUDES VILLAGES) 31110 GOUAUX DE LARBOUST,31221,"42.7892,0.475",Pylône autostable,13m,ORANGE,2008-02-18,SUP,,False,False
778499,ORANGE,GSM 900,7B BLD GAMBETTA CREDIT AGRICOLE 32000 AUCH,32013,"43.6478,0.5847",Immeuble,30m,Société Privée,1996-06-19,SUP,,False,False
778507,ORANGE,GSM 900,AV DU BATAILLON DE L'ARMAGNAC 32310 VALENCE SUR BAISE,32459,"43.8769,0.3864",Château d'eau - réservoir,32m,"Commune, communauté de communes",1997-07-18,SUP,,False,False
778511,ORANGE,GSM 900,R DU COURBET EGLISE 31490 LEGUEVIN,31291,"43.5986,1.2339",Monument religieux,23m,"Commune, communauté de communes",2005-07-23,SUP,,False,False
778513,ORANGE,GSM 900,366 ROUTE DE LAUNAGUET 31500 TOULOUSE,31555,"43.6611,1.4397",Immeuble,17m,"Copropriété, Syndic, SCI",2006-08-19,SUP,,False,False
778515,ORANGE,GSM 900,CHEM DE LA CEPIERE 31500 TOULOUSE,31555,"43.5878,1.3978",Pylône autostable,"38,1m",TDF,2006-09-30,SUP,,False,False
778519,ORANGE,GSM 900,20 CHEMEMENT DU TINTORETS 31500 TOULOUSE,31555,"43.5617,1.3975",Immeuble,39m,Société HLM,2020-10-02,SUP,,False,False
778521,ORANGE,GSM 900, (AU MAJOURAN) 32270 ST SAUVY,32406,"43.6889,0.8097",Pylône autostable,34m,TOTEM,1998-07-30,SUP,,False,False
778529,ORANGE,GSM 900,AV DE TOULOUSE BAT FT 31240 L UNION,31561,"43.6594,1.4844",Bâtiment,11m,ORANGE Services Fixes,2007-05-24,SUP,,False,False
778538,ORANGE,GSM 900,26 AV DE CASTRES 31500 TOULOUSE,31555,"43.6006,1.47",Immeuble,22m,"Copropriété, Syndic, SCI",2017-11-09,SUP,,False,False
778544,ORANGE,GSM 900,CHEM DE LARRAMET 31170 TOURNEFEUILLE,31557,"43.5681,1.3353",Pylône tubulaire,22m,TOTEM,2006-04-29,SUP,,False,False
778550,ORANGE,GSM 900,30 AV. GUYNEMER AV. DIDIER DAURAT 31770 COLOMIERS,31149,"43.6192,1.3461",Pylône tubulaire,18m,TOTEM,2018-02-12,SUP,,False,False
778554,ORANGE,GSM 900,AV JEAN MONNET CENTRE SAUROUS - BÂTIMENT AIRBUS C91 31700 CORNEBARRIEU,31150,"43.6328,1.3461",Bâtiment,38m,Société Privée,2007-04-19,SUP,,False,False
778556,ORANGE,GSM 900,CHEM DE CASSELÈVRES 31790 ST JORY,31490,"43.7331,1.3789",Pylône tubulaire,24m,TOTEM,2007-05-05,SUP,,False,False
778565,ORANGE,GSM 900,CHE DES COTES DE PECH DAVID (LE MAS PERDU) 31500 TOULOUSE,31555,"43.5581,1.4478",Pylône autostable,45m,"État, Ministère",2007-08-09,SUP,,False,False
778567,ORANGE,GSM 900,70 CHEM DU SANG DE SERP 31500 TOULOUSE,31555,"43.625,1.4219",Pylône tubulaire,35m,TOTEM,2008-04-14,SUP,,False,False
778933,ORANGE,GSM 900,QUARTIER SOURIME G.R.10 (SÉRIAIL) 31440 MELLES,31337,"42.8636,0.7531",Pylône autostable,20m,TDF,2007-02-03,SUP,,False,False
778936,ORANGE,GSM 900,1 PL DE LA CHAMPAGNE 31770 COLOMIERS,31149,"43.6189,1.3294",Immeuble,"30,5m",Société HLM,2006-11-18,SUP,,False,False
778940,ORANGE,GSM 900,À LAS PLASTRERE 32120 BAJONNETTE,32026,"43.8083,0.7642",Pylône autostable,26m,TOTEM,2001-12-07,SUP,,False,False
778951,ORANGE,GSM 900,CHEM RURAL DE MONLEZUN À MONPARDIAC (CAILLAU) 32230 MONLEZUN,32273,"43.4775,0.23",Pylône autostable,38m,TOTEM,2007-02-27,SUP,,True,False
778975,ORANGE,GSM 900,CHEM RURAL DIT DU GRANJON (TEROULET) 32320 CASTELNAU D ANGLES,32077,"43.6214,0.3053",Pylône autostable,45m,TOTEM,2007-06-01,SUP,,True,False
778977,ORANGE,GSM 900,VOIE COMMUNALE  N°6 DITE DES TUILERIES (AUX PUGNEROTS - LAQUARRAU) 32140 SAMARAN,32409,"43.3981,0.5294",Pylône autostable,40m,TOTEM,2007-11-13,SUP,,True,False
779038,SFR,GSM 900, (PHARE DU CAP FERRET) 33970 LEGE CAP FERRET,33236,"44.6458,-1.2489",Phare,52m,Phares et balises,2017-06-05,SUP,,False,False
779961,ORANGE,5G NR 3500,ROUTE DE THÈZE RD 208 (TRUBESSET) 64230 UZEIN,64549,"43.3969,-0.4128",Pylône autostable,30m,TOTEM,2026-06-19,ART,,False,False
781279,ORANGE,"5G NR 700, 5G NR 3500",151 RTE DE CASTRES QUARTIER RICHARD 31130 BALMA,31044,"43.5889,1.5231",Pylône autostable,18m,TOTEM,2026-07-20,AJA,,False,False
781279,ORANGE,GSM 900,151 RTE DE CASTRES QUARTIER RICHARD 31130 BALMA,31044,"43.5889,1.5231",Pylône autostable,18m,TOTEM,2004-08-21,SUP,,False,False
783824,FREE MOBILE,"LTE 2100, 5G NR 3500","2,4 R BENJAMIN FRANKLIN 37200 TOURS",37261,"47.4131,0.6936",Immeuble,30m,Société HLM,2026-07-24,ALL,,False,False
784008,BOUYGUES TELECOM,UMTS 2100,CHEM VIEUX RN 20 (LA ROUARDE) 82350 ALBIAS,82002,"44.0878,1.4431",Château d'eau - réservoir,"32,2m","Commune, communauté de communes",2019-06-27,SUP,,False,False
784008,ORANGE,GSM 900,CHEM VIEUX RN 20 (LA ROUARDE) 82350 ALBIAS,82002,"44.0878,1.4431",Château d'eau - réservoir,"32,2m","Commune, communauté de communes",1996-12-08,SUP,,False,False
784478,ORANGE,5G NR 2100,RTE DE LA TOUR DE MONTFALLET 38190 LAVAL EN BELLEDONNE,38206,"45.2553,5.9328",Pylône autostable,"17,2m",TDF,2026-06-12,ART,,False,False
785214,ORANGE,5G NR 2100,CHEM DES ETARPIERS (LES MONLAISSUTS) 39300 LENT,39292,"46.7497,5.9675",Pylône autostable,40m,TDF,,AJO,,False,False
785242,FREE MOBILE,"LTE 2100, LTE 2600", (SANTA BARBARA) 20140 PETRETO BICCHISANO,2A211,"41.7856,8.9733",Pylône autostable,20m,TOTEM,,SUP,,False,False
785566,ORANGE,GSM 900, (CASTEL) 82270 MONTALZAT,82119,"44.2108,1.5022",Château d'eau - réservoir,"38,4m","Syndicat des eaux, Adduction",,SUP,,True,False
786317,TELCO OI,"LTE 2100, LTE 2600, 5G NR 700, 5G NR 3500",3 RUELLE DES CAPUCINES ROUTES DES ETANGS 97413 CILAOS,97424,"-21.1328,55.4697",Mât béton,16m,Telco OI,2026-04-16,ART,,False,False
786337,TELCO OI,"LTE 2100, LTE 2600",R ORTAIRE LORION 97430 LE TAMPON,97422,"-21.2342,55.5039",Mât béton,16m,Particulier,2026-06-11,ART,,False,False
786686,SFR,LTE 2100,33 R FRANCOIS TESSAN 77330 OZOIR LA FERRIERE,77350,"48.7592,2.7006",Pylône autostable,32m,ATC FRANCE,,SUP,,False,False
786767,SRR,"LTE 700, LTE 2100",RAMPES DE ST FRANCOIS RTE DE ST FRANCOIS (RESERVOIRS LES DATTIERS) 97490 ST DENIS,97411,"-20.9064,55.4636",Pylône autostable,"16,8m",Société Réunionnaise de Radiotéléphonie,2025-05-06,ART,,False,False
786826,ORANGE,GSM 900,D14 (LES MUTS) 82700 ST PORQUIER,82171,"44.0203,1.1861",Pylône autostable,39m,TOTEM,2001-12-17,SUP,,False,False
787071,ORANGE,GSM 900, (SUPERBAGNÈRES) 31110 ST AVENTIN,31470,"42.7697,0.5781",Pylône autostable,30m,TOTEM,2008-05-20,SUP,,False,False
787304,ORANGE,5G NR 700,23 R AMIRAL COURBET HLM 44300 NANTES,44109,"47.2297,-1.5556",Immeuble,23m,Société HLM,2026-07-24,ALL,,False,False
787855,ORANGE,GSM 900, (PECH DE PAYRAT) 46090 LE MONTAT,46197,"44.3878,1.4561",Pylône autostable,38m,ORANGE,1996-09-06,SUP,,False,False
788658,ORANGE,"GSM 900, UMTS 900, LTE 700, LTE 800, LTE 1800, LTE 2100, LTE 2600, 5G NR 700, 5G NR 3500", (LA JEUDRONNERIE) 44860 PONT ST MARTIN,44130,"47.1111,-1.5514",Pylône autostable,37m,TOTEM,2022-08-29,SUP,,False,False
789553,ORANGE,GSM 900,LASTUQUE 47260 COULX,47071,"44.4583,0.4778",Pylône autostable,30m,TOTEM,2003-11-29,SUP,,False,False
790364,ORANGE,GSM 900,CHEM RURAL (BONNET) 46240 MONTFAUCON,46204,"44.6831,1.5806",Pylône autostable,24m,TOTEM,2006-09-18,SUP,,False,False
790467,SFR,LTE 700,R DU CHÂTEAU D'EAU 45700 VIMORY,45345,"47.9478,2.69",Château d'eau - réservoir,43m,"Commune, communauté de communes",,AJO,,False,False
791006,ORANGE,GSM 900, (L'HOSPITALET) 46500 ROCAMADOUR,46240,"44.8025,1.6281",Mât béton,16m,TDF,1997-02-07,SUP,,False,False
791349,SFR,"UMTS 900, LTE 700, LTE 800, LTE 2100, 5G NR 2100",RN 204 (PRÈS  SANFURIAN) 06540 BREIL SUR ROYA,06023,"43.9286,7.5208",Pylône autostable,"18,5m",HIVORY,,AJO,,False,False
791349,SFR,UMTS 2100,RN 204 (PRÈS  SANFURIAN) 06540 BREIL SUR ROYA,06023,"43.9286,7.5208",Pylône autostable,"18,5m",HIVORY,2011-12-13,SUP,,False,False
791760,ORANGE,LTE 700,PRÈS D.155D PYLÔNE ORANGE FRANCE (HAIE DES FEMMES) 57530 ARS LAQUENEXY,57031,"49.0839,6.2636",Pylône autostable,33m,TOTEM,2026-08-05,AAV,,False,False
791760,SFR,GSM 900,PRÈS D.155D PYLÔNE ORANGE FRANCE (HAIE DES FEMMES) 57530 ARS LAQUENEXY,57031,"49.0839,6.2636",Pylône autostable,33m,TOTEM,2011-11-10,SUP,,False,False
791784,ORANGE,5G NR 700,SENTE DES PLATANES TERRAIN SNCF 78610 LE PERRAY EN YVELINES,78486,"48.6908,1.8553",Pylône tubulaire,30m,ORANGE,,AJO,,False,False
791849,ORANGE,GSM 900,PL JEAN-BAPTISTE DURAND MARCHÉ PARKING 47000 AGEN,47001,"44.2044,0.6178",Immeuble,28m,"Commune, communauté de communes",2007-03-30,SUP,,False,False
791851,ORANGE,GSM 900, (GRIFFON) 47120 CAUBON ST SAUVEUR,47059,"44.5867,0.1861",Pylône autostable,37m,TOTEM,1997-12-05,SUP,,False,False
791855,ORANGE,GSM 900,VOIE COM N°101 (BAULENS OUEST) 47600 NOMDIEU,47197,"44.0642,0.4725",Pylône autostable,38m,TOTEM,1998-02-27,SUP,,False,False
791861,ORANGE,GSM 900,A COTÉ DU RÉSERVOIR D'EAU (SANSOT- FERRACAP) 47140 PENNE D AGENAIS,47203,"44.3903,0.8225",Pylône tubulaire,20m,TOTEM,1998-07-03,SUP,,False,False
791877,ORANGE,GSM 900,4 R DE GUYENNE HLM LOLYA 47200 MARMANDE,47157,"44.5122,0.1578",Immeuble,24m,Société HLM,2003-08-29,SUP,,False,False
791886,ORANGE,GSM 900,75 AV JEAN CLAUDE CAYREL 47300 VILLENEUVE SUR LOT,47323,"44.4167,0.6992",Pylône autostable,30m,ORANGE,2005-02-05,SUP,,False,False
791890,ORANGE,GSM 900,D446 / R DE MARQUÈS (SOUILLÈS) 47300 BIAS,47027,"44.4003,0.6842",Pylône autostable,30m,TOTEM,2005-04-09,SUP,,False,False
791896,ORANGE,GSM 900,281 R DE POMPEYRIE 47000 AGEN,47001,"44.2083,0.6286",Immeuble,"28,9m",Société HLM,2005-10-08,SUP,,False,False
791908,ORANGE,GSM 900,"18, R JEAN MOULIN SITE FT 47300 VILLENEUVE SUR LOT",47323,"44.405,0.7122",Bâtiment,38m,ORANGE Services Fixes,2006-03-25,SUP,,False,False
792136,FREE MOBILE,"LTE 2100, 5G NR 700",D38 (LANGMATT) 57820 LUTZELBOURG,57427,"48.7367,7.2722",Pylône autostable,32m,TOTEM,2026-07-07,ALL,,False,False
792169,ORANGE,GSM 900,CHEM RURAL (CARDOU) 47270 ST MAURIN,47260,"44.235,0.9058",Pylône autostable,38m,Conseil Départemental,2007-08-20,SUP,,True,False
792171,ORANGE,GSM 900,44 R PAGANEL CENTRE FRANCE TELECOM 47000 AGEN,47001,"44.1953,0.6347",Bâtiment,26m,ORANGE Services Fixes,2006-12-16,SUP,,False,False
792177,ORANGE,GSM 900,40 AV PIERRE BUFFIN 47200 MARMANDE,47157,"44.5025,0.175",Pylône autostable,"31,8m","SDIS, secours, incendie",2007-08-08,SUP,,False,False
792184,FREE MOBILE,"LTE 2100, 5G NR 700",CD 35 (STE LUCIE) 20238 MORSIGLIA,2B170,"42.935,9.3672",Pylône autostable,13m,ATC FRANCE,2026-07-07,ALL,,False,False
793401,BOUYGUES TELECOM,UMTS 2100,HAMEAU DES HOTELETS TERRAIN DE SPORT COMMUNAL 76950 LES GRANDES VENTES,76321,"49.7903,1.225",Pylône autostable,44m,TOTEM,2018-09-26,SUP,,False,False
793464,SRR,LTE 2100,PARC DU GOLF _PRÉS N1 (FORET DOMANIAL DE L'ETANG SALE) 97427 L ETANG SALE,97404,"-21.2783,55.3642",Pylône autostable,30m,ORANGE,2026-06-26,ART,,False,False
793506,BOUYGUES TELECOM,"GSM 1800, UMTS 2100",7 R DU 372ÈME RALVF R D'ORLÉANS 51000 CHALONS EN CHAMPAGNE,51108,"48.9525,4.3472",Immeuble,49m,Société Privée,2001-01-09,SUP,,False,False
793564,FREE MOBILE,5G NR 3500,RTE DES FOURCHES 50470 CHERBOURG EN COTENTIN,50129,"49.6411,-1.6469",Pylône autostable,35m,TOTEM,2026-07-24,ALL,,False,False
793601,BOUYGUES TELECOM,LTE 2100,PRÈS D.28 (PARFONDEVAL D'EN BAS) 51140 MONTIGNY SUR VESLE,51379,"49.3036,3.8103",Pylône tubulaire,49m,HIVORY,2026-07-20,ALL,,False,False
793634,BOUYGUES TELECOM,GSM 1800,R CHARLES MARIE RAVEL 2 R ANNE MARIE TERRIERE 51520 ST MARTIN SUR LE PRE,51504,"48.9844,4.345",Pylône autostable,38m,ATC FRANCE,2016-06-20,SUP,,False,False
794588,BOUYGUES TELECOM,LTE 2100,CHEM VICINAL ORDINAIRE N°2 (LAS PUJOLLES) 65300 LUTILHOUS,65294,"43.1303,0.3233",Pylône autostable,"41,9m",SFR,2026-07-24,ALL,,False,False
794588,ORANGE,GSM 900,CHEM VICINAL ORDINAIRE N°2 (LAS PUJOLLES) 65300 LUTILHOUS,65294,"43.1303,0.3233",Pylône autostable,"41,9m",SFR,2013-08-05,SUP,,False,False
795248,PMT-VODAFONE,5G NR 3500, (TATAA) 98718 PUNAAUIA,98738,"-17.5719,-149.6172",Pylône autostable,27m,TDF,,AJO,,False,False
795351,BOUYGUES TELECOM,"LTE 700, LTE 1800, LTE 2100, 5G NR 2100",8 R DE LA GARE 03290 DIOU,03100,"46.5308,3.7503",Château d'eau - réservoir,21m,"Syndicat des eaux, Adduction",2026-07-23,ALL,,False,False
795457,FREE MOBILE,,ROUTE DE LIVERDY RD 96 PK 54 542 VR 1C LILLE LYON 77170 COUBERT,77127,"48.6864,2.7231",Pylône autostable,50m,SNCF Réseau,2022-06-27,CHI,2471831,False,True
795457,ORANGE,5G NR 2100,ROUTE DE LIVERDY RD 96 PK 54 542 VR 1C LILLE LYON 77170 COUBERT,77127,"48.6864,2.7231",Pylône autostable,50m,SNCF Réseau,2026-07-06,AJA,,False,False
795457,ORANGE,LTE 2100,ROUTE DE LIVERDY RD 96 PK 54 542 VR 1C LILLE LYON 77170 COUBERT,77127,"48.6864,2.7231",Pylône autostable,50m,SNCF Réseau,2022-10-27,SUP,,False,False
795480,FREE MOBILE,5G NR 3500,"1, 2 ,3 R JEAN MERMOZ 77500 CHELLES",77108,"48.8689,2.5778",Immeuble,49m,"Copropriété, Syndic, SCI",2026-07-07,ALL,,False,False
795487,ORANGE,"LTE 2100, 5G NR 700, 5G NR 3500",TERRAIN COMMUNAL (STOLLO) 20136 BOCOGNANO,2A040,"42.0847,9.05",Pylône tubulaire,25m,TOTEM,2026-07-09,ALL,,False,False
796719,SFR,"GSM 900, UMTS 900, UMTS 2100, LTE 700, LTE 800, LTE 1800, LTE 2600",R LALAU SOCIETE MKT MARKETUBE 59520 MARQUETTE LEZ LILLE,59386,"50.6764,3.0692",Pylône tubulaire,"29,7m",TOTEM,2011-12-28,SUP,,False,False
796811,ORANGE,GSM 900, (BOUSSU DELA) 65260 SOULOM,65435,"42.9475,-0.0642",Pylône autostable,20m,HIVORY,2012-01-11,SUP,,False,False
797217,ORANGE,LTE 700,EMPRISE LGV - PYLONE RFF PK 98.066 (LE GRAND ETANG) 70110 LES MAGNY,70317,"47.5278,6.4378",Pylône autostable,30m,SNCF Réseau,2026-07-30,ALL,,False,False
797223,BOUYGUES TELECOM,LTE 2100, (LE PERTUIS) 25750 AIBRE,25008,"47.5564,6.6825",Pylône autostable,30m,SNCF Réseau,2026-07-15,ALL,,False,False
797288,ORANGE,GSM 900, (LE BUELA) 65400 BOO SILHEN,65098,"43.0172,-0.0792",Pylône autostable,23m,ON TOWER FRANCE,1996-02-02,SUP,,False,False
798250,SFR,GSM 900,2 B  R RAYMOND BRUNOT 91100 CORBEIL ESSONNES,91174,"48.5875,2.4711",Immeuble,25m,Société Privée,2020-11-13,SUP,,False,False
798329,FREE MOBILE,"LTE 700, LTE 900, LTE 1800, LTE 2100, LTE 2600, 5G NR 3500",19 RUE VOLTAIRE 13140 MIRAMAS,13063,"43.5833,4.9989",Pylône tubulaire,"36,6m",TOTEM,2026-07-24,ALL,,False,True
798329,SFR,GSM 900,19 RUE VOLTAIRE 13140 MIRAMAS,13063,"43.5833,4.9989",Pylône tubulaire,"36,6m",TOTEM,2017-03-03,SUP,,False,False
798541,SRR,"LTE 700, LTE 2100",RN 1 LITTORAL SUD 97426 LES TROIS BASSINS,97423,"-21.1133,55.2606",Pylône autostable,16m,Société Réunionnaise de Radiotéléphonie,2025-09-19,ART,,False,False
798970,ORANGE,GSM 900,ZI LES MANGLES 97232 LE LAMENTIN,97213,"14.6144,-61.0131",Pylône autostable,27m,DIGICEL,2022-06-07,SUP,,False,False
799633,ORANGE,LTE 700,A.31 - SENS BETTEMBOURG-ENTRANGE CR.160 (GAERTCHEN) 57330 ZOUFFTGEN,57764,"49.4644,6.1211",Pylône autostable,43m,TOTEM,2026-08-06,AAV,,False,False
800149,BOUYGUES TELECOM,,CHEM JEAN MARIE VIANNAY CCAL LE PEROLLIER CARREFOUR 69130 ECULLY,69081,"45.7892,4.7753",Bâtiment,"12,5m",Société Privée,2013-10-01,CHH,11m,False,False
800219,ORANGE,GSM 900,"2, R ERNEST RENAN 31500 TOULOUSE",31555,"43.6281,1.4453",Pylône tubulaire,20m,TOTEM,2011-04-20,SUP,,False,False
800268,ORANGE,"UMTS 900, LTE 800, LTE 1800, LTE 2100",RTE DE LA GARE D 29 76640 FOUCART,76279,"49.6119,0.605",Château d'eau - réservoir,47m,"Syndicat des eaux, Adduction",2019-01-14,SUP,,False,False
800445,BOUYGUES TELECOM,UMTS 2100, (HAUTEVILLE) 73550 LES ALLUES,73015,"45.4333,6.5697",Pylône autostable,26m,TOTEM,2007-10-22,SUP,,False,False
800915,BOUYGUES TELECOM,5G NR 3500,8 R DU TEMPLE 94370 SUCY EN BRIE,94071,"48.7706,2.5211",Bâtiment,"19,2m","Copropriété, Syndic, SCI",,AJO,,False,False
800935,ORANGE,GSM 900,CHEM RURAL N°25 DE LAMARQUE À PEYREGUDE (GROUSSAN) 32700 LECTOURE,32208,"43.9236,0.6425",Pylône autostable,24m,TOTEM,2011-06-16,SUP,,False,False
801683,BOUYGUES TELECOM,,ECH N° 14 DE BONNIÈRES - A13A CHEM DE LA VILLENEUVE (BONNIÈRES) 78710 ROSNY SUR SEINE,78531,"49.015,1.5872",Pylône autostable,"30,5m",SFR,2018-07-31,CHH,30m,False,False
801683,SFR,,ECH N° 14 DE BONNIÈRES - A13A CHEM DE LA VILLENEUVE (BONNIÈRES) 78710 ROSNY SUR SEINE,78531,"49.015,1.5872",Pylône autostable,"30,5m",SFR,2004-01-30,CHH,30m,False,False
801829,FREE MOBILE,LTE 2100,IMPASSE SAINT-PAUL (LE VILLAGE) 00404 ERR CONV INSEE,62549,"50.3678,2.0464",Pylône autostable,25m,TDF,,SUP,,False,False
802256,BOUYGUES TELECOM,LTE 2100,CHEM D'EXPLOITATION N°12 (LE PETIT MARAIS) 51170 TRAMERY,51577,"49.2178,3.8008",Pylône tubulaire,24m,HIVORY,2026-07-20,ALL,,False,False
802335,ORANGE,GSM 900,CHEM DE LARROUZE (CLOS DE LA GARENE) 65330 RECURT,65376,"43.2056,0.4244",Pylône autostable,79m,ORANGE Services Fixes,2006-11-06,SUP,,False,False
802885,SFR,LTE 700,CHÂTEAU D'EAU (LE TERTRE) 53380 JUVIGNE,53123,"48.2211,-1.0372",Château d'eau - réservoir,35m,"Syndicat des eaux, Adduction",,AJO,,False,False
802948,BOUYGUES TELECOM,LTE 2100,EMPRISE LGV - PYLÔNE RFF P.K. N°269 (LES BÊTES AUX CHAMPS) 54121 VANDIERES,54546,"48.9667,6.0244",Pylône autostable,38m,SNCF Réseau,2026-07-20,ALL,,False,False
803185,BOUYGUES TELECOM,"LTE 1800, LTE 2100, 5G NR 2100",DÉPARTEMENTALE 7 (LE BOUQUET) 60210 ST MAUR,60588,"49.6244,1.9047",Château d'eau - réservoir,50m,"Commune, communauté de communes",2026-07-12,ALL,,False,False
803232,BOUYGUES TELECOM,UMTS 2100,13 R DE LA VICTOIRE AV CHARLES FLOQUET 93150 LE BLANC MESNIL,93007,"48.9403,2.4453",Pylône tubulaire,25m,BOUYGUES,2007-05-03,SUP,,False,False
803882,BOUYGUES TELECOM,LTE 2100,INTERSECTION D.7/A.4 PYLÔNE SANEF (MARENGO) 57140 NORROY LE VENEUR,57511,"49.1811,6.0611",Pylône autostable,50m,Sociétés d'Autoroutes,2026-07-20,ALL,,False,False
804209,ORANGE,5G NR 3500,R PRINCIPALE EGLISE (VIEILLE VERRERIE) 57540 PETITE ROSSELLE,57537,"49.2181,6.8636",Monument religieux,26m,"Commune, communauté de communes",2026-07-15,AJA,,False,False
804209,ORANGE,5G NR 700,R PRINCIPALE EGLISE (VIEILLE VERRERIE) 57540 PETITE ROSSELLE,57537,"49.2181,6.8636",Monument religieux,26m,"Commune, communauté de communes",,AJO,,False,False
804245,ORANGE,"LTE 800, 5G NR 700",R DE LA GARE FACE AU PARKING N°42  57300 MONDELANGE,57474,"49.2581,6.165",Pylône tubulaire,27m,TOTEM,2026-07-30,ALL,,False,False
804315,FREE MOBILE,5G NR 3500,16 ALLÉE DE LIBÉRATION 57100 THIONVILLE,57672,"49.3619,6.1564",Immeuble,52m,Société HLM,,AJO,,False,False
804730,ORANGE,5G NR 3500,R DE WIESELSTEIN STADE DE FOOTBALL 57800 FREYMING MERLEBACH,57240,"49.1561,6.8075",Pylône autostable,36m,ORANGE,2026-07-20,AJA,,False,False
804730,ORANGE,5G NR 700,R DE WIESELSTEIN STADE DE FOOTBALL 57800 FREYMING MERLEBACH,57240,"49.1561,6.8075",Pylône autostable,36m,ORANGE,,AJO,,False,False
805634,ORANGE,5G NR 3500,SENTIER DE LA GARE 59221 BAUVIN,59052,"50.5122,2.9047",Pylône tubulaire,30m,SFR,2026-06-26,ART,,False,False
806167,FREE MOBILE,"LTE 700, LTE 900, LTE 1800, LTE 2100, LTE 2600, 5G NR 3500",24B R DU DRONKAERT CENTRAL TÉLÉPHONIQUE (LE DRONKAERT) 59223 RONCQ,59508,"50.7428,3.1336",Pylône autostable,41m,TOTEM,2026-07-24,ALL,,False,True
806175,BOUYGUES TELECOM,5G NR 3500,121/139 R DE LACROIX 59100 ROUBAIX,59512,"50.6972,3.1833",Bâtiment,31m,Société HLM,,AJO,,False,False
806233,FREE MOBILE,5G NR 3500,PLACE GÉNÉRAL DE GAULLE EGLISE ST VAAST 59118 WAMBRECHIES,59636,"50.6872,3.0531",Monument religieux,41m,"Commune, communauté de communes",2026-07-28,ALL,,False,False
806293,ORANGE,5G NR 700,1B RTE DE CROCHTE (LA CROIX ROUGE) 59380 SOCX,59570,"50.9511,2.4283",Pylône autostable,30m,HIVORY,2026-07-24,ALL,,False,False
806380,BOUYGUES TELECOM,UMTS 2100,CHEM DU PIÈGE (LE CROUTAY) 60129 GLAIGNES,60274,"49.2694,2.8553",Pylône tubulaire,30m,"Commune, communauté de communes",2011-12-11,SUP,,False,False
806406,BOUYGUES TELECOM,UMTS 2100,R DU CHÂTEAU D'EAU 60117 VAUMOISE,60661,"49.2361,2.9864",Château d'eau - réservoir,39m,"Commune, communauté de communes",2018-04-29,SUP,,False,False
806452,FREE MOBILE,"LTE 2100, 5G NR 700",R DE L'AVELON PARC D'ATTRACTION DE ST PAU 60650 ST PAUL,60591,"49.4233,1.9794",Pylône autostable,38m,HIVORY,2026-07-24,ALL,,False,False
807075,ORANGE,GSM 900,PRÈS D19 (LES BOUYSSIÈRES BASSES) 46230 FONTANES,46109,"44.3367,1.4964",Pylône autostable,18m,TOTEM,2015-09-10,SUP,,False,False
807417,ORANGE,"5G NR 700, 5G NR 3500",R DU  GAL DE GAULLE D.4B/D.924 (LE FOND DE PERSAN) 60530 LE MESNIL EN THELLE,60398,"49.1644,2.2819",Pylône tubulaire,33m,"Commune, communauté de communes",2026-07-15,AJA,,False,False
807897,ORANGE,5G NR 700,11 R MURATORE IMM AUVERGNE HABITAT 63500 ISSOIRE,63178,"45.5467,3.2569",Immeuble,"23,5m",Société HLM,2026-07-31,AAV,,False,False
808410,BOUYGUES TELECOM,UMTS 900,CALIFORNIA (SINSURCO HÉGUIA) 64430 UREPEL,64543,"43.0603,-1.4178",Pylône autostable,28m,TDF,2026-07-22,ALL,,False,False
808598,SFR,GSM 900,2 R MAURICE RAVEL RÉSIDENCE DES LILAS TORRANCE 64000 PAU,64445,"43.3156,-0.3425",Immeuble,28m,"Copropriété, Syndic, SCI",2005-07-19,SUP,,False,False
808681,ORANGE,GSM 900,BD ESPAGNE CITÉ OPHITE - BÂT. I30 (L'OPHITE) 65100 LOURDES,65286,"43.0881,-0.0417",Bâtiment,61m,Société HLM,1993-02-05,SUP,,False,False
808687,ORANGE,GSM 900,56 R LARREY 65000 TARBES,65440,"43.23,0.0769",Bâtiment,33m,ORANGE Services Fixes,2007-05-12,SUP,,False,False
808691,ORANGE,GSM 900,CHEM DE HAUTE SÈRE (LANNE) 65120 ESQUIEZE SERE,65168,"42.8828,-0.0081",Pylône tubulaire,15m,TOTEM,1996-06-12,SUP,,False,False
808695,ORANGE,GSM 900,R DE L'HIPPODROME CHÂTEAU D'EAU (LA PUYOLLE) 65310 LALOUBERE,65251,"43.1969,0.0697",Château d'eau - réservoir,33m,"Syndicat des eaux, Adduction",1997-06-20,SUP,,False,False
80870,BOUYGUES TELECOM,5G NR 2100,CHEM DU RÉSERVOIR (LE RISICKER) 57570 CATTENOM,57124,"49.4214,6.2553",Pylône tubulaire,38m,TDF,2026-07-12,ALL,,False,False
809085,ORANGE,GSM 900,R DE L'OURMÈDE (L'OURMÈDE) 31620 CASTELNAU D ESTRETEFONDS,31118,"43.765,1.3678",Pylône tubulaire,"21,7m",TOTEM,2012-01-11,SUP,,False,False
809186,BOUYGUES TELECOM,LTE 2100,R DU CHÂTEAU D'EAU (LES CHAMPS CASIER) 76780 LA HAYE,76352,"49.4669,1.4333",Château d'eau - réservoir,39m,"Syndicat des eaux, Adduction",2026-07-11,ALL,,False,False
809246,ORANGE,GSM 900,RTE DE GOUAUX PRÈS D115 PYLONE TDF 65240 GREZIAN,65209,"42.8622,0.3547",Pylône autostable,48m,TDF,2005-07-02,SUP,,False,False
809250,ORANGE,GSM 900,CHEM RURAL N°25 (COURTAU) 65200 HIIS,65221,"43.1333,0.0933",Pylône tubulaire,23m,TOTEM,2008-09-24,SUP,,False,False
809273,ORANGE,GSM 900,RTE D 74 (CHÂTEAU D'EAU LAY) 65250 ESCALA,65159,"43.0958,0.4014",Château d'eau - réservoir,39m,"Commune, communauté de communes",1998-03-27,SUP,,False,False
809285,ORANGE,GSM 900,PYLÔNE TDF (LE TURON) 65120 GAVARNIE GEDRE,65192,"42.7906,0.0225",Pylône autostable,22m,TDF,1998-10-30,SUP,,True,False
809291,SFR,GSM 900,QUARTIER STE EUGÉNIE PYLÔNE SFR (LES CAPELLES) 66270 LE SOLER,66195,"42.6869,2.8139",Pylône autostable,"26,5m",HIVORY,2003-07-01,SUP,,False,False
809313,ORANGE,"GSM 900, UMTS 900, LTE 700, LTE 800, LTE 1800, LTE 2100, LTE 2600, 5G NR 700, 5G NR 3500",R DE VALENCIA MARCHÉ INTERN. ST CHARLES 66100 PERPIGNAN,66136,"42.6836,2.8481",Immeuble,"20,5m","CCI, Ch Métier, Port Aut, Aéroport",2021-03-31,SUP,,False,False
809325,ORANGE,GSM 900,PASSAGE ST-LOUIS HÔTEL LA SOLITUDE 65100 LOURDES,65286,"43.0958,-0.0528",Immeuble,"30,8m",Particulier,2012-12-07,SUP,,False,False
809333,ORANGE,GSM 900,8 AV ANTOINE DE ST EXUPERY O.P.A.C. 65000 TARBES,65440,"43.2436,0.0631",Immeuble,"43,8m",Société HLM,2013-08-26,SUP,,False,False
809339,ORANGE,GSM 900,2 BD  PIERRE RENAUDET EGLISE ST ANTOINE 65000 TARBES,65440,"43.2444,0.0736",Monument religieux,22m,Association,2007-04-23,SUP,,False,False
809343,ORANGE,GSM 900,MONTAGNE DE PRAT (PIC D'AUGAS) 65170 ARAGNOUET,65017,"42.7708,0.2242",Pylône autostable,20m,TDF,2006-09-30,SUP,,False,False
809353,ORANGE,GSM 1800,4 R DES TOURTERELLES 65800 AUREILHAN,65047,"43.2378,0.0969",Immeuble,13m,"Copropriété, Syndic, SCI",2007-08-02,SUP,,False,False
809417,FREE MOBILE,"LTE 900, LTE 2100",64 AV DU PR LERICHE CTRE HOSPITALIER HAGUENAU 67500 HAGUENAU,67180,"48.7978,7.7794",Bâtiment,40m,Établissement de soins,2026-07-07,ALL,,False,False
810014,SFR,GSM 900,R DE PARIS CHATEAU D'EAU (HINTERE LAENDER) 68190 UNGERSHEIM,68343,"47.8778,7.3075",Château d'eau - réservoir,60m,"Syndicat des eaux, Adduction",2018-10-10,SUP,,False,False
810050,BOUYGUES TELECOM,"LTE 700, LTE 2100, 5G NR 2100",R DU FOYER (KIRSCHLACH FIRSBERHEU) 67500 HAGUENAU,67180,"48.8044,7.9058",Pylône tubulaire,34m,HIVORY,2026-07-18,ALL,,False,False
810889,BOUYGUES TELECOM,LTE 700,LE CHAMP DE LA ROCHE (LES RETS) 86700 VOULON,86296,"46.3689,0.2572",Pylône autostable,40m,HIVORY,,AJO,,False,False
810969,BOUYGUES TELECOM,5G NR 3500,R DU PÈRE GEYMANN 68300 ST LOUIS,68297,"47.6103,7.535",Monument religieux,34m,"Commune, communauté de communes",2026-07-24,ALL,,False,False
811510,BOUYGUES TELECOM,GSM 1800,LE BUSSEAU D 744 (LE MOULIN DU ROY) 79240 LE BUSSEAU,79059,"46.5861,-0.5925",Pylône autostable,36m,HIVORY,2011-10-20,SUP,,True,False
811721,ORANGE,5G NR 3500,RUE DU CHÂTEAU D'EAU 67230 KOGENHEIM,67246,"48.3422,7.5442",Château d'eau - réservoir,40m,"Syndicat des eaux, Adduction",2026-07-02,ALL,,False,False
812530,BOUYGUES TELECOM,"LTE 2100, 5G NR 2100",PL. DE LA SOUS-PRÉFECTURE BASILIQUE NOTRE DAME 70100 GRAY,70279,"47.4464,5.5917",Monument religieux,55m,"Commune, communauté de communes",2026-07-20,ALL,,False,False
813023,FREE MOBILE,"LTE 2100, LTE 2600",VC N°3 LES COCHETIERES (LA PIERRERIE) 72700 ROUILLON,72257,"47.9883,0.1547",Pylône autostable,"30,5m",TOTEM,,SUP,,False,True
813689,FREE MOBILE,"LTE 2100, LTE 2600",PRÈS N.5 (SOUS LA CRICHE) 74500 ST GINGOLPH,74237,"46.4017,6.7575",Pylône tubulaire,"24,5m",HIVORY,,SUP,,False,True
814047,SFR,"LTE 700, LTE 1800, LTE 2100, 5G NR 2100",TERRAIN CHEM DE FER DE LA PROVENCE - CHABRIERES 04270 ENTRAGES,04074,"44.0158,6.2539",Pylône tubulaire,17m,HIVORY,,AJO,,False,False
814733,BOUYGUES TELECOM,LTE 700,PRÈS DE L'A55  COTÉ SUD (JAS DE RHODES) 13170 LES PENNES MIRABEAU,13071,"43.3883,5.3042",Pylône autostable,17m,RTE,2026-06-29,ART,,False,False
814908,BOUYGUES TELECOM,"LTE 700, LTE 2100, LTE 2600, 5G NR 2100, 5G NR 3500",CSEC (LA HAUTE BORNE) 80420 FLIXECOURT,80318,"50.0231,2.0686",Pylône autostable,45m,HIVORY,2026-07-04,AJA,,False,False
815002,ORANGE,"LTE 700, 5G NR 2100",D.225 - RTE DE SENS (ST-LOUIS) 77167 POLIGNY,77370,"48.2519,2.7678",Pylône autostable,30m,TOTEM,,AJO,,False,False
815646,BOUYGUES TELECOM,"LTE 700, LTE 2600, 5G NR 2100, 5G NR 3500",R GAMBETTA PONT DE THOMERY 77210 AVON,77014,"48.4036,2.7292",Pylône autostable,"40,7m",TOTEM,,SUP,,False,False
815749,BOUYGUES TELECOM,UMTS 2100,PL DE LA LIBÉRATION EGLISE DE LA FALAISE 78410 LA FALAISE,78230,"48.9442,1.8319",Monument religieux,22m,"Commune, communauté de communes",2019-04-29,SUP,,False,False
815934,ORANGE,5G NR 700,CHEM DES PROCESSIONS (SOLETANCHE-BACHY) 77130 MONTEREAU FAULT YONNE,77305,"48.3789,2.9597",Immeuble,24m,Société Privée,2026-07-02,ALL,,False,False
816411,ORANGE,5G NR 700,ZA LA TURCANTE (LES PRÉS SACHET) 77230 MONTGE EN GOELE,77308,"49.0197,2.7614",Pylône autostable,36m,TOTEM,,AJO,,False,False
816411,ORANGE,LTE 700,ZA LA TURCANTE (LES PRÉS SACHET) 77230 MONTGE EN GOELE,77308,"49.0197,2.7614",Pylône autostable,36m,TOTEM,2025-02-26,SUP,,False,False
816589,ORANGE,"5G NR 700, 5G NR 3500",R DU GAL PERSHING 24 R JACQUES LEMERCIER 78000 VERSAILLES,78646,"48.8144,2.1503",Immeuble,28m,"Copropriété, Syndic, SCI",,AJO,,False,False
816622,FREE MOBILE,"LTE 2100, 5G NR 700",LES GRANDES BRUYÉRES (LA VICLAIRE) 79340 ST GERMIER,79256,"46.46,-0.0175",Pylône autostable,47m,HIVORY,2026-07-07,ALL,,False,False
816628,BOUYGUES TELECOM,GSM 1800,CHEM RURAL AIRE DE REPOS DE VOUILLÉ-AIFFRES PRÈS A.10 - SENS BORDEAUX-PARIS (LA CHAMPANOISERIE/LES RURALIES) 79230 AIFFRES,79003,"46.2961,-0.3814",Pylône autostable,51m,Sociétés d'Autoroutes,2018-12-19,SUP,,False,False
817398,ORANGE,GSM 900,CHEM RURAL - D.7 (AL PECH) 82190 BRASSAC,82024,"44.2147,0.9697",Pylône autostable,21m,TOTEM,2007-01-09,SUP,,True,False
817400,ORANGE,GSM 900,BOIS DU PARC (LIMOUSI) 82190 MIRAMONT DE QUERCY,82111,"44.2458,1.0575",Château d'eau - réservoir,53m,"Syndicat des eaux, Adduction",2006-12-16,SUP,,True,False
817405,ORANGE,GSM 900,CHEM RURAL BOIS DES ARQUIES (TUCOL) 82600 COMBEROUGER,82043,"43.8542,1.1047",Pylône autostable,37m,TOTEM,2007-03-29,SUP,,True,False
817424,ORANGE,"LTE 2100, 5G NR 3500",R JOLIOT CURIE CHÂTEAU D'EAU DE FLAMICOURT (FLAMICOURT) 80200 DOINGT,80240,"49.9253,2.9508",Château d'eau - réservoir,25m,"Commune, communauté de communes",2026-07-02,ALL,,False,False
817432,ORANGE,GSM 900,CHOURET EST RD88 (LE COLOMBIE HAUT) 82340 AUVILLAR,82008,"44.0578,0.8756",Pylône autostable,27m,TOTEM,1995-05-05,SUP,,False,False
817441,ORANGE,GSM 900,17 BD ALSACE LORRAINE 82200 MOISSAC,82112,"44.1025,1.0839",Immeuble,25m,La Poste,1996-07-15,SUP,,False,False
817458,ORANGE,GSM 900,PYLONE TDF (PECH DE GLORIO) 82160 CAYLUS,82038,"44.2306,1.7867",Pylône autostable,34m,TDF,2003-04-19,SUP,,False,False
817476,SFR,"LTE 700, LTE 2100, LTE 2600, 5G NR 2100, 5G NR 3500",CHEM DE PEIROUARD ORIENTALE ANCIENNES CARRIÈRES 83510 LORGUES,83072,"43.4817,6.3619",Pylône autostable,31m,TOTEM,,AJO,,False,False
817476,SFR,UMTS 2100,CHEM DE PEIROUARD ORIENTALE ANCIENNES CARRIÈRES 83510 LORGUES,83072,"43.4817,6.3619",Pylône autostable,31m,TOTEM,2007-04-27,SUP,,False,False
818650,ORANGE,LTE 700,6A AV. DES CINQ CANTONS SCI GAMBARELLI 84140 AVIGNON,84007,"43.9369,4.8422",Pylône tubulaire,20m,TOTEM,2021-09-16,SUP,,False,False
819538,BOUYGUES TELECOM,LTE 2100,IMP DE LAS PUNTONS (LAS PUNTOS) 82700 MONTBARTIER,82123,"43.9244,1.2653",Pylône autostable,36m,TOTEM,2026-07-25,ALL,,False,False
819998,ORANGE,"5G NR 700, 5G NR 3500",R DE L'EGLISE GRANDE RUE EGLISE DE DOGNEVILLE 88000 DOGNEVILLE,88136,"48.2231,6.4597",Monument religieux,47m,"Commune, communauté de communes",,AJO,,False,False
820030,ORANGE,5G NR 700,R CHARLES BACH 87280 LIMOGES,87085,"45.8231,1.2833",Pylône tubulaire,30m,TOTEM,,AJO,,False,False
820030,ORANGE,LTE 700,R CHARLES BACH 87280 LIMOGES,87085,"45.8231,1.2833",Pylône tubulaire,30m,TOTEM,,SUP,,False,False
820550,BOUYGUES TELECOM,LTE 700,A.6 - PK 147.6 SENS PROVINCE-PARIS (LA NOUSÉE) 89113 BRANCHES,89053,"47.8764,3.4758",Pylône autostable,41m,Sociétés d'Autoroutes,,AJO,,False,False
821282,FREE MOBILE,LTE 2100,CHEM RURAL (LA GRAVERIE) 50430 BRETTEVILLE SUR AY,50078,"49.2669,-1.6089",Pylône autostable,25m,TOTEM,,SUP,,False,False
821472,ORANGE,"5G NR 700, 5G NR 3500",R MARIUS HUE STADE ROBERT DESNOS 91370 VERRIERES LE BUISSON,91645,"48.7419,2.2769",Pylône autostable,37m,"Commune, communauté de communes",2026-07-20,AJA,,False,False
821482,ORANGE,5G NR 700,115 R DE VERSAILLES IMM RÉSIDENCE  DES SAPINS BLEUS 92410 VILLE D AVRAY,92077,"48.8208,2.1764",Immeuble,"24,5m",Établissement de soins,2026-07-22,ALL,,False,False
822055,ORANGE,GSM 900,QUARTIER LONG PRÉ CROISÉE JEANNE D'ARC 97232 LE LAMENTIN,97213,"14.63,-61.0053",Pylône arbre,32m,"Commune, communauté de communes",2006-09-05,SUP,,False,False
822163,BOUYGUES TELECOM,"UMTS 2100, 5G NR 2100","AUTOROUTE A13 SENS PARIS / PROVINCE - PR 7,4 92430 MARNES LA COQUETTE",92047,"48.8342,2.1656","Ouvrage de signalisation (portique routier, panneau routier)",7m,DDE,2008-11-19,SUP,,False,False
822250,ORANGE,5G NR 3500,2-8 R GRAINDORGE 92230 GENNEVILLIERS,92036,"48.9331,2.3",Immeuble,38m,Société HLM,2026-06-29,ART,,False,False
822608,ORANGE,"5G NR 700, 5G NR 3500",1-3 AV DES VILLES JUMELEES LOGEMENT DES FONCTIONNAIRES 92210 ST CLOUD,92064,"48.8486,2.2097",Immeuble,21m,"Copropriété, Syndic, SCI",,AJO,,False,False
822731,ORANGE,5G NR 700,10 AV PAUL DOUMER 93460 GOURNAY SUR MARNE,93033,"48.8628,2.5769",Immeuble,18m,"Copropriété, Syndic, SCI",2026-07-06,AJA,,False,False
822731,ORANGE,"UMTS 2100, LTE 700",10 AV PAUL DOUMER 93460 GOURNAY SUR MARNE,93033,"48.8628,2.5769",Immeuble,18m,"Copropriété, Syndic, SCI",2007-12-17,SUP,,False,False
822774,ORANGE,GSM 900,AV DU CHATEAU D'EAU (BOURDASSE) 31880 LA SALVETAT ST GILLES,31526,"43.5761,1.2758",Château d'eau - réservoir,26m,"Syndicat des eaux, Adduction",2011-12-21,SUP,,False,False
823479,ORANGE,"5G NR 700, 5G NR 3500",5 R HENRI BECQUEREL 93270 SEVRAN,93071,"48.9422,2.5306",Pylône autostable,30m,HIVORY,2026-07-15,AJA,,False,False
823479,ORANGE,"UMTS 2100, LTE 700",5 R HENRI BECQUEREL 93270 SEVRAN,93071,"48.9422,2.5306",Pylône autostable,30m,HIVORY,2006-09-18,SUP,,False,False
824060,SFR,"UMTS 900, LTE 700, LTE 800, LTE 1800, LTE 2100, LTE 2600, 5G NR 3500",43 R VERDUN CDVI MÉTAL 94500 CHAMPIGNY SUR MARNE,94017,"48.8164,2.4867",Bâtiment,25m,Société Privée,,SUP,,False,True
824860,SFR,UMTS 900,11 AV CHARLES DE GAULLE RÉSIDENCE HÉLOÏSE 95160 MONTMORENCY,95428,"48.9889,2.3278",Immeuble,21m,Société HLM,,SUP,,False,True
826229,ORANGE,LTE 2100,CHEM DES BARRIÈRES STADE (MONVERT LES BAS) 97426 LES TROIS BASSINS,97423,"-21.1042,55.2983",Pylône tubulaire,30m,Société Réunionnaise de Radiotéléphonie,,AJO,,False,False
826229,ORANGE,"UMTS 2100, 5G NR 2100",CHEM DES BARRIÈRES STADE (MONVERT LES BAS) 97426 LES TROIS BASSINS,97423,"-21.1042,55.2983",Pylône tubulaire,30m,Société Réunionnaise de Radiotéléphonie,2011-09-22,SUP,,False,False
826406,BOUYGUES TELECOM,LTE 700,CARCOULT (VAURIBOU) 37360 NEUILLE PONT PIERRE,37167,"47.5358,0.5483",Pylône autostable,47m,HIVORY,2026-07-23,ALL,,False,False
826539,BOUYGUES TELECOM,"GSM 900, UMTS 2100, 5G NR 2100",330 CHEM DE LA PLAINE CTRE TECHNIQUE MUNICIPAL 06250 MOUGINS,06085,"43.6097,6.9731",Pylône arbre,13m,ATC FRANCE,2021-03-26,SUP,,False,False
826547,BOUYGUES TELECOM,"UMTS 2100, 5G NR 2100",CHEM DU COL DE BAST TUN  A8 DE LAS PLANAS 06300 NICE,06088,"43.7344,7.2419",Pylône autostable,6m,BOUYGUES,2008-08-28,SUP,,False,False
827162,BOUYGUES TELECOM,"LTE 700, LTE 1800, LTE 2100, 5G NR 2100",ROUTE DE COMBE DE COSSE (LE PARTERRE) 24400 LES LECHES,24234,"44.9947,0.3933",Pylône autostable,30m,HIVORY,2026-07-20,ALL,,False,False
827162,SFR,"LTE 700, LTE 1800, LTE 2100, 5G NR 2100",ROUTE DE COMBE DE COSSE (LE PARTERRE) 24400 LES LECHES,24234,"44.9947,0.3933",Pylône autostable,30m,HIVORY,2026-07-10,ALL,,False,False
827304,ORANGE,GSM 900,BD  DE LAMASQUÈRE 31600 MURET,31395,"43.4658,1.3122",Pylône autostable,31m,RTE,2012-09-04,SUP,,False,False
827512,BOUYGUES TELECOM,GSM 1800,29 R ANATOLE FRANCE 13500 MARTIGUES,13056,"43.4114,5.0517",Immeuble,20m,Société HLM,1997-09-10,SUP,,False,False
827600,BOUYGUES TELECOM,UMTS 2100,1  TRAVERSE DE LA MADRAGUE RES CHANTE LE VENT 13002 MARSEILLE 02,13202,"43.3303,5.3581",Immeuble,17m,Société HLM,2007-03-07,SUP,,False,False
827608,BOUYGUES TELECOM,GSM 1800,62 AV RAYMOND POINCARE CITÉ BEISSON 13540 AIX EN PROVENCE,13001,"43.54,5.4478",Immeuble,18m,Société HLM,1997-09-10,SUP,,False,False
829144,BOUYGUES TELECOM,LTE 700,20 PL DU CAPITOLE 31500 TOULOUSE,31555,"43.605,1.4431",Immeuble,22m,Société Privée,2026-08-03,AAV,,False,False
829144,BOUYGUES TELECOM,5G NR 3500,20 PL DU CAPITOLE 31500 TOULOUSE,31555,"43.605,1.4431",Immeuble,22m,Société Privée,,AJO,,False,False
829822,ORANGE,GSM 900,ESPLANADE SAINTE GERMAINE 24 CHEM COMMUNAL N°40 R PRINCIPALE 31820 PIBRAC,31417,"43.6183,1.2831",Monument religieux,32m,Association,2014-01-29,SUP,,False,False
829836,SFR,GSM 900,R LE JARTEAU RÉSIDENCE LE JARTEAU (CRABEYRE EST) 33520 BRUGES,33075,"44.8783,-0.6131",Immeuble,"26,2m","Copropriété, Syndic, SCI",2007-12-21,SUP,,False,False
829862,BOUYGUES TELECOM,UMTS 2100, (SUZORI DE HAOUT) 31470 BONREPOS SUR AUSSONNELLE,31075,"43.54,1.1086",Pylône autostable,"40,5m",TOTEM,2018-05-30,SUP,,False,False
829912,ORANGE,GSM 900,"112, 114 AV DE LAVAUR 31500 TOULOUSE",31555,"43.6219,1.4647",Immeuble,26m,"Copropriété, Syndic, SCI",2024-05-23,SUP,,False,False
830319,BOUYGUES TELECOM,LTE 1800,RD 766 CHATEAU D'EAU (MARTINET) 37110 SAUNAY,37240,"47.5969,0.9731",Château d'eau - réservoir,47m,"Syndicat des eaux, Adduction",2026-07-13,ALL,,False,False
830319,SFR,"LTE 1800, 5G NR 2100",RD 766 CHATEAU D'EAU (MARTINET) 37110 SAUNAY,37240,"47.5969,0.9731",Château d'eau - réservoir,47m,"Syndicat des eaux, Adduction",2026-07-22,ALL,,False,False
830474,BOUYGUES TELECOM,LTE 2600,32 AV GRÉSIVAUDAN HÔTEL  LES 3 ROSES 38700 CORENC,38126,"45.2111,5.7622",Immeuble,18m,Société Privée,2026-07-23,ALL,,False,False
831863,SFR,GSM 900, (CANTON DES MONTS DE CORNON) 60320 NERY,60447,"49.2531,2.7569",Pylône autostable,38m,ATC FRANCE,2005-04-21,SUP,,False,False
831960,BOUYGUES TELECOM,UMTS 2100,PRES LIGNE TGV NORD EUROPE (REMISE DE LA SENTE DE FRESNOY) 60300 BARON,60047,"49.1842,2.7514",Pylône autostable,39m,TOTEM,2020-05-11,SUP,,False,False
831963,BOUYGUES TELECOM,UMTS 2100,A 26 AIRE DE RUMAUCOURT 62860 RUMAUCOURT,62728,"50.2278,3.065",Pylône autostable,32m,Sociétés d'Autoroutes,2012-09-10,SUP,,False,False
831990,BOUYGUES TELECOM,UMTS 2100,R CHARLES HERMITE (AUF LAUR) 57100 MANOM,57441,"49.3719,6.1797",Pylône autostable,24m,TDF,2008-07-18,SUP,,False,False
834699,BOUYGUES TELECOM,UMTS 2100,CTRE CIAL CARRE SENART 77127 LIEUSAINT,77251,"48.615,2.5494",Bâtiment,20m,Société Privée,2018-05-30,SUP,,False,False
834715,ORANGE,"5G NR 700, 5G NR 3500",30 RTE DE MONTESSON 78110 LE VESINET,78650,"48.9019,2.1331",Immeuble,18m,"Copropriété, Syndic, SCI",,AJO,,False,False
835010,FREE MOBILE,"LTE 2100, 5G NR 700",RD 34 (LE TERTRE A CADEAU) 78490 LE TREMBLAY SUR MAULDRE,78623,"48.7678,1.88",Pylône autostable,42m,ATC FRANCE,2026-07-07,ALL,,False,False
835014,BOUYGUES TELECOM,LTE 700,R JEAN COCTEAU (LES PETIES FRICHES) 77340 PONTAULT COMBAULT,77373,"48.7744,2.6186",Pylône tubulaire,"35,1m",TDF,2026-07-17,AJA,,False,False
835014,BOUYGUES TELECOM,"LTE 2100, LTE 2600, 5G NR 2100",R JEAN COCTEAU (LES PETIES FRICHES) 77340 PONTAULT COMBAULT,77373,"48.7744,2.6186",Pylône tubulaire,"35,1m",TDF,,AJO,,False,False
835014,BOUYGUES TELECOM,5G NR 3500,R JEAN COCTEAU (LES PETIES FRICHES) 77340 PONTAULT COMBAULT,77373,"48.7744,2.6186",Pylône tubulaire,"35,1m",TDF,,SUP,,False,False
835438,ORANGE,LTE 700,399 AVE MIRABEAU IMP MARIE LOUISE PERBEN 84200 CARPENTRAS,84031,"44.0644,5.0469",Pylône autostable,25m,RTE,2023-03-27,SUP,,False,False
835538,BOUYGUES TELECOM,"LTE 700, LTE 2600",CHEMIN DE LA PORTE JAUNE PYLONE D'ÉCLAIRAGE N 118 91570 BIEVRES,91064,"48.7678,2.2297",Pylône autostable,38m,"Commune, communauté de communes",,AJO,,False,False
835538,BOUYGUES TELECOM,UMTS 2100,CHEMIN DE LA PORTE JAUNE PYLONE D'ÉCLAIRAGE N 118 91570 BIEVRES,91064,"48.7678,2.2297",Pylône autostable,38m,"Commune, communauté de communes",2007-04-26,SUP,,False,False
836214,BOUYGUES TELECOM,"LTE 700, LTE 800",7 R DENIS PAPIN 92230 GENNEVILLIERS,92036,"48.9467,2.3086",Bâtiment,22m,Société Privée,2026-08-05,AAV,,False,False
836256,BOUYGUES TELECOM,GSM 1800,3 ALL DES VIOLETTES 93130 NOISY LE SEC,93053,"48.8842,2.4583",Immeuble,30m,"Copropriété, Syndic, SCI",1996-05-31,SUP,,False,False
836330,ORANGE,"LTE 700, LTE 2100, 5G NR 3500", (MORNE VERT PRÉ) 97213 GROS MORNE,97212,"14.6978,-60.9797",Pylône autostable,55m,ORANGE Services Fixes,,AJO,,False,False
836330,ORANGE,LTE 2600, (MORNE VERT PRÉ) 97213 GROS MORNE,97212,"14.6978,-60.9797",Pylône autostable,55m,ORANGE Services Fixes,,SUP,,False,False
838391,ORANGE,GSM 900,9 R ST SERNIN 31600 MURET,31395,"43.4619,1.3308",Immeuble,17m,ORANGE,2018-01-10,SUP,,False,False
838897,ORANGE,GSM 900,14 R LOUIS BRÉGUET 31700 CORNEBARRIEU,31150,"43.6467,1.3389",Pylône tubulaire,15m,TOTEM,2011-06-21,SUP,,False,False
838909,ORANGE,GSM 900,CHEM DE GINESTY (GINESTY) 31450 POMPERTUZAT,31429,"43.4997,1.5258",Pylône autostable,30m,TOTEM,2012-03-05,SUP,,False,False
839041,BOUYGUES TELECOM,UMTS 2100,ALLÉE DE MIQUEL (MIQUEL) 47510 FOULAYRONNES,47100,"44.2408,0.6361",Pylône tubulaire,24m,HIVORY,2017-09-28,SUP,,False,False
839070,ORANGE,GSM 900,D. 12 (LE RAT) 31470 BONREPOS SUR AUSSONNELLE,31075,"43.5547,1.1406",Pylône tubulaire,26m,TOTEM,2012-02-29,SUP,,False,False
83992,SFR,GSM 900,RD 50 (LA CROIX MENEAU) 72550 COULANS SUR GEE,72096,"47.9969,0.0203",Château d'eau - réservoir,"55,7m","Syndicat des eaux, Adduction",2018-04-13,SUP,,False,False
842515,FREE MOBILE,"LTE 2100, LTE 2600",QUARTIER LES RICARDS (PEYGROS) 83120 STE MAXIME,83115,"43.3675,6.6006",Pylône tubulaire,16m,HIVORY,,SUP,,False,True
845102,SRR,LTE 2100,CHEM DES VACAOS (MARE D'AZULE) 97442 ST PHILIPPE,97417,"-21.3581,55.7647",Pylône autostable,"25,5m",Société Réunionnaise de Radiotéléphonie,2026-04-30,ART,,False,False
846623,BOUYGUES TELECOM,"LTE 700, LTE 1800, LTE 2100, 5G NR 2100",IMP DE FONTANAS 87270 BONNAC LA COTE,87020,"45.9594,1.3181",Pylône autostable,"52,3m",CELLNEX,2026-07-13,ALL,,False,False
846623,SFR,5G NR 2100,IMP DE FONTANAS 87270 BONNAC LA COTE,87020,"45.9594,1.3181",Pylône autostable,"52,3m",CELLNEX,2026-07-22,ALL,,False,False
847843,TELCO OI,"LTE 2100, LTE 2600",CIREST CHEM DES GRANDS FONDS 97470 ST BENOIT,97410,"-21.0275,55.6875",Mât béton,16m,Telco OI,2026-06-05,ART,,False,False
847849,TELCO OI,"LTE 2100, LTE 2600, 5G NR 700",ROUTE DE LA LAVE 97442 ST PHILIPPE,97417,"-21.2911,55.7967",Mât béton,16m,Telco OI,2026-06-01,ART,,False,False
849650,ORANGE,GSM 900,AÉROPORT DE TOULOUSE BLAGNAC PARKING SILO 31700 BLAGNAC,31069,"43.6319,1.3742",Bâtiment,26m,"CCI, Ch Métier, Port Aut, Aéroport",2017-10-03,SUP,,False,False
849685,ORANGE,GSM 900,1 R DOMINIQUE PÉRIGNON CASERNE PÉRIGNON 31500 TOULOUSE,31555,"43.5992,1.4644",Pylône autostable,72m,Autres,2021-08-17,SUP,,False,False
849763,SFR,GSM 900,4 R JOACHIM GÉNARD 31500 TOULOUSE,31555,"43.6122,1.4658",Immeuble,18m,"Copropriété, Syndic, SCI",2000-03-31,SUP,,False,False
850577,BOUYGUES TELECOM,LTE 2100,RTE D'HAIGNEVILLE (LA PETITE EMBANIE) 54290 BAYON,54054,"48.4764,6.3231",Pylône autostable,42m,TDF,2026-07-20,ALL,,False,False
854409,ORANGE,GSM 900,8 IMP PIERRE DE COUBERTIN COMPLEXE SPORTIF 31150 BRUGUIERES,31091,"43.7181,1.4133",Pylône tubulaire,25m,HIVORY,2011-12-19,SUP,,False,False
854453,SFR,GSM 900,CHEM DE LA LOGE 31500 TOULOUSE,31555,"43.5664,1.4333",Pylône tubulaire,"30,1m",HIVORY,2008-04-18,SUP,,False,False
854475,ORANGE,GSM 900,60 CHE DU CDT JOËL LE GOFF 31500 TOULOUSE,31555,"43.5964,1.3811",Pylône autostable,"26,9m",HIVORY,2014-06-19,SUP,,False,False
854885,BOUYGUES TELECOM,UMTS 2100,12 R GEORGES CUVIER RÉSIDENCE LES MOUETTES 38300 BOURGOIN JALLIEU,38053,"45.6083,5.2639",Immeuble,28m,"Copropriété, Syndic, SCI",2018-06-27,SUP,,False,False
855417,ORANGE,5G NR 2100, (LES TROIS NOYERS) 73300 LA TOUR EN MAURIENNE,73135,"45.2942,6.3625",Pylône autostable,33m,TDF,,AJO,,False,False
855417,ORANGE,5G NR 3500, (LES TROIS NOYERS) 73300 LA TOUR EN MAURIENNE,73135,"45.2942,6.3625",Pylône autostable,33m,TDF,,SUP,,False,False
856155,ORANGE,GSM 900, (LE TRICOU) 31670 LABEGE,31254,"43.5381,1.5417",Pylône autostable,33m,ATC FRANCE,2013-09-11,SUP,,False,False
860060,SFR,GSM 900,31 COURS DE LA JUSTICE 57500 ST AVOLD,57606,"49.1139,6.7186",Immeuble,23m,SFR,2000-09-05,SUP,,False,False
861978,TELCO OI,"LTE 2100, LTE 2600",13 CHEM NEUF (LA PLAINE) 97460 ST PAUL,97415,"-20.9786,55.3247",Mât béton,16m,Telco OI,2026-07-01,ART,,False,False
864615,ORANGE,LTE 700,RTE DE BRESILLEY - D.12 (COMBE D'AGRA) 39350 OUGNEY,39398,"47.2478,5.665",Pylône autostable,30m,TOTEM,2026-08-05,AAV,,False,False
865371,ORANGE,LTE 700,RTE DE MONTMIREY (AUX VERNES DU BREUIL) 39290 MONTMIREY LE CHATEAU,39361,"47.2353,5.5225",Pylône autostable,33m,TOTEM,2026-07-23,ALL,,False,False
867078,SFR,GSM 900,7 BD ST DENIS 75003 PARIS 03,75103,"48.8689,2.3547",Bâtiment,"28,2m","Copropriété, Syndic, SCI",2025-01-06,SUP,,False,False
867101,SFR,UMTS 900,11 R MARBEAU 75116 PARIS 16,75116,"48.8742,2.2806",Immeuble,30m,"Copropriété, Syndic, SCI",,SUP,,False,False
867109,SFR,GSM 900,"3, R DOLOMIEU 75005 PARIS 05",75105,"48.8425,2.3522",Immeuble,25m,Particulier,2022-04-12,SUP,,False,False
868916,BOUYGUES TELECOM,LTE 700,A4 - PR351.8 STATION SANEF (PRATTELETZEL) 57690 ZIMMING,57762,"49.1333,6.5742",Pylône autostable,"48,6m",Sociétés d'Autoroutes,,AJO,,False,False
868916,SFR,LTE 700,A4 - PR351.8 STATION SANEF (PRATTELETZEL) 57690 ZIMMING,57762,"49.1333,6.5742",Pylône autostable,"48,6m",Sociétés d'Autoroutes,,AJO,,False,False
869866,ORANGE,GSM 900,IMP DIDIER LAPEYRE ZI JEAN MALEZE (TERREFORT DE GRANDFONDS) 47240 CASTELCULIER,47051,"44.1786,0.6897",Pylône autostable,35m,HIVORY,2012-01-07,SUP,,False,False
871000,FREE MOBILE,LTE 2100,CHATEAU EAU (SIGNEROSE) 07160 LE CHEYLARD,07064,"44.8989,4.41",Pylône autostable,27m,TDF,,SUP,,False,False
871197,SFR,GSM 900,CHEM DU MARAIS DU SOUCI PARC DES SPORTS JEAN GUIMIER 93270 SEVRAN,93071,"48.9467,2.5444",Pylône tubulaire,30m,HIVORY,2000-01-07,SUP,,False,False
871219,SFR,GSM 900,14 / 20 R GABRIEL PÉRI 93270 SEVRAN,93071,"48.9386,2.5311",Immeuble,19m,"Copropriété, Syndic, SCI",2021-03-26,SUP,,False,False
871742,SFR,"GSM 900, UMTS 2100, LTE 700",PL DE LA GARE PARKING SNCF 95350 ST BRICE SOUS FORET,95539,"48.9958,2.3692",Pylône tubulaire,22m,SFR,2016-01-25,SUP,,False,False
871793,ORANGE,GSM 900,ROUTE DÉPARTEMENTALE DE MASSEUBE - D139 (LASPEYRIERES) 32140 MASSEUBE,32242,"43.425,0.5894",Pylône autostable,24m,TOTEM,2011-07-27,SUP,,False,False
871881,BOUYGUES TELECOM,"LTE 700, LTE 2600, 5G NR 2100, 5G NR 3500",1 ALLÉE DE LA TRAMONTANE (BEAU SOLEIL) 95470 FOSSES,95250,"49.0994,2.5139",Bâtiment,"27,8m",Société HLM,2026-07-04,AJA,,False,False
871922,SFR,"GSM 900, LTE 700",32 R LAUGÈRE RÉSIDENCE LA SABLIÈRE 95400 ARNOUVILLE,95019,"48.9964,2.4194",Immeuble,"21,8m",Société HLM,2004-11-15,SUP,,False,False
872381,ORANGE,GSM 900,IMP ALFRED SAUVY 31270 CUGNAUX,31157,"43.5361,1.3597",Pylône tubulaire,15m,TOTEM,2011-07-27,SUP,,False,False
872936,ORANGE,5G NR 2100, (LES PLAUX) 41700 CHEMERY,41049,"47.3406,1.4764",Pylône autostable,28m,TOTEM,,AJO,,False,False
875204,ORANGE,GSM 900, (ABDON) 09270 MAZERES,09185,"43.2506,1.6664",Pylône autostable,40m,CELLNEX,2012-10-01,SUP,,False,False
876087,ORANGE,GSM 900, (CLOT DES GARROSSES) 09120 VENTENAC,09327,"43.0161,1.7422",Pylône autostable,40m,Conseil Départemental,2012-10-01,SUP,,True,False
876127,ORANGE,GSM 900,HARAS DE LA COUMELLE (BIDORLES) 09600 DUN,09107,"43.0233,1.8067",Pylône autostable,25m,Conseil Départemental,2006-12-30,SUP,,True,False
876167,ORANGE,GSM 900, (SUC) 09220 VAL DE SOS,09334,"42.7831,1.4739",Pylône autostable,24m,Conseil Départemental,2007-04-19,SUP,,True,False
877266,ORANGE,GSM 900,7 CHEM DES HERBETTES 31500 TOULOUSE,31555,"43.5781,1.4706",Pylône tubulaire,24m,TOTEM,2011-12-18,SUP,,False,False
877289,BOUYGUES TELECOM,UMTS 2100, (FARNET) 43620 ST PAL DE MONS,43213,"45.2381,4.2644",Pylône autostable,"40,3m",HIVORY,2019-06-27,SUP,,False,False
878065,ORANGE,GSM 900,CHEM DE CASSELEBRE (LE BOIS COMMUNAL) 31150 BRUGUIERES,31091,"43.7369,1.4097",Pylône tubulaire,23m,TOTEM,2011-12-24,SUP,,False,False
881482,ORANGE,GSM 900,D 283 (MONCASSIN) 32140 AUSSOS,32468,"43.3708,0.6539",Château d'eau - réservoir,47m,"Syndicat des eaux, Adduction",2006-03-11,SUP,,True,False
884071,ORANGE,GSM 900,VC 14 (MORTIS) 65710 CAMPAN,65123,"42.9692,0.24",Pylône autostable,35m,EDF ou GDF,2005-11-25,SUP,,False,False
886266,SFR,GSM 900,AV EDMOND ESMONIN 38100 GRENOBLE,38185,"45.1611,5.7183",Pylône autostable,"42,4m",TDF,2018-03-09,SUP,,False,False
886531,ORANGE,GSM 900,LES COUILLADES DE LIERBES (LES SAQUETS) 09110 AX LES THERMES,09032,"42.6636,1.7914",Pylône tubulaire,12m,TOTEM,2012-10-17,SUP,,False,False
886553,ORANGE,GSM 900,29 CHEM DU CHAPITRE 31500 TOULOUSE,31555,"43.5575,1.4061",Pylône tubulaire,18m,TOTEM,2011-12-17,SUP,,False,False
89005,BOUYGUES TELECOM,LTE 2100, (LES TREMBLEAUX ET ECOSSE FEVES) 95470 VEMARS,95641,"49.0553,2.5606",Pylône autostable,"32,5m",SNCF Réseau,2026-07-20,ALL,,False,False
891952,ORANGE,"LTE 800, LTE 1800, LTE 2100, LTE 2600, 5G NR 700, 5G NR 3500",1 R HENRI CLAUSSE 93000 BOBIGNY,93008,"48.9131,2.4658",Immeuble,"19,4m","Copropriété, Syndic, SCI",,AJO,,False,True
892379,BOUYGUES TELECOM,, (LES ESCALLONS LES COMBES) 38860 LES DEUX ALPES,38253,"44.9908,6.0814",Pylône autostable,"25,5m",TDF,2025-01-22,CHH,25m,True,False
892379,FREE MOBILE,, (LES ESCALLONS LES COMBES) 38860 LES DEUX ALPES,38253,"44.9908,6.0814",Pylône autostable,"25,5m",TDF,2025-01-20,CHH,25m,True,False
892379,ORANGE,, (LES ESCALLONS LES COMBES) 38860 LES DEUX ALPES,38253,"44.9908,6.0814",Pylône autostable,"25,5m",TDF,2024-12-02,CHH,25m,True,False
892379,SFR,, (LES ESCALLONS LES COMBES) 38860 LES DEUX ALPES,38253,"44.9908,6.0814",Pylône autostable,"25,5m",TDF,2024-12-22,CHH,25m,True,False
892991,ORANGE,"LTE 1800, 5G NR 700, 5G NR 3500", (TIEFER GRUND) 68730 MICHELBACH LE BAS,68207,"47.5928,7.4539",Pylône autostable,20m,TOTEM,2026-07-09,ALL,,False,False
89864,ORANGE,"LTE 700, LTE 1800, 5G NR 2100", (PUY DE LARDILLER) 23250 ST HILAIRE LE CHATEAU,23202,"45.9847,1.9067",Pylône autostable,30m,TOTEM,,AJO,,False,False
90022,ORANGE,LTE 1800, (LES GUICHOUX) 24330 ST PIERRE DE CHIGNAC,24484,"45.1219,0.8583",Pylône autostable,32m,TOTEM,2026-07-06,ALL,,False,False
902555,FREE MOBILE,"LTE 2100, 5G NR 700", (BAUDET) 73210 PEISEY NANCROIX,73197,"45.5522,6.7653",Pylône autostable,"14,5m",TOTEM,2026-07-24,ALL,,False,False
902594,ORANGE,"LTE 700, 5G NR 2100",VC N°2 VERS MANDRES SUR VAIR (POIRIER LARDE NORD D'OVILLERS) 88140 AUZAINVILLIERS,88022,"48.2344,5.8533",Pylône autostable,24m,TOTEM,2026-07-09,ALL,,False,False
903863,ORANGE,GSM 900,D.24 (LAS BROCOS) 31270 CUGNAUX,31157,"43.5517,1.3144",Pylône autostable,28m,TOTEM,2012-02-06,SUP,,False,False
903973,ORANGE,GSM 900,PRADY ADM:PRADY (PEYRE ROUGE) 46700 FLORESSAS,46107,"44.4753,1.1142",Pylône autostable,37m,TOTEM,2005-06-11,SUP,,False,False
906285,ORANGE,GSM 900,16 R VICTOR HUGO 31170 TOURNEFEUILLE,31557,"43.59,1.3572",Immeuble,"18,5m",Particulier,2012-02-06,SUP,,False,False
911376,ORANGE,"5G NR 700, 5G NR 3500",31 R CAMBON 75001 PARIS 01,75101,"48.8681,2.3267",Bâtiment,"29,8m",Particulier,2026-06-22,ART,,False,False
911393,FREE MOBILE,"LTE 2100, 5G NR 700",RD 560 (LES GRAVIERES) 83119 BRUE AURIAC,83025,"43.5231,5.9364",Pylône autostable,"16,5m",TOTEM,2026-07-28,ALL,,False,False
911401,ORANGE,5G NR 700, (PITON PARTAGE OU PITON SALE) 97439 STE ROSE,97419,"-21.2192,55.7031",Mât métallique,5m,ORANGE Services Fixes,,AJO,,True,False
912415,BOUYGUES TELECOM,"LTE 700, LTE 800, LTE 1800, LTE 2600, 5G NR 2100",78 AV DU PRÉSIDENT ROOSEVELT 93360 NEUILLY PLAISANCE,93049,"48.8569,2.5058",Immeuble,24m,"Copropriété, Syndic, SCI",,AJO,,False,True
912975,ORANGE,GSM 900,27 R ERNEST  ANDRÉ 97232 LE LAMENTIN,97213,"14.6164,-61.0022",Bâtiment,26m,Particulier,2006-12-02,SUP,,False,False
92130,ORANGE,GSM 900,"26, PL MARNAC CTRE CIAL DE RAMONVILLE 31520 RAMONVILLE ST AGNE",31446,"43.5467,1.4778",Immeuble,33m,"Copropriété, Syndic, SCI",1996-09-06,SUP,,False,False
92158,ORANGE,GSM 900,1/3 CHEM DE PAPUS 31500 TOULOUSE,31555,"43.5728,1.4111",Immeuble,31m,"Copropriété, Syndic, SCI",2017-10-18,SUP,,False,False
921745,ORANGE,GSM 900,EN CAILLAOUET (PLAINE DU PIGAIL) 31470 STE FOY DE PEYROLIERES,31481,"43.4875,1.1361",Pylône autostable,30m,TOTEM,2012-09-25,SUP,,False,False
92184,ORANGE,GSM 1800,77 R LOUIS BONRN 31500 TOULOUSE,31555,"43.5792,1.4603",Immeuble,20m,Société HLM,1996-12-06,SUP,,False,False
922528,BOUYGUES TELECOM,UMTS 2100,AV DES MOULINEAUX/TERRAIN FOOT N°1 78590 NOISY LE ROI,78455,"48.8394,2.0667",Pylône tubulaire,25m,ATC FRANCE,2012-10-15,SUP,,False,False
92260,ORANGE,GSM 900,D.112 - A CÔTÉ DU CHÂTEAU D'EAU (MARQUET) 31590 LAVALETTE,31285,"43.6439,1.6058",Pylône autostable,40m,TOTEM,1997-03-28,SUP,,False,False
92288,ORANGE,GSM 900, (LA LOSSE) 31580 LECUSSAN,31289,"43.1628,0.4917",Château d'eau - réservoir,28m,"Syndicat des eaux, Adduction",1997-06-06,SUP,,True,False
92324,ORANGE,GSM 900,CHÂTEAU D'EAU (ESTARAC) 31360 BOUSSENS,31084,"43.1678,0.9658",Château d'eau - réservoir,29m,Société Privée,1997-09-26,SUP,,False,False
92432,ORANGE,GSM 900,TERRAIN DE SPORT - D.5 (ESCAZALASSES) 31160 SOUEICH,31550,"43.0508,0.7756",Pylône tubulaire,30m,TOTEM,1999-10-08,SUP,,False,False
924636,ORANGE,GSM 900, (SERRE DE PUJARNAOUT) 31350 NIZAN GESSE,31398,"43.2222,0.5931",Pylône autostable,39m,TOTEM,1997-06-20,SUP,,True,False
92464,ORANGE,GSM 900, (EN PALANQUE) 32350 BIRAN,32054,"43.7036,0.4358",Pylône autostable,34m,TOTEM,1996-06-07,SUP,,False,False
92476,ORANGE,GSM 900,RÉSERVOIR (EN MILLET) 32600 L ISLE JOURDAIN,32160,"43.6017,1.1039",Château d'eau - réservoir,23m,"Commune, communauté de communes",1997-05-30,SUP,,False,False
925532,ORANGE,GSM 900,REFUGE DU CHIOULA (BOIS DU DRAZET) 09110 PRADES,09232,"42.7558,1.8603",Pylône autostable,"32,5m",Conseil Départemental,2012-04-30,SUP,,True,False
927525,ORANGE,GSM 900,CHEM D'EXPLOITATION (LASMUES) 65500 VIC EN BIGORRE,65460,"43.3825,0.0678",Pylône autostable,49m,HIVORY,2013-01-22,SUP,,False,False
928776,SRR,LTE 700,15 BOIS ROUGE CREVE C¿UR 97460 ST PAUL,97415,"-21.0206,55.2878",Pylône autostable,"23,8m",Société Réunionnaise de Radiotéléphonie,2023-11-11,ART,,False,False
929519,ORANGE,"LTE 1800, 5G NR 2100",SUD DE BURLATS 81100 BURLATS,81042,"43.6306,2.3164",Pylône autostable,"19,5m",TDF,2026-07-07,ALL,,False,False
930649,ORANGE,GSM 900,ENTRÉE TUNNEL (PONT CERDA) 09390 L HOSPITALET PRES L ANDORRE,09139,"42.5769,1.7917",Tunnel,8m,Sociétés d'Autoroutes,2006-11-25,SUP,,True,False
932883,ORANGE,5G NR 700,7 ALLÉE DES MISSIONS ZI 51170 FISMES,51250,"49.3097,3.6703",Pylône tubulaire,20m,TOTEM,2026-07-30,ALL,,False,False
936993,SRR,"LTE 700, LTE 2100", (GIROFLE) 97480 ST JOSEPH,97412,"-21.3692,55.6981",Pylône autostable,30m,Société Réunionnaise de Radiotéléphonie,2024-12-12,ART,,False,False
938970,ORANGE,GSM 900,66 AV DE LA REYNERIE CENTRAL TÉLÉPHONIQUE 31500 TOULOUSE,31555,"43.5669,1.4064",Bâtiment,"29,8m",ORANGE Services Fixes,2017-11-30,SUP,,False,False
944654,TELCO OI,"LTE 2100, LTE 2600",45 CARREAU LE CAMP 97460 ST PAUL,97415,"-21.0325,55.2822",Mât béton,16m,Telco OI,2026-06-30,ART,,False,False
948561,ORANGE,LTE 2600,D.78 PYLÔNE RTE N° AM156 (PORTES) 60162 ANTHEUIL PORTES,60019,"49.4992,2.7175",Pylône autostable,55m,RTE,2026-04-06,ART,,False,False
951876,ORANGE,GSM 900,D.164 CROISEMENT CHEM PUBLIC DE DARRÉ BURRAT AUTOCOM (LANUSSE) 65230 BETBEZE,65088,"43.2875,0.5683",Pylône autostable,31m,TOTEM,1997-06-20,SUP,,False,False
952345,OUTREMER TELECOM,5G NR 3500,SECTION TROUVILLE (LA RETRAITE) 97122 BAIE MAHAULT,97103,"16.2261,-61.6186",Mât béton,16m,Outremer Telecom,2026-04-17,ART,,False,False
955472,ORANGE,GSM 900,BD  DU CENTENAIRE (PIC DU JER) 65100 LOURDES,65286,"43.0931,-0.0367",Pylône tubulaire,22m,TOTEM,2012-11-16,SUP,,False,False
955507,ORANGE,GSM 900,N224 (MONGE GAZAN) 31700 MONDONVILLE,31351,"43.6678,1.3042",Pylône autostable,25m,TOTEM,2012-01-30,SUP,,False,False
956722,ORANGE,GSM 900,2 R PORTE DU PUITS MAIRIE DE FRANCESCAS 47600 FRANCESCAS,47102,"44.0639,0.4283",Bâtiment,13m,"Commune, communauté de communes",2012-08-24,SUP,,True,False
956859,ORANGE,GSM 900, (LE MONGE) 65100 LOURDES,65286,"43.1142,-0.0322",Pylône autostable,42m,RTE,2012-09-13,SUP,,False,False
959272,ORANGE,GSM 900,"12, CHEM DE ROQUES 31500 TOULOUSE",31555,"43.6208,1.4056",Immeuble,17m,"Copropriété, Syndic, SCI",2012-07-23,SUP,,False,False
959871,SFR,"GSM 1800, LTE 1800, LTE 2600",R CLAUDE BERNARD DDGN 92130 ISSY LES MOULINEAUX,92040,"48.8153,2.2689",Bâtiment,33m,"État, Ministère",2012-02-06,SUP,,False,False
962876,BOUYGUES TELECOM,"GSM 900, UMTS 2100, LTE 800",TUNNEL PORTE DE LA MUETTE BD PERIPHÉRIQUE 75116 PARIS 16,75116,"48.8636,2.2661",Tunnel,9m,"Commune, communauté de communes",2019-06-27,SUP,,False,False
964801,FREE MOBILE,5G NR 3500,22 RUE DE LA PAIX  75002 PARIS 02,75102,"48.8697,2.3319",Bâtiment,"30,9m","Copropriété, Syndic, SCI",2026-07-24,ALL,,False,False
968577,ORANGE,GSM 900,1-3 AVENUE DE CORNEBARRIEU 31700 BLAGNAC,31069,"43.6369,1.3903",Bâtiment,14m,Société Privée,2012-07-15,SUP,,False,False
969946,ORANGE,GSM 900,VOIE COMMUNALE 202 (CASSEBERTATS) 32320 RIGUEPEU,32343,"43.6578,0.3603",Pylône autostable,30m,Conseil Départemental,2012-09-20,SUP,,True,False
970907,ORANGE,GSM 900,CHEMIN RURAL 3 (LE BOIS) 32290 AIGNAN,32001,"43.7111,0.0783",Pylône autostable,40m,Conseil Départemental,2012-04-20,SUP,,True,False
97396,ORANGE,GSM 900, (LE BOURG) 46360 NADILLAC,46210,"44.5644,1.5181",Immeuble,17m,"Commune, communauté de communes",1997-12-15,SUP,,False,False
974139,ORANGE,LTE 2100,AV. NELSON MANDELA MARIE GALANTE 97134 ST LOUIS,97126,"15.9539,-61.315",Pylône autostable,30m,ORANGE Services Fixes,,AJO,,False,False
97432,ORANGE,GSM 900, (COMBE RIVIÈRE) 46320 GREZES,46131,"44.6344,1.8169",Pylône autostable,26m,TOTEM,2000-02-18,SUP,,False,False
974630,ORANGE,GSM 900,1 CHEMIN DE BASTILLAC 65000 TARBES,65440,"43.2239,0.0408",Pylône tubulaire,"27,3m",TOTEM,2012-03-12,SUP,,False,False
975017,TELCO OI,LTE 2100,ROUTE DE VAHIBÉ (PASSAMAINTI) 97605 MAMOUDZOU,97611,"-12.8036,45.2042",Bâtiment,8m,Particulier,2025-06-03,ART,,False,False
97520,ORANGE,GSM 900,CHÂTEAU D'EAU (GRANDES VIGNES) 47410 LAUZUN,47142,"44.6275,0.4661",Château d'eau - réservoir,26m,"Syndicat des eaux, Adduction",1998-02-13,SUP,,False,False
97526,ORANGE,GSM 900, (CROSES) 47800 MOUSTIER,47194,"44.6467,0.2972",Pylône autostable,36m,TOTEM,1998-02-27,SUP,,False,False
97538,ORANGE,GSM 900,R DU CHÂTEAU D'EAU 47600 MONCRABEAU,47174,"44.0319,0.3714",Château d'eau - réservoir,22m,"Syndicat des eaux, Adduction",1998-12-30,SUP,,False,False
97542,ORANGE,GSM 900, (BURENQUE) 47230 POMPIEY,47207,"44.1881,0.2175",Pylône autostable,36m,TOTEM,1999-01-29,SUP,,False,False
976625,ORANGE,GSM 900,COURS DU 8 MAI CENTRAL TÉLÉPHONIQUE FT 82400 VALENCE,82186,"44.1067,0.9",Pylône autostable,30m,TOTEM,2002-01-25,SUP,,False,False
97730,ORANGE,"LTE 700, 5G NR 2100",Z.A. LA ROCHE (LES BOLÈVES) 49750 BELLEVIGNE EN LAYON,49345,"47.2917,-0.5883",Pylône autostable,33m,TOTEM,,AJO,,False,False
97730,ORANGE,LTE 2100,Z.A. LA ROCHE (LES BOLÈVES) 49750 BELLEVIGNE EN LAYON,49345,"47.2917,-0.5883",Pylône autostable,33m,TOTEM,2020-02-18,SUP,,False,False
977307,BOUYGUES TELECOM,,RUE DE L'ETANG ZI (LE CHAMP DE L'ORMEAU) 79100 THOUARS,79329,"47.0006,-0.2608",Pylône autostable,46m,TDF,2021-09-02,CHH,45m,False,False
977307,FREE MOBILE,,RUE DE L'ETANG ZI (LE CHAMP DE L'ORMEAU) 79100 THOUARS,79329,"47.0006,-0.2608",Pylône autostable,46m,TDF,2020-12-15,CHH,45m,False,False
977307,ORANGE,,RUE DE L'ETANG ZI (LE CHAMP DE L'ORMEAU) 79100 THOUARS,79329,"47.0006,-0.2608",Pylône autostable,46m,TDF,2025-07-03,CHH,45m,False,False
977307,SFR,,RUE DE L'ETANG ZI (LE CHAMP DE L'ORMEAU) 79100 THOUARS,79329,"47.0006,-0.2608",Pylône autostable,46m,TDF,2021-10-19,CHH,45m,False,False
98122,FREE MOBILE,"LTE 700, LTE 900, 5G NR 700",VC 102 LA CROIX ROUGE CHAMP BRISSON-CHÂTEAU D'EAU (VILLAGE DE LA BORDERIE) 50620 REMILLY LES MARAIS,50431,"49.1611,-1.2786",Pylône autostable,30m,TOTEM,2026-07-24,ALL,,False,False
983889,SFR,"GSM 900, GSM 1800",22 R CASIMIR PERIER ESPACE COTY 76620 LE HAVRE,76351,"49.4958,0.1111",Bâtiment,15m,Société Privée,2016-06-10,SUP,,False,False
98460,ORANGE,"GSM 900, UMTS 900, LTE 800",R DE LA FRÉNOUSE 53230 COSSE LE VIVIEN,53077,"47.9431,-0.9081",Château d'eau - réservoir,31m,"Commune, communauté de communes",1996-04-05,SUP,,False,False
985470,ORANGE,GSM 900,"25, RUE DES CARMES 09100 PAMIERS",09225,"43.1167,1.6094",Mât métallique,22m,TOTEM,2017-08-10,SUP,,False,False
988196,BOUYGUES TELECOM,LTE 2100, (GREFFIENNE) 57310 BOUSSE,57102,"49.2756,6.1883",Pylône autostable,40m,TOTEM,2026-07-20,ALL,,False,False
989191,ORANGE,GSM 900,AVENUE DE PURPAN 31700 BLAGNAC,31069,"43.6211,1.3975",Pylône autostable,29m,RTE,2012-11-12,SUP,,False,False
989700,ORANGE,GSM 900,LA FERME DE CORNE (AU MOULIN) 32120 MARAVAT,32232,"43.7639,0.7586",Pylône autostable,38m,TOTEM,2012-11-05,SUP,,True,False
99008,ORANGE,5G NR 2100,CHÂTEAU D'EAU (LE HAUT DE KERIZAC) 56160 LOCMALO,56113,"48.0708,-3.2067",Château d'eau - réservoir,28m,"Syndicat des eaux, Adduction",,AJO,,False,False
99022,ORANGE,5G NR 2100,LA CROIX ROUGE (LES FORGES) 56120 FORGES DE LANOUEE,56102,"48.0,-2.62",Pylône autostable,37m,TOTEM,,AJO,,False,False
992929,BOUYGUES TELECOM,LTE 700,28 R SABLIERE 42230 ST ETIENNE,42218,"45.4331,4.3833",Immeuble,"15,9m","Copropriété, Syndic, SCI",2026-07-06,ALL,,False,False
