id_support,operateur,technologie,adresse,code_insee,coordonnees,type_support,hauteur_support,proprietaire_support,action,infos,liste_azimut,date_activ,is_zb,is_new
1006595,FREE MOBILE,LTE 800,RTE DE TANUES D52 (TANUES) 15250 AYRENS,15016,"44.9822,2.335",Pylône autostable,30m,TDF,AJO,,50|290,,False,False
1007085,FREE MOBILE,LTE 800,CHEM DU CASTEL À AIGUILLANES (LAS RIVES) 09300 LESPARROU,09165,"42.9364,1.9122",Pylône autostable,36m,TOTEM,AJO,,110|225|300,,True,False
1015219,FREE MOBILE,LTE 800, (A LAMOTHE) 32400 GOUX,32151,"43.6194,-0.0344",Pylône autostable,43m,TOTEM,AJO,,20|120|250,,True,False
1019340,FREE MOBILE,LTE 800,D 126 (BOUSSAS) 32160 COULOUME MONDEBAT,32109,"43.6156,0.1258",Pylône autostable,35m,Conseil Départemental,AJO,,30|130|270,,True,False
1028229,FREE MOBILE,LTE 800,RTE DE LA BUSSIERE - LES FORGES (LA PELADE) 23140 CRESSAT,23068,"46.1383,2.0956",Château d'eau - réservoir,37m,"Syndicat des eaux, Adduction",AJO,,60|180|300,,True,False
1042377,FREE MOBILE,LTE 800,VC N°2 DITE DE VERNOT GR 7 DE TARSUL À VERNOT (LA CANCONNIÈRE) 21120 TARSUL,21620,"47.51,4.9875",Pylône autostable,38m,ORANGE Services Fixes,AJO,,70|220,,False,False
1057070,FREE MOBILE,LTE 800, (LA CROIX STE HÉLÈNE) 08210 LETANNE,08252,"49.5508,5.0797",Pylône autostable,22m,HIVORY,AJO,,210,,False,False
1079890,FREE MOBILE,LTE 800,JALEYRES 07630 CROS DE GEORAND,07075,"44.7872,4.1192",Pylône autostable,21m,TDF,AJO,,40|240,,False,False
1079894,FREE MOBILE,LTE 800,CHEMIN D'ANNOGNE CHEM D'EXPLOITATION N° 43 08220 SEVIGNY WALEPPE,08418,"49.6067,4.0908",Pylône autostable,28m,Conseil Départemental,AJO,,10|200,,False,False
1079898,FREE MOBILE,LTE 800,CHEMIN DE L'EPINE 08220 CHAPPES,08102,"49.6056,4.2622",Pylône autostable,33m,Conseil Départemental,AJO,,45,,False,False
1080414,FREE MOBILE,LTE 800, (SERRES DU CHAZIOL) 07530 ST JOSEPH DES BANCS,07251,"44.7403,4.4128",Pylône autostable,25m,TDF,AJO,,55|195,,False,False
1080779,FREE MOBILE,LTE 800,LE BUISSON BERNARD CHEMIN D'EXPLOITATION N°26 (FERME DE LA BRIQUETERIE) 08220 FRAILLICOURT,08178,"49.6533,4.1686",Pylône autostable,38m,Conseil Départemental,AJO,,0|270,,False,False
1083397,FREE MOBILE,LTE 800,CHEMIN DE SERRE FAVIER (SERRE FAVIER) 26410 BOULC,26055,"44.6628,5.5203",Pylône autostable,30m,TDF,AJO,,10|110|280,,False,False
1083746,FREE MOBILE,LTE 800,CHEM DU NID DES CYGNES 08250 AUTRY,08036,"49.2589,4.8575",Pylône autostable,33m,Conseil Départemental,AJO,,180|300,,False,False
1084157,FREE MOBILE,LTE 800, (LATOURETTE) 26560 MONTFROC,26200,"44.1736,5.6342",Pylône autostable,22m,HIVORY,AJO,,20|140,,False,False
1084708,FREE MOBILE,LTE 800, (TERRE DE LUCQUY) 08220 REMAUCOURT,08356,"49.5881,4.2358",Pylône autostable,43m,Conseil Départemental,AJO,,0|100,,False,False
1150566,FREE MOBILE,LTE 800,D 127 (VILLOTTE) 33540 CLEYRAC,33129,"44.7228,-0.0444",Pylône autostable,"40,4m",HIVORY,AJO,,0|120|240,,False,False
1190515,FREE MOBILE,5G NR 700,7 RUE DE L  UNION AV. DU GÉNÉRAL LECLERC 93120 LA COURNEUVE,93027,"48.9281,2.3831",Immeuble,"39,3m",Société HLM,AJA,,30|140|270,,False,False
1191818,FREE MOBILE,LTE 800,PRÈS D. 112 (LA PETITE FORÊT) 21510 MINOT,21415,"47.6728,4.8433",Pylône autostable,40m,Conseil Départemental,AJO,,90|280,,False,False
1199494,FREE MOBILE,LTE 800, (LES PLAUX) 15100 ALLEUZE,15002,"44.9531,3.0767",Pylône autostable,32m,Conseil Départemental,AJO,,30|180|310,,False,False
1206772,FREE MOBILE,LTE 800,DÉPARTEMENTALE 35 (NOUE BARRA) 10240 VAUCOGNE,10398,"48.5303,4.3783",Pylône tubulaire,"16,6m",TOTEM,AJO,,10|160|260,,False,False
1281467,FREE MOBILE,5G NR 700,126 RUE DU LANDY 93400 ST OUEN SUR SEINE,93070,"48.9139,2.3436",Immeuble,"27,4m",Société Privée,AJA,,20|140|260,,False,False
1282642,FREE MOBILE,LTE 800,R. D. N°19 (CHAUMUNIER) 21150 LUCENAY LE DUC,21358,"47.6078,4.5206",Pylône autostable,18m,TOTEM,AJO,,5|135|ND,,False,False
1318007,FREE MOBILE,LTE 800,CHEMIN COMMUNAL (RECOULES HAUTES) 15150 GLENAT,15076,"44.8903,2.1681",Pylône autostable,40m,Conseil Départemental,AJO,,25|160|260,,False,False
1319046,FREE MOBILE,LTE 800,CHEMIN RURAL DIT DE PRIX ANGLE (LE LIMONEAU) 08090 WARNECOURT,08498,"49.7328,4.6667",Pylône autostable,35m,DDE,AJO,,30|165|255,,False,False
1323536,FREE MOBILE,5G NR 700,5 RUE GAMBETTA 92240 MALAKOFF,92046,"48.8233,2.3075",Immeuble,"57,4m",Société HLM,AJA,,0|120|240,,False,False
1351625,FREE MOBILE,LTE 800, (PIERRE SONNETTE) 10160 MARAYE EN OTHE,10222,"48.1711,3.8492",Pylône autostable,32m,Conseil Départemental,AJO,,20|160|280,,False,False
1351652,FREE MOBILE,LTE 800, (HAUT DE VAUTHIEBAULT) 10160 ST MARDS EN OTHE,10350,"48.1697,3.7883",Pylône autostable,32m,Conseil Départemental,AJO,,55|155,,False,False
1352238,FREE MOBILE,LTE 800, (LES CETEES) 26350 VALHERBASSE,26210,"45.2017,5.1333",Pylône autostable,28m,BOUYGUES,AJO,,130|350,,False,False
1353821,FREE MOBILE,LTE 800, (LE TROU DE LA PENELLE) 16410 VOUZAN,16422,"45.5933,0.3708",Pylône autostable,"42,5m",Conseil Départemental,AJO,,70|190|310,,False,False
1355907,FREE MOBILE,LTE 800, (BLANCHE TERRE) 08240 TAILLY,08437,"49.4286,5.0836",Pylône autostable,23m,SFR,AJO,,200|350,,False,False
1362748,FREE MOBILE,LTE 800, (COTE PERRIERE) 25270 CROUZET MIGETTE,25180,"46.9467,6.0106",Pylône autostable,38m,BOUYGUES,AJO,,0|290,,False,False
1377687,FREE MOBILE,5G NR 700,10 PLACE CYRANO DE BERGERAC 92290 CHATENAY MALABRY,92019,"48.7683,2.2503",Immeuble,"37,3m",Société HLM,AJA,,30|160|300,,False,False
1395985,FREE MOBILE,LTE 800,GR 9 TERRAIN E.D.F LE BAIX (LE BAIX) 26400 PLAN DE BAIX,26240,"44.8219,5.1694",Pylône autostable,22m,Conseil Départemental,AJO,,200|340,,False,False
1396016,FREE MOBILE,LTE 800,PRATS-DU-PERIGORD (L'HOSTE) 24550 PRATS DU PERIGORD,24337,"44.6989,1.0681",Pylône autostable,28m,Conseil Départemental,AJO,,65|180|275,,False,False
1396426,FREE MOBILE,LTE 800, (LE PEYROT) 24550 LOUBEJAC,24245,"44.5956,1.0736",Pylône autostable,32m,Conseil Départemental,AJO,,0|120|240,,False,False
1396477,FREE MOBILE,LTE 800, (SOUIS OUEST) 33113 CAZALIS,33115,"44.3511,-0.4039",Pylône autostable,45m,HIVORY,AJO,,30|120|300,,False,False
1396548,FREE MOBILE,LTE 800,LE FRACHET (COL DES AYES) 26400 OMBLEZE,26221,"44.8303,5.2136",Pylône autostable,20m,Conseil Départemental,AJO,,5|240,,False,False
1396934,FREE MOBILE,LTE 800,D 139 (COL DES LIGES) 11330 DAVEJEAN,11117,"42.9594,2.6136",Pylône autostable,15m,BOUYGUES,AJO,,30|270,,False,False
1396972,FREE MOBILE,LTE 800, (CHABRUS) 07190 MARCOLS LES EAUX,07149,"44.8114,4.4114",Pylône autostable,20m,Conseil Départemental,AJO,,45|295,,False,False
1396976,FREE MOBILE,LTE 800, (LA COSTE) 11250 GREFFEIL,11169,"43.08,2.3958",Pylône autostable,30m,Conseil Départemental,AJO,,220|350,,False,False
1397018,FREE MOBILE,LTE 800,D 17 (COLE DES MOULIS) 11140 ESCOULOUBRE,11127,"42.7333,2.1178",Pylône autostable,"16,5m",BOUYGUES,AJO,,50|200|290,,False,False
1397023,FREE MOBILE,LTE 800, (CHAUMEZELLE) 07310 CHANEAC,07054,"44.9342,4.3308",Pylône autostable,"25,4m",Conseil Départemental,AJO,,40|250,,False,False
1397029,FREE MOBILE,LTE 800, (LES FONTETTES) 07190 ST JULIEN DU GUA,07253,"44.7694,4.4681",Pylône autostable,20m,Conseil Départemental,AJO,,5|125|265,,False,False
1397098,FREE MOBILE,LTE 800, (LES CORNÉES) 21510 ETALANTE,21253,"47.6372,4.7628",Pylône autostable,21m,Conseil Départemental,AJO,,180|325,,False,False
1397411,FREE MOBILE,LTE 800,LE MOULIN À VENT (CROIX DE LA VOIE DE ORMES) 21450 JOURS LES BAIGNEUX,21326,"47.6356,4.5972",Pylône autostable,17m,Conseil Départemental,AJO,,50|180|300,,False,False
1397426,FREE MOBILE,LTE 800, (LE SÉCHERON) 21400 NOIRON SUR SEINE,21460,"47.9492,4.4939",Pylône autostable,20m,BOUYGUES,AJO,,110|260,,False,False
1397509,FREE MOBILE,LTE 800,RD 17B (LES CARREAUX) 21430 VILLIERS EN MORVAN,21703,"47.1533,4.2567",Pylône autostable,20m,Conseil Départemental,AJO,,80|210|355,,False,False
1397539,FREE MOBILE,LTE 800,CR N°32 DÉCHARGE (LES PIERROTTES) 21510 ROCHEFORT SUR BREVON,21526,"47.7419,4.7075",Pylône autostable,35m,Conseil Départemental,AJO,,30|145|290,,False,False
1405513,FREE MOBILE,LTE 800,CHEMIN COMMUNAL  RÉSERVOIR D'EAU (CHERCHIAJA) 02300 GUNY,2A363,"41.715,9.0703",Pylône autostable,22m,TDF,AJO,,0,,False,False
1405524,FREE MOBILE,LTE 2100,FERME COSSIGNY (LA DEMOISELLE) 77173 CHEVRY COSSIGNY,77114,"48.7044,2.6581",Pylône autostable,32m,TDF,ALL,,110|260,,False,False
1414332,FREE MOBILE,LTE 800, (SUC DE CHERCHEMUS) 07630 LE BEAGE,07026,"44.8261,4.0975",Pylône autostable,22m,TDF,AJO,,30|260,,False,False
1414955,FREE MOBILE,5G NR 700,LES FAISSES 48200 ST CHELY D APCHER,48140,"44.8139,3.2844",Pylône autostable,30m,TDF,AJA,,140|230|320,,False,False
1427484,FREE MOBILE,5G NR 700,DOMAINE DURANTIN (DOMAINE DURANTIN) 42630 REGNY,42181,"45.9856,4.2167",Pylône autostable,"26,3m",TDF,AJA,,30|180|280,,False,False
1440445,FREE MOBILE,5G NR 700,PYLONE TDF (PUY LAROUX) 63700 YOUX,63471,"46.1428,2.8108",Pylône autostable,25m,TDF,AJA,,40|160|280,,False,False
1443521,FREE MOBILE,5G NR 700,LE GOTEAU 42740 LA TERRASSE SUR DORLAY,42308,"45.4486,4.5789",Pylône autostable,29m,TDF,AJA,,20|140|300,,False,False
1445306,FREE MOBILE,5G NR 3500,"RN 7 QUARTIER DE L'ARENIER, L'ARENIER 13560 SENAS",13105,"43.7386,5.1069",Pylône autostable,35m,HIVORY,ALL,,290,,False,False
1449442,FREE MOBILE,5G NR 3500,RUE GABRIEL PERI 44300 NANTES,44109,"47.2081,-1.5742",Immeuble,20m,"Copropriété, Syndic, SCI",ALL,,60|180|330,,False,False
1457034,FREE MOBILE,LTE 800, (FORET DU PLENOT) 25360 COTEBRUNE,25166,"47.2506,6.3133",Pylône autostable,"32,9m",TOTEM,AJO,,30|205|305,,False,False
1463977,FREE MOBILE,5G NR 700,ROUTE DES VIGNES (COLOMBINA) 02130 DRAVEGNY,2A271,"41.9672,8.8108",Pylône autostable,"22,5m",TOTEM,AJA,,60|180|300,,False,False
1465888,FREE MOBILE,LTE 800,ROUTE DU STADE FG DE LA MUSETTE 23130 PEYRAT LA NONIERE,23151,"46.0872,2.2453",Pylône autostable,43m,Conseil Départemental,AJO,,90,,False,False
1465892,FREE MOBILE,LTE 800,RUE DU CHATEAU D'EAU (LE BOIS DUVAL) 27190 NAGEL SEEZ MESNIL,27424,"48.9103,0.9267",Château d'eau - réservoir,35m,"Syndicat des eaux, Adduction",AJO,,40|170|280,,False,False
1465946,FREE MOBILE,LTE 800,LA CROIX DE NIARFEIX 19170 ST MERD LES OUSSINES,19226,"45.6197,2.0336",Pylône autostable,35m,Conseil Départemental,AJO,,30|150|270,,False,False
1466067,FREE MOBILE,LTE 800,D 59 (LA CROIX DU MONTEIX) 23500 LA NOUAILLE,23144,"45.8492,2.0272",Pylône autostable,35m,ATC FRANCE,AJO,,0|95|270,,False,False
1466464,FREE MOBILE,LTE 800,CHEM RURAL N°24 (BOIS DE MORTROUX) 23220 MORTROUX,23136,"46.3911,1.9103",Pylône autostable,49m,Conseil Départemental,AJO,,20|140|260,,False,False
1466468,FREE MOBILE,LTE 800,CHARRAS (TOUVES) 19110 MONESTIER PORT DIEU,19142,"45.5122,2.4936",Pylône autostable,"31,3m",BOUYGUES,AJO,,0|160,,False,False
1466509,FREE MOBILE,LTE 800, (LES TOUROTTES) 10330 ST LEGER SOUS MARGERIE,10346,"48.5181,4.5019",Pylône autostable,33m,Conseil Départemental,AJO,,30|160|265,,False,False
1466573,FREE MOBILE,LTE 800, (LES TAILLES DE RECONSTAT) 23220 CHENIERS,23062,"46.36,1.8464",Pylône autostable,49m,Conseil Départemental,AJO,,120|240,,False,False
1466740,FREE MOBILE,LTE 800,NEGREFOND SUD NEGREFOND SUD 24110 MANZAC SUR VERN,24251,"45.0933,0.5653",Pylône autostable,"43,3m",Conseil Départemental,AJO,,110|230,,False,False
1466744,FREE MOBILE,LTE 800,VAILLONNAT 23220 CHAMPSANGLARD,23049,"46.2772,1.8683",Pylône autostable,49m,Conseil Départemental,AJO,,70|180|300,,False,False
1466771,FREE MOBILE,LTE 800,LA TOUR 24380 ST PAUL DE SERRE,24480,"45.0822,0.63",Pylône autostable,"45,3m",BOUYGUES,AJO,,90|220|340,,False,False
1466776,FREE MOBILE,LTE 800,LAC DE PONCHAT LAC DE PONCHAT 24190 VALLEREUIL,24562,"45.0731,0.5053",Pylône autostable,30m,Conseil Départemental,AJO,,100|220|340,,False,False
1467394,FREE MOBILE,LTE 800,PUY CHABRY 23340 GENTIOUX PIGEROLLES,23090,"45.7811,2.0022",Pylône autostable,"42,8m",BOUYGUES,AJO,,130|310,,False,False
1467428,FREE MOBILE,LTE 800,LES PRÉS LAJUS GRANDE RUE (LA COMBE D'ENANS) 25150 DAMBELIN,25187,"47.3772,6.6817",Pylône tubulaire,25m,Conseil Départemental,AJO,,90|240,,False,False
1468127,FREE MOBILE,LTE 800,CHEMIN DEPARTEMENTAL N15 (BAS NOUZEIRAT) 23800 ST SULPICE LE DUNOIS,23244,"46.3072,1.7572",Pylône autostable,49m,Conseil Départemental,AJO,,90|210|330,,False,False
1469479,FREE MOBILE,LTE 800,MAISON NEUVE OUEST 24140 CAMPSEGRET,24077,"44.9494,0.5719",Pylône autostable,38m,CELLNEX,AJO,,55|205,,False,False
1472007,FREE MOBILE,LTE 800,RÉSERVOIR (AU MONT) 25470 FESSEVILLERS,25238,"47.2831,6.9086",Pylône tubulaire,25m,Conseil Régional,AJO,,120,,False,False
1481909,FREE MOBILE,LTE 800, (AU-DESSUS DES CARRIÈRES) 08450 CHEMERY CHEHERY,08115,"49.6222,4.8644",Pylône autostable,47m,HIVORY,AJO,,0|180,,False,False
1485503,FREE MOBILE,LTE 800, (BOUSCACHE) 12480 BROQUIES,12037,"43.9953,2.7039",Pylône autostable,33m,Conseil Départemental,AJO,,0|150|270,,False,False
1485547,FREE MOBILE,LTE 800, (LES JARRIGES) 19390 CHAUMEIL,19051,"45.4622,1.8694",Pylône autostable,15m,TDF,AJO,,135,,False,False
1485730,FREE MOBILE,LTE 800,MAS DE SALEL 12360 MONTAGNOL,12147,"43.8394,3.0194",Pylône autostable,23m,CELLNEX,AJO,,0|250,,False,False
1490836,FREE MOBILE,LTE 800,PUY DE GUIMONT PUY DE GUIMONT 23340 LA VILLEDIEU,23264,"45.7317,1.8756",Pylône autostable,"39,6m",Conseil Départemental,AJO,,70|190,,False,False
1491776,FREE MOBILE,5G NR 700,RUE CHARLES PEGUY 67200 STRASBOURG,67482,"48.5883,7.7003",Pylône tubulaire,"28,7m",ON TOWER FRANCE,AJA,,30|140|260,,False,False
1500012,FREE MOBILE,LTE 800, (PUECH OBSCUR) 12540 FONDAMENTE,12155,"43.8678,3.135",Pylône autostable,18m,CELLNEX,AJO,,90|200|325,,False,False
1500031,FREE MOBILE,LTE 800, (LA TREILLE) 12250 ST JEAN ET ST PAUL,12232,"43.9397,3.0472",Pylône autostable,"30,5m",ATC FRANCE,AJO,,130|245,,False,False
1500047,FREE MOBILE,LTE 800, (LE PLO DE LABADE) 12400 VERSOLS ET LAPEYRE,12292,"43.8942,2.9067",Pylône autostable,26m,ATC FRANCE,AJO,,0|90,,False,False
1503202,FREE MOBILE,LTE 800,SAINT DALMAZY SAINT DALMAZY (SAINT DALMAZY) 12150 SEVERAC D AVEYRON,12270,"44.3153,3.1019",Pylône autostable,15m,TDF,AJO,,10|180|290,,False,False
1505358,FREE MOBILE,5G NR 700,"1, RUE DE LA CHAPELLE 67540 OSTWALD",67365,"48.555,7.7122",Immeuble,43m,Société HLM,AJA,,130|250|350,,False,False
1510224,FREE MOBILE,5G NR 700,RUE DU STADE 25530 VERCEL VILLEDIEU LE CAMP,25601,"47.1772,6.39",Pylône autostable,32m,TDF,AJA,,30|130|230,,False,False
1518706,FREE MOBILE,LTE 800,CAUMONT & ST MARTIN-DU-PUY (CASTELMORON) 33540 ST MARTIN DU PUY,33446,"44.6808,-0.0175",Pylône autostable,"42,5m",Conseil Départemental,AJO,,40|220|310,,False,False
1531603,FREE MOBILE,5G NR 700, (LA COTE) 25390 ORCHAMPS VENNES,25432,"47.1336,6.5189",Pylône autostable,25m,TDF,AJA,,60|150|240,,False,False
1532197,FREE MOBILE,5G NR 700,6 ROND-POINT PASTEUR 91330 YERRES,91691,"48.6947,2.4833",Immeuble,13m,"Copropriété, Syndic, SCI",AJA,,40|160|280,,False,False
1535062,FREE MOBILE,5G NR 700,RUE MONTESPAN 91080 EVRY COURCOURONNES,91228,"48.6353,2.4389",Immeuble,42m,"Copropriété, Syndic, SCI",AJA,,70|180|280,,False,False
1536140,FREE MOBILE,5G NR 700,RUE DE GIROGOUTTE 68240 FRELAND,68097,"48.1731,7.1933",Pylône autostable,20m,TDF,AJA,,160|310,,False,False
1541001,FREE MOBILE,LTE 800, (LE BRESEIL) 11220 COUSTOUGE,11110,"43.0453,2.7419",Château d'eau - réservoir,"7,6m","Commune, communauté de commune",AJO,,120|330,,False,False
1541026,FREE MOBILE,LTE 800, (VENTAJOU) 34210 FELINES MINERVOIS,34097,"43.3539,2.5819",Pylône autostable,14m,HIVORY,AJO,,60|150,,False,False
1541520,FREE MOBILE,LTE 800,SERRE LA BLACHE (LES PLANCHES) 07110 LABOULE,07118,"44.5867,4.1506",Pylône autostable,"16,3m",HIVORY,AJO,,85,,False,False
1541560,FREE MOBILE,LTE 800,CD N°6 (LES CAZALOUS) 34210 CASSAGNOLES,34054,"43.39,2.6217",Pylône autostable,14m,HIVORY,AJO,,90|190,,False,False
1545028,FREE MOBILE,5G NR 700,66 AV DE LA REPUBLIQUE 94210 ST MAUR DES FOSSES,94068,"48.7994,2.4856",Immeuble,21m,"Copropriété, Syndic, SCI",AJA,,65|210|320,,False,False
1545672,FREE MOBILE,LTE 800,CHEMIN DE LACASSAGNE (LACASSAGNE) 15220 ROANNES ST MARY,15163,"44.8544,2.385",Pylône autostable,24m,TDF,AJO,,70,,False,False
1549089,FREE MOBILE,LTE 800, (LE SERRE DE LA CHAUD) 07410 ARLEBOSC,07014,"45.0278,4.6358",Pylône autostable,12m,Conseil Départemental,AJO,,65|155|275,,False,False
1552040,FREE MOBILE,LTE 800,CHEMIN RURAL DE JEANMARE (SERRE DES FOURCHES) 07270 ST BARTHELEMY GROZON,07216,"44.9639,4.6608",Pylône autostable,35m,Conseil Départemental,AJO,,160|295,,False,False
1553394,FREE MOBILE,LTE 800, (MAZIERAS SUD) 24400 ISSAC,24211,"45.0072,0.4686",Pylône autostable,35m,Conseil Départemental,AJO,,50|190|300,,False,False
1555528,FREE MOBILE,"LTE 2100, 5G NR 700",LE CROISSANT HUON (CROAZ-HENT) 22810 PLOUNEVEZ MOEDEC,22228,"48.5444,-3.4183",Pylône autostable,40m,TOTEM,ALL,,70|180|300,,False,False
1565811,FREE MOBILE,LTE 800,PRÈS D 117 (LA BUSSIÈRE) 21350 DAMPIERRE EN MONTAGNE,21224,"47.4356,4.5617",Pylône autostable,25m,TOTEM,AJO,,30|150|270,,False,False
1570003,FREE MOBILE,5G NR 3500,RUE PIERRE CURIE 07500 GUILHERAND GRANGES,07102,"44.9364,4.8839",Pylône tubulaire,"23,5m",FREE-MOBILE,ALL,,80|220|310,,False,False
1575346,FREE MOBILE,5G NR 700,RUE CHARLES SYNDIC 49100 ANGERS,49007,"47.4475,-0.5533",Bâtiment,19m,Société HLM,AJA,,0|120|240,,False,False
1599001,FREE MOBILE,LTE 800,CHEMIN DU COLOMBIER (LES PATIS) 30200 LA ROQUE SUR CEZE,30222,"44.1917,4.5342",Pylône autostable,18m,Conseil Départemental,AJO,,30|230|320,,False,False
1603122,FREE MOBILE,LTE 800,PRÈS DÉPARTEMENTALE 74 (SEURLOT) 10200 MAISONS LES SOULAINES,10219,"48.2833,4.7953",Pylône autostable,34m,Conseil Départemental,AJO,,310,,False,False
1603958,FREE MOBILE,LTE 800,D.82 (LANDE DE L'ETANG) 24450 MIALET,24269,"45.5664,0.9125",Pylône autostable,35m,Conseil Départemental,AJO,,60|210|320,,False,False
1609844,FREE MOBILE,LTE 800,D960 (LA FOSSE AU POTIER) 10200 SOULAINES DHUYS,10372,"48.3722,4.7211",Pylône autostable,33m,Conseil Départemental,AJO,,80|150,,False,False
1609941,FREE MOBILE,LTE 800, (LA COTOTE) 10200 SAULCY,10366,"48.2819,4.8339",Pylône autostable,34m,Conseil Départemental,AJO,,170,,False,False
1610032,FREE MOBILE,LTE 800,VC 16 (SOURZAC HAUT) 15200 MEALLET,15123,"45.2511,2.4381",Pylône autostable,32m,Conseil Départemental,AJO,,50|180|310,,False,False
1610049,FREE MOBILE,"LTE 2100, 5G NR 700",ROUTE DE VINSOBRES CENTRE DE LOISIR (LA COTE) 84600 VALREAS,84138,"44.3717,5.0067",Pylône autostable,15m,BOUYGUES,ALL,,40|310,,False,False
1610080,FREE MOBILE,LTE 800,SOULAN DE MAGNAN (PAGUERE DE MEILHAN) 31230 CAZAC,31593,"43.3475,0.9431",Pylône tubulaire,20m,CELLNEX,AJO,,80|200|320,,False,False
1610281,FREE MOBILE,LTE 800,CHEMIN RURAL N°6 DU COL DU PARADIS (AL BOSC) 11330 BOUISSE,11044,"42.9828,2.4481",Pylône autostable,16m,BOUYGUES,AJO,,40,,False,False
1610295,FREE MOBILE,LTE 800, (PUY D'HYVERNERESSE) 23500 GIOUX,23091,"45.8292,2.1328",Pylône autostable,"17,6m",ATC FRANCE,AJO,,100|200|320,,False,False
1610301,FREE MOBILE,LTE 800,RUE DES MEIX (LES HERBUES) 21330 CERILLY,21125,"47.8636,4.4978",Château d'eau - réservoir,"25,5m","Syndicat des eaux, Adduction",AJO,,60|180|300,,False,False
1610305,FREE MOBILE,LTE 800,LE FREISSEIX (PUYS DE PERIGEAS) 19170 L EGLISE AUX BOIS,19074,"45.6611,1.7825",Pylône autostable,34m,BOUYGUES,AJO,,30|180,,False,False
1610309,FREE MOBILE,LTE 800, (LE PLESSIX) 22640 PLENEE JUGON,22185,"48.3636,-2.4108",Pylône autostable,33m,ATC FRANCE,AJO,,10|130|250,,False,False
1610313,FREE MOBILE,LTE 800,SCIERIE MARTIN (LA GROSSE PIERRE) 21330 LAIGNES,21336,"47.8381,4.3769",Pylône autostable,28m,BOUYGUES,AJO,,60|250|300,,False,False
1610320,FREE MOBILE,LTE 800, (LES GOUTOULES) 34210 MINERVE,34158,"43.3508,2.7442",Pylône autostable,20m,TOTEM,AJO,,30|150|270,,False,False
1610324,FREE MOBILE,LTE 800,CHEM RURAL DU MOULIN DE LAFAYE (FONT PEY) 24530 BRANTOME EN PERIGORD,24064,"45.3639,0.5786",Pylône autostable,"30,7m",Conseil Départemental,AJO,,0|120|240,,False,False
1610328,FREE MOBILE,LTE 800,HOUNTAOU (LA BORDE NEUVE) 32220 GARRAVET,32138,"43.4214,0.9169",Pylône autostable,28m,ATC FRANCE,AJO,,0|120|240,,False,False
1610346,FREE MOBILE,LTE 800,TUCOULET (COUMO DE SAMAN) 31230 CASTELGAILLARD,31115,"43.3614,0.9014",Pylône autostable,32m,BOUYGUES,AJO,,0|110|220,,False,False
1610377,FREE MOBILE,LTE 800, (PIERRY) 18350 CHARLY,18054,"46.8797,2.7983",Pylône autostable,37m,TDF,AJO,,130|290|355,,False,False
1610392,FREE MOBILE,LTE 800,STATION DE POMPAGE DE VILLIERS (LES HATES) 21330 CHANNAY,21143,"47.8842,4.3486",Pylône autostable,30m,Conseil Départemental,AJO,,20|140|250,,False,False
1610400,FREE MOBILE,LTE 800,PRÈS D. 87 (PRÈS DES SERVES) 24300 ABJAT SUR BANDIAT,24001,"45.5811,0.7639",Pylône autostable,30m,Conseil Départemental,AJO,,100|220|315,,False,False
1610415,FREE MOBILE,LTE 800,SAOUBIN (LAS BOURGATEROS) 31370 LE PIN MURELET,31419,"43.3919,1.0225",Pylône autostable,25m,ATC FRANCE,AJO,,120|230|330,,False,False
1610436,FREE MOBILE,LTE 800,CHEM RURAL DE FONTAINE (LE VILLAGE) 21330 NESLE ET MASSOULT,21451,"47.7775,4.4192",Pylône autostable,38m,BOUYGUES,AJO,,10|100|220,,False,False
1611799,FREE MOBILE,LTE 800,CHEM COMMUNAL (RASCUEJOUL) 15600 LEYNHAC,15104,"44.7339,2.2836",Pylône autostable,24m,Conseil Départemental,AJO,,70|190|290,,False,False
1612315,FREE MOBILE,LTE 800,NEGREFEUILLE 12370 MURASSON,12163,"43.7586,2.7275",Pylône autostable,"23,7m",TDF,AJO,,90,,False,False
1612328,FREE MOBILE,LTE 800,"PRÈS INTERSECTION D960 D102, BOIS MONSIEUR (CHANTE COQ) 10500 LA CHAISE",10072,"48.3667,4.6522",Pylône autostable,34m,Conseil Départemental,AJO,,130|300,,False,False
1612334,FREE MOBILE,LTE 800, (LE PILAR) 19170 BONNEFOND,19027,"45.5211,1.9903",Pylône autostable,40m,Conseil Départemental,AJO,,0|140|270,,False,False
1612358,FREE MOBILE,LTE 800,ST MARTIN (LA PLANE) 31230 AMBAX,31007,"43.3628,0.9406",Pylône autostable,"20,3m",ATC FRANCE,AJO,,340,,False,False
1612675,FREE MOBILE,LTE 800,DÉCHETTERIE (PUECH CADENOUS) 12540 CORNUS,12077,"43.9017,3.1867",Pylône autostable,15m,ATC FRANCE,AJO,,270,,False,False
1619315,FREE MOBILE,LTE 800,CHEM DE RECEY SUR OURSE PRÈS D.22 (LA COMBE CHAUNI) 21520 LIGNEROLLES,21350,"47.8944,4.8939",Pylône autostable,30m,Conseil Départemental,AJO,,140|330,,False,False
1619327,FREE MOBILE,LTE 800,D 101 CHEM RURAL (LES CHEMINS D'AIGNAY) 21510 ECHALOT,21237,"47.6225,4.8197",Pylône autostable,24m,Conseil Départemental,AJO,,120,,False,False
1619332,FREE MOBILE,LTE 800,RUE DE LA FORGE RÉSERVOIR (LES VIEILLES VIGNES) 21520 GEVROLLES,21296,"47.9897,4.7742",Pylône autostable,12m,Conseil Départemental,AJO,,130|270,,False,False
1619418,FREE MOBILE,LTE 800, (LA LAURENTIE) 12076,12076,"44.6303,2.3508",Pylône autostable,30m,Conseil Départemental,AJO,,90|300,,False,False
1619438,FREE MOBILE,LTE 800,CHEMIN RURAL DIT DE L'ARBRISSEAU (LES TERRES DU COIN DU BOIS) 08160 SAPOGNE ET FEUCHERES,08400,"49.6669,4.7839",Pylône autostable,33m,Conseil Régional,AJO,,70|150|340,,False,False
1620367,FREE MOBILE,LTE 800,CHEMIN RURAL (LA PIOTTE) 25250 GEMONVAL,25264,"47.5325,6.5944",Pylône autostable,"19,2m",ATC FRANCE,AJO,,60|180|270,,False,False
1620371,FREE MOBILE,LTE 800, (LES PLAINES) 19340 COURTEIX,19065,"45.655,2.3311",Pylône autostable,32m,CELLNEX,AJO,,140|350,,False,False
1621555,FREE MOBILE,5G NR 3500,249 AVENUE DU PLATEAU 69009 LYON 09,69389,"45.7819,4.7931",Immeuble,60m,Société Privée,ALL,,5|120|275,,False,False
1622306,FREE MOBILE,5G NR 700, (L'AIR) 63570 BRASSAC LES MINES,63050,"45.41,3.3228",Pylône autostable,22m,ON TOWER FRANCE,AJA,,60|180|300,,False,False
1622999,FREE MOBILE,LTE 800,CHEM RURAL (LA BORDE) 21690 VILLOTTE ST SEINE,21705,"47.4247,4.7025",Pylône tubulaire,9m,TOTEM,AJO,,30,,False,False
1624036,FREE MOBILE,5G NR 700,26 RUE DU DR ROUX 91160 LONGJUMEAU,91345,"48.6894,2.2967",Bâtiment,29m,ORANGE,AJO,,20|140|260,,False,False
1624530,FREE MOBILE,LTE 800,CH D'EXPLOITATION DIT DES TAILLEUSES (AUX DRAGUES) 25680 ROGNON,25498,"47.4233,6.3142",Pylône autostable,"19,5m","Commune, communauté de commune",AJO,,40|135|275,,False,False
1625004,FREE MOBILE,LTE 800,D 959 TERRAIN INTERCOMMUNAL DE LA DECHETTERIE (LE FOURNEAU) 21580 CUSSEY LES FORGES,21220,"47.6267,5.0625",Pylône autostable,44m,Conseil Départemental,AJO,,35|155|280,,False,False
1625044,FREE MOBILE,LTE 800, (COMBE AU FAYS) 21580 COURLON,21207,"47.6492,5.0006",Pylône autostable,33m,Conseil Départemental,AJO,,40|310,,False,False
1625911,FREE MOBILE,LTE 800,RUE D'AIGNAY LE DUC 21510 BEAUNOTTE,21055,"47.6764,4.7114",Pylône autostable,33m,Conseil Départemental,AJO,,130|310,,False,False
1625952,FREE MOBILE,LTE 800,D16 CHAMPMAULE (LES TERRES BLANCHES) 21510 MAUVILLY,21396,"47.7186,4.7131",Pylône autostable,32m,BOUYGUES,AJO,,50|220,,False,False
1627624,FREE MOBILE,LTE 700,CHEMIN RELAIS TV (PRA BELON) 04170 VERGONS,04236,"43.9208,6.5894",Pylône tubulaire,9m,CELLNEX,AAV,,180|285,,False,False
1628030,FREE MOBILE,LTE 800,CLOCHER DE L'EGLISE DU VILLAGE   (DEVENS) 06470 DALUIS,06053,"44.0247,6.8094",Monument religieux,"15,4m",Particulier,AJO,,0|100|190,,False,False
1628514,FREE MOBILE,LTE 800,CHEM COM DE LA CHAPELLE SAN SEBASTIEN (LA ROUTE) 06260 LA CROIX SUR ROUDOULE,06051,"43.9944,6.8764",Pylône autostable,23m,BOUYGUES,AJO,,190|340,,False,False
1630718,FREE MOBILE,LTE 800, (GRAND RUINS) 25440 ECHAY,25209,"47.0444,5.9392",Mât métallique,4m,TOTEM,AJO,,75,,False,False
1632090,FREE MOBILE,LTE 800,IMPASSE DU CHATEAU D'EAU (BOIS DE SUS AMONT) 21220 CHAMBOEUF,21132,"47.2322,4.9053",Pylône autostable,26m,TOTEM,AJO,,180,,False,False
1632094,FREE MOBILE,LTE 800, (LARREY CHAUVENET) 21360 ANTHEUIL,21014,"47.1736,4.7469",Pylône autostable,27m,Conseil Départemental,AJO,,190|320,,False,False
1632098,FREE MOBILE,LTE 800,PROCHE CHATEAU D'EAU (LE MONT) 23100 ST ORADOUX DE CHIROUZE,23224,"45.7378,2.3283",Pylône autostable,38m,TOTEM,AJO,,20|140|260,,False,False
1632713,FREE MOBILE,LTE 800, (DOUGIER) 23260 ST AGNANT PRES CROCQ,23178,"45.79,2.3561",Pylône autostable,48m,TOTEM,AJO,,0|120|240,,False,False
1632718,FREE MOBILE,LTE 800,RD 23 (LE MUZE) 15500 CELOUX,15032,"45.1431,3.26",Pylône autostable,23m,Conseil Départemental,AJO,,30|150|270,,False,False
1632725,FREE MOBILE,LTE 800,D.90 (LA CLIDELLE) 23500 ST GEORGES NIGREMONT,23198,"45.8397,2.2597",Pylône autostable,40m,TOTEM,AJO,,20|140,,False,False
1632729,FREE MOBILE,LTE 800,D.35 DE PONT DE PANY À ST AUTUN (LES BOUDROTTES) 21220 SEMEZANGES,21601,"47.2242,4.8672",Pylône autostable,17m,TOTEM,AJO,,180,,False,False
1632780,FREE MOBILE,LTE 800,PRÈS DÉPARTEMENTALE 35 (LA VIE BLANCHE) 21220 VALFORET,21178,"47.2367,4.8506",Pylône autostable,27m,TDF,AJO,,135,,False,False
1634574,FREE MOBILE,LTE 800,LE TAUS (BOURDAOU) 09320 ALEU,09005,"42.8989,1.2683",Pylône autostable,27m,TOTEM,AJO,,180|310,,True,False
1634579,FREE MOBILE,LTE 800, (LILLO) 11580 VILLARDEBELLE,11412,"43.025,2.3894",Pylône autostable,30m,SYADEN,AJO,,140|290,,False,False
1635027,FREE MOBILE,LTE 800,CHEMIN VINICAL N°2 ROMAGNE À MONTMEILLANT LE BOIS PROMPSY (LE SOUVINGT) 08220 LA ROMAGNE,08369,"49.6883,4.3208",Pylône autostable,"40,3m",Conseil Départemental,AJO,,80|200,,False,False
1635545,FREE MOBILE,LTE 800,HAMEAU DES UNAS (BARAGNECH) 30170 MONOBLET,30172,"44.0028,3.9014",Pylône autostable,20m,HIVORY,AJO,,40|260,,False,False
1635556,FREE MOBILE,LTE 800,D.9 - CHEM RURAL (LES FAYOLLES) 07690 ST ANDRE EN VIVARAIS,07212,"45.12,4.4192",Pylône autostable,33m,Conseil Départemental,AJO,,90|280,,False,False
1636652,FREE MOBILE,LTE 800, (CLOS DARASSE) 09200 RIVERENERT,09247,"42.9597,1.2467",Pylône autostable,30m,TOTEM,AJO,,110|260,,True,False
1637438,FREE MOBILE,LTE 800, (L'ESCANDORGUE) 34650 ROQUEREDONDE,34233,"43.8028,3.2303",Pylône autostable,35m,Conseil Départemental,AJO,,10|120|260,,False,False
1640031,FREE MOBILE,,CHEMIN DE GRELLET (MONTBABUT) 23420 MERINCHAL,23131,"45.9203,2.5403",Pylône autostable,"35,5m",ATC FRANCE,CHH,40m,,,False,False
1640042,FREE MOBILE,LTE 800, (COL DE GARDIE) 11250 ST HILAIRE,11344,"43.0828,2.3031",Pylône autostable,19m,SYADEN,AJO,,20|180,,False,False
1640070,FREE MOBILE,LTE 800,D 44 (PUY DE MERCOU) 15430 PAULHAC,15148,"45.0103,2.8919",Pylône autostable,"30,4m",HIVORY,AJO,,20|140|290,,False,False
1640185,FREE MOBILE,LTE 800, (VIDÈCHE) 15230 BREZONS,15026,"44.9853,2.82",Pylône autostable,16m,HIVORY,AJO,,230,,False,False
1640630,FREE MOBILE,LTE 800,N 58 AIRE DE LA BONNE FONTAINE (LA BONNE FONTAINE) 08140 BAZEILLES,08053,"49.7581,5.0397",Pylône tubulaire,"28,5m",ORANGE,AJO,,70|220,,False,False
1641760,FREE MOBILE,LTE 800,HAMEAU DES CURIÈRES HAUTES D57 (LES CURIERES) 30140 THOIRAS CORBES,30329,"44.0633,3.9222",Pylône autostable,25m,TOTEM,AJO,,90|250,,False,False
1642052,FREE MOBILE,LTE 800, (ESPARROU) 34700 LES PLANS,34205,"43.7533,3.2653",Pylône autostable,27m,Conseil Départemental,AJO,,100|350,,False,False
1642059,FREE MOBILE,LTE 800, (LE CAMPING) 19430 CAMPS ST MATHURIN LEOBAZEL,19034,"44.9881,1.9967",Pylône autostable,35m,Conseil Départemental,AJO,,0|120|240,,False,False
1642063,FREE MOBILE,LTE 800, (COL DE L'ESPINAS PACARY) 11580 TERROLES,11389,"42.9969,2.3558",Pylône autostable,30m,SFR,AJO,,40|160,,False,False
1650749,FREE MOBILE,5G NR 700,RD 122 (NEULIN) 41600 NOUAN LE FUZELIER,41161,"47.5083,2.0067",Pylône autostable,"48,5m",TDF,AJA,,180|350,,False,False
1651299,FREE MOBILE,LTE 800,D 95 (PUECH DE LA LANDE) 12410 CURAN,12307,"44.1944,2.8594",Pylône autostable,"24,1m",TOTEM,AJO,,80|175|310,,False,False
1652609,FREE MOBILE,LTE 800,VOIE COMMUNALE DE L' ANCIENNE RTE DE LANGRES (COMBE RENEAUD - LA LOUÈRE) 21520 BOUDREVILLE,21090,"47.9314,4.8231",Pylône autostable,39m,Conseil Départemental,AJO,,340,,False,False
1653672,FREE MOBILE,LTE 800,RUE DE L'EGLISE 21350 AVOSNES,21040,"47.3653,4.6422",Monument religieux,"26,7m","Commune, communauté de commune",AJO,,65|155|245,,False,False
1653691,FREE MOBILE,LTE 800,CHEM RURAL DIT DE CHEVREY BOUILLANT (LE COMILLOT) 21700 ARCENANT,21017,"47.1311,4.8611",Pylône autostable,36m,TOTEM,AJO,,330,,False,False
1653768,FREE MOBILE,5G NR 700,RUE DE LA GRANDE HAYE D.185 D.185 62190 LILLERS,62516,"50.5656,2.4742",Pylône autostable,35m,TOTEM,AJA,,50|150|280,,False,False
1655720,FREE MOBILE,LTE 800,RÉSERVOIR D'EAU (BLANCHARDEZ) 10200 COLOMBE LA FOSSE,10102,"48.2631,4.78",Château d'eau - réservoir,8m,Conseil Départemental,AJO,,60|150,,False,False
1662380,FREE MOBILE,LTE 800,PRÈS DÉPARTERMENTALE 47 (LA VIDAL) 15270 TREMOUILLE,15240,"45.3742,2.6794",Pylône autostable,20m,TDF,AJO,,210|320,,False,False
1666224,FREE MOBILE,LTE 800,ROUTE DU COL DE SALÈZE - RD89 (CIRIEGIA) 06450 ST MARTIN VESUBIE,06127,"44.1156,7.28",Pylône autostable,22m,TOTEM,AJO,,130|220|310,,False,False
1669402,FREE MOBILE,LTE 800, (BEAUREGARD) 15320 RUYNES EN MARGERIDE,15168,"44.9792,3.185",Pylône autostable,25m,TDF,AJO,,50|165|245|350,,False,False
1673605,FREE MOBILE,5G NR 700,131 AVENUE ANATOLE FRANCE 94600 CHOISY LE ROI,94022,"48.7558,2.415",Bâtiment,28m,ORANGE Services Fixes,AJO,,30|150|270,,False,False
1676970,FREE MOBILE,LTE 800,D18 (LA BARRE) 23100 ST MERD LA BREUILLE,23221,"45.7456,2.4242",Pylône autostable,35m,TOTEM,AJO,,110|230|350,,False,False
1676994,FREE MOBILE,LTE 800,D.25 - PYLONE TDF (LE PUY DE L'ETANG) 23260 MAGNAT L ETRANGE,23115,"45.7875,2.2742",Pylône autostable,40m,ORANGE,AJO,,40|165|280,,False,False
1678497,FREE MOBILE,LTE 800,CHEM DE VAUMERCY (LES CARRÉS) 21440 TROUHAUT,21646,"47.3931,4.7539",Pylône tubulaire,11m,TOTEM,AJO,,135|285,,False,False
1684904,FREE MOBILE,5G NR 700,101 AVENUE VICTOR HUGO 93270 SEVRAN,93071,"48.9306,2.5275",Immeuble,13m,"Copropriété, Syndic, SCI",AJA,,110|220|340,,False,False
1687190,FREE MOBILE,5G NR 700,R DE LA NOUE GRENET 85170 LES LUCS SUR BOULOGNE,85129,"46.8481,-1.4978",Pylône autostable,32m,TOTEM,ALL,,30|150|270,,False,False
1689153,FREE MOBILE,5G NR 700, (CROIX DES MISSIONS) 68650 LE BONHOMME,68044,"48.1728,7.1106",Pylône autostable,"20,3m",TDF,AJA,,0|100|220,,False,False
1689768,FREE MOBILE,LTE 800, (LES TALCS) 09300 MONTFERRIER,09206,"42.8819,1.7564",Pylône autostable,43m,TOTEM,AJO,,60|140|320,,True,False
1691440,FREE MOBILE,LTE 800,CH RURAL N°20 (MONT SAULGEON) 21350 SOUSSEY SUR BRIONNE,21613,"47.3286,4.5367",Pylône autostable,30m,Conseil Départemental,AJO,,140|250,,False,False
1691983,FREE MOBILE,LTE 700,CHEMIN RURAL N°3 AX-LES-THERMES (LES LABIÈRES - ESCALETES) 11140 CAMPAGNA DE SAULT,11062,"42.7594,2.0522",Mât,"8,4m",BOUYGUES,AAV,,100,,True,False
1691983,FREE MOBILE,LTE 800,CHEMIN RURAL N°3 AX-LES-THERMES (LES LABIÈRES - ESCALETES) 11140 CAMPAGNA DE SAULT,11062,"42.7594,2.0522",Mât,"8,4m",BOUYGUES,AJO,,100,,True,False
1692013,FREE MOBILE,LTE 800, (LE CRAUSSE) 11140 AUNAT,11019,"42.7925,2.1033",Pylône autostable,"21,5m",BOUYGUES,AJO,,100|190|280,,False,False
1692029,FREE MOBILE,LTE 800, (LA RABASSE) 11140 STE COLOMBE SUR GUETTE,11335,"42.7508,2.2239",Pylône autostable,15m,ATC FRANCE,AJO,,90|180,,False,False
1692130,FREE MOBILE,LTE 800,CHEM COMMUNAL GARDEILLES (PRAT FERRIE) 11140 MERIAL,11230,"42.7856,1.9783",Pylône autostable,14m,ATC FRANCE,AJO,,0,,False,False
1695629,FREE MOBILE,LTE 800,ROUTE DÉPARTEMENTALE N°102J (AU MEME LA RUELLE) 21290 BURE LES TEMPLIERS,21116,"47.735,4.9003",Pylône autostable,18m,ORANGE,AJO,,315|ND,,False,False
1695661,FREE MOBILE,LTE 800,BOIS COMMUNAL (SUR LE MONT) 25190 SOLEMONT,25548,"47.3503,6.7131",Pylône autostable,28m,Conseil Départemental,AJO,,120|240,,False,False
1696275,FREE MOBILE,LTE 800,RUE ALVINIÈRE (MÉJARDON) 21290 ESSAROIS,21250,"47.7508,4.7844",Mât,13m,Conseil Départemental,AJO,,25|190,,False,False
1696283,FREE MOBILE,LTE 800,RD 996 (GRANDS SUCHOTS) 21120 MOLOY,21421,"47.5489,4.9189",Pylône autostable,21m,TDF,AJO,,120|230,,False,False
1696315,FREE MOBILE,LTE 800,ANCIEN CHEMIN RURAL N°25 (LA MAISON DU PIQUEUR) 21290 GURGY LA VILLE,21312,"47.8472,4.9375",Pylône autostable,18m,Conseil Départemental,AJO,,20,,False,False
1696323,FREE MOBILE,LTE 800,CR N°6 DIT DU CLOUSEAU (LES FONTENELLES) 21150 LA ROCHE VANNEAU,21528,"47.4658,4.5489",Pylône autostable,"18,4m",TOTEM,AJO,,300,,False,False
1696365,FREE MOBILE,LTE 800,D. 102C (LE COMET) 21290 FAVEROLLES LES LUCEY,21262,"47.8347,4.8661",Pylône autostable,"24,3m",Conseil Départemental,AJO,,350,,False,False
1696376,FREE MOBILE,LTE 800,R MONT SILOS SOUFFLET 21290 BENEUVRE,21063,"47.6922,4.9414",Silo,32m,Conseil Départemental,AJO,,0|170,,False,False
1696380,FREE MOBILE,LTE 800,CHEM RURAL N°15 (LA BELLE MOTTE) 21290 GURGY LE CHATEAU,21313,"47.8236,4.9253",Mât,12m,Conseil Départemental,AJO,,0,,False,False
1696384,FREE MOBILE,LTE 800,CHEMIN RURAL N°1 DIT DE L'ECLUSE (LE PAQUEREAU) 21270 ST SAUVEUR,21571,"47.3619,5.4156",Pylône autostable,"18,4m",TOTEM,AJO,,150,,False,False
1696414,FREE MOBILE,LTE 800,CHEM RURAL ANCIENNE DÉCHETTERIE (LA CHARME) 21120 COURTIVRON,21208,"47.5447,4.9708",Pylône autostable,"35,4m",ORANGE,AJO,,170,,False,False
1696418,FREE MOBILE,LTE 800,CHEM RURAL DES COTOTES (LES COURTES PIÈCES) 21610 LICEY SUR VINGEANNE,21348,"47.4856,5.3831",Château d'eau - réservoir,"36,4m","Syndicat des eaux, Adduction",AJO,,180|340,,False,False
1703707,FREE MOBILE,LTE 800, (SUR LES LOGES) 25680 ROMAIN,25499,"47.4506,6.3756",Pylône autostable,25m,ATC FRANCE,AJO,,180|270|345,,False,False
1703722,FREE MOBILE,LTE 800,PRÈS CHEM GR 95A SITE TDF (LA TOUR - LE TERRAL) 26340 RIMON ET SAVEL,26266,"44.6647,5.3022",Pylône autostable,20m,TDF,AJO,,220,,False,False
1705171,FREE MOBILE,"LTE 2100, 5G NR 700", (MONDEOU) 32550 AUTERIVE,32019,"43.5922,0.6228",Pylône autostable,25m,HIVORY,ALL,,170|260|350,,False,False
1705640,FREE MOBILE,LTE 800,RD 170A (MOURRETON) 26560 EYGALAYES,26126,"44.2336,5.6033",Pylône autostable,15m,Conseil Départemental,AJO,,215|330,,False,False
1714461,FREE MOBILE,LTE 800, (FARGO VIEILLO) 11230 PEYREFITTE DU RAZES,11282,"43.0628,2.0217",Pylône autostable,15m,Conseil Départemental,AJO,,140|280,,False,False
1718841,FREE MOBILE,5G NR 700,"14-16-18, RUE DU LOESS 67200 STRASBOURG",67482,"48.6033,7.7106",Bâtiment,"30,9m",Société HLM,AJA,,0|150|260,,False,False
1720670,FREE MOBILE,LTE 800, (LA MALEVIEILLE) 15110 DEUX VERGES,15060,"44.8069,3.0314",Pylône autostable,18m,TDF,AJO,,270,,False,False
1721607,FREE MOBILE,LTE 800,FORET DOMANIALE DE FOURTOU (LA BRUGO) 11190 FOURTOU,11155,"42.9172,2.4328",Pylône autostable,27m,CELLNEX,AJO,,80|200|320,,False,False
1722561,FREE MOBILE,LTE 800,CHEM RURAL (LA TOURNELLE LES TUILES) 26150 CHAMALOC,26069,"44.7989,5.3781",Pylône tubulaire,19m,TDF,AJO,,90|210,,False,False
1724832,FREE MOBILE,LTE 800,COL DE VILLEROUGE BERGERIE DU COL (LA GAIT) 11330 VILLEROUGE TERMENES,11435,"43.0156,2.6314",Pylône tubulaire,10m,CELLNEX,AJO,,200,,False,False
1725482,FREE MOBILE,"LTE 2100, 5G NR 700",D7 RUE DES FUSILLÉS (ETANG DE LA CROIX) 45240 MARCILLY EN VILLETTE,45193,"47.7672,2.0342",Pylône autostable,"45,8m",HIVORY,ALL,,0|120|240,,False,False
1726265,FREE MOBILE,LTE 800, (SARRAT MONTAHUT-NORD) 11220 ST MARTIN DES PUITS,11354,"43.0342,2.5697",Pylône autostable,15m,CELLNEX,AJO,,30|290,,False,False
1726269,FREE MOBILE,LTE 800, (AL BAC) 11360 QUINTILLAN,11305,"42.9619,2.7128",Pylône autostable,15m,ATC FRANCE,AJO,,10|280,,False,False
1727114,FREE MOBILE,LTE 800,R DE L'AUBERGE (LE DEVEZ-OUEST) 11140 FONTANES DE SAULT,11147,"42.7678,2.0844",Mât métallique,10m,CELLNEX,AJO,,160|270,,False,False
1727755,FREE MOBILE,LTE 800,RUE FRINGANT 21540 BUSSY LA PESLE,21121,"47.3667,4.7047",Pylône tubulaire,"14,8m",TOTEM,AJO,,0|160,,False,False
1728298,FREE MOBILE,LTE 800,BUGARACH (LA TEULLIÈRE) 11190 BUGARACH,11055,"42.8797,2.3697",Mât,14m,CELLNEX,AJO,,110|260,,False,False
1729233,FREE MOBILE,LTE 800,RSVOIR COMMUNAL (PRACONI) 06850 GARS,06063,"43.8661,6.8022",Mât,"9,3m","Commune, communauté de commune",AJO,,130|270,,False,False
1729238,FREE MOBILE,LTE 800,D 2211 A RTE DU POUYOL (LES RUINAS) 06850 BRIANCONNET,06024,"43.8742,6.7736",Pylône autostable,33m,TDF,AJO,,110|230,,False,False
1729314,FREE MOBILE,"LTE 2100, 5G NR 700", (SUR LA BARTHE) 46330 SAULIAC SUR CELE,46299,"44.5239,1.7406",Pylône autostable,"27,8m",HIVORY,ALL,,35|245,,False,False
1729332,FREE MOBILE,LTE 800,PISTE DE LAGRANGE RUINE DU CHATEAU (LA RENARDIERE) 06910 LES MUJOULS,06087,"43.8844,6.8625",Pylône autostable,18m,FREE-MOBILE,AJO,,20|110|280,,False,False
1729398,FREE MOBILE,5G NR 700,STADE MUNICIPAL STATION TDF (LONGUES RAYES) 25650 MAISONS DU BOIS LIEVREMONT,25357,"46.9703,6.4247",Pylône autostable,32m,TDF,AJA,,45|225,,False,False
1729402,FREE MOBILE,LTE 800, (BAC DES CARDET) 11140 MONTFORT SUR BOULZANE,11244,"42.7333,2.3017",Pylône autostable,18m,ATC FRANCE,AJO,,30,,False,False
1729407,FREE MOBILE,LTE 800,D 40 - LE CALVAIRE (LA PEGE) 11330 TERMES,11388,"43.0008,2.5656",Pylône tubulaire,17m,ATC FRANCE,AJO,,10|250,,False,False
1730143,FREE MOBILE,LTE 800, (LE PIC DE BERLES) 11330 SALZA,11374,"42.9947,2.5181",Pylône autostable,33m,ATC FRANCE,AJO,,30|270,,False,False
1730161,FREE MOBILE,LTE 800, (LA ROUMENGIERE) 11140 JOUCOU,11177,"42.8222,2.0883",Pylône autostable,25m,CELLNEX,AJO,,40|320,,False,False
1730172,FREE MOBILE,LTE 800, (LABADE) 11330 PALAIRAC,11271,"42.9564,2.6644",Pylône autostable,15m,ATC FRANCE,AJO,,40|280,,False,False
1730232,FREE MOBILE,LTE 800,MENÉE-LA CÔTE SUD 26410 CHATILLON EN DIOIS,26086,"44.7136,5.5322",Pylône autostable,27m,Conseil Départemental,AJO,,30|200|330,,False,False
1730261,FREE MOBILE,LTE 800,COL DE FRESENO (SERRE EN GRASSIEU) 11330 ALBIERES,11007,"42.9411,2.4803",Pylône autostable,24m,CELLNEX,AJO,,60|140|320,,False,False
1730274,FREE MOBILE,LTE 800,SERRE DE PARAU  (ROQUE DE MÉRIC) 11500 ST LOUIS ET PARAHOU,11352,"42.8428,2.3361",Pylône autostable,15m,ATC FRANCE,AJO,,50|170|290,,False,False
1730327,FREE MOBILE,LTE 800,CHEMIN D'AXAT AU CAUNIL (LA SOULA EST - POURTEILLE) 11140 SALVEZINES,11373,"42.7897,2.2997",Pylône autostable,24m,CELLNEX,AJO,,30|160,,False,False
1730346,FREE MOBILE,LTE 800,RTE RD  N°5 DE MONTBARD (BRILLE BOEUF) 21330 FONTAINES LES SECHES,21279,"47.7708,4.3578",Pylône autostable,33m,Conseil Départemental,AJO,,0|145|245,,False,False
1730355,FREE MOBILE,LTE 800,CHEM DE SAINT-PIERRE (LE BOUTEILLER) 26570 AULAN,26018,"44.225,5.4289",Pylône autostable,23m,SFR,AJO,,0,,False,False
1730362,FREE MOBILE,LTE 800, (LE PIGNET) 26620 LUS LA CROIX HAUTE,26168,"44.6533,5.7128",Pylône autostable,"20,8m",TDF,AJO,,46|330,,False,False
1732478,FREE MOBILE,LTE 800,RUE DES TROIS FONTAINES (BOIS D'ETTE) 25520 VAL D USIERS,25060,"46.9689,6.2497",Pylône autostable,32m,"Commune, communauté de commune",AJO,,70|330,,False,False
1732503,FREE MOBILE,LTE 800,RUE EN GREPPEL (LE PETIT COUDRIER HAUT) 21450 MAGNY LAMBERT,21364,"47.6842,4.5808",Pylône autostable,30m,Conseil Départemental,AJO,,30|150|270,,False,False
1732515,FREE MOBILE,LTE 800,STADE COMMUNAL (SUR LE CREST) 25270 CHAPELLE D HUIN,25122,"46.9308,6.1589",Pylône tubulaire,25m,Conseil Départemental,AJO,,0|120|240,,False,False
1732542,FREE MOBILE,LTE 800, (LES BLACHÈRES) 30530 LA VERNAREDE,30345,"44.2894,4.0164",Mât béton,18m,TDF,AJO,,250,,False,False
1732552,FREE MOBILE,LTE 800,SOUS LA CÔTE (LES NADES) 25330 AMATHAY VESIGNEUX,25016,"47.0217,6.1764",Pylône autostable,25m,Conseil Départemental,AJO,,90|210|330,,False,False
1732559,FREE MOBILE,LTE 800, (LE DEFFEND) 26560 SEDERON,26340,"44.1908,5.5525",Pylône autostable,15m,Conseil Départemental,AJO,,325,,False,False
1732563,FREE MOBILE,LTE 800,BOIS COMMUNAL (FROMONT) 25380 LA GRANGE,25290,"47.2914,6.6639",Pylône tubulaire,17m,ATC FRANCE,AJO,,180,,False,False
1732643,FREE MOBILE,LTE 800, (SUR LE MOULIN) 25270 SEPTFONTAINES,25541,"46.9783,6.1817",Pylône autostable,25m,Conseil Départemental,AJO,,0|120|240,,False,False
1732651,FREE MOBILE,LTE 800,LA VERNAREDE 1 30450 CHAMBON,30079,"44.3117,3.9978",Pylône autostable,46m,TDF,AJO,,120|230,,False,False
1732665,FREE MOBILE,LTE 800,CHEMIN DE GENOLHAC (LES PLAGNOLS) 30450 AUJAC,30022,"44.35,4.0072",Pylône autostable,27m,Conseil Départemental,AJO,,110|230|350,,False,False
1732669,FREE MOBILE,LTE 800, (COL DE L'ANCISE) 30450 CONCOULES,30090,"44.3708,3.9411",Pylône autostable,30m,Conseil Départemental,AJO,,350,,False,False
1734487,FREE MOBILE,LTE 800, (LES VENTOUS) 34260 CAMPLONG,34049,"43.6719,3.1103",Pylône autostable,25m,Conseil Départemental,AJO,,20|110|190,,False,False
1736228,FREE MOBILE,LTE 800,ANCIEN CHEMIN DE LA CHAVADE (SERRE DE POUDINQUE) 07510 MAZAN L ABBAYE,07154,"44.7361,4.0722",Pylône autostable,"21,3m",Conseil Départemental,AJO,,135|295,,False,False
1737914,FREE MOBILE,LTE 800,PROCHE CARRIÈRE (COMBEGRAND) 07210 ST VINCENT DE BARRES,07302,"44.6772,4.69",Pylône autostable,15m,TDF,AJO,,130|250,,False,False
1737941,FREE MOBILE,LTE 800,RUE DU PATIS VC N°116 DIT DU VAL (LE PATIS) 21350 SAFFRES,21537,"47.3672,4.5675",Pylône autostable,"15,4m",TOTEM,AJO,,80|300,,False,False
1739672,FREE MOBILE,LTE 800,VOIE COMMUNALE N°2 (LA GRAND-TERRE) 07400 SCEAUTRES,07311,"44.6192,4.6172",Pylône autostable,23m,Conseil Départemental,AJO,,230|320,,False,False
1739689,FREE MOBILE,LTE 800,DÉPARTEMENTALE D10 - ROUTE DE SAINT AUBAN (SOURCE DE ROUYOU) 06910 LE MAS,06081,"43.8428,6.8456",Pylône autostable,"10,7m",ATC FRANCE,AJO,,80|240,,False,False
1739711,FREE MOBILE,LTE 800,CHEMIN DES MARAIS D971 (LES TRAVERSINS) 21400 OBTREE,21465,"47.9203,4.5528",Pylône autostable,"25,3m",Conseil Départemental,AJO,,70,,False,False
1740582,FREE MOBILE,LTE 800, (FRAYSSE) 07400 ST MARTIN SUR LAVEZON,07270,"44.6283,4.6336",Pylône autostable,8m,Conseil Départemental,AJO,,0|90,,False,False
1740616,FREE MOBILE,LTE 800,R DE MOULIN HAUT VOIE COMMUNALE N°3 DE VILLEBERNY VERS SALMAISE (LE MOULIN FERME) 21350 VILLEBERNY,21690,"47.4456,4.6056",Pylône autostable,"27,3m",TOTEM,AJO,,140|340,,False,False
1740637,FREE MOBILE,LTE 800,R DU STADE (LA ROUSSOTTE) 21440 LERY,21345,"47.5558,4.8447",Pylône tubulaire,18m,Conseil Départemental,AJO,,140|300,,False,False
1740703,FREE MOBILE,LTE 800,LE VILLAGE TERRAIN ENTRE GRANCEY ET LES CRAIS DE JEU (MONTAGNE DE CHAMPS ROND) 21580 GRANCEY LE CHATEAU NEUVELLE,21304,"47.6664,5.0339",Pylône autostable,35m,Conseil Départemental,AJO,,55|145|300,,False,False
1741036,FREE MOBILE,LTE 800, (CHARMONT) 21120 MAREY SUR TILLE,21385,"47.6011,5.0878",Pylône autostable,26m,TDF,AJO,,175|280,,False,False
1741067,FREE MOBILE,LTE 800,CHEM RURAL N°13 TERRAIN AU DESSUS DE LA MAIRIE (LA BERGERIE) 21120 AVELANGES,21039,"47.5856,5.0222",Pylône autostable,35m,BOUYGUES,AJO,,0|110|240,,False,False
1741087,FREE MOBILE,LTE 800,LA CHAUME DES MOINES LA VIGNE 21360 LA BUSSIERE SUR OUCHE,21120,"47.2194,4.7178",Pylône autostable,29m,ATC FRANCE,AJO,,0|150|250,,False,False
1741134,FREE MOBILE,"LTE 2100, 5G NR 700",RUE DU GÉNÉRAL DE GAULLE D6014 27380 RADEPONT,27487,"49.3722,1.3336",Pylône autostable,"48,5m",HIVORY,ALL,,0|120|240,,False,False
1741744,FREE MOBILE,LTE 800,RUE DU CHATEAU STATION DE POMPAGE (LA MAGDELAINE) 21120 VILLEY SUR TILLE,21702,"47.5656,5.1206",Pylône autostable,35m,Conseil Départemental,AJO,,140|230|320,,False,False
1741754,FREE MOBILE,LTE 800,MOUILLE DES LOGES (LES GAYLOTS) 21430 BLANOT,21083,"47.1589,4.2208",Pylône autostable,28m,Conseil Départemental,AJO,,30|130|275,,False,False
1741758,FREE MOBILE,LTE 800,CHEMIN DE CAUCHU (CAUCHU-HAUT RESERVOIR) 25330 CLERON,25155,"47.0833,6.0672",Pylône tubulaire,15m,Conseil Départemental,AJO,,30|230|320,,False,False
1741801,FREE MOBILE,LTE 800,SUR LA VIE D'ORNANS  (LA COMBE MALIN) 25290 CHASSAGNE ST DENIS,25129,"47.0881,6.1197",Pylône autostable,26m,Conseil Départemental,AJO,,80|220|320,,False,False
1742423,FREE MOBILE,LTE 800,CHEM RURAL N11 (LES PIÈCES) 25270 VILLERS SOUS CHALAMONT,25627,"46.9128,6.0364",Pylône autostable,29m,ATC FRANCE,AJO,,50|150|270,,False,False
1743184,FREE MOBILE,LTE 800,HAMEAU DE MONTNOIRON (LA JOUROTTE) 25470 INDEVILLERS,25314,"47.3317,6.9597",Pylône tubulaire,30m,Conseil Départemental,AJO,,60|300,,False,False
1743192,FREE MOBILE,LTE 800,LES ESSARTS (SUR LA JOUX) 25470 INDEVILLERS,25314,"47.3231,6.9422",Pylône autostable,25m,Conseil Départemental,AJO,,150|270,,False,False
1743200,FREE MOBILE,LTE 800,CD 354 (CROUZET-REGOURDON) 15230 ST MARTIN SOUS VIGOUROUX,15201,"44.9278,2.8",Pylône autostable,"20,3m",HIVORY,AJO,,165,,False,False
1743205,FREE MOBILE,LTE 800, (LE CHATELOT) 25150 NEUCHATEL URTIERE,25422,"47.3733,6.725",Pylône autostable,32m,TDF,AJO,,45|180|320,,False,False
1743209,FREE MOBILE,LTE 800,RUE DU LOMONT (BOIS DES ESSARTS) 25310 VILLARS LES BLAMONT,25615,"47.3703,6.875",Pylône tubulaire,12m,Conseil Départemental,AJO,,345,,False,False
1743271,FREE MOBILE,LTE 800,RUE SUR LA COTE (AU VILLAGE) 25310 DANNEMARIE,25194,"47.3911,6.8964",Pylône autostable,18m,Conseil Départemental,AJO,,0|120|230,,False,False
1743307,FREE MOBILE,LTE 800,COL DES RHODES (SERRE DES FONTS DES BARRES) 30750 TREVES,30332,"44.0642,3.4003",Pylône autostable,25m,Conseil Départemental,AJO,,90|230|330,,False,False
1743928,FREE MOBILE,LTE 800,PRÉ JEAN BIEF (SUR PLAIN) 25470 CHARMAUVILLERS,25124,"47.2361,6.9258",Pylône autostable,"44,8m",TDF,AJO,,200|300,,False,False
1748232,FREE MOBILE,LTE 800,PRÉS LA JOUX (CHAMPS SUR LE JOUREY) 25190 MONTANCY,25386,"47.3628,7.0292",Pylône autostable,"32,5m",Conseil Départemental,AJO,,150|270,,False,False
1748833,FREE MOBILE,LTE 800,LES FUMADES (LA HAUTE GRÂCE) 07510 MAZAN L ABBAYE,07154,"44.7072,4.1158",Pylône autostable,"16,7m",Conseil Départemental,AJO,,50,,False,False
1749414,FREE MOBILE,LTE 800,D.13 (LES MONTANTS) 21570 AUTRICOURT,21034,"48.0036,4.6225",Pylône autostable,27m,Conseil Départemental,AJO,,190|280,,False,False
1749423,FREE MOBILE,LTE 800,D6 (LA CHARME) 21440 LAMARGELLE,21338,"47.5331,4.8328",Silo,29m,Conseil Départemental,AJO,,100,,False,False
1749439,FREE MOBILE,LTE 800, (CHAMP DE L'ORME) 21380 SAUSSY,21589,"47.4653,4.9553",Château d'eau - réservoir,36m,Conseil Départemental,AJO,,60|230,,False,False
1749481,FREE MOBILE,LTE 800,ROUTE DU PUY (COL DE MEZILHAC) 07530 MEZILHAC,07158,"44.8075,4.3433",Pylône autostable,"27,5m",Conseil Départemental,AJO,,90|335,,False,False
1750127,FREE MOBILE,LTE 800, (LES FAYSSES BROUASSES) 07000 GOURDON,07098,"44.725,4.4467",Pylône autostable,"23,5m",TDF,AJO,,0|240,,False,False
1750137,FREE MOBILE,LTE 800,RTE DE FRETISSE 07600 LABASTIDE SUR BESORGUES,07112,"44.7317,4.3017",Pylône autostable,"29,2m",TDF,AJO,,165|320,,False,False
1750198,FREE MOBILE,LTE 800,CHEM RURAL N°24 (LES GRANDS PRÈS) 21290 MONTMOYEN,21438,"47.7311,4.7964",Pylône autostable,"24,8m",Conseil Départemental,AJO,,100|240|330,,False,False
1751130,FREE MOBILE,LTE 800,CHEMIN D'EXERMONT (GENICHY) 08250 FLEVILLE,08171,"49.3031,4.9736",Pylône autostable,"37,8m",Conseil Départemental,AJO,,180|340,,False,False
1751149,FREE MOBILE,LTE 800,STATION TDF (LA GARRE) 11230 ST BENOIT,11333,"43.0225,2.0617",Pylône autostable,17m,TDF,AJO,,140|300,,False,False
1751195,FREE MOBILE,LTE 800,CHELMIN N°50 DE LE THOUR (D50) (LA FAUSSE RENAUDON) 08190 ST GERMAINMONT,08381,"49.5239,4.1092",Pylône autostable,"32,9m",Conseil Départemental,AJO,,130|320,,False,False
1751245,FREE MOBILE,"LTE 2100, 5G NR 700",CHEM RURAL N° 49 DIT DE LA TRUIE PENDUE (VENTE DE MACHAU) 45760 VENNECY,45333,"47.9431,2.0503",Pylône autostable,42m,HIVORY,ALL,,0|120|240,,False,False
1751888,FREE MOBILE,LTE 800,RUE DU CHATEAU D'EAU (MARNIERE DES DUISETTES) 08220 ROCQUIGNY,08366,"49.7061,4.2533",Pylône autostable,"37,8m",Conseil Départemental,AJO,,190,,False,False
1752032,FREE MOBILE,LTE 900,74 RUE CARNOT 92150 SURESNES,92073,"48.8747,2.2281",Bâtiment,"29,8m","Copropriété, Syndic, SCI",ALL,,0|120|240,,False,False
1755630,FREE MOBILE,LTE 800,PROCHE D 101 (PREVARD) 21510 DUESME,21235,"47.65,4.6883",Pylône autostable,43m,Conseil Départemental,AJO,,60|180|315,,False,False
1756257,FREE MOBILE,LTE 800,CH. COM. DE PIEROUSE (LA LAUZE ET BERNARA) 26310 BEAURIERES,26040,"44.5411,5.53",Pylône autostable,22m,Conseil Départemental,AJO,,30,,False,False
1756258,FREE MOBILE,LTE 800,ROUTE DE MARAVEL D150 (LE COUCOUTIOU) 26310 VAL MARAVEL,26136,"44.5933,5.5903",Pylône autostable,22m,TDF,AJO,,100|250,,False,False
1756292,FREE MOBILE,LTE 800,AU SOMMET DE LA MONTAGNE (LA ROSIERE) 26410 GLANDAGE,26142,"44.6903,5.5911",Pylône autostable,"26,7m",TDF,AJO,,130|250|350,,False,False
1756313,FREE MOBILE,LTE 800,CH. COM. DE VAL MARAVEL (MONTAGNE DU PUY) 26310 LESCHES EN DIOIS,26164,"44.6094,5.5478",Pylône autostable,27m,Conseil Départemental,AJO,,160|200|280,,False,False
1758359,FREE MOBILE,LTE 800,CHEM DE LAROQUE DE FA (TREMPECH) 11330 LAROQUE DE FA,11191,"42.9597,2.5664",Pylône autostable,15m,ATC FRANCE,AJO,,60|210,,False,False
1758411,FREE MOBILE,LTE 800,RTE DU BOIS D' OURLHAC (PEYREMOULA) 12190 SEBRAZAC,12265,"44.5072,2.6675",Pylône autostable,15m,TDF,AJO,,180|330,,False,False
1759153,FREE MOBILE,LTE 800,PECH DE BRENS 11300 BOURIEGE,11045,"42.9764,2.1644",Pylône autostable,33m,TDF,AJO,,45|130|260,,False,False
1760329,FREE MOBILE,LTE 800,RD 254 (LA COSTE) 07530 AIZAC,07003,"44.7153,4.3244",Pylône autostable,"18,8m",TDF,AJO,,125|240,,False,False
1760333,FREE MOBILE,LTE 800,LA FAYE ST VINCENT 07600 VALLEES D ANTRAIGUES ASPERJOC,07011,"44.7453,4.3461",Pylône autostable,34m,TDF,AJO,,170|350,,False,False
1760339,FREE MOBILE,LTE 800,LES RANCS DE DORNE (MONTGRALIER) 07160 DORNAS,07082,"44.8575,4.3503",Pylône autostable,27m,TDF,AJO,,160|280,,False,False
1760343,FREE MOBILE,LTE 800,CHEMIN RURAL DE BESSES SAINT-MARTIAL (LES PRAYEOUX) 07310 ST MARTIAL,07267,"44.8706,4.2706",Pylône autostable,30m,Conseil Départemental,AJO,,130|320,,False,False
1760411,FREE MOBILE,LTE 800,VC N°1 (LA MOLEIRE) 07160 LE CHAMBON,07049,"44.8247,4.2875",Pylône autostable,22m,Conseil Départemental,AJO,,15,,False,False
1761051,FREE MOBILE,LTE 800,LA GRAVENNE 07560 MONTPEZAT SOUS BAUZON,07161,"44.6997,4.2164",Pylône autostable,"16,3m",Conseil Départemental,AJO,,95|325,,False,False
1761070,FREE MOBILE,LTE 800,ROUTE D278 FAYOLLE ET DAFREMONT ANTRAYGUES 07310 LA ROCHETTE,07195,"44.9131,4.2283",Pylône autostable,23m,TDF,AJO,,50|150,,False,False
1761083,FREE MOBILE,LTE 800,RUE DE LA GARDELE (GARDEILLE) 11300 CASTELRENG,11078,"43.0275,2.1397",Pylône autostable,18m,TDF,AJO,,290,,False,False
1761096,FREE MOBILE,LTE 800,VOIE COMMUNALE N21 (LE FAU) 07450 BURZET,07045,"44.7394,4.2428",Pylône autostable,"18,3m",TDF,AJO,,10,,False,False
1761111,FREE MOBILE,LTE 700,VC 6 (TILLOU) 12200 LA ROUQUETTE,12205,"44.3011,1.9769",Pylône autostable,29m,TDF,AAV,,270,,False,False
1761111,FREE MOBILE,LTE 800,VC 6 (TILLOU) 12200 LA ROUQUETTE,12205,"44.3011,1.9769",Pylône autostable,29m,TDF,AJO,,270,,False,False
1761116,FREE MOBILE,LTE 800,VOIE COMMUNALE N 4 DE MICOULEAU (SOULE) 11300 ST COUAT DU RAZES,11338,"42.9961,2.1058",Pylône tubulaire,15m,TDF,AJO,,30,,False,False
1761941,FREE MOBILE,LTE 800,LES PANSES (LES JARDINS) 30122 LES PLANTIERS,30198,"44.1161,3.7208",Pylône autostable,34m,TDF,AJO,,30|150,,False,False
1762053,FREE MOBILE,LTE 800,LE TRAVERS DU VERDIER (SERRE DE LA RHODES) 30125 SAUMANE,30310,"44.1086,3.7731",Pylône autostable,21m,TDF,AJO,,90|330,,False,False
1762529,FREE MOBILE,LTE 800,LE RAMAS (LE CABARET) 34610 ROSIS,34235,"43.6175,2.9994",Pylône autostable,30m,Conseil Départemental,AJO,,30|130|250,,False,False
1762550,FREE MOBILE,LTE 800,CHEMIN RURAL DU SAP (REYGOUX) 07310 ARCENS,07012,"44.8953,4.3222",Pylône autostable,"32,4m",Conseil Départemental,AJO,,15|270,,False,False
1763948,FREE MOBILE,LTE 800, (PAS DE CHOVET) 26190 LEONCEL,26163,"44.8981,5.2097",Pylône autostable,"22,3m",TDF,AJO,,220|320,,False,False
1763969,FREE MOBILE,LTE 800,LA BASTIDE (SOMMET DU BÈS) 48250 LAVEYRUNE,07136,"44.5986,3.91",Pylône autostable,"22,8m",TDF,AJO,,85|190|350,,False,False
1764048,FREE MOBILE,LTE 800, (LES BRUGES) 11190 ARQUES,11015,"42.955,2.3603",Pylône autostable,25m,TDF,AJO,,100|250,,False,False
1766847,FREE MOBILE,LTE 800,ROUTE DE VIGNALELLA D 265 (MAGGIOLO) 02000 BRAYE EN LAONNOIS,2A115,"41.6283,9.0675",Pylône autostable,"35,4m",HIVORY,AJO,,30|170|300,,False,False
1770377,FREE MOBILE,LTE 800, (CANTELOUP) 33840 GOUALADE,33190,"44.3058,-0.1297",Château d'eau - réservoir,"42,6m","Syndicat des eaux, Adduction",AJO,,70|190|320,,False,False
1772320,FREE MOBILE,LTE 800,D19 (CHAMP PETOT) 21440 POISEUL LA GRANGE,21489,"47.5719,4.8025",Pylône autostable,"20,3m",ORANGE,AJO,,20,,False,False
1772522,FREE MOBILE,LTE 800,D135 (BERAUX) 26470 CHALANCON,26067,"44.4975,5.3617",Pylône autostable,23m,TDF,AJO,,120|310,,False,False
1774984,FREE MOBILE,LTE 800,CHEMIN DE LA PALE (LES MAILLICHES) 09140 SEIX,09285,"42.7961,1.1853",Pylône autostable,24m,ORANGE,AJO,,30|180,,True,False
1776540,FREE MOBILE,LTE 800,STATION TDF (PORTE D'URLE ) 26190 BOUVANTE,26059,"44.8925,5.3183",Pylône autostable,20m,TDF,AJO,,30|195,,False,False
1779203,FREE MOBILE,LTE 800,ROUTE D 170 (BRACHET) 11580 TERROLES,11389,"42.9847,2.3383",Bâtiment,"12,5m","Commune, communauté de commune",AJO,,100|220|340,,False,False
1779278,FREE MOBILE,LTE 800,CHEMIN DU RELAIS 11230 COURTAULY,11107,"43.0372,2.0394",Pylône autostable,19m,TDF,AJO,,70,,False,False
1779483,FREE MOBILE,LTE 800,RD 19 B (LA COMBE DE GRANCEY) 21580 AVOT,21041,"47.6225,5.0228",Pylône autostable,32m,Conseil Départemental,AJO,,100|240,,False,False
1780268,FREE MOBILE,LTE 800,ROUTE DE PONCEY D26 (COMBE ROBET) 21440 BLIGNY LE SEC,21085,"47.4481,4.7497",Pylône autostable,"18,4m",TOTEM,AJO,,30|240,,False,False
1780760,FREE MOBILE,LTE 800, (MERLY) 26400 EYGLUY ESCOULIN,26128,"44.7942,5.1939",Pylône autostable,17m,TDF,AJO,,60|175,,False,False
1780962,FREE MOBILE,LTE 800, (GRIMOLLE) 26220 COMPS,26101,"44.5647,5.115",Pylône autostable,21m,TOTEM,AJO,,30|150|270,,False,False
1781637,FREE MOBILE,LTE 800,C.R RÉSERVE DE MERINDOL LES OLIVIERS (LA LOUBATIERE) 26170 MERINDOL LES OLIVIERS,26180,"44.2817,5.1814",Pylône autostable,28m,Conseil Départemental,AJO,,95,,False,False
1781650,FREE MOBILE,LTE 800,LES AUBERTS (LA BEAUME) 26340 CHASTEL ARNAUD,26080,"44.6664,5.1961",Pylône autostable,20m,TDF,AJO,,90,,False,False
1781712,FREE MOBILE,LTE 800,RTE D437B (GROTTE DU BIEF PAROU) 25470 GOUMOIS,25280,"47.2653,6.9461",Pylône autostable,23m,Conseil Départemental,AJO,,30|150,,False,False
1784215,FREE MOBILE,LTE 800,CHEM FORESTIER DE LA COUME (LA COUME) 09800 BORDES UCHENTEIN,09062,"42.9025,1.0247",Pylône autostable,18m,"Commune, communauté de commune",AJO,,120,,True,False
1784369,FREE MOBILE,LTE 800,TOUR DE BIROS (COL DE MARTY) 09800 ANTRAS,09011,"42.8736,0.9372",Pylône autostable,20m,TDF,AJO,,170,,True,False
1784774,FREE MOBILE,LTE 800,LE CAYROL (SUC DE RUILHE) 12260 AMBEYRAC,12007,"44.4931,1.9283",Pylône autostable,"20,5m",Conseil Départemental,AJO,,90|270,,False,False
1788131,FREE MOBILE,LTE 800,CHEMIN DE LA CONDAMINE (HUERLIS) 26510 ST MAY,26318,"44.4208,5.3278",Pylône autostable,"14,4m",BOUYGUES,AJO,,120|300,,False,False
1788146,FREE MOBILE,"LTE 2100, 5G NR 700",RUE GAMBETTA (LA CROIX DE LAUNAYE) 37380 REUGNY,37194,"47.4858,0.8836",Pylône autostable,"35,5m",HIVORY,ALL,,40|170|270,,False,False
1788167,FREE MOBILE,LTE 800,INTERSECTION CHEMS RURAUX (LE FAGNAT-OUEST / CARBONNIÈRES) 24140 MONTAGNAC LA CREMPSE,24285,"44.9733,0.5553",Pylône autostable,38m,Conseil Départemental,AJO,,200|320,,False,False
1791433,FREE MOBILE,LTE 800, (LES TOUTOUS) 09220 AUZAT,09030,"42.7194,1.4469",Bâtiment,8m,ORANGE,AJO,,30|175,,True,False
1791789,FREE MOBILE,LTE 800,CHEM DE BELLOC (FERME DE LABORIE) 09600 BELLOC,09048,"43.0092,1.9378",Pylône autostable,"20,6m",HIVORY,AJO,,60|305,,False,False
1792628,FREE MOBILE,LTE 800,CROISEMENT D905 ET D119 (LE PATIS) 21350 UNCEY LE FRANC,21649,"47.3433,4.5794",Pylône autostable,"15,5m",Conseil Départemental,AJO,,90|210|310,,False,False
1792657,FREE MOBILE,LTE 800,VC N°6 DE LA CHAUME (LES CHAMP DU BOIS) 21520 LA CHAUME,21159,"47.8833,4.8389",Pylône autostable,26m,ORANGE,AJO,,140|230,,False,False
1793558,FREE MOBILE,LTE 800,1 R DU GRAND VIREY (SCI LE MOULIN HARAS EOL) 10210 COUSSEGREY,10112,"47.9456,4.0167",Pylône autostable,"32,5m",Conseil Départemental,AJO,,75|260|345,,False,False
1794450,FREE MOBILE,LTE 800, (MASSIÈRES) 12720 VEYREAU,12293,"44.1964,3.2689",Pylône autostable,24m,TDF,AJO,,40|270,,False,False
1794481,FREE MOBILE,LTE 800,CHEMIN DU VIERE (LE VILLAGE) 26560 BALLONS,26022,"44.2519,5.6411",Pylône autostable,"28,7m",TDF,AJO,,35|185,,False,False
1794521,FREE MOBILE,LTE 800, (LES GRAOUSSES) 31310 MONTBRUN BOCAGE,31365,"43.1364,1.26",Pylône autostable,38m,Conseil Départemental,AJO,,30|150|270,,False,False
1795022,FREE MOBILE,LTE 800,LA FOLIE 10360 CUNFIN,10119,"48.0328,4.6708",Pylône autostable,"34,3m",Conseil Départemental,AJO,,50,,False,False
1798844,FREE MOBILE,LTE 800,RUE DES CUNISSIERES (LE PLEIN CHAMP) 21410 BARBIREY SUR OUCHE,21045,"47.2536,4.7533",Bâtiment,14m,"Syndicat des eaux, Adduction",AJO,,90|260,,False,False
1800478,FREE MOBILE,LTE 800,D247 (PAILLARÈS-LA BATIE) 07310 LACHAPELLE SOUS CHANEAC,07123,"44.9464,4.3108",Pylône autostable,15m,TDF,AJO,,100,,False,False
1800553,FREE MOBILE,LTE 800,D113 (ESPERELLE) 30770 VISSEC,30353,"43.895,3.4519",Pylône autostable,18m,Conseil Départemental,AJO,,50|280,,False,False
1805483,FREE MOBILE,LTE 800,CESSAGNE VERTEGON STATION TDF (LES CESSAGNES) 26170 STE EUPHEMIE SUR OUVEZE,26303,"44.3031,5.3825",Pylône autostable,"28,4m",TDF,AJO,,115|270,,False,False
1806130,FREE MOBILE,LTE 800,CHEMIN DE LA CABIROLE À BREIGNE (LE SARRAT) 09000 LE BOSC,09063,"42.9406,1.4608",Pylône autostable,14m,TDF,AJO,,30|220,,True,False
1806136,FREE MOBILE,LTE 800,CHEM RURAL HANGAR AGRICOLE- ECORST (SOUS VIGNOT) 21150 HAUTEROCHE,21314,"47.4889,4.5717",Bâtiment,"14,3m",ORANGE,AJO,,30|160,,False,False
1806153,FREE MOBILE,LTE 800,CHEMIN LA PAYSSIÈRE (ST GUILHEM) 34150 PUECHABON,34221,"43.7319,3.56",Pylône autostable,25m,TDF,AJO,,20|220|300,,False,False
1811533,FREE MOBILE,LTE 800,HOP CORTE TATTONE DÉPARTEMENTAL D901 02360 GRANDRIEUX,2B354,"42.1556,9.1489",Pylône autostable,20m,TOTEM,AJO,,50|190,,False,False
1812946,FREE MOBILE,LTE 800,R DE L'EGLISE 21150 FROLOIS,21288,"47.5281,4.6311",Monument religieux,33m,"Commune, communauté de commune",AJO,,195|290,,False,False
1813034,FREE MOBILE,5G NR 700,PECH LA RODE 46120 ANGLARS,46004,"44.7303,1.8939",Pylône autostable,42m,CELLNEX,ALL,,10|130|240,,False,False
1814188,FREE MOBILE,LTE 800,CHEMIN DE LA CROIX FONTFREYDE (COL DE FONFREYDE) 07410 ST FELICIEN,07236,"45.0528,4.5678",Pylône autostable,15m,Conseil Départemental,AJO,,145|340,,False,False
1818500,FREE MOBILE,LTE 800,LE CHEMIN DE THÉNORGUES (PÊCHE LA CANNE) 08240 VERPEL,08470,"49.3922,4.9269",Pylône autostable,37m,SFR,AJO,,10|130|230,,False,False
1818583,FREE MOBILE,LTE 800,RUE DES FORETS (CAMP SAURE) 11230 PUIVERT,11303,"42.9058,2.0336",Pylône autostable,30m,TDF,AJO,,45|120|300,,False,False
1819095,FREE MOBILE,LTE 800, (LUCIDES) 30770 ALZON,30009,"43.9558,3.4331",Pylône autostable,20m,HIVORY,AJO,,20|140|260,,False,False
1820608,FREE MOBILE,LTE 800,QUARTIER DES BICOTS (LES BICOTS) 30460 COLOGNAC,30087,"44.0325,3.8164",Pylône autostable,30m,Conseil Départemental,AJO,,130|350,,False,False
1824415,FREE MOBILE,LTE 800,CIMETIÈRE (LE VILLAGE) 26310 JONCHERES,26152,"44.5725,5.4058",Pylône autostable,17m,TDF,AJO,,80|220|310,,False,False
1826309,FREE MOBILE,LTE 800,BOIS DE SOIRU (LES CENSES) 08160 FLIZE,08173,"49.6706,4.7633",Mât béton,17m,TDF,AJO,,220,,False,False
1828772,FREE MOBILE,LTE 800,L' EGLISE 31110 PORTET DE LUCHON,31432,"42.8142,0.4864",Pylône autostable,"16,4m",TDF,AJO,,10|170,,False,False
1832697,FREE MOBILE,"LTE 2100, 5G NR 700", (LE SERT) 38770 LA MOTTE ST MARTIN,38266,"44.9631,5.7081",Pylône autostable,21m,ATC FRANCE,ALL,,130|240,,False,False
1835544,FREE MOBILE,LTE 800,CHEMIN DES BOIS (PLANES ET SERVIERS) 30210 VALLIGUIERES,30340,"43.9983,4.5772",Pylône autostable,14m,HIVORY,AJO,,10|180,,False,False
1843801,FREE MOBILE,LTE 800,RD 115 (BOIS DE LA FAYE) 21700 VILLERS LA FAYE,21698,"47.115,4.8706",Pylône autostable,30m,ORANGE,AJO,,145|300,,False,False
1843975,FREE MOBILE,5G NR 700,STADE MOREAU DEFARGES BOULEVARD GUY DE CHAMPSAVIN 44500 LA BAULE ESCOUBLAC,44055,"47.2822,-2.4242",Pylône tubulaire,36m,BOUYGUES,AJA,,0|120|240,,False,False
1861837,FREE MOBILE,LTE 800,1 CHEMIN DU ROI 14690 PONT D OUILLY,14764,"48.8744,-0.4069",Pylône autostable,16m,SFR,AJO,,0|240,,False,False
1863128,FREE MOBILE,LTE 700,DÉPARTEMENTALE PISTE (CHAPELLE ST JACQUES) 04400 UVERNET FOURS,04226,"44.32,6.6864",Pylône tubulaire,28m,CELLNEX,AAV,,110|255,,False,False
1868775,FREE MOBILE,UMTS 900,LA ÇA CANELLE (TUNNEL DE TENDE) 06430 TENDE,06163,"44.1386,7.5703",Mât,2m,ORANGE,AJA,,185,,False,False
1868775,FREE MOBILE,LTE 800,LA ÇA CANELLE (TUNNEL DE TENDE) 06430 TENDE,06163,"44.1386,7.5703",Mât,2m,ORANGE,AJO,,185,,False,False
1868796,FREE MOBILE,UMTS 900,LA ÇA CANELLE (TUNNEL DE TENDE) 06430 TENDE,06163,"44.1389,7.5706",Tunnel,7m,"Commune, communauté de commune",AJA,,0,,False,False
1868796,FREE MOBILE,LTE 800,LA ÇA CANELLE (TUNNEL DE TENDE) 06430 TENDE,06163,"44.1389,7.5706",Tunnel,7m,"Commune, communauté de commune",AJO,,0,,False,False
1879525,FREE MOBILE,LTE 800, (BOIS DE SALLES) 47370 THEZAC,47307,"44.4264,1.0347",Pylône autostable,"37,5m",Conseil Départemental,AJO,,120|210|300,,True,False
1882380,FREE MOBILE,5G NR 700,80 84 AVENUE DE LA REPUBLIQUE RESIDENCE ARPEJ CARMEN CARON 93300 AUBERVILLIERS,93001,"48.9081,2.3872",Immeuble,"30,8m","Copropriété, Syndic, SCI",AJA,,0|120|240,,False,False
1887350,FREE MOBILE,"LTE 2100, 5G NR 700",ROUTE DEPARTEMENTALE 82 (FIEF SEGUIN) 60490 RESSONS SUR MATZ,60533,"49.5236,2.7139",Pylône autostable,"45,8m",TDF,ALL,,40|170|270,,False,False
1894879,FREE MOBILE,5G NR 3500,94 RUE ALEXANDRE FLEMING 54700 PONT A MOUSSON,54431,"48.9086,6.0422",Immeuble,"18,4m",Société HLM,ALL,,40|130|220,,False,False
1896247,FREE MOBILE,LTE 800, (MONTIFAUT) 89580 COULANGES LA VINEUSE,89118,"47.6964,3.5661",Pylône autostable,42m,"Commune, communauté de commune",AJO,,70|250|340,,True,False
1899944,FREE MOBILE,LTE 800,CHEM RURAL DIT DES DOIRS (LE POIRIER SAINT GIBRIN) 54470 BOUILLONVILLE,54087,"48.9394,5.8492",Pylône autostable,37m,Conseil Départemental,AJO,,90|220|320,,True,False
1902024,FREE MOBILE,5G NR 700,13 ROUTE STRATEGIQUE 94270 LE KREMLIN BICETRE,94043,"48.8078,2.3528",Immeuble,"26,5m",Société HLM,AJA,,0|150|270,,False,False
1903346,FREE MOBILE,5G NR 700,1 RUE DUNOYER DE SEGONZAC 92160 ANTONY,92002,"48.7467,2.3153",Immeuble,"57,5m",Société HLM,AJA,,0|120|240,,False,False
1908435,FREE MOBILE,LTE 800,CD 160 (LA CAMP DE ST MARTIN) 15310 ST CERNIN,15175,"45.0456,2.4253",Pylône autostable,39m,TDF,AJO,,0|150|250,,True,False
1909769,FREE MOBILE,5G NR 700,2 BD DU LEVANT HOTEL MERCURE 93160 NOISY LE GRAND,93051,"48.8403,2.5492",Immeuble,"30,1m",Société Privée,AJA,,20|130|230,,False,False
1914204,FREE MOBILE,LTE 800,CHE RURAL DE MALVIÈS À ST-MARTIN (CAMP DE MOURAU) 11300 ST MARTIN DE VILLEREGLAN,11355,"43.1067,2.2058",Pylône autostable,31m,FREE-MOBILE,AJO,,80|190|290,,True,False
1914717,FREE MOBILE,5G NR 700,ZONE ACTIVITES SAINTE GENNEVIEVE (LES PIECES DES LANDES) 49600 BEAUPREAU EN MAUGES,49023,"47.1825,-1.1275",Pylône autostable,"30,7m",TDF,AJA,,110|240|350,,False,False
1914912,FREE MOBILE,LTE 800,D 626A PIC DEL CASTEL (LA FONTASSE) 09130 VILLENEUVE DU LATOU,09338,"43.2067,1.4325",Pylône autostable,"30,6m",Conseil Départemental,AJO,,60|180|310,,True,False
1947280,FREE MOBILE,LTE 800, (LES PICARELLES) 11270 GENERVILLE,11162,"43.2106,1.9492",Pylône autostable,35m,SYADEN,AJO,,40|170|280,,True,False
1947282,FREE MOBILE,LTE 800, (LE SOULEILLA DES LAS FILLOS) 11420 PECHARIC ET LE PY,11277,"43.1931,1.8386",Pylône autostable,30m,SYADEN,AJO,,110|205|265,,True,False
1947284,FREE MOBILE,LTE 800, (LES COUMELS) 11270 GAJA LA SELVE,11159,"43.1953,1.8725",Pylône autostable,35m,Conseil Départemental,AJO,,90|155|240,,True,False
1956389,FREE MOBILE,LTE 2100,PLACE DE L'ABBE FRANCES RUE DU CHÂTEAU 65100 POUEYFERRE,65366,"43.1197,-0.0769",Monument religieux,"33,6m","Commune, communauté de commune",ALL,,30|120|210|300,,False,False
1960576,FREE MOBILE,5G NR 700,RUE DE LA SCIERIE (KREUZFELD) 68480 RAEDERSDORF,68259,"47.4728,7.3628",Pylône autostable,"21,3m",TDF,AJA,,30|120|270,,False,False
1978763,FREE MOBILE,LTE 800,CHEMIN INTERSECTION RUE DES ECOLES VILLAGE (VOIE DE CHENOIT) 54620 BASLIEUX,54049,"49.4331,5.7664",Pylône autostable,37m,FREE-MOBILE,AJO,,40|160|290,,True,False
1986992,FREE MOBILE,5G NR 700,LES COMBARS 69870 GRANDRIS,69093,"46.03,4.4828",Pylône autostable,20m,TDF,AJA,,20|140|280,,False,False
2029709,FREE MOBILE,"LTE 2100, 5G NR 700",LANDE DES NOES HUE 22270 JUGON LES LACS,22084,"48.4283,-2.3",Pylône autostable,43m,CELLNEX,ALL,,0|150|250,,False,False
2041343,FREE MOBILE,LTE 800,CHEMIN RURAL N°13 DIT DE SOUBAY (SOUBAY) 32300 L ISLE DE NOE,32159,"43.5967,0.4342",Pylône autostable,35m,ORANGE,AJO,,10|120|240,,True,False
2057401,FREE MOBILE,LTE 800,LOU PLO LACOSTE CHEM PRÈS D14 (PLATEAU DE VALENCE) 15170 PEYRUSSE,15151,"45.2042,3.0325",Pylône autostable,40m,Conseil Départemental,AJO,,30|140|270,,True,False
2057587,FREE MOBILE,5G NR 700,ROUTE DE POUDURE D90A 63970 AYDAT,63026,"45.66,2.9797",Pylône autostable,30m,TDF,AJA,,55|225|315,,False,False
2087257,FREE MOBILE,LTE 800,D3 - POUMADÉ (LA COSTE) 09230 BEDEILLE,09046,"43.0892,1.1197",Pylône autostable,30m,TOTEM,AJO,,10|130,,True,False
2091354,FREE MOBILE,,24 RUE DU COMMERCE ZI DE RAMMEL PLATZ 67116 REICHSTETT,67389,"48.6417,7.7636",Pylône autostable,32m,ON TOWER FRANCE,CHA,24 RUE DU COMMERCE ZI DE RAMMEL PLATZ,,,False,False
2100288,FREE MOBILE,LTE 800,LE REPLAT (LE REPLAT) 71220 SIVIGNON,71524,"46.4289,4.4958",Pylône autostable,"31,8m",ON TOWER FRANCE,AJO,,30|140|280,,True,False
2103492,FREE MOBILE,LTE 800,CHEMIN D'EXPLOITATION N°11 DU CHAMP POTINOT (EN CREVET) 10140 BRIEL SUR BARSE,10062,"48.2089,4.3494",Pylône autostable,"30,4m",ATC FRANCE,AJO,,90|230,,False,False
2103494,FREE MOBILE,LTE 800,RUE DE LA BONNE FONTAINE 10200 BERGERES,10039,"48.1842,4.6681",Pylône autostable,"24,4m",ATC FRANCE,AJO,,10|210|290,,True,False
2103500,FREE MOBILE,LTE 800, (LES ENVERS) 10200 FRAVAUX,10160,"48.2353,4.6381",Pylône autostable,"24,4m",ATC FRANCE,AJO,,0,,True,False
2103724,FREE MOBILE,LTE 800,CHEMIN RURAL INTERSECTION AVEC CR DIT VOIE DE MAROLLES LES BAILLY (MARGUERONNE) 10140 VILLY EN TRODES,10433,"48.2036,4.3786",Pylône autostable,"30,4m",ATC FRANCE,AJO,,90|175,,True,False
2114213,FREE MOBILE,LTE 800,RUE DES TULIPERS D137 19510 MEILHARDS,19131,"45.5625,1.6489",Pylône autostable,40m,SFR,AJO,,50|140|260,,True,False
2117133,FREE MOBILE,5G NR 700,ROUTE DE PUJO (COUCHOUA) 40190 VILLENEUVE DE MARSAN,40331,"43.8775,-0.3208",Pylône autostable,45m,TDF,AJA,,25|160|280,,False,False
2119046,FREE MOBILE,5G NR 3500,AVENUE FRANKLIN ROOSEVELT RUE DU BAC 77260 SEPT SORTS,77448,"48.9464,3.0983",Château d'eau - réservoir,"27,3m","Commune, communauté de commune",ALL,,25|150|260,,False,False
2121334,FREE MOBILE,LTE 800, (4 LA FORGE) 09110 ORLU,09220,"42.6881,1.9156",Pylône tubulaire,12m,TOTEM,AJO,,100|290,,True,False
2121336,FREE MOBILE,LTE 800, (VERMEILLE) 11260 VAL DU FABY,11131,"42.9381,2.1378",Pylône autostable,24m,TOTEM,AJO,,0|100|260,,True,False
2121338,FREE MOBILE,LTE 800, (SOULAS DE LAS ARTIGUES) 11500 COUDONS,11101,"42.8711,2.1064",Pylône autostable,15m,TOTEM,AJO,,45|270,,True,False
2121351,FREE MOBILE,LTE 800,RUE DES FAYEUX TERRAIN COTÉ NRA 25160 MALPAS,25362,"46.8361,6.2908",Pylône autostable,30m,ATC FRANCE,AJO,,55|200|310,,True,False
2122815,FREE MOBILE,LTE 2100,LE MOULIN AUX CORNEILLES 62340 GUINES,62397,"50.8483,1.8575",Pylône tubulaire,"32,2m",ON TOWER FRANCE,ALL,,110|320,,False,False
2129556,FREE MOBILE,LTE 800, (LE SOURBIER) 26410 CHATILLON EN DIOIS,26086,"44.73,5.5422",Pylône autostable,25m,Conseil Régional,AJO,,55|225|335,,True,False
2140549,FREE MOBILE,LTE 800,19 ROUTE DU VAL 25110 CUSANCE,25183,"47.3242,6.4383",Bâtiment,13m,Particulier,AJO,,20|125|260,,False,False
2140611,FREE MOBILE,LTE 800, (ENGUILLON) 32360 LAVARDENS,32204,"43.7756,0.5122",Château d'eau - réservoir,"25,5m","Syndicat des eaux, Adduction",AJO,,30|150|270,,True,False
2144316,FREE MOBILE,LTE 800, (LE FOUR À CHAUX) 12490 MONTJAUX,12153,"44.09,2.9019",Pylône autostable,36m,ATC FRANCE,AJO,,50|140|310,,True,False
2150522,FREE MOBILE,LTE 800,IMPASSE JACQUET (JACQUET) 64130 ARRAST LARREBIEU,64050,"43.3014,-0.8275",Pylône autostable,38m,ON TOWER FRANCE,AJO,,0|120|240,,True,False
2153804,FREE MOBILE,LTE 800, (LA MÉTAIRIE) 29690 BOTMEUR,29013,"48.3856,-3.9142",Pylône autostable,"32,5m",BOUYGUES,AJO,,0|120|240,,True,False
2154040,FREE MOBILE,LTE 800, (LE BOURLAND) 24530 BRANTOME EN PERIGORD,24064,"45.3136,0.6394",Château d'eau - réservoir,39m,"Commune, communauté de commune",AJO,,80|200|320,,True,False
2154469,FREE MOBILE,LTE 800,VOIE COMMUNALE N°5 (ROUCAYLADE) 12290 TREMOUILLES,12283,"44.2497,2.6464",Pylône autostable,36m,ATC FRANCE,AJO,,40|150|270,,True,False
2155035,FREE MOBILE,LTE 800, (GRANGENEUVE) 33220 LES LEVES ET THOUMEYRAGUES,33242,"44.7886,0.1661",Pylône autostable,30m,ATC FRANCE,AJO,,30|150|270,,True,False
2156159,FREE MOBILE,5G NR 700,42 R DE L'ÉGALITÉ 92700 COLOMBES,92025,"48.9233,2.2411",Immeuble,27m,Société HLM,AJA,,80|240,,False,False
2159765,FREE MOBILE,LTE 800, (A LENCLOS) 32700 MARSOLAN,32239,"43.9417,0.5464",Pylône autostable,"24,2m",ATC FRANCE,AJO,,30|150|270,,True,False
2160421,FREE MOBILE,LTE 800,RUE DU SABOTIER - D40 (PUY MONT) 23200 NEOUX,23142,"45.9189,2.2625",Pylône autostable,38m,"Commune, communauté de commune",AJO,,0|120|240,,True,False
2161759,FREE MOBILE,LTE 800, (PEU DE CHATEAU) 23460 ST MARTIN CHATEAU,23216,"45.8519,1.7975",Pylône autostable,48m,"Commune, communauté de commune",AJO,,55|215|340,,True,False
2165606,FREE MOBILE,LTE 800,RTE DE SUCHAUX TERRAIN COMMUNAL - D27 25580 ECHEVANNES,25211,"47.0717,6.2356",Pylône autostable,30m,ATC FRANCE,AJO,,30|310,,True,False
2165889,FREE MOBILE,LTE 800,RESERVOIRE D'EAU (QUELEDERN) 29410 ST THEGONNEC LOC EGUINER,29266,"48.4594,-3.9633",Pylône autostable,32m,BOUYGUES,AJO,,90|210|330,,True,False
2168743,FREE MOBILE,LTE 800,D139 (LA VERGNE) 33580 ST FERME,33400,"44.7017,0.0658",Pylône autostable,24m,TOTEM,AJO,,110|230|350,,True,False
2169991,FREE MOBILE,LTE 800,LES BELVÉDÈRES DE BLANDAS CIRQUE DE NAVACELLES (PIET LAT ) 30770 BLANDAS,30040,"43.9036,3.5131",Pylône autostable,12m,ATC FRANCE,AJO,,100|270,,True,False
2169993,FREE MOBILE,LTE 800,D110 (LA RULADE) 30440 ST LAURENT LE MINIER,30280,"43.9344,3.6533",Pylône autostable,15m,ORANGE,AJO,,150|250,,True,False
2172402,FREE MOBILE,LTE 800,RESERVOIR (CIABANNAL) 06420 ILONSE,06072,"44.0322,7.0964",Pylône autostable,20m,BOUYGUES,AJO,,90|180,,False,False
2172955,FREE MOBILE,LTE 800,CHATEAU D'EAU DE LAVASTRIE 15260 NEUVEGLISE SUR TRUYERE,15142,"44.9417,3.0417",Château d'eau - réservoir,22m,"Commune, communauté de commune",AJO,,10|180,,True,False
2173910,FREE MOBILE,LTE 800, (LE PUECH HAUT) 12160 GRAMOND,12113,"44.2772,2.3458",Pylône autostable,36m,TDF,AJO,,60|160|260,,True,False
2174736,FREE MOBILE,LTE 800,DÉPARTEMENTALE N°8 DE CAHORS À THIVIERS (LES PILES HAUTES) 24420 ANTONNE ET TRIGONANT,24011,"45.2478,0.8064",Pylône autostable,30m,TOTEM,AJO,,30|270,,True,False
2179457,FREE MOBILE,5G NR 700,3 RUE DU CAPITAINE DUBOIS (AU CHAINOY) 25150 PONT DE ROIDE VERMONDANS,25463,"47.3903,6.7522",Pylône autostable,24m,TDF,AJA,,110|250,,False,False
2181781,FREE MOBILE,LTE 800,CHEMIN DE CHAMPS NOLOT (CHAMPS BREBIS) 25340 FONTAINE LES CLERVAL,25246,"47.4197,6.4636",Pylône autostable,36m,SFR,AJO,,70|150|270,,True,False
2185751,FREE MOBILE,LTE 800, (LE BOUSQUET REDOUN) 09400 MIGLOS,09192,"42.8031,1.5922",Pylône autostable,19m,TDF,AJO,,210|330,,True,False
2186443,FREE MOBILE,LTE 800,PROCHE CIMETIÈRE (FRAULEIX) 23000 PEYRABOUT,23150,"46.1106,1.9089",Pylône autostable,38m,Particulier,AJO,,40|155|250,,True,False
2186569,FREE MOBILE,5G NR 700, (CHAMP DU PEU) 42800 STE CROIX EN JAREZ,42210,"45.4889,4.6461",Pylône autostable,30m,TDF,AJA,,60|180|300,,False,False
2186988,FREE MOBILE,LTE 800, (LE BOURG) 23700 LES MARS,23123,"45.9842,2.4833",Pylône autostable,30m,"Commune, communauté de commune",AJO,,45|145|250,,True,False
2187599,FREE MOBILE,LTE 800,ROUTE DU LAC (LES PETITS CHAMPS DE LA CHAUME) 16460 VENTOUSE,16396,"45.9214,0.3411",Pylône autostable,30m,SFR,AJO,,80|155|225,,True,False
2187656,FREE MOBILE,LTE 800,RTE DU CHER 23700 CHARD,23053,"45.9439,2.4889",Pylône autostable,42m,"Commune, communauté de commune",AJO,,30|205|300,,True,False
2187847,FREE MOBILE,LTE 800,ROUTE DE CAZERES D6 (RUFFARDE) 31220 LE PLAN,31425,"43.1742,1.1147",Pylône autostable,30m,ATC FRANCE,AJO,,10|140|240,,True,False
2187953,FREE MOBILE,LTE 800, (NAVES D'AUBRAC) 12130 ST GENIEZ D OLT ET D AUBRAC,12224,"44.5044,3.0325",Pylône autostable,40m,"Commune, communauté de commune",AJO,,60|230|330,,True,False
2187964,FREE MOBILE,LTE 800, (LES BETOULLIERES) 23320 ST SILVAIN MONTAIGUT,23242,"46.1406,1.7511",Pylône autostable,48m,"Commune, communauté de commune",AJO,,0|120|240,,True,False
2190657,FREE MOBILE,LTE 800,R DES BRUYERES (A COTE DU CHATEAU D'EAU) 10130 LES CROUTES,10118,"47.9911,3.8619",Pylône autostable,"31,3m",BOUYGUES,AJO,,30|170|290,,True,False
2190659,FREE MOBILE,LTE 800,RTE DES CROUTES 10130 COURTAOULT,10108,"48.0183,3.8733",Pylône autostable,"39,2m","Commune, communauté de commune",AJO,,100|190|310,,True,False
2190661,FREE MOBILE,LTE 800,LIEU-DIT LES CHAUMES (LES CHAUMES) 23110 SANNAT,23167,"46.1211,2.4311",Pylône autostable,42m,"Commune, communauté de commune",AJO,,30|150|260,,True,False
2195912,FREE MOBILE,LTE 800,7 RUE DE CHENAUX STATION D'EPURATION 25330 FLAGEY,25241,"47.0392,6.1217",Pylône autostable,25m,SFR,AJO,,30|125|270,,True,False
2196005,FREE MOBILE,LTE 800,CHEM RURAL (FAUGES) 15260 NEUVEGLISE SUR TRUYERE,15142,"44.925,3.0686",Pylône autostable,10m,ATC FRANCE,AJO,,80|190|280,,True,False
2197053,FREE MOBILE,LTE 800,CHEMIN D'EPLOITATION N°9 (LES ESSARTS) 10500 HAMPIGNY,10171,"48.4617,4.5797",Pylône autostable,45m,SFR,AJO,,0|120|240,,True,False
2197571,FREE MOBILE,LTE 800,CHEMIN D'EXPLOITATION N°20 DIT DES GRUATTES (LES GRUATTES) 10240 LONGSOLS,10206,"48.4264,4.2944",Pylône autostable,30m,SFR,AJO,,80|210|330,,True,False
2197573,FREE MOBILE,LTE 800,C.R N° 28 DIT DU MOULIN (LE BAS DU MOULIN) 10220 ROUILLY SACEY,10328,"48.3431,4.2689",Pylône autostable,25m,SFR,AJO,,50|200|310,,True,False
2197577,FREE MOBILE,LTE 800,C.R  N°6 DIT DU MARAIS (MALTETE) 10240 MAGNICOURT,10214,"48.4544,4.3808",Pylône autostable,40m,SFR,AJO,,150|240|320,,True,False
2198511,FREE MOBILE,LTE 800,D40 À CÔTÉ DU STADE (LA BASTIDE) 15100 ALLEUZE,15002,"44.9475,3.09",Pylône arbre,25m,Conseil Régional,AJO,,10|130|220,,True,False
2199588,FREE MOBILE,LTE 800,C.R N°27 DIT VOIE DES DEUX JUSTICES (LE GROS CHEMIN) 10280 RILLY STE SYRE,10320,"48.4467,3.9592",Pylône autostable,25m,SFR,AJO,,80|190|340,,True,False
2200773,FREE MOBILE,LTE 800,D7A (LA FOUNT DE NOUVELLE) 09500 ST JULIEN DE GRAS CAPOU,09266,"43.0431,1.8642",Pylône autostable,30m,TDF,AJO,,40|200|300,,True,False
2200775,FREE MOBILE,LTE 800,49 RUE PRADET (PRADET) 09300 SAUTEL,09281,"42.9714,1.8172",Pylône autostable,36m,TDF,AJO,,0|100|260,,True,False
2203753,FREE MOBILE,LTE 800,LES GINESTES 12130 ST GENIEZ D OLT ET D AUBRAC,12224,"44.5225,3.0633",Pylône autostable,"40,2m",BOUYGUES,AJO,,110|230|350,,True,False
2203755,FREE MOBILE,LTE 800, (LE SUC - LES CARTEYROUX) 12130 ST GENIEZ D OLT ET D AUBRAC,12224,"44.555,3.0389",Pylône autostable,36m,BOUYGUES,AJO,,35|100|315,,True,False
2203757,FREE MOBILE,LTE 800,2 R DU JARDELET 10130 RACINES,10312,"48.0439,3.8461",Pylône autostable,30m,"Commune, communauté de commune",AJO,,100|220|350,,True,False
2203759,FREE MOBILE,LTE 800, (CHIPERDRY) 10340 AVIREY LINGEY,10022,"48.0364,4.3",Pylône autostable,"36,7m","Commune, communauté de commune",AJO,,140|235|340,,True,False
2204112,FREE MOBILE,5G NR 700,ALLEE CLOVIS 93160 NOISY LE GRAND,93051,"48.8467,2.5447",Bâtiment,"17,8m",Société HLM,AJA,,30|160|270,,False,False
2207215,FREE MOBILE,LTE 800, (LES FAISSES) 12100 ST GEORGES DE LUZENCON,12225,"44.0417,3.0119",Pylône autostable,24m,TDF,AJO,,80|340,,True,False
2208480,FREE MOBILE,LTE 800,GARAUD ROUTE DES GASCOUS 11420 VILLAUTOU,11419,"43.1558,1.8392",Pylône autostable,32m,ON TOWER FRANCE,AJO,,110|210|300,,True,False
2209020,FREE MOBILE,LTE 800,D 172 C.R N° 55 (AUX RABALLARDS) 16450 PARZAC,16255,"45.9272,0.42",Pylône autostable,30m,SFR,AJO,,95|175|255,,True,False
2210055,FREE MOBILE,LTE 800,CHATEAU D'EAU - D26 (LE CHAULSEIN) 23350 LA CELLETTE,23041,"46.4294,2.0056",Château d'eau - réservoir,"24,8m","Syndicat des eaux, Adduction",AJO,,70|170|330,,True,False
2210114,FREE MOBILE,LTE 800,ROUTE D'ANGLARDS 15100 ANGLARDS DE ST FLOUR,15005,"44.9786,3.16",Pylône autostable,24m,Conseil Régional,AJO,,200|300,,True,False
2211483,TELCO OI,"LTE 2100, LTE 2600, 5G NR 700, 5G NR 3500",12 IMPASSE DES TAMARINIERS 97438 STE MARIE,97418,"-20.8992,55.5461",Mât béton,18m,Telco OI,ART,,115|220|320,,False,False
2212183,FREE MOBILE,LTE 800,DÉPARTEMENTALE D809 (LES VOLTES) 26770 ALEYRAC,26003,"44.4972,4.9456",Pylône autostable,"38,3m",BOUYGUES,AJO,,50|230|320,,True,False
2212539,FREE MOBILE,LTE 800,ROUTE DE DONNEZAC (LES CHAMPS DE BOUREAU) 17130 CORIGNAC,17118,"45.2467,-0.3933",Pylône autostable,30m,ATC FRANCE,AJO,,50|170|290,,True,False
2213170,FREE MOBILE,LTE 800,R DU PAQUIS (LES MARIOTTES) 25340 ABBENANS,25003,"47.5036,6.4406",Pylône autostable,"38,3m",BOUYGUES,AJO,,120|250|350,,True,False
2213348,FREE MOBILE,LTE 800,LES TRAVERS DE CLAUZELS 15320 CLAVIERES,15051,"45.0094,3.3244",Pylône autostable,30m,Conseil Régional,AJO,,60|150,,True,False
2217189,FREE MOBILE,LTE 800,RD134 (BOIS DE PEUGEAY) 17130 SOUSMOULINS,17433,"45.3108,-0.3231",Pylône autostable,36m,ATC FRANCE,AJO,,30|150|270,,True,False
2217331,FREE MOBILE,LTE 800,ROUTE DE LA CHAUMÉANE DÉPARTEMENTALE 749 (PERYS) 26120 COMBOVIN,26100,"44.8461,5.1222",Pylône autostable,18m,TOTEM,AJO,,30|240,,True,False
2217708,FREE MOBILE,LTE 800,CHEMIN RURAL (PUIROMBERT) 24350 GRAND BRASSAC,24200,"45.2947,0.47",Pylône autostable,30m,SFR,AJO,,0|90|250,,True,False
2219456,FREE MOBILE,LTE 800,D 160 (LES BARRES) 16150 PRESSIGNAC,16270,"45.8069,0.7075",Pylône autostable,45m,SFR,AJO,,0|120|240,,True,False
2219824,FREE MOBILE,LTE 800,LES CHASSAGNOGUES CHE RURAL N°26 (LA FAGE) 15240 LA MONSELIE,15128,"45.3128,2.5436",Pylône autostable,30m,ATC FRANCE,AJO,,30|210|310,,True,False
2219828,FREE MOBILE,LTE 800, (REDON) 24590 BORREZE,24050,"44.9906,1.3986",Pylône autostable,30m,ATC FRANCE,AJO,,20|140|260,,True,False
2221068,FREE MOBILE,LTE 800,DÉPARTEMENTALE 144 (L'EGLISE) 28200 CONIE MOLITARD,28106,"48.1142,1.4458",Château d'eau - réservoir,35m,"Commune, communauté de commune",AJO,,40|130|240,,True,False
2221682,FREE MOBILE,LTE 800,LE BOURG PRES DU CHATEAU D'EAU (LA CÔTE) 23270 ST DIZIER LES DOMAINES,23188,"46.3142,2.0461",Pylône autostable,"34,5m",BOUYGUES,AJO,,35|105|300,,True,False
2221684,FREE MOBILE,LTE 800,R LA FLORENTINE 24300 JAVERLHAC ET LA CHAPELLE ST ROBERT,24214,"45.5675,0.5672",Pylône autostable,"46,2m",BOUYGUES,AJO,,70|190|310,,True,False
2222847,FREE MOBILE,LTE 800,PRAT DE BOUC (LOU POUZE) 15300 ALBEPIERRE BREDONS,15025,"45.0497,2.7894",Pylône autostable,12m,Conseil Régional,AJO,,45|310,,True,False
2223565,FREE MOBILE,LTE 800,VOIE DU MOULIN DE L'HUILE AU CHAIX (TERRIER DU BOIS DES COUTS) 17210 CHATENET,17095,"45.2947,-0.2722",Pylône autostable,36m,ATC FRANCE,AJO,,160|280,,True,False
2223569,FREE MOBILE,LTE 800,D 48 STADE MUNICIPAL (LA FORET DE LA NOTTE) 23360 LOURDOUEIX ST PIERRE,23112,"46.3994,1.8194",Pylône autostable,30m,ATC FRANCE,AJO,,0|120|240,,True,False
2224181,FREE MOBILE,LTE 800,MAIRIE  D 224E1 (RENFERMIS AU SEUIL) 17510 VINAX,17478,"46.0336,-0.2103",Pylône autostable,"24,2m",ATC FRANCE,AJO,,90|200|300,,True,False
2224511,FREE MOBILE,LTE 800, (CHANTE OISEAU) 17470 ST MANDE SUR BREDOIRE,17358,"46.0197,-0.2911",Pylône autostable,30m,ATC FRANCE,AJO,,60|190|300,,True,False
2225608,FREE MOBILE,LTE 2100,2 RUE JEAN MERMOZ 75008 PARIS 08,75108,"48.8697,2.3108",Bâtiment,"34,5m","Copropriété, Syndic, SCI",ALL,,340,,False,False
2225978,FREE MOBILE,LTE 800,RAVAILLAT 23130 ST DIZIER LA TOUR,23187,"46.1464,2.1408",Pylône autostable,"46,2m",BOUYGUES,AJO,,100|190|340,,True,False
2226531,FREE MOBILE,LTE 800,C.D N°47 DE FONTERS DU RAZES A BELPECH D47 11270 ST AMANS,11331,"43.2231,1.8742",Pylône autostable,30m,SFR,AJO,,20|100|255,,True,False
2227145,FREE MOBILE,LTE 800,RD 7A (PLANOL DE LA  CROIX) 09600 LIMBRASSAC,09169,"43.0214,1.8511",Pylône autostable,36m,TDF,AJO,,120|230|330,,True,False
2227194,FREE MOBILE,LTE 800, (ENCRABÈRE) 32380 PESSOULENS,32313,"43.8467,0.8881",Pylône autostable,30m,ATC FRANCE,AJO,,90|210|330,,True,False
2227601,FREE MOBILE,LTE 800,C.D N°3 DE BAR SUR SEINE A TONNERRE D3 10210 CHESLEY,10098,"47.9664,4.0942",Pylône autostable,"45,4m",SFR,AJO,,40|230|315,,True,False
2228017,FREE MOBILE,LTE 800,RUE D'UNIENVILLE D46 10140 JESSAINS,10178,"48.3011,4.5744",Pylône autostable,42m,SFR,AJO,,60|170|330,,True,False
2228375,FREE MOBILE,LTE 800,RUE DES PRES LE DEVANT D800 10320 LONGEVILLE SUR MOGNE,10204,"48.1486,4.0625",Pylône autostable,35m,SFR,AJO,,20|150|240,,True,False
2228423,FREE MOBILE,LTE 800, (KERNEVEZ) 29460 HANVEC,29078,"48.3333,-4.1036",Pylône autostable,30m,BOUYGUES,AJO,,110|210|310,,True,False
2229214,FREE MOBILE,LTE 800,CHEMIN DIT DU MOULIN A VENT D79 (MOULIN A VENT) 10140 LONGPRE LE SEC,10205,"48.1922,4.5172",Pylône autostable,42m,SFR,AJO,,50|151|318,,True,False
2229941,FREE MOBILE,LTE 800,C.R DIT DE LA COTE ST JEAN (COTE ST JEAN) 10500 DIENVILLE,10123,"48.3553,4.525",Pylône autostable,30m,SFR,AJO,,90|180|270,,True,False
2229980,FREE MOBILE,LTE 800,ROUTE DE LA METAIRIE (DEVANT LA METAIRIE) 16300 LIGNIERES AMBLEVILLE,16186,"45.5619,-0.2011",Pylône autostable,45m,SFR,AJO,,0|120|240,,True,False
2232242,FREE MOBILE,LTE 800,CHEMIN DU REPAIRE A MONTNASEAU (LE MONTINASEAU) 23220 CHENIERS,23062,"46.3722,1.805",Pylône autostable,"35,8m",ATC FRANCE,AJO,,80|190|290,,True,False
2232530,FREE MOBILE,LTE 800, (LE PUECH) 12330 NAUVIALE,12171,"44.51,2.4242",Pylône autostable,30m,TOTEM,AJO,,40|140|270,,True,False
2235485,FREE MOBILE,LTE 800, (LE COGUEN) 29800 LA MARTYRE,29144,"48.4389,-4.1575",Pylône autostable,"32,3m",BOUYGUES,AJO,,10|130|250,,True,False
2237740,FREE MOBILE,LTE 800, (LE ROCHER) 24800 ST JORY DE CHALAIS,24428,"45.4969,0.8842",Pylône autostable,"38,3m",BOUYGUES,AJO,,80|200|320,,True,False
2237743,FREE MOBILE,LTE 800,CHEM MALHERBES 23000 SAVENNES,23170,"46.1067,1.8917",Pylône autostable,"38,3m",BOUYGUES,AJO,,0|120|240,,True,False
2238759,FREE MOBILE,LTE 800,3 IMPASSE DU  FRESNE DERRIERE CIMETIERRE (BOURG-OUEST) 17210 BUSSAC FORET,17074,"45.2122,-0.3722",Pylône autostable,30m,TOTEM,AJO,,100|220|330,,True,False
2240075,FREE MOBILE,LTE 800,CHEMIN RURAL TRAITEMENT DES EAUX LA GRANDE RUELLE (LES GRANDES NOUES) 28300 BAILLEAU L EVEQUE,28022,"48.4864,1.4058",Pylône autostable,30m,ATC FRANCE,AJO,,0|180|270,,True,False
2240589,FREE MOBILE,LTE 800, (LES VIOULEZACS) 19200 ST BONNET PRES BORT,19190,"45.5186,2.4244",Pylône autostable,"38,3m",BOUYGUES,AJO,,110|200|340,,True,False
2241916,FREE MOBILE,LTE 800, (GRINEG) 29450 SIZUN,29277,"48.3808,-4.0225",Pylône autostable,"36,9m",ON TOWER FRANCE,AJO,,70|170|310,,True,False
2242375,FREE MOBILE,LTE 800, (LE PEUCH) 15240 ANTIGNAC,15008,"45.3375,2.5392",Pylône autostable,"20,8m",TDF,AJO,,30|100|320,,True,False
2242382,FREE MOBILE,LTE 800,5 LE BOURG 18170 MORLAC,18153,"46.7189,2.3114",Pylône autostable,30m,TDF,AJO,,30|150|265,,True,False
2242937,FREE MOBILE,LTE 800,DÉPARTEMENTALE D180 (LES TERRES DU LAVOIR) 18700 STE MONTAINE,18227,"47.4922,2.3231",Pylône autostable,"38,3m",BOUYGUES,AJO,,20|110|245,,True,False
2243854,FREE MOBILE,LTE 800, (LE SERRE DU BERT) 34190 BRISSAC,34042,"43.8794,3.7083",Pylône autostable,13m,"Commune, communauté de commune",AJO,,0|120|240,,True,False
2243856,FREE MOBILE,LTE 800,CHEM DE ST GUIRAL 34520 LE CROS,34091,"43.8658,3.3678",Pylône autostable,20m,"Commune, communauté de commune",AJO,,95|215|335,,True,False
2243858,FREE MOBILE,LTE 800,LES FAYES 23210 AZAT CHATENET,23014,"46.0811,1.7564",Pylône autostable,"39,3m",BOUYGUES,AJO,,35|150|240,,True,False
2244230,FREE MOBILE,5G NR 700,105 AV DE L' ADOUR RES LES PORTES DE L ADOUR 64600 ANGLET,64024,"43.5131,-1.5006",Immeuble,"19,5m","Copropriété, Syndic, SCI",AJA,,150|240|340,,False,False
2244330,FREE MOBILE,LTE 800,LE BOUT DU PONT 18700 MENETREOL SUR SAULDRE,18147,"47.4458,2.3008",Pylône autostable,"38,3m",BOUYGUES,AJO,,90|210|340,,True,False
2244535,FREE MOBILE,LTE 800,ROUTE DU COL DE LA CROIX D 131 (JONCHERES FOURNEAU) 26190 BOUVANTE,26059,"44.9492,5.2675",Pylône autostable,"26,4m",Conseil Régional,AJO,,95|205|355,,True,False
2246715,FREE MOBILE,LTE 800,PLAINE DE SAINT PAUL SUD 81360 ARIFAT,81017,"43.7819,2.3581",Pylône autostable,"44,8m",ON TOWER FRANCE,AJO,,60|170|270,,True,False
2247520,FREE MOBILE,LTE 800,LA GARE VOIE COMMUNALE N°75 DE LISORS À MUSSEGROS LE VILLAGE (LE COISEL) 27440 LISORS,27370,"49.3453,1.4631",Pylône autostable,38m,TDF,AJO,,40|170|300,,True,False
2248230,FREE MOBILE,LTE 800,CHEMIN DES PLAINS À VENNES 25390 GUYANS VENNES,25301,"47.1531,6.5703",Pylône autostable,12m,ATC FRANCE,AJO,,50|330,,True,False
2248237,FREE MOBILE,LTE 800, (PENN AR C'HOAD VIGOUROUX) 29190 PLEYBEN,29162,"48.2689,-3.9997",Pylône autostable,"31,5m",BOUYGUES,AJO,,0|120|270,,True,False
2248239,FREE MOBILE,LTE 800, (TY AVELEC) 29460 IRVILLAC,29086,"48.355,-4.2069",Pylône autostable,"34,5m",BOUYGUES,AJO,,110|230|350,,True,False
2249252,FREE MOBILE,LTE 800,CHEMIN DU CROIZET A LENTAT (AUMONT) 15130 ARPAJON SUR CERE,15012,"44.8722,2.5008",Pylône autostable,30m,SFR,AJO,,50|150|330,,True,False
2249694,FREE MOBILE,LTE 800,RD 10 DE DIJON A PRECY SOUS THIL CIMETIERE (LA BELLE ALLEE) 21370 PASQUES,21478,"47.3633,4.8567",Pylône autostable,36m,SFR,AJO,,30|120|300,,True,False
2250902,FREE MOBILE,LTE 800,122 DÉPARTEMENTALE (LA TUILLIERE) 34380 PEGAIROLLES DE BUEGES,34195,"43.8044,3.5839",Pylône autostable,"20,1m",BOUYGUES,AJO,,60|170|264,,True,False
2251433,FREE MOBILE,LTE 800,CHEMIN DE LA MAISON BARD AUX SOULOTS PRÈS D11 CHAMPS DU BOURG (LA MAISON BARD) 18250 LA CHAPELOTTE,18051,"47.3497,2.5853",Pylône autostable,30m,ATC FRANCE,AJO,,30|150|270,,True,False
2252012,FREE MOBILE,LTE 800,ANCIEN CHEMIN DE BRAHIC A LA PRADE (LA PRADE) 07140 LES VANS,07334,"44.3642,4.0997",Pylône autostable,"25,4m",Conseil Régional,AJO,,15|120|275,,True,False
2253071,FREE MOBILE,LTE 800,CHEMIN DE LAGARDIE (LES PIOCHS) 34700 ST ETIENNE DE GOURGAS,34251,"43.7717,3.3808",Pylône autostable,24m,Société Privée,AJO,,25|180|270,,True,False
2253636,FREE MOBILE,LTE 800,C.D N° 81 DE LANTAGES A VENDEUVRE SUR BARSE 10260 JULLY SUR SARCE,10181,"48.1375,4.2564",Pylône autostable,42m,SFR,AJO,,70|160|270,,True,False
2253676,FREE MOBILE,LTE 800,C.R DE SOMMEVAL A CHAMOY (LES PRES DE ROISELEE) 10320 SOMMEVAL,10371,"48.1489,3.9644",Pylône autostable,45m,SFR,AJO,,0|120|240,,True,False
2254083,FREE MOBILE,LTE 800,PUNTA MUVRARECCIA 02210 BRENY,2B121,"42.4075,8.6206",Pylône tubulaire,"11,6m",FREE-MOBILE,AJO,,0|90|220,,True,False
2254172,FREE MOBILE,LTE 800,CHEMIN DE LA FORET (LES VIGNES AUX CHIENS) 10200 ARRENTIERES,10011,"48.2642,4.7389",Pylône autostable,30m,SFR,AJO,,70|210|340,,True,False
2254567,FREE MOBILE,LTE 800,C.R N° 2 DIT DE ROSNAY L'HOPITAL (LE BOUDON) 10500 BETIGNICOURT,10044,"48.4519,4.4708",Pylône autostable,27m,SFR,AJO,,60|250|330,,True,False
2254656,FREE MOBILE,LTE 800, (LE BONNEFONT) 06510 CONSEGUDES,06047,"43.8414,7.0492",Pylône autostable,"36,4m",BOUYGUES,AJO,,80|260|350,,True,False
2258162,FREE MOBILE,LTE 800,C.R DE BRAGELONE A BAGNEUX LA FOSSE (CHAMP TILPET) 10340 BRAGELOGNE BEAUVOIR,10058,"47.9789,4.2803",Pylône autostable,45m,SFR,AJO,,0|90|220,,True,False
2262419,FREE MOBILE,LTE 800,D26 CIMETIÈRE BALNOT SUR LAIGNES 10110 BALNOT SUR LAIGNES,10029,"48.0317,4.3731",Pylône autostable,30m,ATC FRANCE,AJO,,260,,True,False
2262421,FREE MOBILE,LTE 800,D 1610 (LAS FOUNTANASSOS) 11330 MASSAC,11224,"42.92,2.5706",Pylône autostable,30m,TDF,AJO,,130|210,,True,False
2262423,FREE MOBILE,LTE 800,CHEMIN QUI SUIT LA RUE DU PETIT PALET (VILLAGE SEM) 09220 VAL DE SOS,09334,"42.7692,1.5208",Pylône autostable,15m,TDF,AJO,,230,,True,False
2263040,FREE MOBILE,LTE 800,D 53 DE SEZANNE A SALON (LE CHEMIN DE SALON) 51230 FAUX FRESNAY,51243,"48.6469,3.9742",Pylône autostable,42m,SFR,AJO,,95|220|285,,True,False
2263534,FREE MOBILE,LTE 800,D 84 CIMETIÈRE DE CHESLEY (VIGNES BLANCHES) 10210 CHESLEY,10098,"47.9764,4.1014",Pylône autostable,30m,ATC FRANCE,AJO,,90|290,,True,False
2263827,FREE MOBILE,,RUE DES TOURNESOLS (SUR LES OUCHES) 16290 DOUZAT,16121,"45.7081,-0.0011",Pylône autostable,"24,2m",ATC FRANCE,CHI,2606669,,,False,True
2264568,FREE MOBILE,LTE 800,ROUTE DE BELLESSERRE (CANTALAUZE) 31330 LE BURGAUD,31093,"43.7906,1.1322",Pylône autostable,30m,ATC FRANCE,AJO,,70|170|290,,True,False
2265237,FREE MOBILE,LTE 800,CHEMIN DES FREYDIERES A MEYSSE (CHAMP DE TIR) 07400 MEYSSE,07157,"44.6128,4.7128",Pylône autostable,33m,Conseil Régional,AJO,,70|135|320,,True,False
2265239,FREE MOBILE,LTE 800,CHEMIN DU SERRET ANCIENNE DECHARGE 07400 VALVIGNERES,07332,"44.5103,4.5683",Pylône tubulaire,30m,SFR,AJO,,30|110|170,,True,False
2265271,FREE MOBILE,LTE 800,ROUTE  DES RIVIERES D70 26190 LEONCEL,26163,"44.9153,5.1922",Pylône autostable,30m,Conseil Régional,AJO,,30|100|170,,True,False
2266769,FREE MOBILE,LTE 800,CHEMIN N°11 DE LA GRANDE CÔTE (QUARTIER LE BAS MOUCEL) 27920 ST PIERRE DE BAILLEUL,27589,"49.1256,1.3867",Pylône tubulaire,30m,ATC FRANCE,AJO,,40|120|200,,True,False
2266999,FREE MOBILE,LTE 800,CHEMIN DE FOGES A VAL FANJOUSE (LES ROUTES) 26190 ORIOL EN ROYANS,26223,"44.9656,5.2375",Pylône autostable,30m,Conseil Régional,AJO,,120|300|337,,True,False
2267028,FREE MOBILE,LTE 800,D 13 (LE GOURDALOU) 19220 ST GENIEZ O MERLE,19205,"45.0694,2.0722",Pylône autostable,45m,SFR,AJO,,60|150|270,,True,False
2268377,FREE MOBILE,LTE 800,CENTRAL FT RELAIS DE GAMBETTA (LA RAYE) 26400 GIGORS ET LOZERON,26141,"44.8142,5.0742",Bâtiment,"14,2m",ORANGE Services Fixes,AJO,,40|140,,True,False
2270019,FREE MOBILE,LTE 800,SENTIER FORESTIER DRAILLE DU LANGUEDOC SERRE DE GRANDVAL 30450 MALONS ET ELZE,30153,"44.4139,4.0208",Pylône autostable,"40,2m",BOUYGUES,AJO,,20|260,,True,False
2273784,FREE MOBILE,LTE 800,LES BRUGEAUDS 24380 LACROPTE,24220,"45.0658,0.8125",Pylône autostable,"40,5m",BOUYGUES,AJO,,30|150|270,,True,False
2273786,FREE MOBILE,LTE 800,LE TALLET 24380 LACROPTE,24220,"45.0458,0.8208",Pylône autostable,"40,5m",BOUYGUES,AJO,,45|150|300,,True,False
2274734,FREE MOBILE,LTE 800,1938 ROUTE DES NONIERES 07240 ST APOLLINAIRE DE RIAS,07214,"44.9222,4.5933",Pylône autostable,"24,3m",SFR,AJO,,0|120|240,,True,False
2274750,FREE MOBILE,LTE 800,CHEMIN SUR LE VERS 21190 MELOISEY,21401,"47.0361,4.7189",Pylône autostable,24m,SFR,AJO,,0|120|240,,True,False
2274752,FREE MOBILE,LTE 800,CHEMIN DU SINGLE 21190 MAVILLY MANDELOT,21397,"47.0494,4.7286",Pylône autostable,30m,SFR,AJO,,20|140|260,,True,False
2279202,FREE MOBILE,LTE 800,ROUTE RD 125 E1 (LA COUDRERIE) 17780 ST NAZAIRE SUR CHARENTE,17375,"45.9286,-1.0561",Pylône autostable,30m,SFR,AJO,,175|255|340,,True,False
2279973,FREE MOBILE,LTE 800,D3 A2 (LES VAUTES) 23460 ROYERE DE VASSIVIERE,23165,"45.8131,1.8819",Pylône autostable,"38,3m",BOUYGUES,AJO,,20|110|240,,True,False
2283807,FREE MOBILE,LTE 800,RUE DES BROSSES (SUR LA MONTEE DE GISSEY) 21410 AGEY,21002,"47.2739,4.7683",Pylône autostable,"38,5m",BOUYGUES,AJO,,130|350,,True,False
2284121,FREE MOBILE,LTE 800,ROUTE DU COL DE VERDE D69 (PISCIA DI QUARCI) 02240 BRISSY HAMEGICOURT,2B124,"42.0961,9.2142",Pylône autostable,30m,SFR,AJO,,85|250|350,,True,False
2286400,FREE MOBILE,LTE 800,CHEMIN LE TREMBLAY  ACCÈS DEPUIS D19 (LA HAUTIÈRE CHOLET) 22270 MEGRIT,22145,"48.3847,-2.2331",Pylône autostable,30m,ATC FRANCE,AJO,,60|150|240,,True,False
2289861,FREE MOBILE,LTE 800,4 RUE DU TEMPLE 25550 ST JULIEN LES MONTBELIARD,25521,"47.5203,6.7144",Pylône autostable,30m,ATC FRANCE,AJO,,20|225|300,,True,False
2290016,FREE MOBILE,LTE 800,RUE VAURABOURG 27160 LES BAUX DE BRETEUIL,27043,"48.8347,0.7969",Pylône autostable,38m,BOUYGUES,AJO,,10|110|210,,True,False
2290018,FREE MOBILE,LTE 800,RUE DE LA HAUTE EPINE (LA MARE AU PRETRE) 27160 LE LESME,27565,"48.9061,0.8503",Pylône autostable,"33,1m",BOUYGUES,AJO,,0|90|180,,True,False
2290927,FREE MOBILE,LTE 800,STUM ZAC DE STUM 29460 DIRINON,29045,"48.4083,-4.2483",Pylône autostable,"32,3m",BOUYGUES,AJO,,110|200|350,,True,False
2291723,FREE MOBILE,LTE 800,D 46 CHEM DES BOIS COMBE DES CIVES (LE PRÉ PONCET ) 25240 CHATELBLANC,25131,"46.6383,6.1403",Pylône autostable,30m,ATC FRANCE,AJO,,190,,True,False
2292377,FREE MOBILE,LTE 800,CHEMIN DU TOURNANT 08440 ISSANCOURT ET RUMEL,08235,"49.7547,4.8258",Pylône autostable,55m,SFR,AJO,,20|140|260,,True,False
2294399,FREE MOBILE,LTE 800, (GOUSSAS) 24240 MONESTIER,24276,"44.7742,0.3336",Pylône autostable,30m,ATC FRANCE,AJO,,60|160|270,,True,False
2297983,FREE MOBILE,LTE 800,LA SERRE DU LIQUIER (LA SERRE DU LIQUIER) 12230 NANT,12168,"43.9983,3.3069",Pylône autostable,18m,TDF,AJO,,30|160|260,,True,False
2298264,FREE MOBILE,LTE 800,ROUTE D'AMBENAY DEPARTEMENTALE 61 (LA PIQUETIERE) 27160 LES BAUX DE BRETEUIL,27043,"48.8769,0.805",Pylône autostable,32m,BOUYGUES,AJO,,90|180|270,,True,False
2298804,FREE MOBILE,LTE 800,32 RUE NOTRE DAME DES NEIGES 25130 VILLERS LE LAC,25321,"47.1069,6.7278",Pylône autostable,"32,6m",SFR,AJO,,0|120|240,,True,False
2298856,FREE MOBILE,LTE 800, (LA CAOUSATERE ET LA GATUSS) 32450 AURIMONT,32018,"43.5697,0.8289",Pylône autostable,"24,2m",ATC FRANCE,AJO,,50|230|310,,True,False
2298875,FREE MOBILE,LTE 800,CHEMIN LOUIS XIII CIMETIÈRE (PUY SANSEAU) 16320 VILLEBOIS LAVALETTE,16408,"45.4803,0.2853",Pylône autostable,30m,ATC FRANCE,AJO,,30|130|280,,True,False
2300860,FREE MOBILE,LTE 800,RUE DE LA TARDOIRE (COUDERT DU MERLE) 16220 EYMOUTHIERS,16135,"45.6583,0.5567",Pylône autostable,45m,SFR,AJO,,65|210|280,,True,False
2301911,FREE MOBILE,LTE 800,2 PLACE DE LA MAIRIE 27250 ST ANTONIN DE SOMMAIRE,27508,"48.8297,0.6642",Pylône autostable,"39,1m",BOUYGUES,AJO,,0|90|270,,True,False
2303355,FREE MOBILE,LTE 800,LIEU DIT LE POMMIER (LE POMMIER) 24130 FRAISSE,24191,"44.9289,0.3297",Pylône autostable,42m,SFR,AJO,,0|120|240,,True,False
2304716,FREE MOBILE,LTE 800, (L'HUBAC DE L'HERMET) 07570 DESAIGNES,07079,"45.0031,4.4669",Pylône autostable,24m,ATC FRANCE,AJO,,15|105|255,,True,False
2304878,FREE MOBILE,LTE 800,DEPARTEMENTALE 16 LES HORS CHEMIN RURAL 23480 FRANSECHES,23086,"46.0194,2.0344",Pylône autostable,53m,BOUYGUES,AJO,,0|100|295,,True,False
2306145,FREE MOBILE,LTE 800,TERRAIN NU (LES SEGUELASSES) 09250 CAYCHAX ET SENCONAC,09088,"42.7925,1.7253",Pylône autostable,30m,TDF,AJO,,120|270,,True,False
2306591,FREE MOBILE,LTE 800,RTE DU BARRY (PECH) 09300 CARLA DE ROQUEFORT,09080,"42.9792,1.76",Pylône autostable,36m,TDF,AJO,,150|290,,True,False
2307327,FREE MOBILE,LTE 800,CHEMIN COMMUNAL VERS CIMETIÈRE (GAILLARD) 09230 MAUVEZIN DE STE CROIX,09184,"43.0775,1.2278",Pylône autostable,30m,TDF,AJO,,30|200,,True,False
2307670,FREE MOBILE,LTE 800,PROCHE D 789 ROUTE DU CONQUET (KERFILY) 29280 LOCMARIA PLOUZANE,29130,"48.3658,-4.6719",Pylône autostable,30m,ATC FRANCE,AJO,,40|140|240,,True,False
2308718,FREE MOBILE,LTE 800,PONT AUBERT (PUY DE CARMANTAN) 19550 SOURSAC,19264,"45.28,2.2089",Pylône autostable,30m,SFR,AJO,,60|150|270,,True,False
2310617,FREE MOBILE,LTE 800,CHEMIN LAMIRANDE 19550 SOURSAC,19264,"45.2794,2.2481",Pylône autostable,"54,6m",SFR,AJO,,145|210|290,,True,False
2316459,FREE MOBILE,LTE 800, (LA FAGE) 30140 MIALET,30168,"44.1297,3.925",Pylône autostable,12m,ATC FRANCE,AJO,,260,,True,False
2316522,FREE MOBILE,LTE 800, (LE BOIS DE BEROT) 11300 POMY,11294,"43.055,2.0664",Pylône autostable,30m,ATC FRANCE,AJO,,80|240|340,,True,False
2316788,FREE MOBILE,LTE 800,SENTIER DES SOURCES (LA CHAVE) 07510 STE EULALIE,07235,"44.8336,4.2186",Pylône autostable,42m,SFR,AJO,,0|130|270,,True,False
2322475,FREE MOBILE,LTE 800,SANT' ANORIA CAMPIVU (VALDARONE) 02110 CROIX FONSOMME,2A240,"42.1781,8.8969",Pylône autostable,24m,ATC FRANCE,AJO,,35|130|260,,True,False
2323022,FREE MOBILE,LTE 800,VC N°1 DU CD 68 (PUECH PALAT) 12340 RODELLE,12201,"44.4667,2.6303",Pylône autostable,36m,TDF,AJO,,60|180|300,,True,False
2323283,FREE MOBILE,LTE 800,CHEMIN DES SOURCES 15120 LADINHAC,15089,"44.7581,2.5061",Pylône autostable,"32,5m",SFR,AJO,,120|220|330,,True,False
2323373,FREE MOBILE,5G NR 700,52 BOULEVARD DES COQUIBUS 91080 EVRY COURCOURONNES,91228,"48.625,2.4294",Bâtiment,27m,"Copropriété, Syndic, SCI",AJA,,40|150|250,,False,False
2325345,FREE MOBILE,LTE 800,SERVOLLES 16390 MONTIGNAC LE COQ,16227,"45.3511,0.2",Pylône autostable,37m,SFR,AJO,,0|90|260,,True,False
2327796,FREE MOBILE,LTE 800,325 CHEMIN DU MANDEMENT (FERME DU MANDEMENT) 26190 BOUVANTE,26059,"44.9475,5.3247",Pylône autostable,39m,Conseil Régional,AJO,,0|90|240,,True,False
2328448,FREE MOBILE,LTE 800,RUE DE LA MULOTE  VC N°69 (LA MULOTE) 27850 MENESQUEVILLE,27396,"49.3569,1.4097",Pylône tubulaire,30m,ATC FRANCE,AJO,,90|210|350,,True,False
2328796,FREE MOBILE,LTE 800,ROUTE DE LA NEUVILLE (LES ECHAMEAUX) 08800 LES HAUTES RIVIERES,08218,"49.9156,4.8339",Pylône autostable,40m,SFR,AJO,,70|160,,True,False
2331141,FREE MOBILE,LTE 800,ROUTE ROUGE COUDRAYE DEPARTEMENTALE 167 14700 BONNOEIL,14087,"48.9164,-0.3722",Pylône autostable,32m,BOUYGUES,AJO,,40|150|290,,True,False
2331370,FREE MOBILE,LTE 800,ROUTE FORESTIERE DU PETIT LOUP (LE PRÉ DES PLANES) 08800 LES HAUTES RIVIERES,08218,"49.8608,4.8386",Pylône autostable,45m,SFR,AJO,,160|250|350,,False,False
2334945,FREE MOBILE,LTE 800,CHEMIN DES HAUTES BUTEES (FOREL DOMANIAL DE LA CROIX DE) 08800 LES HAUTES RIVIERES,08218,"49.9333,4.8125",Pylône autostable,50m,SFR,AJO,,60|180|300,,False,False
2335691,FREE MOBILE,LTE 800,CHEMIN DES BICHETS 25110 MONTIVERNAGE,25401,"47.3147,6.4239",Pylône autostable,"32,5m",SFR,AJO,,0|120|240,,True,False
2335852,FREE MOBILE,LTE 800, (DES ROCHES) 23400 ST PARDOUX MORTEROLLES,23227,"45.8897,1.8153",Pylône autostable,"34,5m",BOUYGUES,AJO,,110|210|300,,True,False
2335854,FREE MOBILE,LTE 800, (TERRE DE LA COMBE) 23340 FAUX LA MONTAGNE,23077,"45.7914,1.9164",Pylône autostable,"40,5m",BOUYGUES,AJO,,110|260|340,,True,False
2335856,FREE MOBILE,LTE 800,RTE DE RUNVEGUEN ZONE INDUSTRIELLE 29450 LE TREHOU,29294,"48.3964,-4.1269",Pylône autostable,33m,BOUYGUES,AJO,,10|160|280,,True,False
2342040,FREE MOBILE,LTE 800,ROUTE D'ESPALION A MILLAU LES DONHES HAUTES DEPARTEMENTALE 28 (LE MAUNAL) 12780 VEZINS DE LEVEZOU,12294,"44.3092,2.9444",Pylône autostable,"34,5m",BOUYGUES,AJO,,0|120|240,,True,False
2342042,FREE MOBILE,LTE 800,LES PINS DEPARTEMENTALE 36 (PUECH FANGOUS) 12780 VEZINS DE LEVEZOU,12294,"44.2797,2.9022",Pylône autostable,"34,5m",BOUYGUES,AJO,,30|150|300,,True,False
2343095,FREE MOBILE,LTE 800,ROUTE DE PENN AR PRAT KERC'HONAN 29190 PLEYBEN,29162,"48.2042,-3.9989",Pylône autostable,"46,5m",BOUYGUES,AJO,,120|210|310,,True,False
2343700,FREE MOBILE,LTE 800, (MITTERHECK) 57220 MOMERSTROFF,57471,"49.1661,6.5447",Pylône autostable,39m,"Commune, communauté de commune",AJO,,160|250|340,,True,False
2347710,FREE MOBILE,LTE 800,LAIGUE (VOIE DE RASTE) 34610 CASTANET LE HAUT,34055,"43.6797,2.9572",Pylône autostable,35m,ATC FRANCE,AJO,,30|140|290,,True,False
2348390,FREE MOBILE,LTE 800,D162 (LES GARELLES) 26110 BELLECOMBE TARENDOL,26046,"44.3619,5.3458",Pylône autostable,18m,ATC FRANCE,AJO,,150|240,,True,False
2354350,FREE MOBILE,LTE 800,CHEMIN DU GRIZARD 07320 ST AGREVE,07204,"45.0164,4.4258",Pylône autostable,30m,ATC FRANCE,AJO,,80|200|350,,True,False
2357494,FREE MOBILE,5G NR 700,10-13 QUAI DES CIGOGNES 68200 MULHOUSE,68224,"47.7414,7.3239",Bâtiment,29m,Société HLM,AJA,,0|95|240,,False,False
2365990,FREE MOBILE,LTE 800,CHEMIN FORESTIER QUARTIER LA BAUDE 13650 MEYRARGUES,13059,"43.6217,5.5161",Pylône autostable,"33,9m",BOUYGUES,AJO,,20|130|290,,True,False
2367065,FREE MOBILE,LTE 800,ROUTE DE POMPADOUR STADE 19350 CONCEZE,19059,"45.3714,1.3461",Pylône autostable,36m,ATC FRANCE,AJO,,70|210|320,,True,False
2367080,FREE MOBILE,LTE 800,LADREYT / RTE DES CROIX POURCHÈRE (LA CHASE) 07000 CREYSSEILLES,07074,"44.7514,4.5289",Pylône autostable,18m,TDF,AJO,,45|125|205,,True,False
2367391,FREE MOBILE,LTE 800,A CLAVEY 33210 LEOGEATS,33237,"44.5108,-0.3511",Pylône autostable,42m,SFR,AJO,,50|150|270,,True,False
2370625,FREE MOBILE,LTE 800,PIN  AU BOURG (STADE MUNICIPAL) 33230 ST CHRISTOPHE DE DOUBLE,33385,"45.0794,0.0103",Pylône autostable,36m,ATC FRANCE,AJO,,70|180|270,,True,False
2373339,FREE MOBILE,LTE 800,RUE DES GENIEVRES D5 (CROIX GRILLOT) 58210 MARCY,58156,"47.3178,3.4131",Pylône autostable,"44,9m",ON TOWER FRANCE,AJO,,30|190|290,,True,False
2373605,FREE MOBILE,LTE 800,10  LA PEROUSE 25300 LES ALLIES,25012,"46.9519,6.4494",Pylône autostable,"44,6m",SFR,AJO,,0|120|240,,True,False
2373607,FREE MOBILE,LTE 800,PISTE FORESTIÉRE (LE NID DU FOL) 25790 LES GRAS,25296,"46.9908,6.5678",Pylône autostable,42m,SFR,AJO,,245|320,,True,False
2376348,FREE MOBILE,LTE 800,RUE DE L ETRACHE 25300 PONTARLIER,25462,"46.9294,6.4208",Pylône autostable,"44,6m",SFR,AJO,,50|250|330,,True,False
2377885,FREE MOBILE,LTE 800,CHEMIN RURAL PROCHE ROUTE DU CLAT (LES BOUICHES) 11140 LE CLAT,11093,"42.7867,2.1672",Pylône autostable,"6,4m",Particulier,AJO,,170|310,,True,False
2377887,FREE MOBILE,LTE 800,CHEMIN RURAL (AERODROME DE CHAMPCLAUSON) 30110 LA GRAND COMBE,30132,"44.2439,4.0128",Pylône autostable,30m,"Ets public, Minist, Synd mixt",AJO,,90|200|310,,True,False
2378060,FREE MOBILE,LTE 800,16 CHEMIN DU CARRIC 31260 FRANCAZAL,31195,"43.0206,0.9992",Pylône autostable,30m,ATC FRANCE,AJO,,180|260,,True,False
2378827,FREE MOBILE,LTE 800,CHEMIN FORESTIER BOIS DE CANTE-MERLE (CANTE MERLE) 34320 VAILHAN,34319,"43.5569,3.2892",Pylône autostable,"13,4m","Commune, communauté de commune",AJO,,110|230|340,,True,False
2382702,FREE MOBILE,LTE 800, (LA PLAINE) 31310 MONTESQUIEU VOLVESTRE,31375,"43.1392,1.1942",Pylône autostable,32m,SFR,AJO,,0|120|240,,True,False
2385799,FREE MOBILE,LTE 800,CHEMIN FORESTIER ROUTE DE COMBEROS (GAEC DE MERCOULS) 12430 AYSSENES,12017,"44.0908,2.7503",Pylône autostable,34m,PHOENIX FRANCE INFRASTRUCTURES,AJO,,100|260|350,,True,False
2385801,FREE MOBILE,LTE 800,CHEMIN DU MARTRET CHEMIN DE RANDONNEE 31 (LE MARTRET) 14690 PIERREFITTE EN CINGLAIS,14501,"48.9033,-0.3919",Pylône autostable,"38,3m",PHOENIX FRANCE INFRASTRUCTURES,AJO,,0|140|250,,True,False
2385803,FREE MOBILE,LTE 800,LE HAUT DE MESLAY DEPARTEMENTALE 134 14220 MESLAY,14411,"48.9531,-0.4022",Pylône autostable,"46,5m",BOUYGUES,AJO,,50|170|290,,True,False
2385805,FREE MOBILE,LTE 800,CHEMIN RURAL DEPARTEMENTALE 140 (CROIX DE CANALS) 12540 CORNUS,12077,"43.8828,3.2353",Pylône autostable,"26,3m",PHOENIX FRANCE INFRASTRUCTURES,AJO,,50|170|290,,True,False
2385809,FREE MOBILE,LTE 800,CHEMIN RURAL LA TOUR D'AGULLON (LE VIALA) 12540 CORNUS,12077,"43.9125,3.1731",Pylône autostable,"40,5m",PHOENIX FRANCE INFRASTRUCTURES,AJO,,0|120|240,,True,False
2387481,FREE MOBILE,LTE 800,CHEMIN DE CRAS AU DESSOUS DU CRAS 21410 GISSEY SUR OUCHE,21300,"47.2597,4.7661",Pylône autostable,32m,PHOENIX FRANCE INFRASTRUCTURES,AJO,,30|210,,True,False
2388012,FREE MOBILE,LTE 800,2 RUE DE LA PIERREQUINE 08250 APREMONT,08017,"49.2667,4.9864",Pylône autostable,44m,SFR,AJO,,60|150|330,,True,False
2388895,FREE MOBILE,LTE 800, (CHIOSO CUMMUNO) 02870 BESNY ET LOIZY,2B080,"42.5081,9.1092",Pylône autostable,15m,ATC FRANCE,AJO,,45|150,,True,False
2388990,FREE MOBILE,LTE 800, (LES MARTRES) 11410 PAYRA SUR L HERS,11275,"43.2692,1.8556",Pylône haubané,27m,"Commune, communauté de commune",AJO,,80|200|310,,True,False
2391040,FREE MOBILE,LTE 800,CHEMIN DÉPARTEMENTAL N° 14 (LA CORVÉE) 21230 CHAMPIGNOLLES,21140,"47.0478,4.5642",Pylône autostable,30m,ATC FRANCE,AJO,,30,,False,False
2391195,FREE MOBILE,LTE 800,RTE DE JALOGNES 18300 VEAUGUES,18272,"47.2508,2.7611",Pylône autostable,"32,6m",BOUYGUES,AJO,,130|240|340,,True,False
2391199,FREE MOBILE,LTE 800,LE MAS BRESSON (LES CARRIERES) 30750 DOURBIES,30105,"44.0714,3.4719",Pylône autostable,12m,Particulier,AJO,,85|210|355,,True,False
2391201,FREE MOBILE,LTE 800,RTE LUBAC ET LURETTE D48N 30750 DOURBIES,30105,"44.0783,3.5339",Pylône autostable,"25,4m",Particulier,AJO,,20|280,,True,False
2391205,FREE MOBILE,LTE 800, (LE CAOUBALAT) 30770 ARRIGAS,30017,"43.9961,3.49",Pylône autostable,12m,ATC FRANCE,AJO,,80|225|315,,True,False
2397161,FREE MOBILE,LTE 800,LE BOUYER / D61E (LA BITARELOUNE) 19150 ST MARTIAL DE GIMEL,19220,"45.2719,1.8664",Pylône autostable,36m,ATC FRANCE,AJO,,30|150|280,,True,False
2397932,FREE MOBILE,LTE 800,LOGE ROSETTE (ROUTE DE LE LOGE ROSETTE 08230) 08230 REGNIOWEZ,08355,"49.9392,4.4083",Pylône autostable,36m,SFR,AJO,,80|170|270,,True,False
2397940,FREE MOBILE,LTE 800,SUR LES VALLIÉRES 25440 MYON,25416,"47.0219,5.9519",Pylône autostable,30m,SFR,AJO,,30|190|290,,True,False
2398956,FREE MOBILE,LTE 800,ROUTE DE L'AÉRODROME D504 07200 LACHAPELLE SOUS AUBENAS,07122,"44.5417,4.3592",Pylône autostable,24m,ATC FRANCE,AJO,,120|250|340,,True,False
2398960,FREE MOBILE,LTE 800,CAMPING LES PLANS D50 ROUTE DE ST JEAN DU GARD (MALE BOUISSIERES) 30140 MIALET,30168,"44.1219,3.9219",Pylône autostable,24m,ATC FRANCE,AJO,,180|280,,True,False
2399058,FREE MOBILE,LTE 800,DEHETTERIE CHEZ MESNARD 16240 LA FORET DE TESSE,16142,"46.0764,0.0792",Pylône autostable,42m,SFR,AJO,,0|120|240,,True,False
2399991,FREE MOBILE,LTE 800,D29 (LA SOILIERE) 08450 BULSON,08088,"49.6239,4.9158",Pylône autostable,32m,SFR,AJO,,0|120|240,,True,False
2400004,FREE MOBILE,LTE 800,66  MAINE LEVA 24130 FRAISSE,24191,"44.9581,0.2947",Pylône autostable,43m,SFR,AJO,,70|190|310,,True,False
2402306,FREE MOBILE,LTE 800,108  MEYNARD 33890 JUILLAC,33210,"44.8133,0.0672",Pylône autostable,36m,TDF,AJO,,50|170|290,,True,False
2403248,FREE MOBILE,LTE 800,ROUTE DE PUYFRAGNOUX 16420 BRIGUEUIL,16064,"45.9456,0.8808",Pylône autostable,42m,SFR,AJO,,20|140|290,,True,False
2403833,FREE MOBILE,LTE 800,CHEMIN RURAL DIT DES ESSARTS CHEMIN AU CROISEMENT DE LA D103K RUE HAUTE (LES ESSARTS) 21150 CORPOYER LA CHAPELLE,21197,"47.5497,4.6056",Pylône autostable,30m,ATC FRANCE,AJO,,150|270,,True,False
2404425,FREE MOBILE,LTE 800,CHEMIN RURAL PROCHE ROUTE DU BRUNET DEPARTEMENTALE 2211 (LA GRAOU) 06850 ST AUBAN,06116,"43.8417,6.7381",Pylône autostable,"26,5m",BOUYGUES,AJO,,60|150|305,,True,False
2404427,FREE MOBILE,LTE 800,CHEMIN RURAL (COL SAINT PIERRE) 06850 ST AUBAN,06116,"43.8086,6.7253",Pylône autostable,"32,6m",BOUYGUES,AJO,,30|200|300,,True,False
2404429,FREE MOBILE,LTE 800,ROUTE DES SAUSSES DEPARTEMENTALE 110 (LE PRA D'OURE) 06910 LE MAS,06081,"43.8275,6.8053",Pylône autostable,"32,5m",BOUYGUES,AJO,,80|170|260,,True,False
2406600,FREE MOBILE,LTE 800, (LES COTES DE MESTRE GUILLEM) 32320 BASSOUES,32032,"43.5828,0.2319",Pylône autostable,45m,ATC FRANCE,AJO,,10|120|240,,True,False
2406755,FREE MOBILE,LTE 800,CHEMIN ENTRE VILLESPY ET CENNE MONESTIES (LA CAUNE) 11170 CENNE MONESTIES,11089,"43.3281,2.1103",Pylône haubané,26m,Particulier,AJO,,40|130|250,,True,False
2408300,FREE MOBILE,LTE 800,D10 ROUTE DE CHAMBONAS 07140 LES SALELLES,07305,"44.4353,4.1022",Pylône autostable,30m,SFR,AJO,,70|140|200,,True,False
2408302,FREE MOBILE,LTE 800,CHEMIN RURAL DE LA GROSSE PIERRE (MAÎTRE GEORGES) 08270 WASIGNY,08499,"49.625,4.3444",Pylône autostable,44m,SFR,AJO,,40|130|230,,True,False
2408709,FREE MOBILE,LTE 800,LE POUTIGNAC 16500 ORADOUR FANAIS,16249,"46.1253,0.7858",Pylône autostable,"24,3m",PHOENIX FRANCE INFRASTRUCTURES,AJO,,60|195|300,,True,False
2408743,FREE MOBILE,LTE 800,RUE DES MOULINS DEPARTEMENTALE 124 (LE MOULIN DE LA BOURDINIERE) 28330 COUDRAY AU PERCHE,28111,"48.2289,0.8678",Pylône autostable,44m,PHOENIX FRANCE INFRASTRUCTURES,AJO,,60|195|300,,True,False
2408745,FREE MOBILE,LTE 800,CHEMIN RURAL DE SORBIERAS ROUTE METROPOLITAINE 2205 VALLEE DE LA TINEE (SORBIERAS) 06420 ST SAUVEUR SUR TINEE,06129,"44.1164,7.0922",Pylône autostable,"25,5m",BOUYGUES,AJO,,0|140,,True,False
2409000,FREE MOBILE,LTE 800,"D49, RUE DES HARAS (LA HAUTE BUTTE) 14430 BEUVRON EN AUGE",14070,"49.1844,-0.0447",Pylône autostable,30m,ATC FRANCE,AJO,,0|110|230,,True,False
2409165,FREE MOBILE,LTE 800,IMPASSE DU TRUCHEU (LARREY MACON) 21410 ST VICTOR SUR OUCHE,21578,"47.2367,4.7408",Pylône autostable,15m,Conseil Départemental,AJO,,80|200,,True,False
2410778,FREE MOBILE,LTE 800, (CAMPLONGE ET PRÉVEIRIEL) 30122 LES PLANTIERS,30198,"44.1067,3.6944",Pylône autostable,30m,ATC FRANCE,AJO,,50|315,,True,False
2411038,FREE MOBILE,LTE 800,727 ROUTE DES TROIS VILLAGES 33980 AUDENGE,33019,"44.6975,-0.9733",Pylône autostable,42m,SFR,AJO,,30|90|250,,True,False
2411057,FREE MOBILE,LTE 800,D5E5 RUE BORDEAUX (LUBEC) 33980 AUDENGE,33019,"44.7125,-0.9272",Pylône autostable,42m,SFR,AJO,,65|135|255,,True,False
2417928,FREE MOBILE,LTE 800,CHEMIN DE LA CÔTE SAINT DENIS RÉSERVOIR D'EAU (333 COTE SAINT DENIS) 26790 ROCHEGUDE,26275,"44.2422,4.8306",Pylône autostable,24m,TOTEM,AJO,,130|230|320,,True,False
2418678,FREE MOBILE,LTE 800,VOIE COMMUNALE (LE SEGNADET) 09800 ST LARY,09267,"42.9222,0.8811",Pylône autostable,30m,TDF,AJO,,50|150|250,,True,False
2420844,FREE MOBILE,LTE 800,CHEMIN RURAL PROCHE CHEMIN DU PELOUTIER (LE PELOUTIER) 07190 GLUIRAS,07096,"44.8594,4.5542",Pylône autostable,"26,7m",BOUYGUES,AJO,,50|160|320,,True,False
2420846,FREE MOBILE,LTE 800,CHEMIN DE LA CHAPELLE (NOTRE DAME DU PEUPLE) 06510 BEZAUDUN LES ALPES,06017,"43.8044,7.0942",Pylône autostable,"44,5m",PHOENIX FRANCE INFRASTRUCTURES,AJO,,50|210|300,,True,False
2422085,TELCO OI,"LTE 2100, LTE 2600, 5G NR 700, 5G NR 3500",41 CHEMIN BOEUF-MORT 97419 LA POSSESSION,97408,"-20.9414,55.3383",Pylône arbre,"21,5m",Telco OI,ART,,5|160|255,,False,False
2424242,FREE MOBILE,LTE 800,D178 (LE MOULIN À VENT) 34360 ASSIGNAN,34015,"43.4008,2.8858",Pylône autostable,"26,5m","Commune, communauté de commune",AJO,,110|210,,True,False
2425166,FREE MOBILE,LTE 800, (LA POUEZE) 49520 OMBREE D ANJOU,49248,"47.6672,-1.1358",Pylône autostable,"31,9m",ON TOWER FRANCE,AJO,,5|120|225,,True,False
2425209,FREE MOBILE,LTE 800,CHEMIN DU MOUSSOU (GAYRAL) 82390 DURFORT LACAPELETTE,82051,"44.1786,1.1692",Pylône autostable,30m,ON TOWER FRANCE,AJO,,80|200|310,,True,False
2426606,FREE MOBILE,LTE 800, (LE MARTINET) 15500 MOLEDES,15126,"45.2628,3.0642",Pylône autostable,30m,ATC FRANCE,AJO,,45|140|310,,True,False
2426634,FREE MOBILE,LTE 800,32 RUE DU LAC LES MAZURES 08500 LES MAZURES,08284,"49.8819,4.5917",Pylône autostable,36m,ATC FRANCE,AJO,,185|345,,True,False
2428254,FREE MOBILE,LTE 800,VILLENEUVE D36D (HANS) 31430 MONTEGUT BOURJAC,31370,"43.2881,0.9831",Pylône autostable,"32,8m",ON TOWER FRANCE,AJO,,0|140|250,,True,False
2429423,FREE MOBILE,LTE 800,ROUTE DE BELLEVUE (KERMORVAN) 29690 BRENNILIS,29018,"48.3586,-3.8353",Pylône autostable,46m,PHOENIX FRANCE INFRASTRUCTURES,AJO,,140|230|320,,True,False
2433502,FREE MOBILE,LTE 800,RUE DU STADE 25190 VALONNE,25583,"47.3408,6.6703",Pylône autostable,"38,6m",SFR,AJO,,80|220|290,,True,False
2436460,FREE MOBILE,LTE 800,D28 ROUTE DES COUROTS 10210 PARGUES,10278,"48.0364,4.1994",Pylône tubulaire,32m,SFR,AJO,,0|120|240,,True,False
2437769,FREE MOBILE,LTE 800,MAINE CHILLAUD 16300 MONTMERAC,16224,"45.4453,-0.2119",Pylône autostable,"26,3m",PHOENIX FRANCE INFRASTRUCTURES,AJO,,70|200|330,,True,False
2437771,FREE MOBILE,LTE 800, (LES RENARDIERES) 24270 ST MESMIN,24464,"45.3572,1.1969",Pylône autostable,"34,5m",PHOENIX FRANCE INFRASTRUCTURES,AJO,,30|150|270,,True,False
2438038,FREE MOBILE,LTE 800,LES CHARBONNIERS 24270 DUSSAC,24158,"45.3989,1.0661",Pylône autostable,30m,SFR,AJO,,0|100|240,,True,False
2438417,FREE MOBILE,LTE 800,CHEMIN DE LA CABONNE (LE CHEYLAT) 15270 TREMOUILLE,15240,"45.3944,2.6528",Pylône arbre,30m,Conseil Régional,AJO,,40|190|310,,True,False
2438892,FREE MOBILE,LTE 800,D127 (LA ROCHE) 26160 ROCHEFORT EN VALDAINE,26272,"44.5108,4.8611",Pylône tubulaire,30m,ATC FRANCE,AJO,,185|350,,True,False
2439343,FREE MOBILE,LTE 800,ROUTE DU LAC (PREAUX) 07210 ROCHESSAUVE,07194,"44.6703,4.62",Pylône autostable,"32,6m","Syndicat des eaux, Adduction",AJO,,30|300,,True,False
2439740,FREE MOBILE,LTE 800, (LES AUBUES) 89520 THURY,89416,"47.5794,3.3247",Pylône autostable,"44,8m",ON TOWER FRANCE,AJO,,80|240|340,,True,False
2439742,FREE MOBILE,LTE 800,MAISON DE LA CHASSE (LIOS ET PALOUMASSE) 09140 SOUEIX ROGALLE,09299,"42.9064,1.2047",Pylône autostable,"38,8m",ON TOWER FRANCE,AJO,,60|160|320,,True,False
2442339,FREE MOBILE,LTE 800,9 RUE SAINT-KADOAN STADE COMMUNAL 29100 POULLAN SUR MER,29226,"48.085,-4.4181",Pylône tubulaire,25m,ATC FRANCE,AJO,,30|150|270,,True,False
2445147,FREE MOBILE,LTE 800,CH. COM. DU NAVALET (REVISCOLE) 07000 PRANLES,07184,"44.78,4.5925",Pylône autostable,"32,6m",PHOENIX FRANCE INFRASTRUCTURES,AJO,,0|175|240,,True,False
2445548,FREE MOBILE,LTE 800,ROUTE DE LAPLEAU DEPARTEMENTALE 98 (LA GOUTE) 19320 ST MERD DE LAPLEAU,19225,"45.2669,2.0944",Pylône autostable,"32,7m",Société Privée,AJO,,110|230|350,,True,False
2445987,FREE MOBILE,LTE 800,CHEMIN RURAL (SUC DE BOBOUCHET) 07290 ST SYMPHORIEN DE MAHUN,07299,"45.165,4.5728",Pylône autostable,"26,7m",Société Privée,AJO,,90|180|280,,True,False
2446328,FREE MOBILE,LTE 800,CHEMIN DE CHIROL (CHIROL) 26460 LES TONILS,26351,"44.5975,5.2053",Pylône autostable,24m,ATC FRANCE,AJO,,190|280,,True,False
2446996,FREE MOBILE,LTE 800,LA BRUYERE DEPARTEMENTALE 292 30770 ARRIGAS,30017,"43.9803,3.4842",Pylône autostable,"33,9m",TDF,AJO,,105|245|345,,True,False
2447800,FREE MOBILE,LTE 800,LE PRÉ CHAILLOUX (BOIS COMMUNAUX) 08380 LA NEUVILLE AUX JOUTES,08318,"49.9358,4.235",Pylône autostable,42m,SFR,AJO,,20|190|280,,True,False
2448723,FREE MOBILE,LTE 800,CHEMIN DE FONMAJOUTE D89 (CARRIERE) 81530 LE MASNAU MASSUGUIES,81158,"43.7761,2.5356",Pylône autostable,"44,8m",ON TOWER FRANCE,AJO,,80|220|340,,True,False
2449108,FREE MOBILE,LTE 800,ROUTE DES SAGNES/ D289 (GRANGE DE VOLLE) 07450 BURZET,07045,"44.7478,4.2369",Pylône autostable,18m,TDF,AJO,,65|140|340,,True,False
2449831,FREE MOBILE,LTE 800,CHEMIN DES SEIGNES 25380 CHAMESEY,25113,"47.2381,6.6375",Pylône autostable,"38,8m",ON TOWER FRANCE,AJO,,90|270,,True,False
2449835,FREE MOBILE,LTE 800,LES CARELLES 51320 FAUX VESIGNEUL,51244,"48.7869,4.3847",Pylône autostable,"40,4m",ON TOWER FRANCE,AJO,,120|250|350,,True,False
2451359,FREE MOBILE,LTE 800,D990 NORD DE BROMMET (LES CÔTES) 15800 PAILHEROLS,15146,"44.9281,2.6872",Pylône autostable,51m,ON TOWER FRANCE,AJO,,0|120|240,,True,False
2452444,FREE MOBILE,LTE 800,RD110 (PARC HERVÉ) 22480 LANRIVAIN,22115,"48.3417,-3.2394",Pylône autostable,"31,8m",ON TOWER FRANCE,AJO,,60|180|300,,True,False
2452458,FREE MOBILE,LTE 800,CHEMIN DES LONNES (LE REVEST) 83120 LE PLAN DE LA TOUR,83094,"43.3706,6.5608",Pylône arbre,14m,FREE-MOBILE,AJO,,160|270,,True,False
2453920,FREE MOBILE,LTE 800,D922 (SERIGNAC) 12700 CAUSSE ET DIEGE,12257,"44.5214,2.0267",Pylône autostable,24m,ATC FRANCE,AJO,,30|130|260,,True,False
2453922,FREE MOBILE,LTE 800,RÉSERVOIR D'EAU (PEYRO BRUNO) 11600 SALSIGNE,11372,"43.3328,2.3492",Pylône autostable,24m,ATC FRANCE,AJO,,0|120|240,,True,False
2454165,FREE MOBILE,LTE 800,CHEMIN DE LA CAUSSIÈRE VERS RÉSERVOIR (LA CAUSSIÈRE) 30170 MONOBLET,30172,"44.0125,3.8667",Château d'eau - réservoir,22m,"Commune, communauté de commune",AJO,,40|165|280,,True,False
2454687,FREE MOBILE,LTE 800,RD 150 SCE CAPT 34330 LE SOULIE,34305,"43.5544,2.6878",Pylône autostable,36m,ATC FRANCE,AJO,,0|140|270,,True,False
2455706,FREE MOBILE,LTE 800,ROUTE DE DUN VARENNES D998 55270 CHARPENTRY,55103,"49.2575,5.0336",Pylône autostable,"42,9m","Commune, communauté de commune",AJO,,70|200|300,,True,False
2459347,FREE MOBILE,LTE 800,PROCHE D72 (KERPRIMEL) 29520 ST THOIS,29267,"48.1644,-3.8728",Pylône autostable,36m,TOTEM,AJO,,30|150|270,,True,False
2459540,FREE MOBILE,LTE 800,RUE DES BERGERIES D117 (LES BERGERIES) 21320 MONT ST JEAN,21441,"47.2964,4.4061",Pylône autostable,"32,3m",FREE-MOBILE,AJO,,90|210|330,,True,True
2462334,FREE MOBILE,LTE 800,D14 (LA CHARME) 71220 ST BONNET DE JOUX,71394,"46.4931,4.4758",Pylône autostable,"38,9m",ON TOWER FRANCE,AJO,,0|120|240,,True,False
2462344,FREE MOBILE,LTE 800,LES LATTES D130 (LES SALIERES) 39240 CERNON,39086,"46.4442,5.6356",Pylône autostable,"44,9m",ON TOWER FRANCE,AJO,,40|190,,True,False
2462467,FREE MOBILE,LTE 800,STATION EPURATION 34360 ST JEAN DE MINERVOIS,34269,"43.4008,2.8006",Pylône autostable,24m,SFR,AJO,,160|350,,True,False
2463438,FREE MOBILE,LTE 800, (LACHASSAGNE) 15400 TRIZAC,15243,"45.2461,2.4892",Pylône autostable,48m,ON TOWER FRANCE,AJO,,0|120|240,,True,False
2463675,FREE MOBILE,LTE 800,CHEMIN DES COUSTAUX CHAMP DE LA CROIX 19290 SORNAC,19261,"45.6617,2.2053",Pylône autostable,"32,9m",PHOENIX FRANCE INFRASTRUCTURES,AJO,,90|220|315,,True,False
2464649,FREE MOBILE,LTE 800, (DIJOLY) 63580 ST ETIENNE SUR USSON,63340,"45.4978,3.4044",Pylône autostable,39m,ON TOWER FRANCE,AJO,,70|340,,True,False
2465067,FREE MOBILE,"LTE 900, LTE 2100",RUE DU PROFESSEUR MAURICE AUDI BASE DE LOISIRS DES GAYEULLES (BASE DE LOISIRS DES GAYEULLES) 35700 RENNES,35238,"48.1333,-1.6469",Pylône tubulaire,30m,TOTEM,ALL,,90|210|330,,False,False
2465783,FREE MOBILE,LTE 800, (L'ESTOUREL) 07230 PAYZAC,07171,"44.4692,4.1328",Pylône autostable,22m,TOTEM,AJO,,20|110|240,,True,False
2465785,FREE MOBILE,LTE 800, (BRUCETTO) 02870 BESNY ET LOIZY,2B080,"42.515,9.1411",Pylône autostable,"20,2m",ATC FRANCE,AJO,,100|260,,True,False
2466281,FREE MOBILE,LTE 800,CHEMIN DE TASSEAU (HUBAC DES TEYES) 83570 CARCES,83032,"43.4511,6.1589",Pylône autostable,33m,FREE-MOBILE,AJO,,40|130|290,,True,False
2466649,FREE MOBILE,LTE 800,CARPINA (TERRA ROSSA) 02400 BONNEIL,2A098,"41.7456,8.6961",Pylône autostable,20m,ATC FRANCE,AJO,,50|170|280,,True,False
2467395,FREE MOBILE,LTE 800,LES CREUSES 89630 ST LEGER VAUBAN,89349,"47.3992,4.0325",Pylône autostable,"44,3m",ON TOWER FRANCE,AJO,,30|200|300,,True,False
2467539,FREE MOBILE,LTE 800, (BOIS D'AJUDE) 07150 LAGORCE,07126,"44.4611,4.4261",Pylône autostable,30m,SFR,AJO,,80|210|310,,True,False
2469434,FREE MOBILE,LTE 800,PARCELLE AU BORD DE LA D7 KERHARO (KERFEURGUEL) 29770 CLEDEN CAP SIZUN,29028,"48.0611,-4.6472",Pylône autostable,30m,TOTEM,AJO,,80|190|300,,True,False
2469543,FREE MOBILE,LTE 800,LE MAS JOUAN D243 12410 SALLES CURAN,12253,"44.2028,2.8053",Pylône autostable,40m,ATC FRANCE,AJO,,100|220|340,,True,False
2470591,FREE MOBILE,LTE 800, (KERBRAD) 29520 ST GOAZEC,29249,"48.1592,-3.7675",Pylône autostable,"37,9m",ON TOWER FRANCE,AJO,,20|290,,True,False
2470593,FREE MOBILE,LTE 800,RUE DU LAVOIR 30330 LA BASTIDE D ENGRAS,30031,"44.0908,4.4772",Pylône arbre,"32,1m",ON TOWER FRANCE,AJO,,10|150|240,,True,False
2470615,FREE MOBILE,LTE 800, (LE TAILLIS DE BRAY) 72140 MONT ST JEAN,72211,"48.2419,-0.1194",Pylône autostable,"40,5m",ON TOWER FRANCE,AJO,,70|210|310,,True,False
2471350,FREE MOBILE,LTE 800, (GARRY) 30170 MONOBLET,30172,"43.9989,3.8769",Pylône tubulaire,15m,ORANGE,AJO,,40|170|290,,True,False
2471354,FREE MOBILE,LTE 800,CHEMIN DU PONTIOU (CANTAGREL) 12190 LE NAYRAC,12172,"44.6172,2.6764",Pylône autostable,30m,ATC FRANCE,AJO,,100|230|340,,True,False
2471916,FREE MOBILE,LTE 800, (L'HUBAC DE VALET) 07410 VAUDEVANT,07335,"45.1108,4.5878",Pylône autostable,30m,SFR,AJO,,60|150,,True,False
2472853,FREE MOBILE,LTE 800, (LES COURBES ET SUR LA COTE) 25160 VAUX ET CHANTEGRUE,25592,"46.8108,6.2436",Pylône autostable,40m,ATC FRANCE,AJO,,120|340,,True,False
2473497,FREE MOBILE,LTE 800, (LES ROCHILLOUX) 87310 GORRE,87073,"45.7367,0.9869",Pylône autostable,43m,ON TOWER FRANCE,AJO,,140|230|340,,True,False
2475033,FREE MOBILE,LTE 800,4 BARAIL DES PINS (LA GARE) 33430 LE NIZAN,33305,"44.4622,-0.2914",Pylône autostable,36m,TDF,AJO,,0|110|240,,True,False
2477638,FREE MOBILE,LTE 800, (BENTABERRIA) 64120 ETCHARRY,64221,"43.3239,-0.9206",Pylône autostable,"39,9m",ON TOWER FRANCE,AJO,,0|140|260,,True,False
2477857,FREE MOBILE,LTE 800,RUE DU REGARD 07580 ST PONS,07287,"44.5956,4.575",Pylône autostable,18m,ATC FRANCE,AJO,,130|210,,True,False
2478473,FREE MOBILE,LTE 800,ROUTE DU CHAMP DU LAC 16410 SERS,16368,"45.5925,0.3147",Pylône autostable,36m,SFR,AJO,,70|190|280,,True,False
2478522,FREE MOBILE,LTE 800, (LA CROIX DU SAINT PÈRE) 07520 LALOUVESC,07128,"45.1269,4.5275",Pylône autostable,"26,7m",SFR,AJO,,0|120|240,,True,False
2478773,FREE MOBILE,LTE 800,D60A STATION D'EPURATION (HENZENBICHEL) 57920 MONNEREN,57476,"49.3419,6.4075",Pylône autostable,39m,FREE-MOBILE,AJO,,70|210|340,,True,False
2478816,FREE MOBILE,LTE 800,ROUTE DE LA PLAGE 24220 COUX ET BIGAROQUE MOUZENS,24142,"44.8258,0.9686",Pylône autostable,30m,SFR,AJO,,30|120|270,,True,False
2480331,FREE MOBILE,LTE 800,IMPASSE DES PERINGEAUX 33190 ST MICHEL DE LAPUJADE,33453,"44.5911,0.0931",Pylône autostable,30m,SFR,AJO,,50|120|280,,True,False
2481709,FREE MOBILE,LTE 800,BOCCA A CROCE 02000 BARENTON CEL,2B047,"42.3047,9.0439",Pylône autostable,20m,TOTEM,AJO,,120|230,,True,False
2482253,FREE MOBILE,LTE 800,CHEMIN DE LA DÉCOUVERTE 11260 VAL DU FABY,11131,"42.9358,2.1906",Pylône autostable,24m,SFR,AJO,,0|120|240,,True,False
2482733,FREE MOBILE,LTE 800,ROUTE DE PLOUIGNEAU LA VILLENEUVE COAT AN DOUR (STADE FRANCOIS FLOCH) 29640 LANNEANOU,29114,"48.4911,-3.6694",Pylône autostable,33m,PHOENIX FRANCE INFRASTRUCTURES,AJO,,50|140|240,,True,False
2483572,FREE MOBILE,,VOIE COMMUNALE 21 LA MERCERIE (LES CHAUNES) 17210 CHEPNIERS,17099,"45.2631,-0.3261",Pylône autostable,42m,HIVORY,CHH,44m,,,False,False
2483676,FREE MOBILE,LTE 800,ROUTE DE PLEINE SELVE (PRÈS DES LOGES) 17150 ST BONNET SUR GIRONDE,17312,"45.3544,-0.6544",Pylône autostable,30m,ATC FRANCE,AJO,,0|100|270,,True,False
2483678,FREE MOBILE,LTE 800,20 ROUTE DU FOUR À CHAUX (LA CROIX) 17150 ST SORLIN DE CONAC,17405,"45.3706,-0.6786",Pylône autostable,24m,ATC FRANCE,AJO,,40|150|250,,True,False
2484020,FREE MOBILE,LTE 800,GRAND RUE (LE BOIS DEFENDU) 21130 MAGNY MONTARLOT,21367,"47.245,5.3431",Pylône autostable,"44,8m",ON TOWER FRANCE,AJO,,40|140|290,,True,False
2484026,FREE MOBILE,LTE 800,D 125 (AUX CHÊNES) 25380 BRETONVILLERS,25095,"47.2128,6.6317",Pylône autostable,"42,3m",FREE-MOBILE,AJO,,40|150|250,,True,False
2484030,FREE MOBILE,LTE 800,TREUZEULOM 29560 ARGOL,29001,"48.2508,-4.2622",Pylône autostable,37m,FREE-MOBILE,AJO,,0|120|240,,True,True
2484074,FREE MOBILE,LTE 800, (ARFEUIL) 71340 MAILLY,71271,"46.2214,4.1033",Pylône autostable,"36,3m",ON TOWER FRANCE,AJO,,40|150|270,,True,False
2486605,FREE MOBILE,LTE 800,DÉCHARGE MUNICIPALE (LES GRANDS CHAMPS) 21400 NOD SUR SEINE,21455,"47.7736,4.5653",Pylône autostable,"35,7m",ORANGE,AJO,,250|340,,True,False
2487658,FREE MOBILE,LTE 800, (LE PUECH) 34190 MONTOULIEU,34171,"43.9242,3.7867",Pylône autostable,21m,ON TOWER FRANCE,AJO,,50|220|320,,True,False
2487670,FREE MOBILE,LTE 800, (LE PIED DE LA BRUYÈRE) 53140 LA PALLU,53173,"48.5133,-0.2978",Pylône autostable,"37,9m",ON TOWER FRANCE,AJO,,160|270,,True,False
2488244,FREE MOBILE,LTE 800,PROCHE STATION ÉPURATION (LES TERTRES) 49490 NOYANT VILLAGES,49228,"47.4783,0.1592",Pylône autostable,"37,9m",FREE-MOBILE,AJO,,20|110|200,,True,False
2488340,FREE MOBILE,LTE 800,24 RUE DE BENON 33112 ST LAURENT MEDOC,33424,"45.1133,-0.8531",Pylône autostable,36m,SFR,AJO,,70|250|340,,True,False
2488769,FREE MOBILE,LTE 800,ROUTE LA MADELEINE LA GOUTTE RONDE (LA MADELEINE) 03370 ST ELOY D ALLIER,03228,"46.4986,2.3361",Pylône autostable,"38,6m",PHOENIX FRANCE INFRASTRUCTURES,AJO,,100|220|340,,True,False
2488938,FREE MOBILE,LTE 800,41 A MLN DE DAVID (LA BONNETIE) 24540 GAUGEAC,24195,"44.6594,0.8789",Pylône autostable,"24,2m",ATC FRANCE,AJO,,30|140|280,,True,False
2490049,FREE MOBILE,LTE 800,ROUTE DU TROCADÉRO 28240 ST MAURICE ST GERMAIN,28354,"48.49,1.0894",Pylône autostable,36m,ATC FRANCE,AJO,,150|250|350,,True,False
2490532,FREE MOBILE,LTE 800,FERME DE COIGNAMPUITS 91720 COURDIMANCHE SUR ESSONNE,91184,"48.4158,2.3358",Pylône autostable,"24,6m",ON TOWER FRANCE,AJO,,80|200|310,,True,False
2492248,FREE MOBILE,LTE 800,DÉPARTEMENTAL 36 (VACCILI) 02160 CUISSY ET GENY,2B252,"42.4275,9.4483",Pylône autostable,30m,SFR,AJO,,0|150|270,,True,False
2492424,FREE MOBILE,LTE 800, (FOURNIAL) 15500 MOLEDES,15126,"45.255,3.0561",Pylône autostable,30m,ATC FRANCE,AJO,,100|260,,True,False
2495388,FREE MOBILE,LTE 800,CHEMIN DE L EGLISE 81630 MONTVALEN,81185,"43.8644,1.5889",Monument religieux,37m,"Commune, communauté de commune",AJO,,0|127|217,,True,False
2495643,FREE MOBILE,LTE 800,360 CHEMIN DU STADE 26750 PARNANS,26225,"45.1039,5.1692",Pylône autostable,24m,SFR,AJO,,20|140|260,,True,False
2496583,FREE MOBILE,LTE 800,21 BOULEVARD BORRIGLIONE NRA ORANGE 06380 MOULINET,06086,"43.9425,7.4156",Pylône tubulaire,25m,ORANGE,AJO,,30|230,,True,False
2498924,FREE MOBILE,LTE 800,RUE DE BEAUREPAIRE D170 (LE BAS JARD) 49560 CLERE SUR LAYON,49102,"47.0883,-0.4264",Pylône autostable,"37,9m",ON TOWER FRANCE,AJO,,70|200|320,,True,False
2498928,FREE MOBILE,LTE 800, (LE FROMENTAL PECH DE RHODES) 46500 MIERS,46193,"44.8578,1.7033",Pylône autostable,"26,8m",ON TOWER FRANCE,AJO,,90|210|330,,True,False
2498934,FREE MOBILE,LTE 800, (LE GRAND VILLAGE) 28250 LA FRAMBOISIERE,28159,"48.5983,1.0072",Château d'eau - réservoir,"39,3m","Commune, communauté de commune",AJO,,0|120|240,,True,False
2498936,FREE MOBILE,LTE 800,D3 PROCHE AVENUE DES VIALAS (FORET DE MONZE) 11800 MONZE,11257,"43.1503,2.4908",Pylône autostable,27m,ON TOWER FRANCE,AJO,,170|270,,True,False
2498938,FREE MOBILE,LTE 800,PROCHE D8008  (FORET DE MONZE) 11800 MONZE,11257,"43.1567,2.4631",Pylône autostable,27m,ON TOWER FRANCE,AJO,,200|300,,True,False
2499149,FREE MOBILE,LTE 800,DE LA COMBE GIRAUD (DE LA COMBE GIRAUD) 23400 ST AMAND JARTOUDEIX,23181,"45.9039,1.7017",Pylône autostable,"40,5m",PHOENIX FRANCE INFRASTRUCTURES,AJO,,60|180|300,,True,False
2499151,FREE MOBILE,LTE 800,PEIRA CAVA NORD (PEIRA CAVA NORD) 06440 LUCERAM,06077,"43.9389,7.3686",Pylône autostable,"26,4m",BOUYGUES,AJO,,120|220|310,,False,False
2499153,FREE MOBILE,LTE 800,179 PISTE DE L'UESTI 06910 PIERREFEU,06097,"43.8708,7.0875",Pylône autostable,"26,7m",BOUYGUES,AJO,,100|190|280,,True,False
2499169,FREE MOBILE,LTE 800,LAPLEOUX 23460 ST MARC A LOUBAUD,23212,"45.8311,1.9758",Pylône autostable,"34,5m",PHOENIX FRANCE INFRASTRUCTURES,AJO,,80|240|350,,True,False
2499171,FREE MOBILE,LTE 800,CHATREIX 23430 ST MARTIN STE CATHERINE,23217,"45.9503,1.5697",Pylône autostable,"52,5m",PHOENIX FRANCE INFRASTRUCTURES,AJO,,90|230|340,,True,False
2503485,FREE MOBILE,LTE 800,TY DOUAR 29450 COMMANA,29038,"48.4181,-3.9764",Pylône autostable,"31,9m",ON TOWER FRANCE,AJO,,110|240|350,,True,False
2505409,FREE MOBILE,LTE 800,ROUTE DE PICOU 12190 COUBISOU,12079,"44.5881,2.7353",Pylône autostable,42m,SFR,AJO,,120|230|340,,True,False
2505940,FREE MOBILE,LTE 800,LA GARENNE D152 17520 ST MAIGRIN,17357,"45.4253,-0.2781",Pylône autostable,30m,SFR,AJO,,130|240|340,,True,False
2505959,FREE MOBILE,LTE 800,RÉSERVOIR SÉGINAUD (SÉGINAUD) 24700 EYGURANDE ET GARDEDEUIL,24165,"45.0817,0.1017",Château d'eau - réservoir,32m,"Syndicat des eaux, Adduction",AJO,,70|140|220,,True,False
2506111,FREE MOBILE,LTE 800, (COUSTAL AGRE) 11300 TOURREILLES,11394,"43.0125,2.1633",Pylône autostable,"32,8m",ON TOWER FRANCE,AJO,,50|320,,True,False
2506117,FREE MOBILE,LTE 800,ROUTE DU BOURG D14 (L ACRE A FOLIE) 27150 MESNIL SOUS VIENNE,27405,"49.3833,1.6617",Pylône tubulaire,"43,3m",ON TOWER FRANCE,AJO,,40|180|300,,True,False
2506119,FREE MOBILE,LTE 800,RUE DES PRÈS 30350 SAVIGNARGUES,30314,"43.9717,4.0781",Pylône autostable,45m,ON TOWER FRANCE,AJO,,60|150|290,,True,False
2506123,FREE MOBILE,LTE 800,PROCHE D18 (LE FLOURDON) 43190 LE MAS DE TENCE,43129,"45.1342,4.3614",Pylône autostable,51m,ON TOWER FRANCE,AJO,,0|120|220,,True,False
2506125,FREE MOBILE,LTE 800,LA LISTE (VIOCHES) 43800 MEZERES,43134,"45.1694,4.0228",Pylône autostable,"44,9m",ON TOWER FRANCE,AJO,,180|300,,True,False
2506127,FREE MOBILE,LTE 800,PROCHE D126 (LES GARDETTES) 43340 RAURET,43160,"44.7958,3.7881",Pylône autostable,"38,9m",ON TOWER FRANCE,AJO,,0|120|240,,True,False
2506133,FREE MOBILE,LTE 800,PROCHE DU CHEMIN DE SARRE (EN SARRE SUD) 71220 VEROSVRES,71571,"46.3828,4.4344",Pylône autostable,"38,8m",ON TOWER FRANCE,AJO,,40|160|260,,True,False
2506135,FREE MOBILE,LTE 800,LA TOUR DES REGRETS D365 (LES CRAYS) 71250 LA VINEUSE SUR FREGANDE,71582,"46.4672,4.5972",Pylône autostable,"38,9m",ON TOWER FRANCE,AJO,,0|90|240,,True,False
2506143,FREE MOBILE,LTE 800,CHEMIN DE LA GROSSE PIERRE (AU DERRIERE DEVANT LE BOIS) 88470 LA BOURGONCE,88068,"48.3128,6.8103",Pylône autostable,"44,9m",ON TOWER FRANCE,AJO,,60|150|240,,True,False
2506743,FREE MOBILE,LTE 800,LE CHEMIN DE SEZANNE (SUR LES FOSSES) 51120 BROYES,51092,"48.7572,3.7575",Pylône autostable,32m,ON TOWER FRANCE,AJO,,80|170|280,,True,False
2508747,FREE MOBILE,LTE 800,ROUTE DE CHARCENNE 70150 AVRIGNEY VIREY,70045,"47.3428,5.7758",Pylône autostable,"42,3m",ON TOWER FRANCE,AJO,,0|170|270,,True,False
2508761,FREE MOBILE,LTE 800,GRANDE RUE D79 (LA LONGUE CROIX) 88500 ST PRANCHER,88433,"48.3433,5.9636",Pylône autostable,"38,9m",ON TOWER FRANCE,AJO,,60|160|280,,True,False
2508763,FREE MOBILE,LTE 800,RUE GRANDE D5 (LE PRE BRULE) 88260 SENONGES,88452,"48.1475,6.065",Pylône autostable,"38,8m",ON TOWER FRANCE,AJO,,160|250|350,,True,False
2509938,FREE MOBILE,LTE 800,D 237 ANCIEN CIMETIÈRE DE CLRMONT 32300 CLERMONT POUYGUILLES,32104,"43.4742,0.5336",Pylône autostable,44m,SFR,AJO,,70|250|340,,True,False
2511684,FREE MOBILE,LTE 800, (LE PIEMONT) 32100 BLAZIERT,32057,"43.9147,0.5028",Château d'eau - réservoir,"31,3m",SFR,AJO,,110|250|330,,True,False
2512229,FREE MOBILE,LTE 800,PROCHE DE LA ROUTE DE LA CROIX JEANPRAT 51310 LES ESSARTS LE VICOMTE,51236,"48.655,3.5536",Pylône autostable,"38,8m",ON TOWER FRANCE,AJO,,60|180|270,,True,False
2512233,FREE MOBILE,LTE 800, (LA PLAINE) 34270 VACQUIERES,34318,"43.8117,3.9297",Pylône haubané,"25,1m",FREE-MOBILE,AJO,,15|105|200,,True,False
2512758,FREE MOBILE,LTE 800,D14 (MONTAHUC) 34390 ST JULIEN,34271,"43.5864,2.8678",Pylône autostable,25m,TDF,AJO,,100|260,,True,False
2514725,FREE MOBILE,LTE 800,CHEMIN RURAL DE LA CHAFFOTTE (PAQUIS DE LA CROSSE) 55300 VARNEVILLE,55528,"48.8736,5.6492",Pylône autostable,"20,8m",ON TOWER FRANCE,AJO,,20|120,,True,False
2514731,FREE MOBILE,LTE 800,CHEMIN BENAYOUX (BENAYOUX) 63270 ISSERTEAUX,63177,"45.6642,3.3894",Pylône autostable,45m,ON TOWER FRANCE,AJO,,100|220|340,,True,False
2515557,FREE MOBILE,LTE 800,D 119 09100 BEZAC,09056,"43.1431,1.5842",Pylône autostable,38m,SFR,AJO,,20|110|290,,True,False
2516282,FREE MOBILE,LTE 800,RUE DE LA CROIX BOUESSEE (LE FONTENIL) 35120 LA BOUSSAC,35034,"48.5036,-1.6564",Pylône autostable,32m,PHOENIX FRANCE INFRASTRUCTURES,AJO,,0|120|240,,True,False
2516288,FREE MOBILE,LTE 800,ROUTE DE LA SALVETAT DEPARTEMENTALE 907 (MOUREL DES CLOTS) 34220 ST PONS DE THOMIERES,34284,"43.5078,2.7458",Pylône autostable,"26,3m",PHOENIX FRANCE INFRASTRUCTURES,AJO,,80|260|350,,True,False
2516300,FREE MOBILE,LTE 800,STATION DE SKI LA MOULIERE (ENTREMUAILLE ET L'AUPS) 06750 CAILLE,06028,"43.7556,6.7789",Pylône autostable,12m,PHOENIX FRANCE INFRASTRUCTURES,AJO,,40|130|290,,True,False
2516785,FREE MOBILE,LTE 800,PROCHE ROUTE DE LA CHEZE (LE BOUCHAT) 43520 MAZET ST VOY,43130,"45.0408,4.205",Pylône autostable,33m,ON TOWER FRANCE,AJO,,0|120|240,,True,False
2516801,FREE MOBILE,LTE 800,ROUTE DES RONDEAUX 89320 ARCES DILO,89014,"48.0772,3.5922",Pylône autostable,"42,3m",ON TOWER FRANCE,AJO,,10|160,,True,False
2518120,FREE MOBILE,LTE 800,RUE DES RAJEUSES D 141 89320 ARCES DILO,89014,"48.1247,3.5978",Pylône autostable,"42,3m",ON TOWER FRANCE,AJO,,150|250|340,,True,False
2518158,FREE MOBILE,LTE 800,D37 (BEAUFRIAS) 63880 OLLIERGUES,63258,"45.6986,3.6633",Pylône autostable,45m,ON TOWER FRANCE,AJO,,60|180|300,,True,False
2518921,FREE MOBILE,LTE 800, (LA ROQUE) 34320 FOS,34104,"43.5703,3.2481",Pylône autostable,"26,9m",ON TOWER FRANCE,AJO,,0|90|180,,True,False
2518923,FREE MOBILE,LTE 800,SOUSVILLE 38970 PELLAFOL,38299,"44.7739,5.9039",Pylône autostable,27m,ON TOWER FRANCE,AJO,,70|290,,True,False
2520198,FREE MOBILE,LTE 800,RTE DE LA GARE (A DOAT) 32190 LANNEPAX,32190,"43.7944,0.2317",Pylône autostable,30m,ATC FRANCE,AJO,,110|240|340,,True,False
2520508,FREE MOBILE,LTE 800,ROUTE DU MOLLARD D43C 73240 ST GENIX LES VILLAGES,73236,"45.6042,5.7022",Pylône autostable,"33,5m",ON TOWER FRANCE,AJO,,10|150|270,,True,False
2521391,FREE MOBILE,LTE 800,LES SENCIVES 72170 MOITRON SUR SARTHE,72199,"48.2433,0.0522",Pylône autostable,"37,9m",ON TOWER FRANCE,AJO,,120|230|320,,True,False
2524176,FREE MOBILE,LTE 800,GRANDES VERSENNES 17520 ST CIERS CHAMPAGNE,17316,"45.4392,-0.3153",Pylône autostable,42m,SFR,AJO,,30|160|290,,True,False
2524361,FREE MOBILE,LTE 800,RUE DE PALAUZET (PALAUZETS) 12340 PALMAS D AVEYRON,12177,"44.4517,2.855",Pylône autostable,"24,2m",ATC FRANCE,AJO,,50|170|280,,True,False
2526028,FREE MOBILE,LTE 800,ROUTE DU DEPARTEMENT D25 PARKING DU GARDOUR 17390 LA TREMBLADE,17452,"45.7669,-1.2133",Pylône autostable,45m,ON TOWER FRANCE,AJO,,90|200|310,,True,False
2526034,FREE MOBILE,LTE 800,RUE DES SAULES (DOZ CRAY) 25430 SANCEY,25529,"47.3103,6.5819",Pylône autostable,"44,8m",ON TOWER FRANCE,AJO,,30|150|240,,True,False
2526036,FREE MOBILE,LTE 800,CHEMIN D ECHE (QUARTIE ECHE) 32100 CONDOM,32107,"43.9569,0.3158",Pylône autostable,"26,8m",ON TOWER FRANCE,AJO,,40|170|260,,True,False
2526044,FREE MOBILE,LTE 800,CHAMPS PIERRETS D 181 (BOIS DU BOUQUIN) 58800 CHAUMOT,58069,"47.2511,3.6369",Pylône autostable,"36,3m",ON TOWER FRANCE,AJO,,50|190|280,,True,False
2526046,FREE MOBILE,LTE 800,LE CORDIER (PARIOUX) 58290 LIMANTON,58142,"47.0139,3.7558",Pylône autostable,"44,8m",ON TOWER FRANCE,AJO,,40|150|280,,True,False
2526050,FREE MOBILE,LTE 800,2 RUE DU CIMETIÈRE 62140 TORTEFONTAINE,62824,"50.3203,1.9228",Pylône autostable,"40,4m",ON TOWER FRANCE,AJO,,30|210|300,,True,False
2526070,FREE MOBILE,LTE 800,LE MOULINCAT (LA PRIMAUBE) 81190 MONTIRAT,81180,"44.1364,2.0928",Pylône autostable,"32,8m",ON TOWER FRANCE,AJO,,10|130|230,,True,False
2526417,FREE MOBILE,LTE 800,D570 (MAS D'EYMINI) 13460 SAINTES MARIES DE LA MER,13096,"43.5808,4.4322",Pylône autostable,30m,ATC FRANCE,AJO,,60|200|300,,True,False
2526852,FREE MOBILE,LTE 800,LE SOURT (PLAINE DE PIC) 09300 FREYCHENET,09126,"42.9047,1.7053",Pylône autostable,24m,ATC FRANCE,AJO,,90|230|330,,True,False
2527818,FREE MOBILE,LTE 800,VOIE COMMUNALE N° 303 (CHAMPS DES CHOUX) 08210 YONCQ,08502,"49.5639,5.0053",Pylône autostable,44m,SFR,AJO,,60|180|290,,True,False
2528306,FREE MOBILE,LTE 800,ROUTE VERS POMAROLS (CASSAGNE) 09240 DURBAN SUR ARIZE,09108,"43.0164,1.35",Pylône autostable,"38,8m",ON TOWER FRANCE,AJO,,70|250|340,,True,False
2528308,FREE MOBILE,LTE 800,RUE DU BREUIL 27410 MESNIL EN OUCHE,27049,"49.0022,0.6344",Pylône tubulaire,"43,3m",ON TOWER FRANCE,AJO,,80|190|340,,True,False
2528310,FREE MOBILE,LTE 800, (VAULIARD) 41150 VEUZAIN SUR LOIRE,41167,"47.545,1.1356",Pylône autostable,"43,8m",ON TOWER FRANCE,AJO,,10|100|260,,True,False
2528312,FREE MOBILE,LTE 800,PROCHE CHEMIN DU REZ 42110 VALEILLE,42319,"45.7053,4.295",Pylône tubulaire,39m,ON TOWER FRANCE,AJO,,0|120|240,,True,False
2528314,FREE MOBILE,LTE 800,RUE LE SUC DE MONTAIGU (GRANOUILLET) 43200 YSSINGEAUX,43268,"45.1006,4.1247",Pylône autostable,36m,ON TOWER FRANCE,AJO,,0|240,,True,False
2528316,FREE MOBILE,LTE 800, (RONC DU JOUQUEIROU) 48800 PREVENCHERES,48119,"44.4844,3.9353",Pylône autostable,21m,ON TOWER FRANCE,AJO,,40|130|230,,True,False
2528741,FREE MOBILE,LTE 800,LE PRÉ AU PONT (LA VIGNE) 08130 SAULCES CHAMPENOISES,08401,"49.4581,4.5047",Pylône autostable,32m,SFR,AJO,,70|180|310,,True,False
2529392,FREE MOBILE,LTE 800,RUE DE SAINT AMAND DEPARTEMENTALE 117C (AU BOULET) 21210 THOISY LA BERCHERE,21629,"47.2669,4.3347",Pylône autostable,"26,7m",PHOENIX FRANCE INFRASTRUCTURES,AJO,,40|160|280,,True,False
2529429,FREE MOBILE,LTE 800,PROCHE DE LA ROUTE DE GAILLAC (LA MONDINE) 81310 PARISOT,81202,"43.8075,1.8453",Pylône autostable,"44,8m",ON TOWER FRANCE,AJO,,90|230|340,,True,False
2529850,FREE MOBILE,LTE 800,ROUTE DU COL DES CHAMPS TELESKI DE LA LUNETTA 06470 ST MARTIN D ENTRAUNES,06125,"44.1517,6.7378",Pylône autostable,26m,PHOENIX FRANCE INFRASTRUCTURES,AJO,,0|120|240,,True,False
2529856,FREE MOBILE,LTE 800,PISTE ESPINASSIER NORD 34220 VERRERIES DE MOUSSANS,34331,"43.4392,2.6658",Pylône autostable,"46,5m",BOUYGUES,AJO,,60|170|280,,True,False
2529870,FREE MOBILE,LTE 800,PROCHE CHEMIN DE MEJEAN LES FIGUIERES 13820 ENSUES LA REDONNE,13033,"43.3331,5.2131",Château d'eau - réservoir,"10,7m","Syndicat des eaux, Adduction",AJO,,130|230,,True,False
2530822,FREE MOBILE,LTE 800,TERRAIN MUNICIPAL VERS CASTILLOU (MATTE DE BERTRAND) 11190 LUC SUR AUDE,11209,"42.9664,2.2822",Pylône autostable,30m,SFR,AJO,,60|240,,True,False
2532279,FREE MOBILE,LTE 800,PROCHE ROUTE DE SAINT MARTORY (CHIRETTE) 31360 AUZAS,31034,"43.1733,0.8986",Pylône autostable,"49,8m",ON TOWER FRANCE,AJO,,100|230|320,,True,False
2532301,FREE MOBILE,LTE 800,AUX ABORDS DE LA D74 (LA PLACETTE) 80300 MIRAUMONT,80549,"50.0878,2.7408",Pylône autostable,"34,2m",ON TOWER FRANCE,AJO,,50|180|320,,True,False
2532305,FREE MOBILE,LTE 800,ROUTE DE BRION 89400 BRION,89056,"48.0061,3.4631",Pylône autostable,"36,3m",ON TOWER FRANCE,AJO,,130|310,,True,False
2532600,FREE MOBILE,LTE 800,RTE DE VALIGNY CHAMP DE GARNE 18210 BESSAIS LE FROMENTAL,18029,"46.7286,2.7867",Pylône autostable,"37,7m",BOUYGUES,AJO,,40|175|310,,True,False
2534700,FREE MOBILE,LTE 800,ROUTE DEPARTEMENTALE N°8 DE FOIX À SEIX (LARAMADE D'EN BAS) 09220 ILLIER ET LARAMADE,09143,"42.7839,1.5558",Pylône autostable,36m,ATC FRANCE,AJO,,90|260,,True,False
2534792,FREE MOBILE,LTE 800,CHEMIN DU MONT SERIN (LABERGEMENT-DU-NAVOIS) 25270 LEVIER,25334,"46.9769,6.0642",Pylône autostable,40m,TOTEM,AJO,,90|235,,True,False
2534796,FREE MOBILE,LTE 800,LIEU-DIT PUECH DE LA CAM (PUECH DE LA CAM) 34150 PUECHABON,34221,"43.7131,3.625",Pylône autostable,12m,"Commune, communauté de commune",AJO,,180|290,,True,False
2535038,FREE MOBILE,LTE 800,VOIE COMMUNALE 8 PROCHE CHAPELLE DU LOGO (LE LOGO) 22480 ST CONNAN,22284,"48.4181,-3.1194",Pylône autostable,"42,5m",PHOENIX FRANCE INFRASTRUCTURES,AJO,,30|120|270,,True,False
2535573,FREE MOBILE,LTE 800,LA MORIBIÈRE 23400 AURIAT,23012,"45.8667,1.6694",Pylône autostable,"46,5m",PHOENIX FRANCE INFRASTRUCTURES,AJO,,120|260|350,,True,False
2536165,FREE MOBILE,LTE 800,ROUTE DES OUCHES (LA FRERIE) 16170 ECHALLAT,16123,"45.7267,-0.0311",Pylône autostable,30m,ATC FRANCE,AJO,,150|250|340,,True,False
2536418,FREE MOBILE,LTE 800,LES BARRES 38970 MONESTIER D AMBEL,38241,"44.7764,5.9281",Pylône autostable,33m,ON TOWER FRANCE,AJO,,250|340,,True,False
2536420,FREE MOBILE,LTE 800,LE BOURG D561 (LE SUC) 43160 BERBEZIT,43027,"45.2864,3.5947",Pylône autostable,33m,FREE-MOBILE,AJO,,0|120|240,,True,False
2536422,FREE MOBILE,LTE 800,PROCHE CAMI DE COPAU (LOUPIN) 64150 SAUVELADE,64512,"43.3928,-0.7239",Pylône autostable,"38,8m",ON TOWER FRANCE,AJO,,60|180|300,,True,False
2536426,FREE MOBILE,LTE 800,CHEMIN LA BROSSE (LA BROSSE) 72110 COURCIVAL,72102,"48.2342,0.3858",Pylône autostable,"37,8m",ON TOWER FRANCE,AJO,,20|140|260,,True,False
2537140,FREE MOBILE,LTE 800, (CHAMPS DES ROCHES) 25310 GLAY,25274,"47.4131,6.9017",Pylône autostable,"42,3m",ON TOWER FRANCE,AJO,,200|325,,True,False
2537770,FREE MOBILE,LTE 800,LA GARDE 43170 CUBELLES,43083,"45.0108,3.5547",Pylône autostable,45m,ON TOWER FRANCE,AJO,,30|150|270,,True,False
2538092,FREE MOBILE,LTE 800,RTE DES CARRIÈRES (MASMOUTIER) 19130 ST BONNET LA RIVIERE,19187,"45.2897,1.3525",Pylône autostable,36m,TDF,AJO,,0|120|240,,True,False
2538252,FREE MOBILE,LTE 800,RÉSERVE ZOOLOGIQUE DE LA HAUTE-TOUCHE (LA HAUTE-TOUCHE) 36290 OBTERRE,36145,"46.8867,1.0614",Pylône arbre,"36,6m",ON TOWER FRANCE,AJO,,80|220|310,,True,False
2538301,FREE MOBILE,LTE 800, (COSTA) 02190 VILLENEUVE SUR AISNE,2A360,"41.8486,8.9917",Pylône autostable,42m,SFR,AJO,,50|120|200,,True,False
2539066,FREE MOBILE,LTE 800,1 CHEMIN DES COMMUNES RUE DE LA NOURRIE 77230 NANTOUILLET,77332,"48.9992,2.7042",Pylône autostable,"31,9m",ON TOWER FRANCE,AJO,,120|230|350,,True,False
2540266,FREE MOBILE,LTE 800, (LA GARNASSE) 43300 TAILHAC,43242,"45.0433,3.4758",Pylône autostable,45m,ON TOWER FRANCE,AJO,,0|120|240,,True,False
2540270,FREE MOBILE,LTE 800, (DE MAZEAU) 23200 BLESSAC,23024,"45.9672,2.0808",Pylône autostable,43m,ON TOWER FRANCE,AJO,,90|220|340,,True,False
2540960,FREE MOBILE,LTE 800,CHEMIN RURAL PROCHE ESTALENS (LALANNE) 32110 ST MARTIN D ARMAGNAC,32390,"43.7194,-0.0678",Pylône autostable,30m,ATC FRANCE,AJO,,30|130|230,,True,False
2542823,FREE MOBILE,LTE 800,PROCHE ROUTE LE PISSEREAU (LES BOUILLES) 36120 JEU LES BOIS,36089,"46.6703,1.7961",Pylône autostable,"37,9m",ON TOWER FRANCE,AJO,,0|170|270,,True,False
2542825,FREE MOBILE,LTE 800,VOIE COMMUNALE N3 (A CALLION) 32800 RAMOUZENS,32338,"43.7967,0.1875",Pylône autostable,"44,8m",ON TOWER FRANCE,AJO,,30|210|300,,True,False
2542835,FREE MOBILE,LTE 800,SERRE DU PIBOU 05200 CROTS,05045,"44.5094,6.46",Pylône arbre,"19,2m",ON TOWER FRANCE,AJO,,90|190|290,,True,False
2543755,FREE MOBILE,LTE 800, (LA COTE) 23190 ST SILVAIN BELLEGARDE,23241,"45.97,2.3056",Pylône autostable,30m,TDF,AJO,,100|200|330,,True,False
2544135,FREE MOBILE,LTE 800,ROUTE DU SAPENAY D54 (CESSENS) 73410 ENTRELACS,73010,"45.7992,5.8775",Pylône autostable,"38,8m",ON TOWER FRANCE,AJO,,70|160|250,,True,False
2544383,FREE MOBILE,LTE 800,ROUTE DE DIJON CLAIRVAUX - D 396 ETS REGNIER 10310 VILLE SOUS LA FERTE,10426,"48.1514,4.7956",Pylône autostable,24m,ATC FRANCE,AJO,,235,,True,False
2544815,FREE MOBILE,LTE 800,CHEMIN VERS LA DODINIÈRE (LA BRETONNIERE) 41150 MESLAND,41137,"47.5225,1.0831",Pylône autostable,"43,8m",ON TOWER FRANCE,AJO,,90|190|300,,True,False
2544835,FREE MOBILE,LTE 800,ROUTE DE BEAUVERT D45 (LES VALETTES) 87190 DOMPIERRE LES EGLISES,87057,"46.2206,1.2519",Pylône autostable,"43,9m",ON TOWER FRANCE,AJO,,0|120|230,,True,False
2545883,FREE MOBILE,LTE 800,CHE DE LA COUTURE (LA VOYE DE TAGNON) 08300 ST LOUP EN CHAMPAGNE,08386,"49.4542,4.2317",Pylône autostable,30m,ATC FRANCE,AJO,,20|265,,False,False
2546389,FREE MOBILE,LTE 800,RUE DE L ODET 29520 LAZ,29122,"48.1325,-3.835",Pylône autostable,"37,9m",ON TOWER FRANCE,AJO,,20|120|240,,True,False
2546395,FREE MOBILE,LTE 800,ROUTE DE LA PETITE BEUGERE (LE PETIT JARDIN) 53120 CARELLES,53047,"48.3908,-0.9058",Pylône autostable,"37,9m",ON TOWER FRANCE,AJO,,50|170|290,,True,False
2546397,FREE MOBILE,LTE 800, (LE SART) 55190 BROUSSEY EN BLOIS,55084,"48.6342,5.5458",Pylône autostable,"26,3m",ON TOWER FRANCE,AJO,,20,,True,False
2548549,FREE MOBILE,LTE 800,VC 102 DE ST-PAUL À PUISSETTIER (LES BUREAUX) 23350 TERCILLAT,23252,"46.3964,2.0472",Pylône autostable,30m,ATC FRANCE,AJO,,30|200|300,,True,False
2548863,FREE MOBILE,LTE 800,REBIERE HAUTE 19390 CHAUMEIL,19051,"45.4419,1.8725",Pylône autostable,"43,8m",ON TOWER FRANCE,AJO,,20|140|260,,True,False
2548875,FREE MOBILE,LTE 800,CHEMIN LA BOULANGERIE (LES BRISARDS) 49321,49321,"47.4569,-0.9467",Pylône autostable,"31,9m",FREE-MOBILE,AJO,,140|240|340,,True,False
2550585,FREE MOBILE,LTE 800,CHE DE TAP (FOUNT DE L'ESPIÉ) 09800 BALAGUERES,09035,"42.9669,1.0258",Pylône autostable,18m,ATC FRANCE,AJO,,240,,True,False
2552554,FREE MOBILE,LTE 800,110 ARMENTIÈRE ET PETIT 09300 FREYCHENET,09126,"42.8933,1.7364",Pylône autostable,36m,ATC FRANCE,AJO,,70|180,,True,False
2555518,FREE MOBILE,LTE 800, (VIGNE DE CAPUT) 24540 BIRON,24043,"44.6214,0.8994",Pylône autostable,42m,ON TOWER FRANCE,AJO,,30|210|300,,True,False
2557326,FREE MOBILE,LTE 800,CHE DE MADELBOS (LA MONTAGNE) 15130 ARPAJON SUR CERE,15012,"44.8475,2.4667",Pylône autostable,30m,ATC FRANCE,AJO,,0|95|280,,True,False
2561623,FREE MOBILE,LTE 800, (LA COHARDE) 15500 LAURIE,15098,"45.2914,3.0503",Pylône autostable,44m,SFR,AJO,,0|140|240,,True,False
2561625,FREE MOBILE,LTE 800,25 CHEMIN DES BUISSES 26230 CHAMARET,26070,"44.3967,4.8728",Pylône autostable,30m,SFR,AJO,,0|120|240,,True,False
2561822,FREE MOBILE,LTE 800,CHEMIN RURAL (REBIERE) 24590 JAYAC,24215,"45.0389,1.3439",Pylône autostable,"35,3m",ORANGE,AJO,,80|180|290,,True,False
2563106,FREE MOBILE,LTE 800,IMPASSE DES GENÊTS 24530 QUINSAC,24346,"45.4364,0.695",Pylône autostable,44m,SFR,AJO,,20|90|160,,True,False
2563668,FREE MOBILE,LTE 800,ROUTE DE L'AMARGADE 31420 SAMOUILLAN,31529,"43.2806,0.9503",Pylône autostable,42m,HIVORY,AJO,,70|170|270,,True,False
256379,FREE MOBILE,LTE 800,VC 131 (CHAMP DE LA CROIX) 21140 LANTILLY,21341,"47.5467,4.3658",Pylône autostable,30m,HIVORY,AJO,,90|240|330,,False,False
2564666,FREE MOBILE,LTE 800,D 925 AU DESSUS DU MESNIL (ENTRE DEUX VILLES) 08190 HOUDILCOURT,08229,"49.4258,4.1092",Pylône autostable,32m,SFR,AJO,,90|250|350,,True,False
2565453,FREE MOBILE,LTE 800,CHEMIN RURAL LES BLACHES (LES BLACHES) 26110 CURNIER,26112,"44.3703,5.2328",Pylône autostable,"20,5m",TDF,AJO,,70|230|320,,True,False
2566183,FREE MOBILE,LTE 800,LE PUECH CAVENAC (CAVENAC) 34220 ST PONS DE THOMIERES,34284,"43.4597,2.7558",Pylône autostable,28m,BOUYGUES,AJO,,0|90|270,,True,False
2567405,FREE MOBILE,LTE 800,ANCIEN CHEMIN DE SAUVE  CHE VICINAL 3 BIS (LA BRUYERE) 30170 DURFORT ET ST MARTIN DE SOSSENAC,30106,"43.9917,3.9683",Pylône autostable,30m,ATC FRANCE,AJO,,40|160|260,,True,False
2568276,FREE MOBILE,LTE 800,1 LE BOURG 33220 ST ANDRE ET APPELLES,33369,"44.8133,0.2153",Pylône autostable,"32,3m",PHOENIX FRANCE INFRASTRUCTURES,AJO,,0|120|240,,True,False
2568278,FREE MOBILE,LTE 800,RUE PRINCIPALE (LE TROU DU CHAT) 23480 LE DONZEIL,23074,"46.0367,1.9922",Pylône autostable,"47,1m",PHOENIX FRANCE INFRASTRUCTURES,AJO,,60|190|280,,True,False
2568387,FREE MOBILE,LTE 800, (LORIOUX) 16240 BRETTES,16059,"45.9878,0.0139",Pylône autostable,"41,1m",HIVORY,AJO,,45|115|205,,True,False
2574887,FREE MOBILE,LTE 800,LIEU-DIT LA VILETTE (LA VILETTE) 23600 NOUZERINES,23146,"46.3886,2.1156",Pylône autostable,"32,3m",PHOENIX FRANCE INFRASTRUCTURES,AJO,,120|240|350,,True,False
2577488,FREE MOBILE,LTE 800,RTE DE LA GARE (PUECH) 12330 MARCILLAC VALLON,12138,"44.4678,2.4589",Pylône autostable,42m,HIVORY,AJO,,50|130|340,,True,False
2581063,FREE MOBILE,LTE 800, (BERTOUS) 32170 STE DODE,32373,"43.4158,0.3947",Pylône autostable,36m,SFR,AJO,,40|140|280,,True,False
2581559,FREE MOBILE,LTE 800,ROUTE DE PUY LA GANE (PUY LA GANE) 19550 ST HILAIRE FOISSAC,19208,"45.3308,2.1175",Pylône autostable,38m,BOUYGUES,AJO,,90|230|350,,True,False
2582856,FREE MOBILE,LTE 800,PLAINE DE RIEUBACH (LE GAY) 09290 LE MAS D AZIL,09181,"43.0614,1.3339",Pylône autostable,36m,ATC FRANCE,AJO,,30|110|300,,True,False
2584039,FREE MOBILE,LTE 800,DERRIERE LE CIMETIERE	 (CHAVAROCHE) 15400 TRIZAC,15243,"45.2414,2.5525",Pylône autostable,30m,TOTEM,AJO,,120|195|315,,True,False
2584398,FREE MOBILE,LTE 800,PARC ROCH PELAN 22320 LE HAUT CORLAY,22074,"48.3633,-3.0214",Pylône autostable,31m,PHOENIX FRANCE INFRASTRUCTURES,AJO,,120|210|320,,True,False
2586009,FREE MOBILE,LTE 800,AUTOUR DE CHASTRE CHEMIN DE ARDES-SUR-COUZE À THÉRONDELS 15160 ALLANCHE,15001,"45.2439,3.0017",Pylône autostable,"24,2m",ORANGE,AJO,,30|170|270,,True,False
2587433,FREE MOBILE,LTE 800,RUE DES FOURS À CHAUX (LA DÉFENSE) 18170 LOYE SUR ARNON,18130,"46.6581,2.3931",Pylône autostable,30m,ORANGE,AJO,,90|215|315,,True,False
2587535,FREE MOBILE,LTE 800,LA COUME_D 504 (LAS VIGNAS) 09800 ILLARTEIN,09141,"42.9378,0.9639",Pylône autostable,24m,ATC FRANCE,AJO,,90|190,,True,False
2588116,FREE MOBILE,LTE 800,CHE DES PRUNELLES (LA VOIE AUX PRETRES) 21690 SOURCE SEINE,21084,"47.4992,4.7011",Pylône autostable,"30,1m",TOTEM,AJO,,40|240,,False,False
2591332,FREE MOBILE,LTE 800,LE CHAMP DE LA CHASSE 14500 VIRE NORMANDIE,14762,"48.7983,-0.8419",Pylône autostable,45m,BOUYGUES,AJO,,40|160|280,,True,False
2593837,FREE MOBILE,LTE 800,TETE DE LA VERGNE 23340 GENTIOUX PIGEROLLES,23090,"45.7858,2.0517",Pylône autostable,"46,5m",PHOENIX FRANCE INFRASTRUCTURES,AJO,,110|200|290,,True,False
2594365,FREE MOBILE,LTE 800, (LICETO) 02045,2B045,"42.325,9.2989",Pylône tubulaire,13m,ATC FRANCE,AJO,,30|150,,True,False
2594367,FREE MOBILE,LTE 800,VALDO (SAINT CHRISTOPHE) 02400 BOURESCHES,2B105,"42.265,9.2856",Pylône autostable,"13,7m",ATC FRANCE,AJO,,0|120|240,,True,False
2595587,FREE MOBILE,LTE 800,CIMETIÈRE COMMUNAL CIMETIÈRE COMMUNAL (SAINT NICOLAS) 02300 BETHANCOURT EN VAUX,2B081,"42.4186,9.1375",Pylône autostable,"14,1m",TOTEM,AJO,,30|150|270,,True,False
2595660,FREE MOBILE,LTE 800,R DE COLOMBE CIMETIERE  (LES GOUVINERIES) 18160 ST BAUDEL,18199,"46.8417,2.2128",Pylône autostable,"26,5m",BOUYGUES,AJO,,0|120|240,,True,False
2595664,FREE MOBILE,LTE 800,CHE RURAL N°11 (LES CHAGNOTS) 21510 QUEMIGNY SUR SEINE,21514,"47.6517,4.6517",Pylône autostable,"32,6m",PHOENIX FRANCE INFRASTRUCTURES,AJO,,45|135|295,,True,False
2595695,FREE MOBILE,LTE 800,D167 LANDE DU TAIS (BEAUGUÉFIER) 16500 ESSE,16131,"46.0197,0.7239",Pylône autostable,"44,5m",SFR,AJO,,60|170|340,,True,False
2595704,FREE MOBILE,LTE 800,CHEMIN DES HÉRÉCHOUS (AVEDO) 31440 CAZAUX LAYRISSE,31132,"42.8694,0.6006",Pylône autostable,32m,SFR,AJO,,40|110|180,,True,False
2595778,FREE MOBILE,LTE 800,RUE DU STADE COMPLEXE SPORTIF (LES VIGNES) 26300 BARBIERES,26023,"44.9553,5.1303",Pylône tubulaire,25m,ORANGE,AJO,,90|260|350,,True,False
2596466,FREE MOBILE,LTE 800,D989 (LA SENCE PARENT) 08800 MONTHERME,08302,"49.9328,4.7778",Pylône autostable,40m,ORANGE,AJO,,5|190,,True,False
2596933,FREE MOBILE,LTE 800,LA DAUMERAIS 22130 PLOREC SUR ARGUENON,22205,"48.4689,-2.2942",Pylône autostable,"32,6m",BOUYGUES,AJO,,110|230|350,,True,False
2597377,FREE MOBILE,LTE 800,CHEMIN LE CAMPET (LES TRACES) 10200 THORS,10378,"48.3061,4.8053",Pylône autostable,"24,2m",TOTEM,AJO,,100,,True,False
2597387,FREE MOBILE,LTE 800,LE MOULIN HESRY (LE MOULIN HESRY) 22510 BREHAND,22015,"48.3897,-2.565",Pylône autostable,"30,3m",PHOENIX FRANCE INFRASTRUCTURES,AJO,,90|210|330,,True,False
2597393,FREE MOBILE,LTE 800,R DE ST-MICHEL DE MONTJOIE 14380 NOUES DE SIENNE,14658,"48.7889,-1.0108",Pylône autostable,"52,5m",PHOENIX FRANCE INFRASTRUCTURES,AJO,,0|130|240,,True,False
2598912,FREE MOBILE,LTE 800,CHE D'ERBAGGIO (CHIELSA) 02370 CHAVONNE,2B176,"42.3961,9.36",Pylône autostable,"18,4m",ATC FRANCE,AJO,,30|150|270,,True,False
2598920,FREE MOBILE,LTE 800,CAURO BASTELICA (LUCCIOLAJA) 02500 AUBENTON,2A031,"41.9578,8.9953",Pylône autostable,24m,ATC FRANCE,AJO,,55|210,,True,False
2600455,FREE MOBILE,LTE 800,CHE RURAL DE COUSSERGUES À GAGNAC (PEYROUX) 12340 PALMAS D AVEYRON,12177,"44.4058,2.8764",Pylône autostable,"24,2m",TOTEM,AJO,,0|110|230,,True,False
2600991,FREE MOBILE,LTE 800,CHEM DE FIGOURN 06440 PEILLE,06091,"43.7722,7.4053",Pylône autostable,"24,5m",BOUYGUES,AJO,,105|225|345,,True,False
2600993,FREE MOBILE,LTE 800,CHEMIN VERS BAS ROCHER (LES CROS) 07220 LARNAS,07133,"44.4444,4.5928",Pylône autostable,"26,7m",PHOENIX FRANCE INFRASTRUCTURES,AJO,,50|200|320,,True,False
2601039,FREE MOBILE,LTE 800,LA FORÊT 16480 ORIOLLES,16251,"45.3692,-0.1264",Pylône autostable,36m,SFR,AJO,,60|170|280,,True,False
2601380,FREE MOBILE,LTE 800,LE PETIT BREUIL 16120 BELLEVIGNE,16204,"45.5614,-0.1061",Pylône autostable,36m,SFR,AJO,,60|150|270,,True,False
2601455,FREE MOBILE,LTE 800,D43 (LES MARJORETTES) 14370 MOULT CHICHEBOVILLE,14456,"49.1272,-0.1325",Pylône autostable,45m,PHOENIX FRANCE INFRASTRUCTURES,AJO,,110|230|350,,True,False
2601465,FREE MOBILE,LTE 800,CHEM DU CHENE A LA VIERGE 27290 APPEVILLE ANNEBAULT,27018,"49.3283,0.6483",Pylône autostable,45m,PHOENIX FRANCE INFRASTRUCTURES,AJO,,20|160|260,,True,False
2601584,FREE MOBILE,LTE 800,PROCHE ROUTE DE LA VEYSSEIX (PUY LABRUNE) 19370 CHAMBERET,19036,"45.6167,1.6781",Pylône autostable,38m,PHOENIX FRANCE INFRASTRUCTURES,AJO,,90|210|330,,True,False
2602120,FREE MOBILE,LTE 800,PROCHE D7 (SAINT-JEAN) 22290 TREMEVEN,22370,"48.6606,-3.0319",Pylône autostable,"30,1m",ORANGE,AJO,,30|150|270,,True,False
2602197,FREE MOBILE,LTE 800,R DENIS PIERRE GENTY 27820 ARMENTIERES SUR AVRE,27019,"48.6783,0.7875",Pylône autostable,"26,5m",PHOENIX FRANCE INFRASTRUCTURES,AJO,,40|160|280,,True,False
2603829,FREE MOBILE,LTE 800, (LA BORIE) 30170 MONOBLET,30172,"44.0206,3.8456",Pylône tubulaire,25m,ATC FRANCE,AJO,,40|240,,False,False
2606446,FREE MOBILE,LTE 800,VOIE DES BARONS DE CARRAVETTES (CARRAVETTE) 34980 MURLES,34177,"43.6931,3.7381",Pylône autostable,18m,PHOENIX FRANCE INFRASTRUCTURES,AJO,,10|140|240,,True,False
2606473,FREE MOBILE,LTE 800,LE DAT SOUBEYROL 15130 CARLAT,15028,"44.8772,2.5542",Pylône autostable,24m,SFR,AJO,,50|160|340,,True,False
2606856,FREE MOBILE,LTE 800,CHEM DES MERISIERS (BOIS DE FOURNEAU) 27240 MESNILS SUR ITON,27198,"48.8411,0.9744",Pylône autostable,46m,PHOENIX FRANCE INFRASTRUCTURES,AJO,,50|140|230,,True,False
2607323,FREE MOBILE,LTE 800,LE FOUGERAT EST 18300 BUE,18039,"47.315,2.7808",Pylône autostable,"26,6m",PHOENIX FRANCE INFRASTRUCTURES,AJO,,0|120|240,,True,False
2607605,FREE MOBILE,LTE 800,VILLAGE DE CASTELLARE DI MERCURIO FAVALE 02300 BESME,2B078,"42.3128,9.2461",Pylône autostable,"11,7m",ATC FRANCE,AJO,,30|180,,True,False
2608092,FREE MOBILE,LTE 800,RTE DE FORCI (FORCI) 02800 LA FERE,2B304,"42.3858,9.2994",Pylône autostable,"11,7m",ATC FRANCE,AJO,,10|250,,True,False
2608538,FREE MOBILE,LTE 800,LA SERRE DE L'EGLISE 11340 COMUS,11096,"42.8139,1.8889",Pylône autostable,12m,ORANGE,AJO,,70|150,,True,False
2608603,FREE MOBILE,LTE 800,15 B RTE DE ST-JEAN 35220 MARPIRE,35166,"48.1394,-1.3472",Pylône autostable,"26,5m",PHOENIX FRANCE INFRASTRUCTURES,AJO,,40|160|280,,True,False
2612554,FREE MOBILE,LTE 800, (LA FAGE) 12420 CANTOIN,12051,"44.8456,2.8553",Pylône autostable,42m,SFR,AJO,,70|220|330,,True,False
2612670,FREE MOBILE,LTE 800,IMP DES PORTES 22800 LANFAINS,22099,"48.3531,-2.9092",Pylône autostable,"26,3m",PHOENIX FRANCE INFRASTRUCTURES,AJO,,0|100|240,,True,False
2613612,FREE MOBILE,LTE 800,PERTUIS (EN MERDE D'OIE) 21540 REMILLY EN MONTAGNE,21520,"47.2942,4.7378",Pylône autostable,"38,6m",SFR,AJO,,130|190|250,,True,False
2613951,FREE MOBILE,LTE 800, (MOUTARDON) 16700 NANTEUIL EN VALLEE,16242,"46.0447,0.3072",Pylône autostable,30m,SFR,AJO,,50|130|260,,True,False
2613955,FREE MOBILE,LTE 800,SAINT-ANTOINE-D'AUBEROCHE 24640 BASSILLAC ET AUBEROCHE,24026,"45.1294,0.9286",Pylône autostable,42m,HIVORY,AJO,,0|120|270,,True,False
2613962,FREE MOBILE,LTE 800, (CAMEDEHE OUEST) 33430 SAUVIAC,33507,"44.3917,-0.1872",Pylône autostable,"44,7m",TDF,AJO,,30|140|280,,True,False
2613964,FREE MOBILE,LTE 800,ROUTE DE RAUZAN 16 BIS (LE BOURG NORD) 33760 FRONTENAC,33175,"44.74,-0.1564",Pylône autostable,"44,5m",SFR,AJO,,160|250|340,,True,False
2613966,FREE MOBILE,LTE 800,A GOSSE 33760 ESCOUSSANS,33156,"44.6753,-0.2889",Pylône autostable,42m,SFR,AJO,,10|80|200,,True,False
2613968,FREE MOBILE,LTE 800,ROUTE TARGON (MINGOUNET) 33760 BAIGNEAUX,33025,"44.7217,-0.2125",Pylône autostable,36m,HIVORY,AJO,,10|100|230,,True,False
2614907,FREE MOBILE,LTE 800,ROUTE DE CAZERES D3 (PETITES-PYRÉNÉES) 09230 FABAS,09120,"43.1261,1.1089",Pylône autostable,30m,ATC FRANCE,AJO,,160|300,,True,False
2617404,FREE MOBILE,LTE 800,RN 939 (LA PLAINE) 32300 BERDOUES,32045,"43.4772,0.4081",Pylône autostable,30m,ATC FRANCE,AJO,,0|120|240,,True,False
2618282,FREE MOBILE,LTE 800,7 RUE DES COQUILLARDS 25500 MONTLEBON,25403,"47.0222,6.605",Pylône autostable,"26,6m",SFR,AJO,,40|120|240,,True,False
2621334,FREE MOBILE,LTE 800, (BOURDETTE) 32230 BLOUSSON SERIAN,32058,"43.4486,0.1931",Pylône autostable,36m,SFR,AJO,,70|160|350,,True,False
2624265,FREE MOBILE,LTE 800, (NIVOLACCIO) 02860 BIEVRES,2B088,"42.2892,9.4664",Pylône autostable,18m,TDF,AJO,,70|170|300,,True,False
2627605,FREE MOBILE,LTE 800, (LA COUSCOULIÈRE) 11220 RIBAUTE,11311,"43.1094,2.6264",Pylône autostable,"26,3m",PHOENIX FRANCE INFRASTRUCTURES,AJO,,0|120|240,,True,False
2628392,FREE MOBILE,LTE 800,LE PUECH (PEYREGROSSE) 12460 HUPARLAC,12116,"44.6856,2.7225",Pylône autostable,36m,SFR,AJO,,60|160|330,,True,False
2628394,FREE MOBILE,LTE 800,LA ROUTE DE L'HERM (FON REDON) 12240 CASTANET,12059,"44.3072,2.2958",Pylône autostable,42m,SFR,AJO,,110|210|310,,True,False
2628398,FREE MOBILE,LTE 800,A LA BORDE DU MOULIN D175 32270 NOUGAROULET,32298,"43.6931,0.7189",Pylône autostable,42m,SFR,AJO,,0|90|260,,True,False
2628767,FREE MOBILE,LTE 800,IMP DE BEG AR ROZ (BEG AR ROZ) 29310 LOCUNOLE,29136,"47.9386,-3.4725",Pylône autostable,"36,3m",PHOENIX FRANCE INFRASTRUCTURES,AJO,,20|150|260,,True,False
2630440,FREE MOBILE,LTE 800,LE ROC 18270 ST CHRISTOPHE LE CHAUDRY,18203,"46.5822,2.3783",Pylône autostable,"42,5m",PHOENIX FRANCE INFRASTRUCTURES,AJO,,0|120|240,,True,False
2632453,FREE MOBILE,LTE 800,D118 (LA FARGUE) 09460 ROUZE,09252,"42.7492,2.0844",Pylône autostable,30m,TOTEM,AJO,,30|160,,True,False
2635861,FREE MOBILE,LTE 800,LIEU-DIT CROS D'ANNIEL (CROS D'ANNIEL) 30770 VISSEC,30353,"43.9297,3.4397",Pylône autostable,30m,PHOENIX FRANCE INFRASTRUCTURES,AJO,,70|190|320,,True,False
2635957,FREE MOBILE,LTE 800,VIEILLE ROUTE (DUPI) 26160 EYZAHUT,26131,"44.5692,5.005",Pylône autostable,"32,5m",TOWEO,AJO,,110|170|250,,True,False
2635959,FREE MOBILE,LTE 800,2975 RTE DU VAL DES NYMPHES (SERRE DU BUIS) 26700 LA GARDE ADHEMAR,26138,"44.3956,4.7878",Pylône autostable,"26,6m",TOWEO,AJO,,80|190|280,,True,False
2636537,FREE MOBILE,LTE 800, (LE PUECH) 15230 GOURDIEGES,15077,"44.9372,2.8725",Pylône autostable,30m,ATC FRANCE,AJO,,40|120|310,,True,False
2636849,FREE MOBILE,LTE 800,ROUTE DE VORNAY (LES CRIAS) 18130 JUSSY CHAMPAGNE,18119,"46.9856,2.6317",Pylône autostable,"32,5m",PHOENIX FRANCE INFRASTRUCTURES,AJO,,80|180|280,,True,False
2637272,FREE MOBILE,LTE 800,CHEMIN DU COMBEAU (LE COMBEAU) 07800 GILHAC ET BRUZAC,07094,"44.8717,4.72",Pylône autostable,32m,PHOENIX FRANCE INFRASTRUCTURES,AJO,,20|120|220,,True,False
2637998,FREE MOBILE,LTE 800,CHEMIN D'EXPLOITATION (LE POMET) 23100 LE MAS D ARTIGE,23125,"45.7397,2.2047",Pylône autostable,"32,3m",PHOENIX FRANCE INFRASTRUCTURES,AJO,,25|110|210,,True,False
2638298,FREE MOBILE,LTE 800, (SEIGNE MONNET PLAN DES REC) 25240 BREY ET MAISON DU BOIS,25096,"46.7464,6.2417",Pylône autostable,44m,SFR,AJO,,110|170|230,,True,False
2638785,FREE MOBILE,LTE 800, (MATRE) 02026,2A026,"41.8642,9.0169",Pylône autostable,24m,TOTEM,AJO,,200|310,,True,False
2639925,FREE MOBILE,LTE 800,RUE DU COURTI BRENOT (LES BOUTS CLAIRS) 21530 ST GERMAIN DE MODEON,21548,"47.3594,4.1303",Pylône autostable,"38,1m",SFR,AJO,,30|220,,True,False
2639927,FREE MOBILE,LTE 800,D13 (LA CRAYE) 25320 BYANS SUR DOUBS,25105,"47.1183,5.8633",Pylône autostable,38m,SFR,AJO,,100|230|290,,True,False
2640884,FREE MOBILE,LTE 800, (THEUROT DE SAINT MARTIN) 21210 ST MARTIN DE LA MER,21560,"47.2336,4.2306",Pylône autostable,"38,9m",SFR,AJO,,40|260|320,,True,False
2640911,FREE MOBILE,LTE 800,RTE DE BAVELLA CH D'EXPL PRÈS D268 (GAGLIOLI - TRAMUTA) 02450 DORENGT,2A269,"41.8328,9.3208",Pylône autostable,24m,TOTEM,AJO,,55|270,,True,False
2641752,FREE MOBILE,LTE 800,D46 GRANDE RUE (LES GRANDES VIES) 25160 REMORAY BOUJEONS,25486,"46.755,6.2103",Pylône autostable,"31,5m",SFR,AJO,,70|140|220,,True,False
2644912,FREE MOBILE,LTE 800,RUE DU CIMETIÈRE (LES VIGNES) 10510 ORIGNY LE SEC,10271,"48.4658,3.7664",Pylône autostable,"26,6m",HIVORY,AJO,,10|120|250,,True,False
2644914,FREE MOBILE,LTE 800,D23 RTE DE VANLAY (L EPOISSE) 10130 BERNON,10040,"47.9947,4.0",Pylône autostable,"32,6m",HIVORY,AJO,,20|170|290,,True,False
2646145,FREE MOBILE,,CHEZ FERRET (BOUILLON) 17130 CHAMOUILLAC,17081,"45.2967,-0.4758",Pylône autostable,42m,HIVORY,CHH,44m,,,False,False
2647796,FREE MOBILE,LTE 700,D377 RUE AUGUSTE CHAMPION (LA PIECE DU CHENE) 71100 SEVREY,71520,"46.7386,4.8319",Pylône tubulaire,32m,SFR,ALL,,0|100|200,,False,True
2647812,FREE MOBILE,LTE 800,415  ROUTE DES MERISES 26270 MIRMANDE,26185,"44.7056,4.8511",Pylône autostable,"17,1m",Conseil Régional,AJO,,100|170|245,,True,False
2648518,FREE MOBILE,LTE 800,LA LOUYRE (CHAUFOUR) 24520 LAMONZIE MONTASTRUC,24224,"44.9,0.6092",Pylône autostable,38m,TDF,AJO,,50|170|240,,True,False
2650229,FREE MOBILE,LTE 800,RTE DE PELLETIN 23120 VALLIERE,23257,"45.9053,2.0461",Pylône autostable,40m,PHOENIX FRANCE INFRASTRUCTURES,AJO,,120|250|340,,True,False
2650341,FREE MOBILE,LTE 800,"D990 , D459 (LE VOLCAMP) 15800 BADAILHAC",15017,"44.8958,2.6225",Pylône autostable,"32,6m",TDF,AJO,,190|270|350,,True,False
2651345,FREE MOBILE,LTE 800, (SINERGUES) 15130 ST ETIENNE DE CARLAT,15183,"44.8997,2.5903",Pylône autostable,"46,2m",SFR,AJO,,100|210|330,,True,False
2653672,FREE MOBILE,LTE 800,D18 - ROUTE DES FAUX VIVES (LAPLANE) 19320 GROS CHASTANG,19089,"45.2272,2.0097",Pylône autostable,"44,6m",TDF,AJO,,140|200|330,,True,False
2653675,FREE MOBILE,LTE 800,L'ORÉE DU BOIS (BOIS BANNAL) 25500 LES COMBES,25160,"47.0642,6.5344",Pylône autostable,"44,6m",TDF,AJO,,90|160|300,,True,False
2654890,FREE MOBILE,LTE 800,D202 (BOUTELS) 15130 ST ETIENNE DE CARLAT,15183,"44.9044,2.5664",Pylône autostable,30m,SFR,AJO,,10|120|240,,True,False
2654913,FREE MOBILE,LTE 800, (A ENBETRANON) 32450 CASTELNAU BARBARENS,32076,"43.5842,0.7669",Pylône autostable,30m,ATC FRANCE,AJO,,90|200|320,,True,False
2656554,FREE MOBILE,LTE 800,LA SERRE DES COSTES LE CLAUX (LA SERRE) 12400 LES COSTES GOZON,12078,"44.0111,2.8128",Pylône autostable,36m,ATC FRANCE,AJO,,70|170|310,,True,False
2656647,FREE MOBILE,LTE 800,ROUTE DES VERNADES (VERNADES) 07260 ROSIERES,07199,"44.48,4.2622",Pylône autostable,"46,5m",SFR,AJO,,30|150|280,,True,False
2656653,FREE MOBILE,LTE 800,L'AMOURIER 26160 PONT DE BARRET,26249,"44.5958,5.0086",Pylône autostable,36m,SFR,AJO,,20|270,,True,False
2656655,FREE MOBILE,LTE 800,D93 (COL DE CABRE) 26310 BEAURIERES,26040,"44.5478,5.5983",Pylône autostable,32m,SFR,AJO,,50|300,,True,False
2657190,FREE MOBILE,5G NR 700,129 ROUTE DES CRÊTES (CASTET) 64300 CASTETNER,64179,"43.4456,-0.7481",Pylône autostable,33m,FREE-MOBILE,AJA,,60|180|300,,False,False
2657582,FREE MOBILE,LTE 800,D87 (LA CROIX DE JANILLOUX) 16320 ROUGNAC,16285,"45.5492,0.3533",Pylône autostable,"44,7m",TDF,AJO,,10|120|230,,True,False
2657587,FREE MOBILE,LTE 800,LES LOUISET (MONTRIVEL) 25650 LA CHAUX,25139,"47.0214,6.4067",Pylône autostable,"42,3m",SFR,AJO,,70|130|210,,True,False
2657589,FREE MOBILE,LTE 800,233  A GERLE DE BEZAN 31440 ST BEAT LEZ,31471,"42.9283,0.6672",Pylône autostable,32m,SFR,AJO,,100|200|260,,True,False
2658450,FREE MOBILE,LTE 800,ROUTE DE CHATILLON D300 (LE CHATELARD) 25870 TALLENAY,25557,"47.3072,6.0161",Pylône autostable,"38,6m",SFR,AJO,,60|130|240,,True,False
2658927,FREE MOBILE,LTE 800,GUERDUAL NORD (GUERDUAL) 29640 PLOUGONVEN,29191,"48.4806,-3.7061",Pylône autostable,33m,PHOENIX FRANCE INFRASTRUCTURES,AJO,,30|150|270,,True,False
2659112,FREE MOBILE,LTE 800,CHAMPS NEUFS (SOUS LA MARNIERE) 25520 BUGNY,25099,"46.9994,6.3481",Pylône autostable,"30,8m",SFR,AJO,,60|140|260,,True,False
2660614,FREE MOBILE,LTE 800,ROUTE DÉPARTEMENTALE DE LA MARÉ DUPRÉ (LA MARÉ DUPRÉ) 27330 LA HAYE ST SYLVESTRE,27323,"48.9019,0.6072",Pylône autostable,36m,ORANGE,AJO,,10|180|270,,True,False
2661526,FREE MOBILE,LTE 800,RTE DES PALOMBES (LE BUISSON) 24240 MONESTIER,24276,"44.7858,0.2964",Pylône autostable,42m,TDF,AJO,,50|190|310,,True,False
2661697,FREE MOBILE,LTE 800,D225E4 (SECHEBOUE) 17510 CHIVES,17105,"45.9439,-0.1108",Pylône autostable,"38,6m",TDF,AJO,,60|220|320,,True,False
2661699,FREE MOBILE,LTE 800,RUE DES CHARRIERS D101 D'EPEUGNEY A QUINGEY (AUX CHARROTTES) 25440 PALANTINE,25443,"47.0992,5.9436",Pylône autostable,44m,SFR,AJO,,110|190|280,,True,False
2662220,FREE MOBILE,LTE 800,D 60 (FAJAC LE HAUT) 11220 FAJAC EN VAL,11133,"43.1225,2.4611",Pylône autostable,35m,SFR,AJO,,90|230|320,,True,False
2662398,FREE MOBILE,LTE 800,CHEMIN DE PRADES (MONTREDON) 07260 RIBES,07189,"44.5081,4.1994",Pylône autostable,"32,2m",Conseil Régional,AJO,,0|90|330,,True,False
2662867,FREE MOBILE,LTE 800,D118J (AU BAS BOUVET) 21330 BALOT,21044,"47.8128,4.4333",Pylône autostable,"32,6m",TDF,AJO,,10|140|270,,True,False
2665663,FREE MOBILE,LTE 800,D16 RUE DU BREUIL (EN RÉSOT) 21440 VAUX SAULES,21659,"47.4717,4.7972",Pylône autostable,32m,TDF,AJO,,50|140,,True,False
2668553,FREE MOBILE,LTE 800,ROUTE D'AULUS OUST 09140 OUST,09223,"42.8683,1.2272",Pylône autostable,30m,TOTEM,AJO,,140|310,,True,False
2669677,FREE MOBILE,LTE 800,DÉPARTEMENTALE N°1 (LE MONT MALGRÉ TOUT) 08500 REVIN,08363,"49.9333,4.6736",Pylône autostable,"39,7m",TOTEM,AJO,,155|240,,True,False
2670576,FREE MOBILE,LTE 800,1 LES WOIERIES 08800 MONTHERME,08302,"49.9072,4.7636",Pylône autostable,44m,BOUYGUES,AJO,,45|180|290,,True,False
2670709,FREE MOBILE,LTE 800, (SAUSOLLE) 09140 OUST,09223,"42.8853,1.2331",Pylône autostable,24m,TOTEM,AJO,,180|290,,True,False
2671351,FREE MOBILE,LTE 800,CHEMIN D'EXPLOITATION PROCHE DEPARTEMENTALE 22B (LA VALLEE AU VERS) 10160 NOGENT EN OTHE,10266,"48.1375,3.8028",Pylône autostable,45m,PHOENIX FRANCE INFRASTRUCTURES,AJO,,50|230|320,,True,False
2671353,FREE MOBILE,LTE 800,ROUTE DE MORNAY DEPARTEMENTALE 78 (LA GARENNE) 18600 GROSSOUVRE,18106,"46.8786,2.9447",Pylône autostable,"26,6m",PHOENIX FRANCE INFRASTRUCTURES,AJO,,0|120|240,,True,False
2672143,FREE MOBILE,LTE 800,D395 (LES PETITS CLOS) 16110 YVRAC ET MALLEYRAND,16425,"45.7203,0.465",Pylône autostable,"32,6m",TDF,AJO,,0|120|240,,True,False
2672539,FREE MOBILE,LTE 800,RTE DÉPART. 59 (SAINT SYLVESTRE) 06260 PIERLAS,06096,"44.0322,7.0367",Pylône autostable,"8,5m",BOUYGUES,AJO,,90|210|320,,True,False
2674770,FREE MOBILE,LTE 800, (LES VAYSSES) 12260 STE CROIX,12217,"44.4117,1.9775",Pylône autostable,30m,TDF,AJO,,60|170|270,,True,False
2674772,FREE MOBILE,LTE 800,D3 LE COMMUNAL (GOUTILS) 31350 CASTERA VIGNOLES,31121,"43.2781,0.7853",Pylône autostable,"31,5m",TDF,AJO,,70|160|280,,True,False
2676160,FREE MOBILE,LTE 800,D55E/LAVERGNE GRANDE (LE BOUCHATEL) 19160 ST HILAIRE LUC,19210,"45.3578,2.2119",Pylône autostable,39m,PHOENIX FRANCE INFRASTRUCTURES,AJO,,100|210|310,,True,False
2676895,FREE MOBILE,LTE 800,CHEM DES VIGNES (PECHOVAT) 26150 SOLAURE EN DIOIS,26001,"44.7225,5.4036",Pylône autostable,33m,PHOENIX FRANCE INFRASTRUCTURES,AJO,,200|300,,True,False
2677082,FREE MOBILE,LTE 800,RTE DES FALGUIÉRES (LA PLAMPOUNETTERIE) 12140 FLORENTIN LA CAPELLE,12103,"44.6375,2.6278",Pylône autostable,"36,6m",TDF,AJO,,90|160|260,,True,False
2680576,FREE MOBILE,LTE 800,CHEMIN RURAL N°101 RD N°352 (LES FRICHES) 35550 SIXT SUR AFF,35328,"47.8142,-2.0331",Pylône autostable,30m,ORANGE,AJO,,90|210|330,,True,False
2680680,FREE MOBILE,LTE 800,D43 LA MAISON DU LAC LIGNE DES COMTES CHAMPAGNE (GRAND ORIENT) 10220 PINEY,10287,"48.2889,4.3906",Pylône autostable,"42,8m",TDF,AJO,,0|130|240,,True,False
2680682,FREE MOBILE,LTE 800,HAMEAU DE FORÊT CHENU RUE PRINCIPALE DE FORÊT CHENU (LE HAUT DE LA CROIX) 10130 ST PHAL,10359,"48.1408,3.9328",Pylône autostable,"36,8m",TDF,AJO,,120|250|340,,True,False
2681295,FREE MOBILE,LTE 800,IMPASSE DES CHÂTAIGNIERS LES MAISONS (CHANTERANE) 24160 ST JORY LAS BLOUX,24429,"45.3336,0.96",Pylône autostable,"44,7m",TDF,AJO,,0|170|280,,True,False
2684933,FREE MOBILE,LTE 800,CHEMIN RURAL N°11 DIT DES PLANTES RUE DE GERGUEIL (CHAMP À LA BREBIS) 21410 ARCEY,21018,"47.2725,4.8214",Pylône autostable,30m,TDF,AJO,,40|140|230,,True,False
2686657,FREE MOBILE,LTE 800,ROUTE VERS MOULIÈRET (AUX GARROUSSERES) 32300 AUJAN MOURNEDE,32015,"43.3681,0.5022",Pylône autostable,"44,4m",TDF,AJO,,100|240|330,,True,False
2687227,FREE MOBILE,LTE 800,CHEMIN DES RESERVOIRS (LE CAUSSE HAUT) 34320 NIZAS,34184,"43.5164,3.3928",Pylône autostable,18m,PHOENIX FRANCE INFRASTRUCTURES,AJO,,10|100|250,,True,False
2687314,FREE MOBILE,LTE 800,LE BOURG-D'HEM VC N°3 23220 LE BOURG D HEM,23029,"46.2947,1.83",Pylône autostable,"30,1m",TOTEM,AJO,,60|190|320,,True,False
2687316,FREE MOBILE,LTE 800,ROUTE DE LA PÊCHERIE 23160 CROZANT,23070,"46.3867,1.6253",Pylône autostable,"30,1m",TOTEM,AJO,,80|200|320,,True,False
2687490,FREE MOBILE,LTE 800, (MART) 06540 BREIL SUR ROYA,06023,"43.9717,7.5089",Pylône autostable,39m,TDF,AJO,,240|330,,True,False
2688067,FREE MOBILE,LTE 800,PEYRE TAILLADE 34330 CAMBON ET SALVERGUES,34046,"43.6311,2.9292",Pylône autostable,30m,PHOENIX FRANCE INFRASTRUCTURES,AJO,,20|140|260,,True,False
2688069,FREE MOBILE,LTE 800,RTE RD 112 (LA COUSSIERO) 11160 CABRESPINE,11056,"43.3719,2.4583",Pylône autostable,18m,PHOENIX FRANCE INFRASTRUCTURES,AJO,,60|160,,True,False
2690482,FREE MOBILE,LTE 800,ROUTE DU PERIE (LANDE DE PIERRE BASSE) 12240 COLOMBIES,12068,"44.3292,2.3442",Pylône autostable,"30,1m",TOTEM,AJO,,100|220|340,,True,False
2691544,FREE MOBILE,LTE 800,STATION DE SKI DE CAMURAC TÉLÉPHÉRIQUE (COURTALPIC EST) 11340 CAMURAC,11066,"42.7778,1.9325",Pylône autostable,24m,TDF,AJO,,220|300,,True,False
2695139,FREE MOBILE,LTE 800,LA CALMESIE 12800 ST JUST SUR VIAUR,12235,"44.1294,2.3797",Pylône autostable,20m,TDF,AJO,,0|110|240,,True,False
2695384,FREE MOBILE,LTE 800, (MENEZ KERMADIEN) 29640 BOLAZEC,29012,"48.4636,-3.59",Pylône autostable,"44,3m",BOUYGUES,AJO,,150|240|330,,True,False
2695815,FREE MOBILE,LTE 800,D105 LE PARC FOULON 14770 CONDE EN NORMANDIE,14174,"48.8822,-0.6",Pylône autostable,45m,PHOENIX FRANCE INFRASTRUCTURES,AJO,,10|120|240,,True,False
2695991,FREE MOBILE,LTE 800,CHEMIN RURAL N° 18 (LE CHEIX) 15200 CHALVIGNAC,15036,"45.2792,2.2761",Pylône autostable,"35,7m",TOTEM,AJO,,20|100,,True,False
2697942,FREE MOBILE,LTE 800,CHEM DU GRAND LUC (PETIT PEYRE BLANQUE) 33760 ST PIERRE DE BAT,33464,"44.6794,-0.2314",Pylône autostable,"44,7m",TDF,AJO,,110|190|280,,True,False
2699251,FREE MOBILE,LTE 800,ROUTE DES PRADEAUX (BRASSE NEGRE) 07580 ST PONS,07287,"44.6183,4.575",Pylône autostable,"32,6m",PHOENIX FRANCE INFRASTRUCTURES,AJO,,70|160|320,,True,False
2701577,FREE MOBILE,LTE 800,RTE DES PLANQUES (LES TERRES DE SERRE LISSOS) 12240 COLOMBIES,12068,"44.3597,2.2961",Pylône autostable,42m,TDF,AJO,,40|110|230,,True,False
2702036,FREE MOBILE,LTE 800,1915  ROUTE DE LACROIX DU BREUIL 16170 ROUILLAC,16286,"45.8197,-0.0397",Pylône autostable,"37,5m",TDF,AJO,,55|120|210,,True,False
2703462,FREE MOBILE,LTE 800,D33 (A MAISONNEUVE) 32240 LIAS D ARMAGNAC,32211,"43.8631,-0.0617",Pylône autostable,18m,ATC FRANCE,AJO,,60|180|290,,True,False
2704831,FREE MOBILE,LTE 800,ROUTE DE RETIERS (LA MASSE) 35130 ARBRISSEL,35005,"47.9256,-1.2944",Pylône autostable,30m,ORANGE,AJO,,40|160|280,,True,False
2704973,FREE MOBILE,LTE 800,CR DE THIRON-GARDAIS À SAINT-DENIS-D'ANTHOU CHEMIN RURAL N°49 DES ROCHERS (CHAMP DU COMTE) 28480 SAINTIGNY,28331,"48.3408,0.9814",Pylône autostable,30m,ORANGE,AJO,,65|225|320,,True,False
2705602,FREE MOBILE,LTE 800,ROUTE DE L'OBELISQUE D'EPIEDS (LA SENTE DE L ESPERANCE) 27220 LA BOISSIERE,27078,"48.9417,1.3722",Pylône autostable,26m,PHOENIX FRANCE INFRASTRUCTURES,AJO,,90|210|320,,True,False
2709167,FREE MOBILE,LTE 800,CHEMIN RURAL N6 DIT DE DIJON 21290 LEUGLAY,21346,"47.8089,4.7922",Pylône autostable,30m,ORANGE,AJO,,90|200|330,,True,False
2710274,FREE MOBILE,LTE 800,ANCIEN CHEMIN DIT DES FOURGS (COTE FEUILLEE) 25240 CHAUX NEUVE,25142,"46.6664,6.1378",Pylône autostable,36m,TOTEM,AJO,,20|180|270,,True,False
2710422,FREE MOBILE,LTE 800,LA GRENOUILLERE 16200 STE SEVERE,16349,"45.7539,-0.2483",Pylône autostable,"46,5m",PHOENIX FRANCE INFRASTRUCTURES,AJO,,0|100|250,,True,False
27107,FREE MOBILE,LTE 800,DERRIERE LA BORDE MORTUREUX 21170 FRANXAULT,21285,"47.0631,5.275",Pylône autostable,40m,HIVORY,AJO,,80|250|350,,False,False
2711048,FREE MOBILE,LTE 800,ROUTE D591 (PRAT LAC) 12470 CONDOM D AUBRAC,12074,"44.5733,2.8503",Pylône autostable,42m,SFR,AJO,,140|250|340,,True,False
2712265,FREE MOBILE,LTE 800, (MONTEE DE CAMP-ROUX) 30580 BELVEZET,30035,"44.085,4.3864",Pylône autostable,24m,PHOENIX FRANCE INFRASTRUCTURES,AJO,,30|150|270,,True,False
2714303,FREE MOBILE,LTE 800,ROUTE DE PARDAILHAN RIEUSSEC (LE FOURNAS) 34360 PARDAILHAN,34193,"43.4519,2.8536",Pylône autostable,"32,2m",PHOENIX FRANCE INFRASTRUCTURES,AJO,,60|160|260,,True,False
2716164,FREE MOBILE,LTE 800,CHEMIN RURAL N°1 DIT OUBAX (LA PEYRADE) 12270 LUNAC,12135,"44.2631,2.0767",Pylône autostable,12m,ATC FRANCE,AJO,,70|180|280,,True,False
2716383,FREE MOBILE,LTE 800, (LA PLAINE MARY) 15380 LE FALGOUX,15066,"45.1278,2.6439",Pylône autostable,38m,PHOENIX FRANCE INFRASTRUCTURES,AJO,,10|135,,True,False
2716495,FREE MOBILE,LTE 800,GRAND TERTRE CHEMIN VERS RÉSERVOIR (PENPOULEZY) 22800 ST GILDAS,22291,"48.4219,-2.9869",Pylône autostable,32m,PHOENIX FRANCE INFRASTRUCTURES,AJO,,30|120|210,,True,False
2716504,FREE MOBILE,LTE 800,CHEMIN DES MAGNATS (LES MAGNATS) 26460 LE POET CELARD,26241,"44.5956,5.1006",Pylône autostable,"26,7m",PHOENIX FRANCE INFRASTRUCTURES,AJO,,15|135|250,,True,False
2716709,FREE MOBILE,LTE 800,RTE DE CACHAREL (LA VOCADE) 13460 SAINTES MARIES DE LA MER,13096,"43.4978,4.4308",Pylône autostable,12m,PHOENIX FRANCE INFRASTRUCTURES,AJO,,40|220|310,,True,False
2716840,FREE MOBILE,LTE 800,CHEMIN PROCHE DE D1009 (VILLEROUAT-HAUT) 11380 LABASTIDE ESPARBAIRENQUE,11180,"43.3956,2.4019",Pylône autostable,"44,6m",TDF,AJO,,90|200|340,,True,False
2719187,FREE MOBILE,LTE 800, (BOIS COMMUNAL D'EN HAUT) 31350 CHARLAS,31138,"43.2481,0.6833",Pylône autostable,30m,TDF,AJO,,50|140|280,,True,False
2719660,FREE MOBILE,LTE 800,RD 24 DE LHUITRE À SOULAINES-DHUIS (LES LONGUES REMISES) 10240 DAMPIERRE,10121,"48.5572,4.3556",Pylône autostable,"36,4m",ORANGE,AJO,,55|135|330,,True,False
2721446,FREE MOBILE,LTE 800,21 RUE DE LA FERRONNERIE 28290 VALD YERRE,28012,"48.0475,1.1897",Pylône autostable,30m,ORANGE,AJO,,90|190|290,,True,False
2722538,FREE MOBILE,LTE 800,RUE DES EPICEAS (DE LA COTE) 25560 BONNEVAUX,25075,"46.8006,6.1886",Pylône autostable,"44,9m",SFR,AJO,,270|340,,True,False
2724806,FREE MOBILE,LTE 800,RTE DES FERRES 06510 LES FERRES,06061,"43.8464,7.1197",Pylône autostable,"26,5m",BOUYGUES,AJO,,30|300,,True,False
2724899,FREE MOBILE,LTE 800,CHEMIN DU SAUZE (LA BOUCANDIÈRE) 26350 ST CHRISTOPHE ET LE LARIS,26298,"45.2233,5.0819",Pylône autostable,"27,3m",SFR,AJO,,20|240|320,,True,False
2725679,FREE MOBILE,LTE 800,8 R VILLAINE PROCHE DU BOIS DE LA POINTE 27110 ST AUBIN D ECROSVILLE,27511,"49.1419,0.9811",Pylône autostable,"52,3m",PHOENIX FRANCE INFRASTRUCTURES,AJO,,80|180|300,,True,False
2725962,FREE MOBILE,LTE 800,ROUTE DE CAVILLARGUES DEPARTEMENTALE 9 30330 ST PONS LA CALM,30292,"44.1011,4.5461",Pylône autostable,27m,PHOENIX FRANCE INFRASTRUCTURES,AJO,,30|130|300,,True,False
2727626,FREE MOBILE,5G NR 700,21 RUE DE LA CHAPELLE 62152 NEUFCHATEL HARDELOT,62604,"50.6097,1.6367",Pylône autostable,"25,8m",FREE-MOBILE,AJA,,0|120|240,,False,False
2728119,FREE MOBILE,LTE 800,ROUTE DE SAINT ZACHARIE PAS DE LA COUELLE DEPARTEMENTALE 12 (KIRBON-EST) 13530 TRETS,13110,"43.4106,5.6733",Pylône autostable,"14,5m",BOUYGUES,AJO,,160|260,,True,False
2729255,FREE MOBILE,LTE 800, (ALBARETTA) 06440 L ESCARENE,06057,"43.8481,7.3803",Pylône autostable,"14,5m",BOUYGUES,AJO,,160|260|350,,True,False
2730540,FREE MOBILE,LTE 800, (LA COLLE) 06460 ST VALLIER DE THIEY,06130,"43.6953,6.8969",Pylône tubulaire,12m,BOUYGUES,AJO,,50|220|320,,True,False
2734751,FREE MOBILE,LTE 800,CHEMIN VERS RESERVOIR (MASQUIERES VIEILLES) 11270 LA CASSAIGNE,11072,"43.1969,1.9864",Pylône autostable,"42,4m",TDF,AJO,,60|140|340,,True,False
2735079,FREE MOBILE,LTE 800,LABEYRIE (ESCACQ) 33430 CUDOS,33144,"44.3944,-0.21",Pylône autostable,36m,TDF,AJO,,0|180|240,,True,False
2737246,FREE MOBILE,LTE 800,RUE DE PLAIZAC (LES FOSSES) 16200 SIGOGNE,16369,"45.7428,-0.1486",Pylône autostable,24m,TOTEM,AJO,,50|230,,True,False
2742101,FREE MOBILE,LTE 800, (LA BOUISSIERE) 11390 BROUSSES ET VILLARET,11052,"43.3294,2.2506",Pylône autostable,"44,6m",TDF,AJO,,0|110|260,,True,False
2742932,FREE MOBILE,LTE 800,ROUTE DE BELLEVUE (LES PENDANTES EST) 15200 CHALVIGNAC,15036,"45.255,2.2903",Pylône autostable,"42,5m",TDF,AJO,,100|200|310,,True,False
2742937,FREE MOBILE,LTE 800,3 VOIE DE VILLY (LES TREUCHOTS) 21350 VILLY EN AUXOIS,21707,"47.4103,4.6556",Pylône autostable,30m,SFR,AJO,,180|300,,True,False
2743003,FREE MOBILE,LTE 800,GRANDE RUE (FONT CHAOU) 11400 LES BRUNELS,11054,"43.4058,2.0522",Pylône autostable,"42,5m",TDF,AJO,,0|120|230,,True,False
2744450,FREE MOBILE,LTE 800,ROUTE DE VILLARD DE LANS (CHAMP PONS) 38680 RENCUREL,38333,"45.08,5.4886",Pylône autostable,30m,SFR,AJO,,160|310,,True,False
2745460,FREE MOBILE,LTE 800,RUE DU STADE D333 STADE  PIERRE AYMARD (LA ROCHE) 16140 ST FRAIGNE,16317,"45.9517,-0.0119",Pylône autostable,24m,TOTEM,AJO,,20|140|250,,True,False
2749321,FREE MOBILE,LTE 800,739 HAGRON DEPARTEMENTALE 113 (LA GRANDE FAISE) 35210 LUITRE DOMPIERRE,35163,"48.2817,-1.1039",Pylône autostable,"32,3m",PHOENIX FRANCE INFRASTRUCTURES,AJO,,0|120|240,,True,False
2750380,FREE MOBILE,LTE 800,CHEM RURAL (LE SOULA DE PLANTAUREL-OUEST) 11230 RIVEL,11316,"42.9314,1.9942",Pylône autostable,"24,2m",TOTEM,AJO,,30|150,,True,False
2752601,FREE MOBILE,LTE 800,CH DE SERVICE /CH DES AIRS (LES AIRS) 34700 LAUROUX,34132,"43.7814,3.2858",Pylône tubulaire,12m,TOTEM,AJO,,140|340,,True,False
2755712,FREE MOBILE,LTE 800,CHEMIN DE LA CRETE (A CAVAILLERES) 32400 AURENSAN,32017,"43.6111,-0.1808",Pylône autostable,"42,9m",TDF,AJO,,180|250|320,,True,False
2756302,FREE MOBILE,LTE 800,CHEMIN RURALE À COTÉ DE TRANÇON DE LA ROUTE DE LAGORCE (LE GRAND DEVOIS DE LA BRUY) 07200 ROCHECOLOMBE,07190,"44.5153,4.4169",Pylône autostable,24m,HIVORY,AJO,,70|250|340,,True,False
2757422,FREE MOBILE,LTE 800,CHEMIN RURAL DE CHARBEAU À PUILLY 08370 PUILLY ET CHARBEAUX,08347,"49.6325,5.25",Pylône autostable,36m,ORANGE,AJO,,5|90|240,,True,False
2758609,FREE MOBILE,LTE 800,CHEMIN RURAL DU CORRIER 08430 GRUYERES,08201,"49.7142,4.6036",Pylône autostable,36m,ORANGE,AJO,,20|115|195,,True,False
2758673,FREE MOBILE,LTE 800,D990 (LA GILLETTE) 23360 LOURDOUEIX ST PIERRE,23112,"46.4322,1.8803",Pylône autostable,"24,2m",TOTEM,AJO,,90|220|330,,True,False
27587,FREE MOBILE,LTE 800, (LES MINARETS) 24340 LA ROCHEBEAUCOURT ET ARGENTINE,24353,"45.4803,0.4111",Pylône autostable,"47,5m",HIVORY,AJO,,130|260|310,,False,False
27591,FREE MOBILE,LTE 800, (TUILERIE DU SOLDAT) 24340 MAREUIL EN PERIGORD,24253,"45.4144,0.5492",Pylône autostable,45m,HIVORY,AJO,,110|300,,False,False
2760360,FREE MOBILE,LTE 800,CHEMIN VERS TAGIBEAU (FRAISSES) 16420 LESTERPS,16182,"46.0139,0.7672",Pylône autostable,"38,3m",BOUYGUES,AJO,,0|120|240,,True,False
2765238,FREE MOBILE,LTE 700,113 - 115 BOULEVARD DE LA LIBERTÉ 44300 NANTES,44109,"47.2047,-1.5886",Bâtiment,22m,"Copropriété, Syndic, SCI",AAV,,10|100|210,,False,True
2767476,FREE MOBILE,LTE 800,RTE DÉPARTEMENTALE D6 (LES FEUCHERES) 08240 SOMMAUTHE,08424,"49.4881,4.9803",Pylône autostable,"32,6m",TDF,AJO,,20|150|270,,True,False
2769314,FREE MOBILE,LTE 800,CH LES ROCHES (ROCHE DES TIOUGUES) 15160 VEZE,15256,"45.2558,2.9897",Pylône autostable,23m,TDF,AJO,,10|255,,False,False
2770299,FREE MOBILE,LTE 800,VOIE COMMUNALE N°2 (ROUCADOUS) 12210 CURIERES,12088,"44.6481,2.8778",Pylône autostable,30m,TDF,AJO,,70|210|300,,True,False
2770515,FREE MOBILE,5G NR 700,285 IMPASSE RIGOUNS A64 (NOGARET) 40300 HASTINGUES,40120,"43.5286,-1.1494",Pylône autostable,"38,8m",FREE-MOBILE,AJA,,0|130|250,,False,False
2775738,FREE MOBILE,"LTE 700, LTE 900, LTE 2100",A A8 (FRAYERES) 06250 MOUGINS,06085,"43.5767,6.98",Pylône arbre,24m,Sociétés d'Autoroutes,ALL,,130|220|310,,False,True
2789509,FREE MOBILE,LTE 800,CHEMIN DE ACHON (CHAMP D ACHON) 33114 LE BARP,33029,"44.585,-0.7275",Pylône autostable,"36,5m",TDF,AJO,,100|200|350,,True,False
2793553,FREE MOBILE,LTE 800,CHEMIN RURAL DE BELVUE 08240 BELVAL BOIS DES DAMES,08059,"49.4658,5.0144",Pylône autostable,36m,TOTEM,AJO,,10|90|190,,True,False
280203,FREE MOBILE,LTE 800, (LE FRAYSSE) 12600 LACROIX BARREZ,12118,"44.7564,2.6497",Pylône autostable,31m,Conseil Départemental,AJO,,90|210|330,,False,False
2819355,FREE MOBILE,5G NR 700,2-10 RUE DU PASTEUR MARTIN LUTHER KING 91700 STE GENEVIEVE DES BOIS,91549,"48.6433,2.3461",Bâtiment,"19,3m",Société HLM,AJO,,20|140|260,,False,False
2820391,FREE MOBILE,LTE 700,ROUTE DE PEYREGOUE (LA PEYREGOUE) 06600 ANTIBES,06004,"43.5836,7.1033",Bâtiment,20m,Association,AAV,,20|140|280,,False,True
2880170,FREE MOBILE,5G NR 700,5 RUE DOCTEUR COHENDY RÉSIDENCE PASCALINE 63100 CLERMONT FERRAND,63113,"45.7625,3.0881",Immeuble,"16,5m",Société HLM,AJA,,110|240|330,,False,False
2882020,FREE MOBILE,LTE 700,13 RUE SAINTE-MADELEINE (LAMARTINE) 63100 CLERMONT FERRAND,63113,"45.7778,3.08",Immeuble,"20,3m",Société HLM,AAV,,60|180|270,,False,True
2889955,FREE MOBILE,LTE 700,LA CROIX MADAME 35170 BRUZ,35047,"48.0408,-1.7553",Pylône autostable,32m,CELLNEX,AAV,,0|150|250,,False,True
2895640,FREE MOBILE,"LTE 700, LTE 900, 5G NR 700",1343 ROUTE D'ARCIS (ARCISSE) 01130 ST GERMAIN DE JOUX,01357,"46.1725,5.7542",Pylône autostable,32m,ATC FRANCE,ALL,,0|140|240,,False,True
2897103,FREE MOBILE,5G NR 700,1-5 RUE CYPRIEN MURET (LES TROIS ARPENTS) 91120 PALAISEAU,91477,"48.7092,2.2467",Bâtiment,"15,3m",Société HLM,AJO,,60|190|300,,False,False
2909853,FREE MOBILE,LTE 700,12 RUE ROLAND ROCHE 27600 GAILLON,27275,"49.165,1.3425",Bâtiment,"19,7m",Société HLM,AAV,,100|220|340,,False,True
2912414,FREE MOBILE,5G NR 700,"37, RUE LONGATTE (LA MUETTE) 93700 DRANCY",93029,"48.9217,2.4525",Immeuble,"19,3m",Société HLM,AJA,,30|160|290,,False,False
2919476,FREE MOBILE,"LTE 700, LTE 900, LTE 2100, 5G NR 700",CHEMIN DE LA CLOTTE 32190 VIC FEZENSAC,32462,"43.7517,0.2947",Pylône autostable,"36,5m",SFR,ALL,,30|150|270,,False,True
2921174,FREE MOBILE,LTE 700,AVENUE FRANCOIS MITTERRAND D368 (REBUTY) 13180 GIGNAC LA NERTHE,13043,"43.4008,5.2653",Pylône autostable,"16,5m",FREE-MOBILE,AAV,,70|220|310,,False,True
2934172,FREE MOBILE,5G NR 700,CHEMIN DE PEYRELONG 47310 ESTILLAC,47091,"44.1692,0.5789",Pylône autostable,"32,8m",FREE-MOBILE,AJO,,110|230|350,,False,False
2934515,FREE MOBILE,5G NR 700,1 RUE JEAN LURÇAT 92240 MALAKOFF,92046,"48.8178,2.2967",Immeuble,38m,"Copropriété, Syndic, SCI",AJA,,10|140|250,,False,False
2944678,FREE MOBILE,5G NR 700,RUE DU HOHNECK STADE D'ATHLETISME 67550 VENDENHEIM,67506,"48.6658,7.7086",Pylône tubulaire,18m,FREE-MOBILE,AJA,,30|150|250,,False,False
2950230,FREE MOBILE,5G NR 700,496 RUE FRANKLIN ROOSEVELT GARAGE LEFRANCQ - 62400 BETHUNE,62119,"50.5372,2.6569",Pylône tubulaire,28m,TOTEM,AJA,,60|240|330,,False,False
2958769,FREE MOBILE,5G NR 700,256 RUE FRANCIS DE PRESSENSÉ 69100 VILLEURBANNE,69266,"45.7694,4.8925",Bâtiment,20m,"Copropriété, Syndic, SCI",AJO,,30|150|260,,False,False
2961347,FREE MOBILE,"LTE 900, 5G NR 700", (LA COSSONNIERE) 49400 BELLEVIGNE LES CHATEAUX,49060,"47.1764,-0.0744",Pylône autostable,"32,6m",TDF,ALL,,30|120|250,,False,False
2967500,FREE MOBILE,5G NR 700,4G AVENUE BENOÎT FRACHON 38090 VILLEFONTAINE,38553,"45.6183,5.1442",Pylône tubulaire,"19,7m",FREE-MOBILE,AJO,,0|120|240,,False,False
2974810,FREE MOBILE,5G NR 700,63 AVENUE JEAN JAURES 47200 MARMANDE,47157,"44.5019,0.155",Pylône autostable,34m,TOTEM,AJO,,10|130|250,,False,False
2975062,FREE MOBILE,"LTE 700, LTE 2100",CHEMIN DU CLOS DES CHÊNES (PRES PLAMBARRE) 44420 LA TURBALLE,44211,"47.3656,-2.5125",Pylône autostable,"26,3m",FREE-MOBILE,ALL,,90|230|330,,False,True
2980891,FREE MOBILE,LTE 700,890 ROUTE DE CARPENTRAS (LES MURETS) 84740 VELLERON,84142,"43.9656,5.0414",Pylône autostable,"18,5m",FREE-MOBILE,AAV,,100|220|340,,False,True
2996321,FREE MOBILE,LTE 700,"4 IMP JACQUES PREVERT 45.662065 , 4.895651 69960 CORBAS",69273,"45.6619,4.8956",Immeuble,"25,4m",TOTEM,ALL,,90|270,,False,True
2996581,FREE MOBILE,,ROUTE DE FRELAND CHEMIN DU SALEM (LE KALBLIN) 68150 AUBURE,68014,"48.1919,7.2169",Pylône autostable,"42,4m",FREE-MOBILE,CHH,44m,,,False,False
2997358,FREE MOBILE,5G NR 700,2 RUE DE SUISSE TOUR DE SUISSE (MALAKOFF) 44300 NANTES,44109,"47.2167,-1.5211",Bâtiment,60m,Société HLM,AJO,,50|160|260,,False,False
2998855,FREE MOBILE,5G NR 700,19-21 RUE ANTONIN PERRIN (BONNETERRE) 69100 VILLEURBANNE,69266,"45.7594,4.8853",Immeuble,"30,2m",Société HLM,AJO,,130|250|350,,False,False
3000981,FREE MOBILE,LTE 700,VC N12 ROUTE DE LA REUILLE (AU JETIN) 33910 ST DENIS DE PILE,33393,"45.0044,-0.1922",Pylône tubulaire,26m,TOTEM,AAV,,110|230|340,,False,True
3004406,FREE MOBILE,"LTE 700, LTE 900, LTE 2100",RUE DE LA MOTTE D'AUBIGNY (LA MOTTE D'AUBIGNY) 49400 SAUMUR,49328,"47.2656,-0.0522",Pylône autostable,33m,ATC FRANCE,ALL,,40|150|280,,False,True
3012419,FREE MOBILE,"LTE 2100, 5G NR 700",PROCHE ROUTE DES ECHANSONS (BOIS DE VAUVEREILLE) 25870 GENEUILLE,25265,"47.3144,5.9733",Pylône autostable,"42,8m",TDF,ALL,,60|240|330,,False,False
3014758,FREE MOBILE,LTE 700,PROCHE CHEMIN D ARENA (CANERACHE) 02240 ALAINCOURT,2B009,"42.1386,9.4697",Pylône autostable,53m,FREE-MOBILE,ALL,,0|120|240,,False,True
3017821,FREE MOBILE,"LTE 700, LTE 900, LTE 2100",3 RUE DU PUITS DES AMOURS 33220 STE FOY LA GRANDE,33402,"44.8406,0.2189",Pylône autostable,30m,TOTEM,ALL,,60|180|290,,False,True
3026463,FREE MOBILE,LTE 700,206 RUE DE RÉAUMUR 24 BD GASTON BIRGE 49100 ANGERS,49007,"47.4769,-0.5228",Pylône autostable,26m,CELLNEX,ALL,,10|140|240,,False,True
3027622,FREE MOBILE,LTE 700,3 RUE MICHAEL FARADAY 49070 BEAUCOUZE,49020,"47.4742,-0.6083",Pylône autostable,32m,CELLNEX,ALL,,20|140|260,,False,True
3028646,FREE MOBILE,LTE 700,"D7, RUE DU STADE CAMPING MUNICIPAL (LE BULOT) 35430 ST GUINOUX",35279,"48.5756,-1.8797",Pylône autostable,30m,ATC FRANCE,ALL,,90|180|330,,False,True
3030297,FREE MOBILE,LTE 700,18 RUE DE LA CHAPELLE 94800 VILLEJUIF,94076,"48.8,2.3603",Immeuble,23m,Société HLM,AAV,,20|130,,False,True
3031525,FREE MOBILE,"LTE 700, LTE 900, LTE 2100, 5G NR 700",LE ROQUET CHÂTEAU D'EAU 35510 CESSON SEVIGNE,35051,"48.1378,-1.6019",Château d'eau - réservoir,32m,"Commune, communauté de commune",ALL,,0|150|240,,False,True
3053045,FREE MOBILE,LTE 700,AVENUE DU RHONE (LES CORNEES) 69360 SEREZIN DU RHONE,69294,"45.6331,4.8181",Pylône autostable,"36,5m",FREE-MOBILE,AAV,,50|150|320,,False,True
3054481,FREE MOBILE,"LTE 900, LTE 2100",CHEMIN DE LA CHARBONNIERE (LA CHARBONNIERE) 69700 GIVORS,69091,"45.5819,4.7314",Pylône autostable,36m,TOTEM,ALL,,0|110|220,,False,False
3054693,FREE MOBILE,LTE 700,8 RUE NICOLAS APPERT 51430 TINQUEUX,51573,"49.2408,3.9894",Pylône autostable,24m,FREE-MOBILE,AAV,,40|160|280,,False,True
3059590,FREE MOBILE,LTE 700,75 RUE EVARISTE GALOIS 06410 BIOT,06018,"43.6175,7.0667",Immeuble,"16,2m","Copropriété, Syndic, SCI",AAV,,50|140|230,,False,True
305989,FREE MOBILE,LTE 800,DÉPARTEMENTALE 459 (LOS PLASSOS) 15130 CROS DE RONESQUE,15058,"44.8797,2.6056",Pylône autostable,"20,3m",HIVORY,AJO,,160,,False,False
3062012,FREE MOBILE,"LTE 900, LTE 2100",3 BIS RUE CLÉMENT ADER 85500 LES HERBIERS,85109,"46.8622,-1.0042",Pylône tubulaire,30m,TOTEM,ALL,,0|120|240,,False,False
306386,FREE MOBILE,LTE 800, (LA BLACHE) 07110 PRUNET,07187,"44.5831,4.2603",Pylône autostable,"25,4m",HIVORY,AJO,,5,,False,False
306388,FREE MOBILE,LTE 800,RTE DÉPARTEMENTALE N° 57 (COMMUN GRAND) 15800 BADAILHAC,15017,"44.9242,2.6206",Pylône autostable,"25,4m",HIVORY,AJO,,135,,False,False
3064052,FREE MOBILE,"LTE 2100, 5G NR 700",RUE D'HYENCOURT LE GRAND PROCHE D 164 CIMETIERE (PRESSOIR) 80320 ABLAINCOURT PRESSOIR,80002,"49.8328,2.8258",Pylône autostable,31m,TDF,ALL,,10|190|280,,False,False
3066163,FREE MOBILE,"LTE 900, LTE 2100",9 CHEMIN DE LA TAMISIÈRE (LA VACHERIE) 85160 ST JEAN DE MONTS,85234,"46.8133,-2.1139",Pylône tubulaire,"23,9m",FREE-MOBILE,ALL,,40|190|280,,False,False
306624,FREE MOBILE,LTE 800, (LA FAGE) 07140 MONTSELGUES,07163,"44.5283,4.0006",Pylône autostable,"30,4m",HIVORY,AJO,,55|140,,False,False
3071346,FREE MOBILE,LTE 700,30BIS AVENUE DE BLOIS 45190 BEAUGENCY,45028,"47.7767,1.6244",Pylône tubulaire,30m,TOTEM,ALL,,10|150|280,,False,True
307139,FREE MOBILE,LTE 800,CHEM RURAL N°3 D'AUTRY À GRANDHAM (LES JARDINS POIGNARD) 08250 GRANDHAM,08197,"49.2917,4.8547",Pylône autostable,40m,Conseil Départemental,AJO,,20|140|270,,False,False
307158,FREE MOBILE,LTE 800,CHEM DU CIMETIÈRE (LA TOURNIOLE) 08250 SENUC,08412,"49.3164,4.8406",Pylône autostable,35m,Conseil Départemental,AJO,,255,,False,False
307221,FREE MOBILE,LTE 800,VC (LA OUEYTE) 32550 HAULIES,32153,"43.5617,0.6811",Pylône autostable,35m,Conseil Départemental,AJO,,60|150|260,,True,False
307225,FREE MOBILE,LTE 800,D.129 CHÂTEAU D'EAU (CAZENEUVE) 32260 MONFERRAN PLAVES,32267,"43.48,0.63",Château d'eau - réservoir,51m,"Syndicat des eaux, Adduction",AJO,,60|150,,True,False
307655,FREE MOBILE,LTE 800,PRÈS D.235 CHÂTEAU D'EAU DE LASSERRE (LA FONT DU ROI) 09230 LASSERRE,09158,"43.0658,1.1708",Château d'eau - réservoir,21m,"Syndicat des eaux, Adduction",AJO,,90|300,,True,False
3093938,FREE MOBILE,LTE 900,193 CHEMIN DES IRISACCÈS PAR IMPASSE DES JASMINS 84490 ST SATURNIN LES APT,84118,"43.9183,5.335",Pylône arbre,18m,FREE-MOBILE,ALL,,60|180|300,,False,False
3094821,FREE MOBILE,5G NR 700,71 RTE DE BÉTHUNE 62300 LENS,62498,"50.4361,2.8156",Immeuble,"19,9m",Société HLM,AJA,,30|120|290,,False,False
3100270,FREE MOBILE,LTE 2100,24 ROUTE DE CUZON CHAMBRE DES MÉTIERS 29000 QUIMPER,29232,"48.0061,-4.0775",Pylône tubulaire,25m,TOTEM,ALL,,120|250|350,,False,False
3100301,FREE MOBILE,LTE 700,CHEM RURAL STADE ASPTT TENNIS (LE CLOS JOURNEY) 08000 CHARLEVILLE MEZIERES,08105,"49.7692,4.7761",Pylône autostable,40m,TOTEM,AAV,,80|210|350,,False,True
3100619,FREE MOBILE,LTE 800,ROUTE DE SOUESMES - D29 (LA CHAUX) 18330 NANCAY,18159,"47.3556,2.195",Château d'eau - réservoir,39m,"Commune, communauté de commune",AJO,,200,,False,True
3101152,FREE MOBILE,"LTE 700, LTE 900",150P RUE DE PONT-AVEN STADE JEAN CHARTER 29300 QUIMPERLE,29233,"47.8714,-3.5672",Pylône autostable,35m,TOTEM,ALL,,10|120|240,,False,True
3108388,FREE MOBILE,"LTE 700, LTE 900, LTE 2100",4 AV GEORGES GERSHWIN 63200 RIOM,63300,"45.8972,3.1381",Pylône autostable,"30,3m",FREE-MOBILE,ALL,,0|120|240,,False,True
3111854,FREE MOBILE,5G NR 700,8 AVENUE GENERAL DE GAULLE 69300 CALUIRE ET CUIRE,69034,"45.8033,4.8528",Immeuble,"32,1m","Copropriété, Syndic, SCI",AJO,,80|170|290,,False,False
3112687,FREE MOBILE,"LTE 700, LTE 2100",RUE BREMONTIER TERRAINS TENNIS GOLF COTE ARGENT 40660 MOLIETS ET MAA,40187,"43.8456,-1.3758",Pylône autostable,"38,4m",ATC FRANCE,ALL,,110|230|330,,False,True
3113112,FREE MOBILE,"LTE 900, LTE 2100, 5G NR 700",36 CHEMIN DU MOULIN NEUF PAR D59 (LA FAUCHE) 85300 LE PERRIER,85172,"46.8167,-1.9894",Pylône autostable,"29,9m",TOTEM,ALL,,90|220|330,,False,False
3113346,FREE MOBILE,"LTE 2100, 5G NR 700",RUE AMBOISE PARE (LA REMISE) 80320 CHAULNES,80186,"49.8039,2.8075",Pylône autostable,"33,2m",TDF,ALL,,50|190|300,,False,False
3114722,FREE MOBILE,"LTE 700, LTE 900, 5G NR 700",LANN MANGOUERO SUD 56400 PLUMERGAT,56175,"47.7247,-2.9831",Pylône autostable,36m,FREE-MOBILE,ALL,,20|140|260,,False,True
3143584,FREE MOBILE,LTE 700,78-80 AVENUE JEAN-JAURES (MONT DE FACHES) 59790 RONCHIN,59507,"50.5911,3.0856",Bâtiment,"15,4m","Copropriété, Syndic, SCI",AAV,,100|200|340,,False,True
3144302,FREE MOBILE,5G NR 700,RUE DU MOULINET LE STADE (LA MONTAGNE) 45290 VARENNES CHANGY,45332,"47.8594,2.6558",Pylône autostable,"33,2m",TDF,AJA,,30|150|270,,False,False
3155028,FREE MOBILE,"LTE 700, LTE 900, LTE 2100",1 RUE HIPPOLYTE FLANDRIN 69001 LYON 01,69381,"45.7686,4.8306",Immeuble,"29,1m","Copropriété, Syndic, SCI",ALL,,150|340,,False,True
3161050,FREE MOBILE,"LTE 900, LTE 2100",3 RUE DU PORTUAIS (TERRAIN DE TENNIS) 22430 ERQUY,22054,"48.64,-2.4608",Pylône tubulaire,"22,6m",TOTEM,ALL,,20|180|290,,False,False
3161104,FREE MOBILE,LTE 700,21BIS RUE DU CHATEAU DEAU (LIOUJAS) 12740 LA LOUBIERE,12131,"44.4028,2.6342",Château d'eau - réservoir,42m,"Syndicat des eaux, Adduction",AAV,,0|120|250,,False,True
3169131,FREE MOBILE,"LTE 700, LTE 900, LTE 1800, LTE 2100, LTE 2600, 5G NR 700",12 RUE DE LHOSTELLERIE 30132 CAISSARGUES,30060,"43.7983,4.3844",Pylône tubulaire,25m,TOTEM,CHZ,CHZ (fréquences: 5G NR 700) : 110|230|320 -> 110|230; CHZ (fréquences: LTE 1800) : 110|230|320 -> 110|230; CHZ (fréquences: LTE 2100) : 110|230|320 -> 110|230; CHZ (fréquences: LTE 2600) : 110|230|320 -> 110|230; CHZ (fréquences: LTE 700) : 110|230|320 -> 110|230; CHZ (fréquences: LTE 900) : 110|230|320 -> 110|230,110|230|320,,False,True
3169577,FREE MOBILE,LTE 700,AVENUE DU CHATEAU D922 60890 THURY EN VALOIS,60637,"49.1544,3.0214",Pylône autostable,"35,7m",ORANGE,ALL,,20|110|280,,False,True
3177378,FREE MOBILE,LTE 700,1 PLACE DU COEUR BATTANT CINEMA L ANTARES 95490 VAUREAL,95637,"49.03,2.0208",Bâtiment,18m,"Commune, communauté de commune",AAV,,60|190,,False,True
3200184,FREE MOBILE,LTE 700,5 AVENUE PUVIS DE CHAVANNES 92400 COURBEVOIE,92026,"48.8989,2.2328",Immeuble,41m,Société HLM,ALL,,90|240|350,,False,True
320262,FREE MOBILE,LTE 800,VOIE COMMUNALE N°2 (LES TUILERIES) 32420 BETCAVE AGUIN,32048,"43.4439,0.6742",Pylône autostable,23m,Conseil Départemental,AJO,,50|170,,True,False
3206649,FREE MOBILE,"LTE 700, LTE 900, LTE 2100",RUE DES ARTS (LA GRANDE BORDE) 31670 LABEGE,31254,"43.5519,1.5028",Pylône tubulaire,"21,2m",TOTEM,ALL,,110|220|340,,False,False
322110,FREE MOBILE,LTE 800, (LAUVERGNAC) 24140 ST HILAIRE D ESTISSAC,24422,"45.0144,0.5208",Pylône autostable,35m,Conseil Départemental,AJO,,70|210|340,,False,False
323176,FREE MOBILE,LTE 800,D 12E4 (FRAYOT) 33840 LARTIGUE,33232,"44.2583,-0.0883",Pylône autostable,45m,Conseil Départemental,AJO,,90|210|330,,False,False
323178,FREE MOBILE,LTE 800, (LE BOURG NORD - LA GARE) 33125 LE TUZAN,33536,"44.4517,-0.5736",Pylône autostable,40m,Conseil Départemental,AJO,,30|150|270,,False,False
3239532,TELCO OI,"GSM 900, UMTS 900, UMTS 2100, LTE 800, LTE 1800, LTE 2100, LTE 2600, 5G NR 700, 5G NR 3500",IMPASSE DES JAMALACS 97450 ST LOUIS,97414,"-21.2772,55.4253",Pylône autostable,20m,Telco OI,ART,,80|165|260,,False,True
325010,FREE MOBILE,LTE 800,ROUTE DE PEYRE FICADE (PUECH FOURQUE) 12420 ARGENCES EN AUBRAC,12223,"44.7597,2.855",Pylône autostable,33m,TOTEM,AJO,,55|170|280,,False,False
325213,FREE MOBILE,LTE 800, (SIRGEANNE) 10210 ETOURVY,10143,"47.9539,4.1353",Pylône tubulaire,15m,HIVORY,AJO,,310,,False,False
327034,FREE MOBILE,LTE 800, (PETIT LÈBE) 33840 ESCAUDES,33155,"44.2958,-0.1933",Pylône autostable,41m,Conseil Départemental,AJO,,150|330,,False,False
327228,FREE MOBILE,LTE 800,RTE DE MAYMAC (MAYMAC) 12340 RODELLE,12201,"44.4847,2.6342",Pylône autostable,18m,TOTEM,AJO,,330,,False,False
328217,FREE MOBILE,LTE 800, (SÉGADOU) 15800 ST CLEMENT,15180,"44.9836,2.6658",Pylône autostable,25m,HIVORY,AJO,,200,,False,False
328635,FREE MOBILE,LTE 800, (LE VAL VELUT) 10110 VILLEMORIEN,10418,"48.09,4.3031",Pylône autostable,30m,HIVORY,AJO,,10|220,,False,False
329207,FREE MOBILE,LTE 800, (LA BOUZIGUE) 09000 BRASSAC,09066,"42.9436,1.5378",Pylône autostable,24m,TOTEM,AJO,,0|230,,True,False
329217,FREE MOBILE,LTE 800,PRÈS D171 CHEM COMMUNAL (LES LOGES) 16350 BENEST,16038,"46.0258,0.4683",Pylône autostable,36m,TOTEM,AJO,,90|210|320,,False,False
329219,FREE MOBILE,LTE 800, (PUYNODE HAUT) 16490 AMBERNAC,16009,"45.9903,0.5431",Pylône autostable,30m,TOTEM,AJO,,70|190|310,,False,False
329371,FREE MOBILE,LTE 800,VOIE COMMUNALE N°4 (LACOMBE) 15110 ANTERRIEUX,15007,"44.8414,3.0619",Pylône autostable,29m,TOTEM,AJO,,0|260,,False,False
3303026,FREE MOBILE,LTE 700,13 RUE DENIS PAPIN 95870 BEZONS,95063,"48.9389,2.2061",Bâtiment,"20,5m",Société HLM,AAV,,20|150|240,,False,True
330736,FREE MOBILE,LTE 800, (LES QUATRE CHEMINS) 24140 EYRAUD CREMPSE MAURENS,24259,"44.9375,0.5106",Pylône autostable,35m,Conseil Départemental,AJO,,20|150|270,,False,False
3319440,FREE MOBILE,LTE 700,ROUTE DE BOSSERVILLE (LA FOLIE) 54420 SAULXURES LES NANCY,54495,"48.6844,6.2464",Pylône autostable,"36,5m",FREE-MOBILE,ALL,,0|120|240,,False,True
332424,FREE MOBILE,LTE 800,CHEM RURAL (MILHAC) 24470 MILHAC DE NONTRON,24271,"45.4633,0.7817",Pylône autostable,37m,Conseil Départemental,AJO,,0|120|230,,False,False
332578,FREE MOBILE,LTE 800,CHEM RURAL DU RÉSERVOIR (PEYRE FOURCHADE) 15190 ST SATURNIN,15213,"45.2689,2.8047",Pylône tubulaire,15m,TOTEM,AJO,,150|230|320,,False,False
332677,FREE MOBILE,LTE 800,RD 54 (PUY LA GARDE) 15230 MALBO,15112,"44.9633,2.7614",Pylône autostable,25m,HIVORY,AJO,,220|345,,False,False
333205,FREE MOBILE,LTE 800,VOIE COMMUNALE N°6 DE POUTEYRE LE REGARD DE ROCLES (POUTEYRE) 07110 ROCLES,07196,"44.5567,4.2203",Pylône autostable,"12,4m",HIVORY,AJO,,60|330,,False,False
333209,FREE MOBILE,LTE 800,LE RANC GLAS (COUDERC) 07110 VALGORGE,07329,"44.5958,4.0978",Pylône autostable,"12,4m",HIVORY,AJO,,105|275,,False,False
333211,FREE MOBILE,LTE 800,GR DE PAYS LE CEVENOL (OUTRE) 07260 DOMPNAC,07081,"44.5608,4.1239",Pylône autostable,"9,9m",HIVORY,AJO,,50|280,,False,False
3335832,FREE MOBILE,,68 RUE DE LILLE 59710 AVELIN,59034,"50.5425,3.0886",Pylône autostable,30m,FREE-MOBILE,CHH,"34,4m",,,False,True
333831,FREE MOBILE,LTE 800, (MONT MOURNAC) 15110 ESPINASSE,15065,"44.8672,2.9297",Pylône autostable,29m,Conseil Départemental,AJO,,70|220,,False,False
334949,FREE MOBILE,LTE 800,A CÔTÉ DU RÉSERVOIR D'EAU (PUY DE MONTUSCLAT) 15230 STE MARIE,15198,"44.8981,2.8714",Pylône autostable,33m,Conseil Départemental,AJO,,150|260,,False,False
336461,FREE MOBILE,LTE 800,CHEM RURAL 1 (LA GRANIÈRE) 15110 LA TRINITAT,15241,"44.7411,2.945",Pylône autostable,28m,Conseil Départemental,AJO,,330,,False,False
3370584,FREE MOBILE,,CHEMIN DE BEAUMONT VERS RUISSEAU DE HAUTMONT (CHAMPS DE L ESCARTAT) 31600 EAUNES,31165,"43.4292,1.3439",Pylône autostable,"38,8m",FREE-MOBILE,CHI,2690252,,,False,True
3371712,FREE MOBILE,,"1, ROUTE DE HAUCONCOURT 57280 MAIZIERES LES METZ",57433,"49.2156,6.16",Immeuble,"23,6m","Copropriété, Syndic, SCI",CHI,3000683,,,False,True
337181,FREE MOBILE,LTE 800,D. 51 (CAMP DU FABRE) 15220 MARCOLES,15117,"44.7756,2.3625",Pylône autostable,33m,Conseil Départemental,AJO,,220|340,,False,False
3373142,FREE MOBILE,,LA BUTTE DE BRILLAY (LE BREIL DE CARHEIL) 44630 PLESSE,44128,"47.5114,-1.915",Pylône autostable,"42,4m",FREE-MOBILE,CHI,3277668,,,False,True
3373152,FREE MOBILE,,CHEMIN DES OLIVETTES (MOUTTES HAUTES) 84310 MORIERES LES AVIGNON,84081,"43.9283,4.9125",Pylône tubulaire,24m,CELLNEX,CHI,2827067,,,False,True
3373484,FREE MOBILE,,BOIS DE LA VALADE CHEMIN DÉPARTEMENTAL N°117 (LES TERRIERS) 17120 SEMUSSAC,17425,"45.6072,-0.9167",Pylône autostable,35m,ON TOWER FRANCE,CHI,1764956,,,False,True
3373489,FREE MOBILE,,23 RUE ROMY SCHNEIDER (LES CHENES) 95220 HERBLAY SUR SEINE,95306,"49.0,2.1397",Bâtiment,23m,"Copropriété, Syndic, SCI",CHI,3256580,,,False,True
3373696,FREE MOBILE,,18 - 24 BIS RUE DE LA VICTOIRE 93150 LE BLANC MESNIL,93007,"48.9389,2.4456",Pylône tubulaire,"26,1m",CELLNEX,CHI,1394956,,,False,True
337812,FREE MOBILE,LTE 800, (LE CODERC) 24380 FOULEIX,24190,"44.9847,0.6644",Pylône autostable,28m,ATC FRANCE,AJO,,100,,False,False
342459,FREE MOBILE,LTE 800,CHEM RURAL N°7 (FONT DE CHANCELADE) 24320 LA TOUR BLANCHE CERCLES,24554,"45.3811,0.4714",Pylône autostable,40m,Conseil Départemental,AJO,,90|210|340,,False,False
342683,FREE MOBILE,LTE 800,CHEM RURAL VERS D.106 (BOIS DES PENAUDS ) 24320 ST JUST,24434,"45.3403,0.4942",Pylône autostable,35m,Conseil Départemental,AJO,,20|140|270,,False,False
345857,FREE MOBILE,LTE 800,CHEM DE TERRE (DALMAS) 15310 GIRGOLS,15075,"45.0419,2.4872",Pylône tubulaire,30m,TOTEM,AJO,,0|190,,False,False
347381,FREE MOBILE,LTE 800,CHEM  LA BOUSSELEUF (PRÉ REDON) 15500 AURIAC L EGLISE,15013,"45.2536,3.1278",Pylône autostable,21m,TOTEM,AJO,,330,,False,False
347794,FREE MOBILE,LTE 800,VC N°2 DE BETCHAT PRÈS RÉSERVOIR ET D 335 (SÈRE) 09230 BAGERT,09033,"43.0811,1.0694",Pylône autostable,25m,Conseil Départemental,AJO,,80|230|340,,True,False
347806,FREE MOBILE,LTE 800, (HAILLOUÉ) 32420 PELLEFIGUE,32309,"43.4797,0.7892",Pylône autostable,25m,Conseil Départemental,AJO,,100|200|340,,True,False
348075,FREE MOBILE,LTE 800,CHEM RURAL N°18 (LES FARGES) 15160 PRADIERS,15155,"45.2711,2.9089",Pylône autostable,24m,TOTEM,AJO,,90|270,,False,False
349476,FREE MOBILE,LTE 800, (TIBART) 09600 DUN,09107,"43.0569,1.8056",Pylône autostable,24m,TOTEM,AJO,,10|145|230,,True,False
349485,FREE MOBILE,LTE 800,CHEM RURAL DE SARAMON À LOMBEZ 32220 MONTAMAT,32277,"43.4978,0.8397",Château d'eau - réservoir,30m,"Syndicat des eaux, Adduction",AJO,,50|190|300,,True,False
350094,FREE MOBILE,LTE 800,CHEM RURAL DIT DE LA VANNERIE (LA VANNERIE) 08390 STONNE,08430,"49.5444,4.9283",Pylône autostable,"35,4m",HIVORY,AJO,,70|200,,False,False
350417,FREE MOBILE,LTE 800,VOIE COMMUNALE (LA SOULEILLE DE LANNES) 09140 SEIX,09285,"42.8719,1.1886",Pylône autostable,33m,TOTEM,AJO,,140|320,,True,False
351062,FREE MOBILE,LTE 800, (LA BARALADE) 07450 PEREYRES,07173,"44.7878,4.2392",Pylône autostable,"25,3m",Conseil Départemental,AJO,,55|130|280,,False,False
351076,FREE MOBILE,LTE 800, (FONT REYNAL) 07140 MALARCE SUR LA THINES,07147,"44.5044,4.0458",Pylône autostable,10m,HIVORY,AJO,,160|320,,False,False
352576,FREE MOBILE,LTE 800,CHEM DE SERVICE (BUGE CABONE) 15170 NEUSSARGUES MOISSAC,15141,"45.1503,2.8992",Pylône autostable,30m,TOTEM,AJO,,310,,False,False
354689,FREE MOBILE,LTE 800,CHEM RURAL DE PUECHALDOUX À LA MAISON ROUGE (LA MAISON ROUGE) 15340 PUYCAPEL,15027,"44.6767,2.3325",Pylône autostable,20m,Conseil Départemental,AJO,,0,,False,False
359662,FREE MOBILE,LTE 800,RTE DU COL DE LA CHAUDIERE D 156 (SIARA) 26340 LA CHAUDIERE,26090,"44.6333,5.2086",Pylône autostable,27m,TOTEM,AJO,,80,,False,False
363377,FREE MOBILE,LTE 800,RTE DE CORDESSE - D921 (GICORALIER) 15260 NEUVEGLISE SUR TRUYERE,15142,"44.9389,3.0094",Pylône autostable,38m,Conseil Départemental,AJO,,0|100|240,,False,False
364034,FREE MOBILE,LTE 800,CHEM RURAL DE FRESSANGES À LA CONDAMINE (LES FONTILLES EST LACHAMP) 15380 MOUSSAGES,15137,"45.2281,2.5158",Pylône autostable,28m,Conseil Départemental,AJO,,30|290,,False,False
364036,FREE MOBILE,LTE 800,CHEM DE TRÉMIZEAUX À MONTGRELEIX (LA SAGNE MORTE) 15190 MONTGRELEIX,15132,"45.3428,2.8653",Pylône autostable,28m,Conseil Départemental,AJO,,70|220,,False,False
364132,FREE MOBILE,LTE 800,D 24 (BEMONCEL) 08240 LANDRES ET ST GEORGES,08246,"49.36,4.9975",Pylône autostable,30m,HIVORY,AJO,,180|305,,False,False
365667,FREE MOBILE,LTE 800,SUR CD 10 EN DIRECTION DE ST FLOUR STADE (LE PUY MONTAIGUT) 15100 VILLEDIEU,15262,"45.0053,3.0611",Pylône tubulaire,25m,Conseil Départemental,AJO,,90,,False,False
366267,FREE MOBILE,LTE 800,RD 65 (SUCAL) 15230 CEZENS,15033,"44.9964,2.8583",Pylône autostable,"25,4m",HIVORY,AJO,,185,,False,False
367311,FREE MOBILE,LTE 800,CHEM COMMUNAL DE PEGUILLEYRE (BRAUT OUEST) 33125 ST MAGNE,33436,"44.5456,-0.6461",Pylône autostable,47m,Conseil Départemental,AJO,,20|210,,False,False
367488,FREE MOBILE,LTE 800, (LA BORIE) 07110 BEAUMONT,07029,"44.5403,4.1653",Pylône autostable,20m,HIVORY,AJO,,90|215,,False,False
369483,FREE MOBILE,LTE 800,PRÈS D. 106 (L' ECORNÉE) 21210 CHAMPEAU EN MORVAN,21139,"47.295,4.1294",Pylône autostable,"24,4m",TOTEM,AJO,,160|310,,False,False
392755,FREE MOBILE,LTE 800, (LA NONERIE) 08240 TAILLY,08437,"49.3867,5.0664",Pylône autostable,40m,HIVORY,AJO,,75|275,,False,False
393423,FREE MOBILE,LTE 800,PRÈS DU CHEM DÉPARTEMENTAL N°12  (LE CHEYLAT) 15380 ST VINCENT DE SALERS,15218,"45.1928,2.5464",Pylône tubulaire,30m,Conseil Départemental,AJO,,110|315,,False,False
395616,FREE MOBILE,LTE 800,D.170 (LAVENAUD) 16500 MANOT,16205,"45.9497,0.6181",Pylône autostable,32m,TOTEM,AJO,,120|240|350,,False,False
395691,FREE MOBILE,LTE 800, (SEZUIN) 07260 SABLIERES,07202,"44.5125,4.0764",Pylône autostable,20m,HIVORY,AJO,,60|350,,False,False
400455,FREE MOBILE,LTE 800,CHEM RURAL (PEYREGUDE) 09320 LE PORT,09231,"42.8775,1.3706",Mât,10m,TOTEM,AJO,,160,,True,False
402002,FREE MOBILE,LTE 800,COL DE NÉRONNE D37 (LE BARRY) 15380 LE FALGOUX,15066,"45.1556,2.5922",Pylône autostable,30m,TOTEM,AJO,,0|110|220,,False,False
402870,FREE MOBILE,LTE 800, (FIGUÈRE) 11220 JONQUIERES,11176,"43.0378,2.7294",Pylône autostable,8m,HIVORY,AJO,,40|280,,False,False
419738,FREE MOBILE,LTE 800,CHEMIN RURAL DU RÉSERVOIR (LE DEVES) 26470 LA CHARCE,26075,"44.4711,5.4522",Château d'eau - réservoir,7m,"Commune, communauté de commune",AJO,,290,,False,False
425808,FREE MOBILE,LTE 800,GR 9 - CHEM RURAL (BOUCHASSON) 26460 BOURDEAUX,26056,"44.6033,5.1417",Pylône autostable,"17,3m",TOTEM,AJO,,185|270,,False,False
427782,FREE MOBILE,LTE 800, (LHERITEY) 33840 LUCMAU,33255,"44.3386,-0.3158",Pylône tubulaire,35m,HIVORY,AJO,,60|150|270,,False,False
435221,FREE MOBILE,LTE 800,CHEM RURAL (LE CAPELIER) 24250 FLORIMONT GAUMIER,24184,"44.7011,1.2325",Pylône autostable,34m,ATC FRANCE,AJO,,25|130|285,,False,False
435831,FREE MOBILE,LTE 800,CHEM RURAL (LA BLEYNIE HAUTE) 24480 URVAL,24560,"44.81,0.9356",Pylône autostable,33m,CELLNEX,AJO,,85|200|310,,False,False
435855,FREE MOBILE,LTE 800,23 R DU PERCHE (BUTTE DE LA FOSSE) 28240 MONTLANDON,28265,"48.3964,1.0161",Pylône haubané,200m,TDF,AJO,,70|250,,False,False
435876,FREE MOBILE,LTE 800,VALLE ALLA LECCIA D 351 (PUNTA DI PUCIMONE) 02320 CESSIERES SUZY,2B153,"42.3725,8.7775",Pylône autostable,"33,5m",TDF,AJO,,110|300,,False,False
436515,FREE MOBILE,LTE 800,VC N°4 D'HANNAPPES MT ST-JEAN (LES BRUYERES) 08290 HANNAPPES,08208,"49.8119,4.2228",Pylône autostable,"43,5m",TOTEM,AJO,,0|100|270,,False,False
436524,FREE MOBILE,LTE 800,PRÈS DE LA VOIE COMMUNALE N° 1 STADE DE FOOT (LES PLAINES) 24590 NADAILLAC,24301,"45.0392,1.3825",Pylône autostable,"38,3m",ATC FRANCE,AJO,,90|210|325,,False,False
436554,FREE MOBILE,LTE 800,CHEM DE CAMPOLONGU - STN TDF DE CHISA 02510 HANNAPES,2B366,"41.9233,9.2614",Pylône autostable,"34,5m",TDF,AJO,,20|140,,False,False
436562,FREE MOBILE,LTE 800,CHEM RURAL PRÈS D.27 (LA JUSTICE) 24480 MOLIERES,24273,"44.8042,0.8336",Pylône autostable,30m,CELLNEX,AJO,,75|205|310,,False,False
436967,FREE MOBILE,LTE 800,CHEM RURAL (BOIS-BATARD - PIERRE EDMOND) 24800 LEMPZOURS,24238,"45.3572,0.8297",Pylône autostable,"33,3m",ATC FRANCE,AJO,,30|225|300,,False,False
437012,FREE MOBILE,LTE 800,CHEM RURAL (LE ROC) 24640 STE EULALIE D ANS,24401,"45.2597,1.0192",Pylône autostable,"38,3m",ATC FRANCE,AJO,,65|185|305,,False,False
437309,FREE MOBILE,LTE 800,CHEM RURAL (LA GILARDIE-PETIT ROC) 24210 BROUCHAUD,24066,"45.2064,0.9847",Pylône autostable,38m,CELLNEX,AJO,,25|145|275,,False,False
437491,FREE MOBILE,LTE 800,RTE DE LORIANI / RUSIO PYLONE TDF (LORIANI) 02850 BARZY SUR MARNE,2B051,"42.3728,9.2972",Pylône autostable,"29,5m",TDF,AJO,,240,,False,False
437743,FREE MOBILE,5G NR 700,RN20 (LA BOURDINIÈRE) 41600 NOUAN LE FUZELIER,41161,"47.4753,2.04",Pylône autostable,43m,TDF,AJA,,175|355,,False,False
438092,FREE MOBILE,LTE 800,PYLONE TDF DE VOLPAJOLA (COL DE PIRELLO) 02400 CHARTEVES,2B166,"42.4881,9.3947",Pylône autostable,"33,8m",TDF,AJO,,220|320,,False,False
439035,FREE MOBILE,LTE 800,D. 124 E9 (LANDES DE CAUVIGNAC) 33690 CAUVIGNAC,33113,"44.4144,-0.0822",Pylône autostable,42m,HIVORY,AJO,,0|120|240,,False,False
439154,FREE MOBILE,LTE 800,CHEM RURAL 422 (LE MASBOUDET) 23210 MOURIOUX VIEILLEVILLE,23137,"46.0972,1.6611",Pylône autostable,37m,ATC FRANCE,AJO,,120|220|340,,False,False
439179,FREE MOBILE,LTE 800,D. 352 (LES ASCROS) 15150 ST VICTOR,15217,"45.0106,2.2925",Pylône autostable,38m,TOTEM,AJO,,20|140|260,,False,False
439182,FREE MOBILE,LTE 800,CD 104 (LES MORMONTS) 21230 ST PIERRE EN VAUX,21566,"47.0422,4.5261",Pylône autostable,"34,4m",TOTEM,AJO,,160|350,,False,False
439191,FREE MOBILE,LTE 800,CHEM COMMUNAL (LONGUEVERGNE) 15150 ARNAC,15011,"45.0633,2.2394",Pylône autostable,35m,TOTEM,AJO,,60|210|330,,False,False
439198,FREE MOBILE,LTE 800,LES BAZAUD (PUY CHAUMONT) 19320 LAFAGE SUR SOMBRE,19097,"45.3161,2.0889",Pylône autostable,40m,Conseil Départemental,AJO,,0|120|240,,False,False
439261,FREE MOBILE,LTE 800,LE SUGNON (CHAMP PECHIE) 08370 SAPOGNE SUR MARCHE,08399,"49.6022,5.3239",Pylône autostable,"35,4m",HIVORY,AJO,,60|200|315,,False,False
439437,FREE MOBILE,"LTE 2100, 5G NR 700","14, ALLÉE DES GRANDS PAQUIS SAV BRUNNER ZI EST 54180 HEILLECOURT",54257,"48.6503,6.21",Pylône tubulaire,26m,TOTEM,ALL,,40|200|300,,False,False
439516,FREE MOBILE,LTE 800,CHEM RURAL (LE BROUILLAT) 23430 CHATELUS LE MARCHEIX,23056,"45.9914,1.5981",Pylône autostable,37m,ATC FRANCE,AJO,,40|160|270,,False,False
439538,FREE MOBILE,,RTE DE MAS (PUY CHAUVET) 19100 BRIVE LA GAILLARDE,19031,"45.1133,1.5011",Pylône autostable,"34,5m",TOTEM,CHA,PUY CHAUVET PUYJARRIGE,,,False,False
439843,FREE MOBILE,LTE 800,RTE DE LA PRESLE 21320 BEUREY BAUGUAY,21068,"47.23,4.4214",Pylône autostable,"30,4m",TOTEM,AJO,,310,,False,False
439864,FREE MOBILE,LTE 800,PRÈS DU RÉSERVOIR (MONTOILLE) 25960 DELUZ,25197,"47.2944,6.1917",Pylône autostable,"42,5m",Conseil Départemental,AJO,,70|220,,False,False
440295,FREE MOBILE,LTE 800,COL D'AGHIA D 55 (FICA BIANCA) 02160 BLANZY LES FISMES,2A091,"41.8308,8.8764",Pylône autostable,30m,TDF,AJO,,10|110,,False,False
440820,FREE MOBILE,LTE 800, (LES VIGNES) 12440 TAYRAC,12278,"44.1936,2.2483",Pylône autostable,38m,ATC FRANCE,AJO,,60|180|300,,False,False
440847,FREE MOBILE,LTE 800,CHEM DE LA TENDUE (LES CORVÉES) 25330 LIZINE,25338,"47.0525,5.9978",Pylône autostable,"37,5m",TOTEM,AJO,,315,,False,False
441195,FREE MOBILE,LTE 800,CHEM RURAL (LE SÉRIEYS) 12450 CALMONT,12043,"44.2464,2.5019",Pylône autostable,35m,ATC FRANCE,AJO,,60|180|300,,False,False
441455,FREE MOBILE,LTE 800,VOIE COMMUNALE N° 11 (LES CAURADES) 23250 SARDENT,23168,"46.0586,1.8347",Pylône autostable,42m,ATC FRANCE,AJO,,0|120|220,,False,False
442196,FREE MOBILE,LTE 800,HAMEAU DE ANIA SITE TDF DE PRUNELLI (NIVALLELI) 02290 EPAGNY,2B277,"41.9806,9.2956",Pylône autostable,34m,TDF,AJO,,10|270,,False,False
443789,FREE MOBILE,LTE 800,CHEM D'EXPLOITATION (LA GRANDE RUE) 21190 NANTOUX,21450,"47.0308,4.7567",Pylône autostable,25m,TOTEM,AJO,,50,,False,False
444298,FREE MOBILE,LTE 800,CHEM RURAL PYLÔNE TDF DE GHISONI (COL DE LA CROIX) 02240 BRISSY HAMEGICOURT,2B124,"42.1189,9.2108",Pylône autostable,"40,6m",TDF,AJO,,10|180,,False,False
444949,FREE MOBILE,LTE 800,CHEM DE LA MURE BOUQUIN (SERRE DE BANCHET) 07240 ST JULIEN LE ROUX,07257,"44.8661,4.6894",Pylône autostable,33m,Conseil Départemental,AJO,,30|150|270,,False,False
446311,FREE MOBILE,5G NR 700, (SHOTTEN) 67280 OBERHASLACH,67342,"48.5553,7.3267",Pylône autostable,32m,TDF,AJA,,130|230,,False,False
446673,FREE MOBILE,LTE 800,COMBES MEMOT (BOIS DES BANNAUX) 25110 GUILLON LES BAINS,25299,"47.3156,6.3875",Pylône tubulaire,10m,ATC FRANCE,AJO,,40|310,,False,False
446896,FREE MOBILE,LTE 800,CHEM RURAL N°21 (TRUCHAS) 15100 SOULAGES,15229,"45.0853,3.2958",Pylône autostable,30m,Conseil Départemental,AJO,,90|220|310,,False,False
446984,FREE MOBILE,LTE 800,PRÈS DE LA D 117 (LA GRANDE RAIE) 21350 MARCILLY ET DRACY,21381,"47.4044,4.5158",Pylône autostable,35m,BOUYGUES,AJO,,0|120|240,,False,False
447007,FREE MOBILE,5G NR 700,1/5 ALLÉE SANTOS DUMONT 94310 ORLY,94054,"48.7461,2.4111",Immeuble,"38,3m","Copropriété, Syndic, SCI",AJA,,50|220|330,,False,False
447286,FREE MOBILE,LTE 800, (LES ROCHES) 23100 FENIERS,23080,"45.7478,2.1397",Pylône autostable,37m,Conseil Départemental,AJO,,30|110|290,,False,False
447667,FREE MOBILE,LTE 800,MONTAGNE DE LA CLAVELIÈRE (LE PATIFIAGE) 26510 ROUSSIEUX,26286,"44.3158,5.4944",Pylône autostable,18m,Conseil Départemental,AJO,,65|335,,False,False
447865,FREE MOBILE,LTE 800,D171 (BOIS DE L'ESTRIER) 19160 PALISSE,19157,"45.4458,2.2406",Pylône autostable,32m,ATC FRANCE,AJO,,80|220|340,,False,False
449534,FREE MOBILE,LTE 800,CHAMP DE LA ROSE (SERRE PONCIAU) 26220 TEYSSIERES,26350,"44.4525,5.16",Pylône autostable,30m,TDF,AJO,,310,,False,False
450067,FREE MOBILE,LTE 800, (SUR CRAIE) 21140 MASSINGY LES SEMUR,21394,"47.5075,4.3917",Pylône autostable,40m,TOTEM,AJO,,70|340,,False,False
450570,FREE MOBILE,LTE 800,VC N°7 (AU CLÔTRE) 25250 ACCOLANS,25005,"47.5003,6.5297",Pylône autostable,32m,Conseil Départemental,AJO,,160|330,,False,False
452102,FREE MOBILE,LTE 800, (PUY DE LA JUSTICE) 19300 PERET BEL AIR,19159,"45.4803,2.0417",Pylône autostable,38m,ATC FRANCE,AJO,,200,,False,False
452122,FREE MOBILE,LTE 800, (LA GRANDE BORDERIE) 19230 SEGUR LE CHATEAU,19254,"45.4356,1.3161",Pylône autostable,40m,ATC FRANCE,AJO,,110|230|350,,False,False
452145,FREE MOBILE,LTE 800, (LE BOST) 24120 LES COTEAUX PERIGOURDINS,24117,"45.0917,1.3878",Pylône autostable,"35,3m",CELLNEX,AJO,,115|260,,False,False
455116,FREE MOBILE,LTE 800,PYLONE TDF GUAGNO (PIANELLO) 02880 BUCY LE LONG,2A131,"42.1661,8.9414",Pylône autostable,"31,9m",TDF,AJO,,70|320,,False,False
455892,FREE MOBILE,LTE 800, (LES RECHÈVRES) 21500 QUINCEROT,21516,"47.615,4.2647",Pylône autostable,35m,ATC FRANCE,AJO,,190,,False,False
455902,FREE MOBILE,LTE 800,VOIE COMMUNALE 102 (LA BOUCHONNIERIE) 24800 ST JEAN DE COLE,24425,"45.4225,0.8211",Pylône autostable,39m,ATC FRANCE,AJO,,100|190|330,,False,False
456301,FREE MOBILE,LTE 800,CHEM RURAL (LA BEUDOU) 16260 CELLEFROUIN,16068,"45.9056,0.3717",Pylône autostable,38m,ATC FRANCE,AJO,,20|125|200,,False,False
456364,FREE MOBILE,LTE 800,CHEM RURAL (CHEZ DAVID) 16230 VAL DE BONNIEURE,16300,"45.86,0.3078",Pylône autostable,35m,ATC FRANCE,AJO,,0|130|220,,False,False
456412,FREE MOBILE,LTE 800,LE MESNIL JACQUET (LA BRUYÈRE DU HUTREL) 14690 PIERREPONT,14502,"48.8817,-0.3261",Pylône autostable,35m,ATC FRANCE,AJO,,0|90|270,,False,False
456439,FREE MOBILE,LTE 800,RD 128 (L'HERBAGE DE LA CROIX) 14690 LES ISLES BARDEL,14343,"48.8367,-0.3431",Pylône autostable,35m,ATC FRANCE,AJO,,0|120|240,,False,False
456443,FREE MOBILE,LTE 800,LA PIECE DU RUX DE FOU CHEM RURAL N°3 (BOIS DU CHÂTEAU) 21350 GISSEY LE VIEIL,21298,"47.3192,4.4717",Pylône autostable,35m,ATC FRANCE,AJO,,200|290,,False,False
456781,FREE MOBILE,LTE 800, (LES FEBERS) 23300 ST AGNANT DE VERSILLAT,23177,"46.3131,1.5247",Pylône autostable,42m,ATC FRANCE,AJO,,100|200|340,,False,False
456815,FREE MOBILE,LTE 800,PISTE INTERCOMMUNALE DE BLAYE / D.220 (LES PUJAUS) 33113 ORIGNE,33310,"44.5047,-0.4969",Pylône autostable,47m,HIVORY,AJO,,0|120|240,,False,False
456861,FREE MOBILE,LTE 800,DERRIERE L'ÉCOLE VOIE COMMUNALE N° 202 (LA GRESILLE) 24300 SCEAU ST ANGEL,24528,"45.4867,0.6858",Pylône autostable,39m,ATC FRANCE,AJO,,0|110|240,,False,False
457252,FREE MOBILE,LTE 800,LES CHAMPS SOLAY (LA POUGE) 25533,25533,"46.9942,5.9914",Pylône autostable,33m,ATC FRANCE,AJO,,60|290,,False,False
457756,FREE MOBILE,LTE 800,CHEM RURAL (CHEZ PEUTIER-LE PARC) 16170 VAUX ROUILLAC,16395,"45.7356,-0.0906",Pylône autostable,38m,ATC FRANCE,AJO,,120|240|355,,False,False
458604,FREE MOBILE,LTE 800, (CHEZ GUILLOUX - LE LAC) 16700 ST GOURSON,16325,"45.9472,0.3311",Pylône autostable,38m,ATC FRANCE,AJO,,5|125|260,,False,False
459794,FREE MOBILE,LTE 800,CHEM RURAL (LA PATTE D'OIE) 24580 FLEURAC,24183,"45.0094,1.0197",Pylône autostable,39m,ATC FRANCE,AJO,,30|130|255,,False,False
460750,FREE MOBILE,LTE 800, (COMBE FROIDE) 24460 SORGES ET LIGUEUX EN PERIGORD,24540,"45.3025,0.8014",Pylône autostable,"38,3m",ATC FRANCE,AJO,,60|180|320,,False,False
462396,FREE MOBILE,LTE 800, (LA GUIDE) 08270 VAUX MONTREUIL,08467,"49.5814,4.5692",Pylône autostable,"40,4m",TOTEM,AJO,,90|190|300,,False,False
462463,FREE MOBILE,"LTE 700, LTE 900, LTE 1800, LTE 2100, LTE 2600, 5G NR 700, 5G NR 3500",AVENUE MICHEL CRÉPEAU RUE DE LA BONETTE SCI CESIM (BOUT BLANC) 17000 LA ROCHELLE,17300,"46.1508,-1.1589",Pylône tubulaire,30m,TOTEM,SUP,,10|100|190,,False,False
462823,FREE MOBILE,5G NR 700,CHEM RURAL N°2 DU CHANOT PRES RESERVOIR (AU CHANOT) 25110 GROSBOIS,25298,"47.3464,6.3153",Pylône autostable,"35,3m",TDF,AJA,,60|150|250,,False,False
463457,FREE MOBILE,LTE 800,CHEM RURAL CHAMP DE LA CROIX (LE RASEAU) 21460 CORSAINT,21199,"47.5408,4.2125",Pylône autostable,33m,ATC FRANCE,AJO,,40|120|250,,False,False
463510,FREE MOBILE,LTE 800,VOIE COMMUNALE (LE PIED DE PARIS) 24590 BORREZE,24050,"44.9578,1.3861",Pylône autostable,24m,ATC FRANCE,AJO,,55|150|270,,False,False
465377,FREE MOBILE,LTE 800, (COL DE GRANACE) 02210 BRECY,2A119,"41.8892,9.0239",Pylône autostable,48m,TDF,AJO,,80|200|320,,False,False
466326,FREE MOBILE,LTE 800, (GARENNE DE BUTTIGNY) 08430 CHAGNY,08095,"49.5806,4.7039",Pylône autostable,"40,4m",TOTEM,AJO,,50|180|290,,False,False
466343,FREE MOBILE,LTE 800,CROIX ST-JACQUES (L'ECHAUDÉE) 10290 FAUX VILLECERF,10145,"48.3294,3.7292",Pylône autostable,"35,4m",TOTEM,AJO,,0|100|250,,False,False
466394,FREE MOBILE,LTE 800, (LE PICON) 31160 RAZECUEILLE,31447,"42.9731,0.8117",Pylône autostable,"33,8m",TDF,AJO,,270|350,,True,False
466522,FREE MOBILE,5G NR 700,680 R DE PEYREHITTE 65300 LANNEMEZAN,65258,"43.1003,0.3778",Pylône autostable,60m,TDF,AJA,,10|120|240,,False,False
468346,FREE MOBILE,LTE 800,LA COSTE 12430 ALRANCE,12006,"44.15,2.6808",Pylône autostable,32m,Conseil Départemental,AJO,,60|180|300,,False,False
468356,FREE MOBILE,LTE 800,LA VERNHETTE (LA TITALIE) 12430 LESTRADE ET THOUELS,12129,"44.0567,2.6533",Pylône autostable,"31,5m",Société Privée,AJO,,20|140|260,,False,False
468360,FREE MOBILE,LTE 800, (PUECH DE GIRMAN) 12120 ARVIEU,12011,"44.2008,2.6892",Pylône autostable,32m,Conseil Départemental,AJO,,0|120|240,,False,False
468365,FREE MOBILE,LTE 800, (REBOURBES) 12480 ST IZAIRE,12228,"43.9539,2.7106",Pylône autostable,"31,5m",Société Privée,AJO,,30|150|270,,False,False
468374,FREE MOBILE,LTE 800,LE PASTURAL (JOU) 12600 THERONDELS,12280,"44.8639,2.7575",Pylône autostable,35m,Conseil Départemental,AJO,,0|120|240,,False,False
468381,FREE MOBILE,LTE 800, (LES CLAUX DES RIVES) 12560 ST SATURNIN DE LENNE,12247,"44.4164,3.0014",Pylône autostable,33m,Société Privée,AJO,,40|180|290,,False,False
468389,FREE MOBILE,LTE 800,LA LIURE PROCHE RD 970 (LE PASSAGE) 21140 PONT ET MASSENE,21497,"47.4817,4.3636",Pylône autostable,35m,ATC FRANCE,AJO,,20|110|200,,False,False
468393,FREE MOBILE,LTE 800,D544 (LAUBIES) 12240 LE BAS SEGALA,12021,"44.2686,2.1639",Pylône autostable,37m,Société Privée,AJO,,10|150|270,,False,False
468416,FREE MOBILE,LTE 800,CHEM RURAL N°15 - D.17 DÉCHETTERIE (BONNAUD) 16390 NABINAUD,16240,"45.285,0.1939",Pylône autostable,35m,TOTEM,AJO,,0|120|235,,False,False
468440,FREE MOBILE,LTE 800,BOIS DU MONT ANCIENNE DÉCHARGE MUNICIPALE RN 112 25620 TREPOT,25569,"47.1753,6.1467",Pylône autostable,42m,Conseil Départemental,AJO,,190,,False,False
468803,FREE MOBILE,LTE 800, (LA BESSIÈRE) 12320 SENERGUES,12268,"44.5842,2.5006",Pylône autostable,32m,Conseil Départemental,AJO,,90|210|330,,False,False
468837,FREE MOBILE,LTE 800,LE FRAYSSE STATION HERTZIENNE (LES ROUQUETS) 12340 GABRIAC,12106,"44.4853,2.7928",Pylône autostable,44m,TOTEM,AJO,,30|150|270,,False,False
468888,FREE MOBILE,LTE 800, (TERRES DE PAGARAND) 07300 PLATS,07177,"45.01,4.7897",Pylône autostable,36m,TOTEM,AJO,,250,,False,False
468907,FREE MOBILE,LTE 800,R DES PATURAGES (AU BÂTIS) 25240 CHAPELLE DES BOIS,25121,"46.6042,6.1133",Pylône autostable,29m,ATC FRANCE,AJO,,180,,False,False
468931,FREE MOBILE,LTE 800,CHEM RURAL (LES FRICHES) 10360 NOE LES MALLETS,10264,"48.1044,4.5661",Pylône autostable,25m,HIVORY,AJO,,135|225,,False,False
469467,FREE MOBILE,LTE 800, (LE TERNE JEAN SERVAIS) 08380 BROGNON,08087,"49.9211,4.2747",Pylône autostable,42m,TOTEM,AJO,,40|270,,False,False
470924,FREE MOBILE,LTE 800,CHEM RURAL LES TROPBIOUS (LAILLÈRE) 31480 CABANAC SEGUENVILLE,31096,"43.7869,1.0397",Pylône autostable,40m,HIVORY,AJO,,100|220|340,,False,False
472264,FREE MOBILE,LTE 800,D4 (COL DE TARTAVELLO) 02360 DOLIGNON,2A266,"42.0739,8.9058",Pylône autostable,33m,Conseil Départemental,AJO,,35|305,,False,False
474109,FREE MOBILE,,RD 937 (LES COUTURES) 80200 ATHIES,80034,"49.8397,2.9917",Pylône autostable,26m,Sociétés d'Autoroutes,CHH,25m,,,False,False
474685,FREE MOBILE,LTE 800,DÉPARTEMENTALE  153 (ROUVEYRAC) 30170 CROS,30099,"44.0136,3.8225",Pylône autostable,6m,HIVORY,AJO,,170,,False,False
475245,FREE MOBILE,LTE 800,CHEM RURAL (LE DÉVÉSOUS) 34270 FONTANES,34102,"43.7911,3.9183",Pylône autostable,33m,TOTEM,AJO,,110|200|315,,False,False
476975,FREE MOBILE,LTE 800,CV N°7 (LES PRÉS NARDIN) 25750 LE VERNOY,25608,"47.5636,6.6756",Pylône autostable,35m,TOTEM,AJO,,135|265,,False,False
477192,FREE MOBILE,LTE 800, (LE GRAND FOISEUIL) 21290 RECEY SUR OURCE,21519,"47.79,4.8728",Pylône autostable,34m,ORANGE Services Fixes,AJO,,210,,False,False
477378,FREE MOBILE,LTE 800, (SUR COLOMBOT) 25530 VELLEROT LES VERCEL,25596,"47.2456,6.4583",Pylône autostable,30m,ATC FRANCE,AJO,,30|150|270,,False,False
477752,FREE MOBILE,LTE 800, (MAGNAC) 19320 ST MARTIN LA MEANNE,19222,"45.1908,1.99",Pylône autostable,41m,TDF,AJO,,15|190|290,,False,False
478657,FREE MOBILE,LTE 800,STATION D'ÉPURATION (SUR LES ROCHES) 21410 FLEUREY SUR OUCHE,21273,"47.3133,4.8697",Pylône autostable,"30,4m",TOTEM,AJO,,110|240|355,,False,False
478851,FREE MOBILE,LTE 2100,IMP DU RELAIS (LES RIVAUDS) 87700 AIXE SUR VIENNE,87001,"45.8006,1.1431",Mât béton,27m,TDF,ALL,,210,,False,False
478988,FREE MOBILE,LTE 800,ARFEUILLE 23700 ARFEUILLE CHATAIN,23005,"46.0542,2.4167",Pylône autostable,48m,TOTEM,AJO,,50|170|290,,False,False
479283,FREE MOBILE,,RUE DU PRÉ DE FOIRE CHEM RURAL DU CARROZ 74230 THONES,74280,"45.8808,6.3217",Pylône autostable,35m,TDF,CHH,34m,,,False,False
480584,FREE MOBILE,LTE 800,MELVIEU  (LE SEGALA) 12400 ST VICTOR ET MELVIEU,12251,"44.0503,2.7867",Pylône autostable,32m,Société Privée,AJO,,0|150|270,,False,False
480588,FREE MOBILE,LTE 800,LA PORTONNERIE (LA PORTONNERIE) 12140 ESPEYRAC,12097,"44.6361,2.5011",Pylône autostable,33m,Conseil Départemental,AJO,,10|165|280,,False,False
480596,FREE MOBILE,LTE 800,LE PUECH (LE GARRIGUET) 12350 PREVINQUIERES,12190,"44.38,2.2358",Pylône autostable,38m,Conseil Départemental,AJO,,90|210,,False,False
480627,FREE MOBILE,LTE 800, (ALTASSÈRE BASSE) 12300 ST PARTHEM,12240,"44.6256,2.2894",Pylône autostable,36m,Conseil Départemental,AJO,,90|210|330,,False,False
480711,FREE MOBILE,LTE 800, (LE MAS DE BOUSQUET) 12550 ST JUERY,12233,"43.9133,2.6864",Pylône autostable,33m,Société Privée,AJO,,0|120|240,,False,False
480715,FREE MOBILE,LTE 800,PROCHE RÉSERVOIR D'EAU ET STATION MÉTÉO (PALARET) 12550 MONTCLAR,12149,"43.9906,2.6153",Pylône autostable,25m,Conseil Départemental,AJO,,50,,False,False
480757,FREE MOBILE,LTE 800, (TOURNAI) 32240 MAUPAS,32246,"43.8536,-0.1331",Pylône autostable,44m,Conseil Départemental,AJO,,50|150|280,,True,False
482817,FREE MOBILE,LTE 800,CRÊTE DE CHIUMI STATION TDF MANSO 1 (PUNTA GINEPARELLU) 02210 BRENY,2B121,"42.4092,8.7286",Pylône autostable,40m,TDF,AJO,,20|240,,False,False
484247,FREE MOBILE,LTE 800, (PIANNELLO) 02200 BILLY SUR AISNE,2A089,"41.9519,9.1511",Pylône autostable,36m,TDF,AJO,,60|170|290,,False,False
485457,FREE MOBILE,5G NR 700,20 R JOSEPH DELON 92160 ANTONY,92002,"48.7497,2.2986",Immeuble,53m,Société HLM,AJA,,30|150|270,,False,False
485518,FREE MOBILE,LTE 800,LA RODE (LE VERDIER) 12560 CAMPAGNAC,12047,"44.43,3.0831",Pylône autostable,32m,Société Privée,AJO,,40|160|280,,False,False
485834,FREE MOBILE,LTE 800, (LES GASTOUSES) 12130 LA CAPELLE BONANCE,12055,"44.4578,3.03",Pylône autostable,33m,Société Privée,AJO,,90|210|330,,False,False
485844,FREE MOBILE,LTE 800, (SARBAUTE) 12370 COMBRET,12069,"43.8419,2.6889",Pylône autostable,34m,Société Privée,AJO,,30|150|270,,False,False
485853,FREE MOBILE,LTE 800,LES CAUBELS (LA COMBE) 12230 ST JEAN DU BRUEL,12231,"43.9961,3.3844",Pylône autostable,38m,Conseil Départemental,AJO,,90|210|330,,False,False
485857,FREE MOBILE,LTE 800, (LA ROUQUETTE) 12550 PLAISANCE,12183,"43.9108,2.5683",Pylône autostable,"32,5m",Conseil Départemental,AJO,,150|320,,False,False
486200,FREE MOBILE,LTE 800, (COL DE CROCO D'OLO) 02270 CHALANDRY,2B156,"42.5164,9.0106",Pylône autostable,34m,TDF,AJO,,70|180|330,,False,False
486956,FREE MOBILE,LTE 800,ROUTE DE MONTMARTIN (D 112) (CHAMP BALLAGE) 10140 MAGNY FOUCHARD,10215,"48.2317,4.545",Silo,45m,"Coopérative Agricole, Vinicole",AJO,,340,,False,False
492629,FREE MOBILE,LTE 800,CHEM D'EXPLOITATION N°23 DE WAGNON A GRANDCHAMP (LE GROS BUZO) 08270 MESMONT,08288,"49.6375,4.4122",Pylône autostable,"45,5m",HIVORY,AJO,,0|120|270,,False,False
493424,FREE MOBILE,LTE 800,STATION TDF ASTET-MAYRES (SUC DE JOUG) 07330 MAYRES,07153,"44.6658,4.0958",Pylône autostable,"18,8m",TDF,AJO,,90|310,,False,False
493949,FREE MOBILE,LTE 800, (GREZES DE LA GRAVE) 24290 COLY ST AMAND,24364,"45.0933,1.2728",Pylône autostable,38m,ATC FRANCE,AJO,,205|320,,False,False
494225,FREE MOBILE,LTE 800,LE VILLAGE MAISON FORESTIÈRE (MOUNIER) 07700 ST REMEZE,07291,"44.35,4.48",Pylône haubané,45m,TOTEM,AJO,,70|180|290,,False,False
498394,FREE MOBILE,LTE 800,GR 44C PYLONE TDF (MAS DE VILLENEUVE) 30530 PORTES,30203,"44.2725,4.0606",Pylône autostable,27m,TDF,AJO,,30|130|240,,False,False
499281,FREE MOBILE,LTE 800,D.439 (LE CHAUZIER LES BLATES) 15300 LAVEISSIERE,15101,"45.1169,2.8",Pylône autostable,"30,3m",TDF,AJO,,110|220,,False,False
502677,FREE MOBILE,LTE 800,PROCHE RESERVOIR (MONTJARDIN) 30750 LANUEJOLS,30139,"44.1306,3.4078",Pylône autostable,25m,SFR,AJO,,10|150|270,,False,False
506039,FREE MOBILE,LTE 800,CHEM SUR LA VELLE RÉSERVOIR D'EAU DE CUBRIAL (A LA TRANCHE) 25680 CUBRIAL,25181,"47.4928,6.4028",Pylône tubulaire,20m,Conseil Départemental,AJO,,75,,False,False
507060,FREE MOBILE,LTE 800,CH D'ALTORNU 02400 CHIERRY,2B187,"42.755,9.3578",Pylône autostable,23m,Conseil Départemental,AJO,,40|160|300,,False,False
507150,FREE MOBILE,LTE 800,CHEM DE LA DÉCHETTERIE (EN BOUSSERAND) 21440 FRANCHEVILLE,21284,"47.4558,4.8708",Pylône autostable,24m,Conseil Départemental,AJO,,60|150|245,,False,False
507251,FREE MOBILE,LTE 800, (SUR LA ROCHE) 21690 CHAMPRENAULT,21141,"47.4025,4.6811",Pylône autostable,33m,TOTEM,AJO,,170|340,,False,False
507820,FREE MOBILE,"LTE 2100, 5G NR 700", (LES VARENNES) 86130 ST GEORGES LES BAILLARGEAUX,86222,"46.665,0.3967",Château d'eau - réservoir,"65,1m","Commune, communauté de commune",ALL,,0|120|240,,False,False
508500,FREE MOBILE,LTE 800,RTE DE RIVES - D.142 (SÉGALA DES RIVES) 34520 LE CAYLAR,34064,"43.8492,3.3011",Pylône autostable,23m,TOTEM,AJO,,30|150|270,,False,False
508875,FREE MOBILE,5G NR 700,2 AV DU GL LECLERC HÔTEL ANTARÈS 45800 ST JEAN DE BRAYE,45284,"47.9142,1.9647",Immeuble,28m,Société Privée,AJA,,30|150|270,,False,False
510579,FREE MOBILE,LTE 800,LAZEROUX 15240 LE MONTEIL,15131,"45.2939,2.49",Pylône tubulaire,34m,TOTEM,AJO,,0|120|270,,True,False
510724,FREE MOBILE,LTE 800,CH DE MONA 02700 DEUILLET,2A262,"42.1261,8.8658",Pylône autostable,15m,Conseil Départemental,AJO,,80|210,,False,False
512450,FREE MOBILE,LTE 800,CHEM RURAL DIT DE LA FONTENOTTE PRÈS D.27 (EN LA TOURNÉE) 21260 FONCEGRIVE,21275,"47.6231,5.1519",Pylône autostable,30m,ATC FRANCE,AJO,,160|345,,False,False
512826,FREE MOBILE,LTE 800,PYLÔNE TDF (SUC DU CHAPELAS) 07590 LE PLAGNAL,07175,"44.7072,3.9503",Pylône autostable,17m,TDF,AJO,,205,,False,False
513594,FREE MOBILE,LTE 800, (ROUSTIGOREN) 12470 PRADES D AUBRAC,12187,"44.5361,2.9422",Pylône autostable,38m,TOTEM,AJO,,40|110|270,,False,False
514751,FREE MOBILE,LTE 800,PYLÔNE TDF (PECH-DE-MIEY) 09000 FOIX,09122,"42.9689,1.6206",Pylône autostable,43m,TDF,AJO,,100|320,,True,False
515620,FREE MOBILE,5G NR 700,STATUE STATION TDF (MONTAIGU) 42670 BELMONT DE LA LOIRE,42015,"46.1706,4.355",Pylône autostable,33m,TDF,AJA,,210|310,,False,False
516264,FREE MOBILE,5G NR 700,STATION TDF (MONTCHOUVET) 43260 ST ETIENNE LARDEYROL,43181,"45.0694,3.9897",Pylône autostable,33m,TDF,AJA,,100|200|350,,False,False
517590,FREE MOBILE,LTE 800, (FALECCIA) 02000 CHERY LES POUILLY,2B180,"42.5831,9.1264",Pylône autostable,35m,HIVORY,AJO,,110|340,,False,False
517961,FREE MOBILE,5G NR 3500,R DE BELLEVUE STATION TDF DE NONANCOURT (LES FOURS À CHAUX) 27320 NONANCOURT,27438,"48.7708,1.2028",Pylône autostable,44m,TDF,ALL,,0|120|240,,False,False
518936,FREE MOBILE,LTE 800,RN 20 - CAMPING DE L'HOSPITALET CAMPING MUNICIPAL (COURTALASSE ET PRADETS) 09390 L HOSPITALET PRES L ANDORRE,09139,"42.5919,1.805",Pylône autostable,30m,TDF,AJO,,30|200,,False,False
519959,FREE MOBILE,"LTE 2100, 5G NR 700", (SERRE RATIER) 05330 ST CHAFFREY,05133,"44.9247,6.5714",Pylône autostable,25m,TDF,ALL,,50|160,,False,False
520828,FREE MOBILE,LTE 800,MONTBÉRIER (L'HUBAC DE LONGEFAYE) 07570 DESAIGNES,07079,"44.9631,4.5008",Pylône autostable,59m,TOTEM,AJO,,10|130,,False,False
521012,FREE MOBILE,LTE 800,D.30 RTE DE CHAMPAGNE (L'AIGE BRATTÉE) 21310 RENEVE,21522,"47.4158,5.3981",Pylône autostable,34m,HIVORY,AJO,,170|292,,False,False
521520,FREE MOBILE,LTE 800,GR 36 (MOLOYRES) 12200 MONTEILS,12150,"44.2611,1.9914",Pylône autostable,30m,Conseil Départemental,AJO,,20|150|250,,False,False
521625,FREE MOBILE,LTE 800, (MONT-AFRIQUE) 21160 FLAVIGNEROT,21270,"47.2858,4.9219",Tour hertzienne,74m,TDF,AJO,,200,,False,False
525524,FREE MOBILE,,STATION TDF (PRÉFOL) 42370 ST ALBAN LES EAUX,42198,"46.0097,3.9197",Pylône autostable,28m,TDF,CHH,25m,,,False,False
526105,FREE MOBILE,LTE 800, (COTE DE MONTJOIE) 08450 RAUCOURT ET FLABA,08354,"49.6083,4.96",Pylône autostable,29m,TOTEM,AJO,,195|355,,False,False
526145,FREE MOBILE,LTE 800,LE FOND DE LA REMISE (LA VALLÉE DU ROUX) 10290 MARCILLY LE HAYER,10223,"48.3447,3.6511",Pylône autostable,"40,4m",Conseil Départemental,AJO,,65|145|270,,False,False
526783,FREE MOBILE,5G NR 700,267 BD DE LA PAIX 64000 PAU,64445,"43.3211,-0.3608",Immeuble,41m,Société HLM,AJA,,60|190|310,,False,False
527400,FREE MOBILE,5G NR 700,LA BRUYERE COMMUNALE RD 112 (BOIS D'AMFREVILLE) 27400 AMFREVILLE SUR ITON,27014,"49.1522,1.1408",Pylône autostable,44m,TDF,AJA,,90|210|330,,False,False
527525,FREE MOBILE,LTE 800,LES MAROTTES SUD 24470 ST SAUD LACOUSSIERE,24498,"45.5467,0.8172",Pylône autostable,36m,Conseil Départemental,AJO,,30|150|270,,False,False
528884,FREE MOBILE,5G NR 700,12 R JOFFRE PRES INTERSEC RN 114 ET D 11 66200 ELNE,66065,"42.6028,2.9711",Pylône tubulaire,37m,TOTEM,AJA,,20|140|260,,False,False
530169,FREE MOBILE,LTE 800,CHEM DE CHATILLON À ENTREVIN (LES FOUZAIS) 18290 CIVRAY,18066,"47.0056,2.1981",Pylône tubulaire,"42,5m",ATC FRANCE,AJO,,40|160|310,,False,False
532053,FREE MOBILE,LTE 800, (LA BARRAQUE DE LACOMBE) 12520 VERRIERES,12291,"44.2531,3.0542",Pylône tubulaire,36m,TOTEM,AJO,,20|150,,False,False
532559,FREE MOBILE,LTE 800,CHEM RURAL N°23 DIT DE LA TÊTE DES PLAINS (BOIS DE BRISEBANDE) 21290 ST BROING LES MOINES,21543,"47.7181,4.8547",Pylône autostable,53m,Conseil Départemental,AJO,,0|170,,False,False
534620,FREE MOBILE,5G NR 700,CHE DE TÊTE NOIRE (CEYLIONNAS) 42220 BURDIGNES,42028,"45.2881,4.5747",Pylône autostable,"33,8m",TDF,AJA,,70|190|310,,False,False
535390,FREE MOBILE,LTE 800, (GRANGE NEUVE DE MONBOS) 24240 THENAC,24549,"44.7381,0.3786",Pylône autostable,"35,3m",ATC FRANCE,AJO,,90|200|300,,False,False
536065,FREE MOBILE,5G NR 700, (LA RATELIÈRE) 43240 ST JUST MALMONT,43205,"45.3331,4.3236",Pylône autostable,33m,TDF,AJA,,0|160|260,,False,False
536334,TELCO OI,"GSM 900, UMTS 900, UMTS 2100, LTE 800, LTE 1800, LTE 2100, LTE 2600, 5G NR 700, 5G NR 3500",ROUTE DU VOLCAN (PITON TEXTOR) 97430 LE TAMPON,97422,"-21.1883,55.635",Pylône haubané,43m,TDF,ART,,39|128|240,,False,True
541317,FREE MOBILE,LTE 800,PRÈS DU RÉSERVOIR (GRÊLE) 06460 CAUSSOLS,06037,"43.7506,6.9164",Mât,3m,ORANGE,AJO,,135|235,,False,False
543761,FREE MOBILE,LTE 800,LA BORIETTE 12140 ENTRAYGUES SUR TRUYERE,12094,"44.6364,2.5583",Pylône autostable,22m,TDF,AJO,,60|330,,True,False
545714,FREE MOBILE,LTE 800,LE PUECH  DE POLISSAL (MAS HAUT) 12330 MOURET,12161,"44.5469,2.5489",Pylône autostable,27m,TDF,AJO,,20|120,,False,False
546921,FREE MOBILE,LTE 800, (LE CLAUX HAUT) 12560 CAMPAGNAC,12047,"44.3978,3.1278",Pylône autostable,50m,HIVORY,AJO,,90|190|300,,False,False
547543,FREE MOBILE,5G NR 700,STATION TDF OUEST DE PLANFOY (NEYRANCHE) 42660 PLANFOY,42172,"45.3847,4.4333",Pylône autostable,28m,TDF,AJA,,60|150|330,,False,False
549204,FREE MOBILE,LTE 800,GARE DE LA TINÉE (LE CHAUDAN) 06450 UTELLE,06151,"43.8889,7.1883",Pylône autostable,27m,TOTEM,AJO,,0|180,,False,False
549821,FREE MOBILE,LTE 800, (LA GLACIÈRE) 12130 ST GENIEZ D OLT ET D AUBRAC,12224,"44.4628,2.98",Pylône autostable,30m,TOTEM,AJO,,80|240,,False,False
552322,FREE MOBILE,LTE 800, (CHASSAGNOL) 19160 CHIRAC BELLEVUE,19055,"45.4553,2.3069",Pylône autostable,35m,ATC FRANCE,AJO,,190,,False,False
553220,FREE MOBILE,LTE 800,PRÈS FERME MINODIER (CROS DU CAIRE) 26240 PONSAS,26247,"45.1664,4.8331",Pylône autostable,"23,8m",TDF,AJO,,150,,False,False
555523,FREE MOBILE,5G NR 700,1 R CHARLES LINNÉ 92600 ASNIERES SUR SEINE,92004,"48.9281,2.2783",Immeuble,42m,Société HLM,AJA,,30|140|250,,False,False
555991,FREE MOBILE,LTE 800,CR N°5 DIT DU BOIS LES FOURCHES (LA ROUELLE) 21270 TELLECEY,21624,"47.2925,5.2908",Pylône autostable,32m,ATC FRANCE,AJO,,180|235,,False,False
555999,FREE MOBILE,LTE 800,D 30 (MONT RACHET) 25360 GONSANS,25278,"47.2311,6.3092",Pylône autostable,30m,TOTEM,AJO,,110|270,,False,False
556039,FREE MOBILE,LTE 800, (AUX BERÇOTS) 25210 LAVAL LE PRIEURE,25329,"47.1836,6.6142",Pylône tubulaire,36m,TOTEM,AJO,,10|100|190,,False,False
558804,FREE MOBILE,LTE 800,SOUCCA NEGRA TERRAIN COMMUNAL (MONT SUE) 06670 DURANUS,06055,"43.8961,7.2644",Pylône autostable,18m,Conseil Départemental,AJO,,0|120|240,,False,False
558842,FREE MOBILE,LTE 800, (LE COGNET) 07690 MONESTIER,07160,"45.1975,4.5336",Pylône autostable,"23,2m",TDF,AJO,,100|220,,False,False
559415,FREE MOBILE,5G NR 700,CHEM RURAL N°5 DE VILLIERS ADAM À SOGNOLE (BOIS DU DÉFAI) 95540 MERY SUR OISE,95394,"49.0556,2.1986",Pylône autostable,"45,6m",HIVORY,AJA,,70|190|310,,False,False
561452,FREE MOBILE,LTE 800,PYLÔNE TDF (MAS D' AMBLARD) 12220 PEYRUSSE LE ROC,12181,"44.5086,2.1336",Pylône autostable,43m,TDF,AJO,,10|150|270,,False,False
561500,FREE MOBILE,LTE 800,CHEMIN RURAL (COSTE FREJE) 12290 ARQUES,12010,"44.3142,2.8278",Pylône autostable,"26,2m",TDF,AJO,,40|160|270,,False,False
564135,FREE MOBILE,LTE 800,CHEM DE PIETRA BIANCA (BOCCA SERRIA) 02700 BARISIS AUX BOIS,2B049,"42.5131,8.6919",Pylône tubulaire,25m,TOTEM,AJO,,50|180,,False,False
564966,FREE MOBILE,5G NR 700, (PETIT RECET) 25190 ST HIPPOLYTE,25519,"47.3197,6.8072",Pylône autostable,42m,TDF,AJA,,10|100|270,,False,False
564976,FREE MOBILE,LTE 800,D 42 (DE CASTELNEAU-DURBAN À LABORIE) (LES FAGES) 09420 CASTELNAU DURBAN,09082,"42.9989,1.3478",Pylône autostable,32m,CELLNEX,AJO,,70|260,,False,False
565064,FREE MOBILE,LTE 800,A5  PK 148.400 10110 CHAUFFOUR LES BAILLY,10092,"48.1694,4.3286",Pylône autostable,53m,Sociétés d'Autoroutes,AJO,,80|290,,False,False
565115,FREE MOBILE,LTE 800,CHEM RURAL DE COULÉDOUX (BOURDALLÉ) 31160 PORTET D ASPET,31431,"42.9411,0.8578",Pylône autostable,42m,HIVORY,AJO,,90|210|330,,False,False
565200,FREE MOBILE,5G NR 700,R DE NIDECK 67600 SELESTAT,67462,"48.2647,7.4392",Pylône autostable,"38,5m",TOTEM,AJA,,20|130|230,,False,False
568073,FREE MOBILE,LTE 800,CD N°28 (LA CHARRIÈRE) 21610 CHAUME ET COURCHAMP,21158,"47.5928,5.3708",Pylône tubulaire,"32,2m",TOTEM,AJO,,36|120|212,,False,False
568719,FREE MOBILE,LTE 800,CHEM RURAL (VEZOLET) 15190 ST AMANDIN,15170,"45.3281,2.735",Pylône autostable,25m,TDF,AJO,,50|300,,False,False
571688,FREE MOBILE,LTE 800, (LA GARDETTE) 12230 LA COUVERTOIRADE,12082,"43.9244,3.3089",Pylône arbre,"15,2m",Société Privée,AJO,,0|155,,False,False
572853,FREE MOBILE,LTE 800, (LAMOTHE) 24170 PAYS DE BELVES,24035,"44.7233,0.9456",Pylône autostable,31m,ATC FRANCE,AJO,,25|155|270,,False,False
573111,FREE MOBILE,LTE 800,PYLONE TDF (MONT CABANES) 34260 GRAISSESSAC,34117,"43.6928,3.0608",Pylône autostable,20m,TDF,AJO,,130,,False,False
575147,FREE MOBILE,LTE 800,G.R. 62B - CHEM RURAL PYLÔNE TDF (LA PONSARDIE) 12390 BELCASTEL,12024,"44.3878,2.3444",Pylône autostable,35m,TDF,AJO,,20|150|270,,False,False
575375,FREE MOBILE,LTE 800,BEL AIR (LES BERGUETTES) 12350 LANUEJOULS,12121,"44.4311,2.1922",Pylône autostable,"41,6m",HIVORY,AJO,,0|120|250,,False,False
575662,FREE MOBILE,LTE 700,8 RÉS ST-JEAN 54 R DES CHANDIOTS HLM 8 À 14 63100 CLERMONT FERRAND,63113,"45.7881,3.1161",Immeuble,"20,2m",Société HLM,AAV,,0|120|240,,False,True
576609,FREE MOBILE,LTE 800,CHEM RURAL PRÈS D.61B (LES TERRASSES) 24314,24314,"44.9089,1.3672",Pylône autostable,"29,5m",CELLNEX,AJO,,120|240|345,,False,False
579239,FREE MOBILE,LTE 800,CHEM COMMUNAL N°2 PRÈS CHATEAU D EAU (SERROT) 32300 LABEJAN,32172,"43.5458,0.4928",Pylône tubulaire,31m,ATC FRANCE,AJO,,40|150|260,,False,False
580257,FREE MOBILE,LTE 800,D.24 (LE FIEF DE CHEZ COURGEAU) 16190 POULLIGNAC,16267,"45.4022,-0.0022",Pylône autostable,34m,Conseil Départemental,AJO,,30|140|260,,False,False
580896,FREE MOBILE,LTE 800,RÉÉMETTEUR TDF (LA VERSENNE) 21540 AUBIGNY LES SOMBERNON,21033,"47.2994,4.6303",Pylône autostable,40m,TDF,AJO,,100|210|340,,False,False
581884,FREE MOBILE,LTE 800, (LES GRANDES VERSENNES) 16140 TUSSON,16390,"45.9489,0.0619",Pylône autostable,30m,ATC FRANCE,AJO,,35|165|270,,False,False
584371,FREE MOBILE,5G NR 700,R DES CHÂTAIGNIERS CHÂTEAU D'EAU DU VERT VILLAGE PRES DE RD 830 27180 ST SEBASTIEN DE MORSENT,27602,"49.0086,1.0931",Château d'eau - réservoir,56m,"Commune, communauté de commune",AJA,,0|150|250,,False,False
584415,FREE MOBILE,LTE 800,AIRE DE REPOS DU BELVÉDÈRE A 75 (TRAVERS DU BRONC) 34700 PEGAIROLLES DE L ESCALETTE,34196,"43.8167,3.3183",Pylône autostable,21m,HIVORY,AJO,,165|350,,False,False
584744,FREE MOBILE,LTE 800,VOIE COMMUNALE N°16 (LAIR) 15500 ST PONCY,15207,"45.1842,3.1878",Pylône autostable,45m,TOTEM,AJO,,10|130|250,,False,False
586257,FREE MOBILE,LTE 800, (RIGOULAC) 12420 ARGENCES EN AUBRAC,12223,"44.7303,2.7956",Pylône autostable,32m,TOTEM,AJO,,0|110|230,,False,False
586316,FREE MOBILE,LTE 800,ROUTE DÉPARTEMENTALE 18 D' AMANCE À NULLY (LA TÊTE AUX CHEVAUX) 10140 AMANCE,10005,"48.2972,4.5289",Pylône autostable,37m,HIVORY,AJO,,210|350,,False,False
587892,FREE MOBILE,LTE 800,ROC DE LA GRENOUILLE 09300 BELESTA,09047,"42.8989,1.9564",Pylône autostable,16m,TOTEM,AJO,,40|290,,True,False
594369,FREE MOBILE,LTE 800,RTE DE LA ROYA ST-SALVAIRE (LA ROUGELLE) 06660 ST ETIENNE DE TINEE,06120,"44.2131,6.9678",Pylône autostable,19m,HIVORY,AJO,,20|120,,False,False
595159,FREE MOBILE,LTE 800,MAISON FORESTIERE DE ST ANTOINE 02340 CLERMONT LES FERMES,2A200,"41.9639,9.1911",Pylône arbre,33m,TDF,AJO,,290,,False,False
599124,FREE MOBILE,LTE 800,ROUTE LA GLIVIERE (LUC) 19430 MERCOEUR,19133,"44.9939,1.9486",Pylône autostable,43m,Conseil Départemental,AJO,,90|210|330,,False,False
599397,FREE MOBILE,LTE 800,LES FAYSSES LONGUES (LA TESSONNE) 30120 MONTDARDIER,30176,"43.9611,3.5319",Pylône autostable,33m,TOTEM,AJO,,45|305,,False,False
600220,FREE MOBILE,LTE 800, (CRÊT MONIOT & PLANCHE LA JEANN) 25520 ARC SOUS CICON,25025,"47.0364,6.4122",Pylône autostable,48m,EDF ou GDF,AJO,,40|140|290,,False,False
601420,FREE MOBILE,LTE 800, (FERME DU PEROU) 26510 VILLEPERDRIX,26376,"44.4442,5.3047",Pylône autostable,33m,TDF,AJO,,160|230,,False,False
603842,FREE MOBILE,5G NR 700,4 R BRANLY 67500 HAGUENAU,67180,"48.8019,7.8111",Pylône autostable,30m,TOTEM,AJA,,0|120|240,,False,False
612450,FREE MOBILE,LTE 800,STADE DE FOOTBALL (LES CHAILLOTS) 10400 AVANT LES MARCILLY,10020,"48.4317,3.5697",Pylône autostable,42m,Conseil Départemental,AJO,,175|220|340,,False,False
612521,FREE MOBILE,LTE 800,LE VILLARD (LA CHATONNIÈRE) 26340 BRETTE,26062,"44.5908,5.3144",Bâtiment,7m,ORANGE Services Fixes,AJO,,0|190,,False,False
615731,FREE MOBILE,LTE 800,R DE LA GARE PRÈS DE LA COOP. AGRICOLE 18350 NERONDES,18160,"46.9978,2.8244",Pylône autostable,37m,CELLNEX,AJO,,35|155|275,,False,False
619876,FREE MOBILE,LTE 800,LE CHATAIGNER (LA CROIX DE MAREILLE) 24610 MINZAC,24272,"44.9578,0.0264",Pylône autostable,40m,Conseil Départemental,AJO,,30|150|270,,False,False
620726,FREE MOBILE,5G NR 3500,R DE KERROT 29660 CARANTEC,29023,"48.6597,-3.9136",Château d'eau - réservoir,34m,"Commune, communauté de commune",ALL,,50|180|320,,False,False
628313,FREE MOBILE,5G NR 700,RUE DU RELAIS PYLÔNE TDF (LA PLÉNOISE) 25340 PAYS DE CLERVAL,25156,"47.4022,6.4844",Pylône autostable,"43,4m",TDF,AJA,,60|150|280,,False,False
633071,FREE MOBILE,LTE 800, (CONTIBAL) 15290 PARLAN,15147,"44.8219,2.1794",Pylône autostable,35m,HIVORY,AJO,,75|200|330,,False,False
633184,FREE MOBILE,LTE 800, (LE MONTMOYEN) 10190 CHENNEGY,10096,"48.2164,3.8764",Pylône autostable,"77,7m",Conseil Départemental,AJO,,30|130|300,,False,False
637829,FREE MOBILE,LTE 800,PLANTAUREL (LIEURAC) 09300 ROQUEFORT LES CASCADES,09250,"42.9664,1.7536",Pylône autostable,24m,TDF,AJO,,70|130|270,,True,False
638982,FREE MOBILE,LTE 800, (LA FAURE DU HAUT) 07190 ST SAUVEUR DE MONTAGUT,07295,"44.8233,4.5764",Pylône autostable,"26,5m",TDF,AJO,,0|110|220,,False,False
641134,FREE MOBILE,LTE 800,RÉÉMETTEUR TDF DE FONTAN 1 (CIMETIÈRE) 06540 SAORGE,06132,"43.9914,7.55",Pylône autostable,30m,TDF,AJO,,10|200,,False,False
645566,FREE MOBILE,LTE 800,LES REVELIES EST (LES VERSANNES) 24330 LA DOUZE,24156,"45.0806,0.8575",Pylône autostable,36m,TOTEM,AJO,,180|350,,False,False
648330,FREE MOBILE,LTE 800, (COUSSERGUES) 11580 ALET LES BAINS,11008,"42.9989,2.2439",Pylône autostable,26m,TDF,AJO,,90,,False,False
650067,FREE MOBILE,, (PUNTA DI TRAGUNATU) 02840 ATHIES SOUS LAON,2A028,"42.1772,8.7931",Pylône tubulaire,43m,TDF,CHH,40m,,,False,False
653808,FREE MOBILE,LTE 800, (LES GALIBES) 24210 ST RABIER,24491,"45.1619,1.1369",Pylône autostable,"37,8m",TDF,AJO,,120|230|350,,False,False
656112,FREE MOBILE,LTE 800,LABROU (LE DEVANT DE LA CHAUX) 26150 PONTAIX,26248,"44.76,5.2606",Pylône autostable,26m,TDF,AJO,,90|170,,False,False
656464,FREE MOBILE,LTE 800,LES DEVISES (VINTAJOL) 24200 ST ANDRE D ALLAS,24366,"44.9089,1.1556",Pylône autostable,"34,8m",TOTEM,AJO,,120|270,,False,False
666860,FREE MOBILE,LTE 800, (LE CLUZARD) 19170 TARNAC,19265,"45.6681,1.9294",Pylône autostable,40m,Conseil Départemental,AJO,,60|180|300,,False,False
666894,FREE MOBILE,LTE 800,D.88 - PRÈS RÉSERVOIR (LA ZOTTE) 19160 LAMAZIERE BASSE,19102,"45.3783,2.1756",Pylône autostable,43m,Conseil Départemental,AJO,,10|130|250,,False,False
668444,FREE MOBILE,LTE 800,LE PUY DE LAFONT (LA VIGNERIE) 19400 ARGENTAT SUR DORDOGNE,19010,"45.1583,1.9533",Pylône autostable,38m,ATC FRANCE,AJO,,30|180,,False,False
668482,FREE MOBILE,LTE 800, (PUY DE LA MONEDIERE) 19260 VEIX,19281,"45.4847,1.8397",Pylône autostable,41m,DDE,AJO,,0|120|240,,False,False
669701,FREE MOBILE,LTE 800,V.C. DE CHAUMONT HARDOYE (GRAND FOSSE) 08220 CHAUMONT PORCIEN,08113,"49.6558,4.2439",Pylône autostable,38m,Conseil Départemental,AJO,,125|210,,False,False
669818,FREE MOBILE,5G NR 700,171 R ST DENIS 93100 MONTREUIL,93048,"48.8756,2.4497",Immeuble,34m,"Copropriété, Syndic, SCI",AJA,,0|120|240,,False,False
672799,FREE MOBILE,LTE 800, (LA VIGUERIE) 15600 BOISSET,15021,"44.7819,2.2389",Pylône autostable,"37,4m",HIVORY,AJO,,0|90|225,,False,False
674594,FREE MOBILE,LTE 800,LA BORIE DU GASC (JALASOU) 12470 ST CHELY D AUBRAC,12214,"44.5875,2.9083",Pylône autostable,24m,TOTEM,AJO,,80|200|320,,False,False
674823,FREE MOBILE,LTE 800, (FROMENTEAU) 23170 TARDES,23251,"46.1328,2.3214",Pylône autostable,49m,Conseil Départemental,AJO,,60|170,,False,False
675797,FREE MOBILE,LTE 800,LES ESQUEROLES (ROC DE L'AIGLE) 09110 MERENS LES VALS,09189,"42.6536,1.8408",Pylône autostable,28m,HIVORY,AJO,,220|350,,False,False
677706,FREE MOBILE,LTE 800,CHEM DE LA GIRODIÈRE 08290 LA FEREE,08167,"49.7528,4.3097",Pylône autostable,43m,Conseil Départemental,AJO,,55|230,,False,False
677710,FREE MOBILE,LTE 800,CHEM D'EXPLOITATION N°37 (LES SAULES - SUR LE MONT) 08220 HANNOGNE ST REMY,08210,"49.5947,4.1408",Pylône autostable,30m,Conseil Départemental,AJO,,0|180,,False,False
678141,FREE MOBILE,LTE 800,CHEM RURAL DIT DE LA CARRIÈRE (LES CARRIÈRES) 08190 VILLERS DEVANT LE THOUR,08476,"49.5106,4.0747",Pylône autostable,20m,Conseil Départemental,AJO,,130,,False,False
680233,FREE MOBILE,LTE 800, (LES VIGNES) 25310 MESLIERES,25378,"47.4203,6.8911",Pylône autostable,38m,TDF,AJO,,185,,False,False
681669,FREE MOBILE,,ROCHER DE GALZENS CHEM RURAL (LE CAYLA) 81530 VIANE,81314,"43.7311,2.5697",Pylône autostable,26m,TDF,CHH,28m,,,False,False
685525,FREE MOBILE,LTE 800, (CHANTELOUBE) 23450 FRESSELINES,23087,"46.4114,1.6728",Pylône autostable,43m,Conseil Départemental,AJO,,165,,False,False
685574,FREE MOBILE,LTE 800, (MALAVAUX) 23190 CHAMPAGNAT,23048,"46.0069,2.2669",Pylône autostable,43m,Conseil Départemental,AJO,,30|150,,False,False
685601,FREE MOBILE,LTE 800,BROUSSOUX 15590 VELZIC,15252,"45.0042,2.5364",Mât béton,"18,5m",TDF,AJO,,60|300,,False,False
685613,FREE MOBILE,LTE 800,FONT PEYROUSE (ELSEIX LA GRANGE) 19430 BASSIGNAC LE BAS,19017,"45.0303,1.8733",Pylône autostable,43m,Conseil Départemental,AJO,,70|190|310,,False,False
687004,FREE MOBILE,LTE 800,CHEM RURAL DIT DE LA TERRASSE (LA MONTAGNE) 21520 BISSEY LA COTE,21077,"47.9122,4.7011",Pylône autostable,40m,Conseil Départemental,AJO,,90|310,,False,False
689050,FREE MOBILE,5G NR 700,LES ROCHES (CHARTIGNOUX) 63410 MANZAT,63206,"45.9583,2.9369",Pylône autostable,26m,TDF,AJA,,40|200|300,,False,False
690117,FREE MOBILE,LTE 800,PRÈS DÉPARTEMENTALE 13 (RIGNAC) 15110 ST URCIZE,15216,"44.6819,2.9958",Pylône autostable,18m,TDF,AJO,,20,,False,False
692559,FREE MOBILE,LTE 800,LIEU DIT LE CROT ROUGE (LE CROT ROUGE) 18570 MORTHOMIERS,18157,"47.0419,2.2669",Pylône autostable,35m,ATC FRANCE,AJO,,60|150|245,,False,False
694321,FREE MOBILE,LTE 800,CHEM RURAL PRÈS D.111 E (LES QUATRES VENTS) 18370 ST SATURNIN,18234,"46.4967,2.2275",Pylône autostable,46m,Conseil Départemental,AJO,,30|150|270,,False,False
694869,FREE MOBILE,LTE 800,PRÈS DU CHÂTEAU D'EAU (PUYLAFAYE) 24530 BRANTOME EN PERIGORD,24064,"45.3244,0.7561",Pylône autostable,35m,BOUYGUES,AJO,,5|110|220,,False,False
695739,FREE MOBILE,LTE 800, (PECH DE MARRANS) 11510 FEUILLA,11143,"42.9275,2.9133",Pylône autostable,23m,HIVORY,AJO,,140|260|350,,False,False
696382,FREE MOBILE,LTE 800,D.101F (LA FOUCHÈRE) 21400 PUITS,21511,"47.7328,4.4369",Pylône autostable,31m,Conseil Départemental,AJO,,85|260,,False,False
698300,FREE MOBILE,LTE 800,PRES DU MOINE (PRÉS DU MOINE) 25920 MOUTHIER HAUTE PIERRE,25415,"47.0297,6.2689",Pylône autostable,30m,TDF,AJO,,80|325,,False,False
698332,FREE MOBILE,LTE 800,PRALABEAU (MICHELON) 26470 CHALANCON,26067,"44.5275,5.3806",Pylône autostable,30m,ORANGE Services Fixes,AJO,,160|300,,False,False
705412,FREE MOBILE,LTE 800,CHEM DE LA FORÊT (LA BORIE) 19800 CORREZE,19062,"45.3731,1.8697",Pylône autostable,"41,3m",TDF,AJO,,40|190|350,,False,False
706637,FREE MOBILE,LTE 800, (KERLAY) 22480 ST CONNAN,22284,"48.4106,-3.0472",Pylône autostable,39m,Conseil Départemental,AJO,,60|180|300,,False,False
707945,FREE MOBILE,LTE 800, (RULLADOU) 34360 BERLOU,34030,"43.4972,2.9564",Pylône autostable,33m,TOTEM,AJO,,30|180,,False,False
720334,FREE MOBILE,LTE 800, (LA PANEYRE) 07190 ST PIERREVILLE,07286,"44.8192,4.5175",Pylône autostable,21m,TDF,AJO,,5|135|260,,False,False
723287,FREE MOBILE,LTE 800,FORÊT COMMUNALE DE VULAINES (LE FOND DU ROY) 10160 VULAINES,10444,"48.2525,3.6289",Pylône autostable,42m,TDF,AJO,,60|160|250,,False,False
726783,FREE MOBILE,5G NR 700,CHEMIN DE LAUNAY (LA CHAPELLE ST-MARC) 27170 BEAUMONT LE ROGER,27051,"49.0956,0.7386",Pylône autostable,"43,5m",TDF,AJA,,0|120,,False,False
727274,FREE MOBILE,LTE 800, (LE SOULEILLA) 09300 NALZEN,09215,"42.9167,1.7506",Pylône autostable,40m,HIVORY,AJO,,100|315,,False,False
727728,FREE MOBILE,LTE 800, (CABRELLES) 12380 ST SERNIN SUR RANCE,12248,"43.8772,2.6356",Pylône autostable,27m,HIVORY,AJO,,90|290,,False,False
727794,FREE MOBILE,LTE 800,D 940 (PUY DE NIOULOU) 19170 ST HILAIRE LES COURBES,19209,"45.6231,1.8392",Pylône autostable,"45,6m",Conseil Départemental,AJO,,90|210|330,,False,False
727796,FREE MOBILE,LTE 800, (PUY CHASTANG) 19220 ST CIRGUES LA LOUTRE,19193,"45.0864,2.0831",Pylône autostable,47m,TDF,AJO,,10|125|250,,False,False
730986,FREE MOBILE,LTE 800,VC PRÈS RÉSERVOIR (GOAZ AN ESQUER) 22340 LOCARN,22128,"48.3189,-3.4164",Pylône autostable,40m,Conseil Départemental,AJO,,30|150|270,,False,False
732784,FREE MOBILE,LTE 2100,RD 75 (LES CABANES) 38780 OYTIER ST OBLAS,38288,"45.5819,5.0494",Pylône autostable,"29,5m",TOTEM,ALL,,30|150|270,,False,False
734126,FREE MOBILE,LTE 800, (SUC DU MONTAT) 07590 ST ETIENNE DE LUGDARES,07232,"44.6511,4.0253",Pylône autostable,20m,TDF,AJO,,125|270,,False,False
738251,FREE MOBILE,LTE 800, (CHEZ LA CATY) 16310 MOUZON,16239,"45.7958,0.5983",Pylône autostable,30m,ATC FRANCE,AJO,,60|175|290,,False,False
738266,FREE MOBILE,LTE 800,ROUTE INTERCOMMUNALE DE SAUMOS A BRACH STADE DE SAUMOS (LE PETIT COURGAS) 33680 SAUMOS,33503,"44.9311,-0.9883",Pylône autostable,45m,Conseil Départemental,AJO,,70|180|300,,False,False
740152,FREE MOBILE,LTE 800,RTE DU CHÊNE CREUX (BOUY) 18800 CHASSY,18056,"47.02,2.8783",Pylône autostable,46m,ATC FRANCE,AJO,,45|165|285,,False,False
741901,FREE MOBILE,"LTE 2100, 5G NR 700",R NICOLAS COPERNIC ZI SUD 41100 VENDOME,41269,"47.7789,1.0731",Château d'eau - réservoir,44m,"Syndicat des eaux, Adduction",ALL,,130|240|340,,False,False
742519,FREE MOBILE,LTE 800,GIRAUDIER PYLÔNE FT (LES TROIS CROIX) 07270 COLOMBIER LE JEUNE,07068,"45.0142,4.6911",Pylône autostable,26m,TOTEM,AJO,,180,,False,False
744131,FREE MOBILE,LTE 800, (PEYTE / LA BOURGEADE) 19220 SERVIERES LE CHATEAU,19258,"45.1431,2.02",Pylône autostable,"40,4m",HIVORY,AJO,,90|210|330,,False,False
749851,FREE MOBILE,LTE 800,VC N°202 DE LA TUILLIÈRE À ST-JORY TERSAC (SUR LES PEYS) 24160 ST JORY LAS BLOUX,24429,"45.3711,0.9653",Pylône autostable,35m,Conseil Départemental,AJO,,60|180|300,,False,False
750472,FREE MOBILE,LTE 800,CHEM LA GARE ZA DES AJONCS D'OR 35620 TEILLAY,35332,"47.8178,-1.5619",Pylône autostable,55m,Conseil Départemental,AJO,,10|130|250,,False,False
750488,FREE MOBILE,LTE 800,D. 24 (LA PICAIS - ANCIENNE CARRIÈRE) 35210 COMBOURTILLE,35086,"48.2606,-1.2931",Pylône autostable,44m,Conseil Départemental,AJO,,0|90|200,,False,False
751485,FREE MOBILE,LTE 800,C V N°6 DE MONTGENOUX (MONTGENOUX) 18170 MAISONNAIS,18135,"46.6219,2.2036",Pylône autostable,47m,Conseil Départemental,AJO,,30|160|270,,False,False
751511,FREE MOBILE,LTE 800,CHEM RURAL DE SAPEY (AU SAPEY) 25580 LES PREMIERS SAPINS,25424,"47.0656,6.3342",Pylône autostable,42m,TOTEM,AJO,,0|180,,False,False
752521,FREE MOBILE,LTE 800, (BOIS DE LA PASSE) 18260 JARS,18117,"47.3958,2.6953",Pylône autostable,47m,Conseil Départemental,AJO,,40|180|270,,False,False
752886,FREE MOBILE,LTE 800, (LE SOURRY) 30570 ST ANDRE DE MAJENCOULES,30229,"44.0383,3.6861",Pylône autostable,32m,HIVORY,AJO,,0|120|210,,False,False
753287,FREE MOBILE,LTE 800, (ROUQUISSE) 12360 PEUX ET COUFFOULEUX,12179,"43.7711,2.87",Pylône autostable,"34,1m",ATC FRANCE,AJO,,75|250,,False,False
755152,FREE MOBILE,LTE 800,PONT DU CHEM DE FER RN 202 06450 UTELLE,06151,"43.9014,7.1889","Ouvrage d'art (pont, viaduc)",9m,"Commune, communauté de commune",AJO,,45|180|300,,False,False
755575,FREE MOBILE,LTE 800, (LIEPERTES) 07140 STE MARGUERITE LAFIGERE,07266,"44.4786,4.0025",Pylône autostable,21m,TDF,AJO,,270,,False,False
756132,FREE MOBILE,LTE 800, (LA PETITE FAYE) 24190 ST ANDRE DE DOUBLE,24367,"45.1569,0.3339",Pylône autostable,"36,8m",ATC FRANCE,AJO,,25|120|230,,False,False
756165,FREE MOBILE,LTE 800,CHEM RURAL DES ROUCHES AU GRAND BESSE (PETITS CHAMPS DE GRAND BESSE) 18270 ST MAUR,18225,"46.5728,2.2672",Pylône autostable,45m,Conseil Départemental,AJO,,40|120|315,,False,False
756169,FREE MOBILE,LTE 800, (VERTEILLAC) 24600 VANXAINS,24564,"45.2128,0.2764",Pylône autostable,"31,8m",ATC FRANCE,AJO,,85|230|320,,False,False
756591,FREE MOBILE,LTE 800,RTE DU COL GIALORGUES LE VILLARET (BEC DE CAIRE) 06660 ST DALMAS LE SELVAGE,06119,"44.2836,6.8597",Bâtiment,7m,Conseil Départemental,AJO,,80,,False,False
756661,FREE MOBILE,LTE 800,ROUTE DU PLAN (LOU PLAN) 06910 CUEBRIS,06052,"43.8903,7.0186",Pylône autostable,35m,HIVORY,AJO,,90|170|270,,False,False
756691,FREE MOBILE,LTE 800,PYLÔNE TDF GRÉOLIÈRES (LE PRÊT) 06140 COURSEGOULES,06050,"43.8003,7.0178",Pylône autostable,44m,TDF,AJO,,110|250,,False,False
757261,FREE MOBILE,LTE 800,AVENUE DE BELGIQUE (LA HOUILLÈRE) 08700 LA GRANDVILLE,08199,"49.7808,4.8039",Pylône autostable,43m,Conseil Départemental,AJO,,140|230|320,,False,False
757273,FREE MOBILE,LTE 800,CHEM D' AUBIGNY (FOND DE MORGNIVAL) 08460 THIN LE MOUTIER,08449,"49.7233,4.4931",Pylône autostable,42m,Conseil Départemental,AJO,,125|205,,False,False
757321,FREE MOBILE,LTE 800,VC (MONTCHAL) 07320 ROCHEPAULE,07192,"45.0806,4.4536",Pylône autostable,27m,TDF,AJO,,50|180,,False,False
757343,FREE MOBILE,LTE 800,VOIE DU POMMIER (LA ROCHETTE) 08140 POURU AUX BOIS,08342,"49.7097,5.0961",Pylône autostable,45m,TOTEM,AJO,,120|210|300,,False,False
757377,FREE MOBILE,LTE 800,CHEMIN RURAL (LE CLOS DES FOSSÉS) 08130 NEUVILLE DAY,08321,"49.4994,4.6908",Pylône autostable,"43,5m",TOTEM,AJO,,70|200|300,,False,False
757396,FREE MOBILE,LTE 800,CHEM RURAL DE LA VANNERIE (LES GROS CHÊNES) 08170 HARGNIES,08214,"50.01,4.7894",Pylône autostable,33m,HIVORY,AJO,,0|150|290,,False,False
757461,FREE MOBILE,LTE 800,CHEM RURAL (LA SERRE) 09460 LE PUCH,09237,"42.7211,2.0986",Pylône autostable,32m,TDF,AJO,,70|180|285,,True,False
757700,FREE MOBILE,LTE 800,"A5 PR 172,40 PYLÔNE SAPRR (BOIS DE MARIEMONT) 10200 CHAMPIGNOL LEZ MONDEVILLE",10076,"48.1403,4.6194",Pylône autostable,53m,Sociétés d'Autoroutes,AJO,,30|100|320,,False,False
758214,FREE MOBILE,LTE 800,CHEM CASTILLOU D 118 (TOUMIÈRE) 11190 LUC SUR AUDE,11209,"42.97,2.2608",Pylône autostable,26m,TOTEM,AJO,,10|180,,False,False
758238,FREE MOBILE,LTE 2100, (LA PLAINE DE CAZELLES) 11390 CUXAC CABARDES,11115,"43.3664,2.285",Château d'eau - réservoir,33m,"Commune, communauté de commune",ALL,,90|245|335,,False,False
758256,FREE MOBILE,LTE 800,PRÉS D59 (CHAMP LE ROI) 10210 VANLAY,10395,"48.055,4.0506",Pylône autostable,34m,HIVORY,AJO,,50|270,,False,False
758266,FREE MOBILE,LTE 800,CHEM RURAL (LA COTE DU SUCHOT) 10110 LANDREVILLE,10187,"48.0833,4.4856",Pylône autostable,42m,HIVORY,AJO,,30|140|240,,False,False
758275,FREE MOBILE,LTE 800,CHEM RURAL (LA CÔTE DE LA CHAPELLE) 10110 CHACENAY,10071,"48.1197,4.53",Pylône autostable,37m,HIVORY,AJO,,200|340,,False,False
758750,FREE MOBILE,LTE 800,CHEM DE LA CHAPELLE (PARENDIOU) 11360 FRAISSE DES CORBIERES,11157,"42.96,2.8575",Pylône autostable,27m,Conseil Départemental,AJO,,150|240|320,,False,False
758820,FREE MOBILE,LTE 800, (PRADELS) 12140 GOLINHAC,12110,"44.5992,2.6053",Pylône autostable,30m,TOTEM,AJO,,110|340,,False,False
759355,FREE MOBILE,LTE 800,LA BOUDOMIE (BOIS DE VERNET) 12350 COMPOLIBAT,12071,"44.3753,2.1797",Pylône autostable,38m,Conseil Départemental,AJO,,50|170|290,,False,False
759357,FREE MOBILE,LTE 800,CHEM RURAL VERS DÉPARTEMENT 13 (PUECH FOURNALS) 12330 MURET LE CHATEAU,12165,"44.4847,2.5703",Pylône autostable,24m,TOTEM,AJO,,5|180,,False,False
759359,FREE MOBILE,LTE 800, (LA FRANQUEZE) 12240 LE BAS SEGALA,12021,"44.3406,2.1475",Pylône autostable,38m,Conseil Départemental,AJO,,110|230|350,,False,False
759363,FREE MOBILE,LTE 800,VC (PUY DE CAMPECH) 12130 STE EULALIE D OLT,12219,"44.4778,2.8936",Pylône autostable,40m,TOTEM,AJO,,70|190|335,,False,False
759365,FREE MOBILE,LTE 800,VOIE COMMUNALE N° 1 (BOIS DE VAREILLES) 12330 MOURET,12161,"44.5022,2.5094",Pylône autostable,18m,TOTEM,AJO,,130|210|350,,False,False
759367,FREE MOBILE,LTE 800, (ENCIZES) 12460 ST SYMPHORIEN DE THENIERES,12250,"44.7272,2.7278",Pylône autostable,30m,TOTEM,AJO,,10|190,,False,False
759373,FREE MOBILE,LTE 800,CHEM RURAL (LE FRAYSSE) 12170 LEDERGUES,12127,"44.0908,2.4319",Pylône autostable,38m,TOTEM,AJO,,110|230|350,,False,False
759383,FREE MOBILE,LTE 800,PRÈS D.42 (PEYREGARDE) 12210 MONTPEYROUX,12156,"44.6481,2.7728",Pylône autostable,30m,TOTEM,AJO,,20|140|260,,False,False
759396,FREE MOBILE,LTE 800,D.124 (LE ROC DE LENNE) 12720 ST ANDRE DE VEZINES,12211,"44.1547,3.255",Pylône autostable,30m,TOTEM,AJO,,45|150|250,,False,False
761351,FREE MOBILE,LTE 800, (BIDAUX) 09230 STE CROIX VOLVESTRE,09257,"43.1075,1.1958",Pylône autostable,25m,TDF,AJO,,170|320,,True,False
761426,FREE MOBILE,LTE 800, (LA RUÈRE) 09320 MASSAT,09182,"42.895,1.3775",Pylône autostable,35m,TDF,AJO,,20|130,,False,False
762311,FREE MOBILE,LTE 800, (LES PRADELLES) 19150 PANDRIGNES,19158,"45.235,1.8653",Pylône autostable,34m,ATC FRANCE,AJO,,220|310,,False,False
763989,FREE MOBILE,LTE 800,PRÈS D 111A (LA BRUYERE) 14140 CASTILLON EN AUGE,14141,"49.0267,0.1061",Pylône autostable,45m,Conseil Départemental,AJO,,120|230|355,,False,False
764119,FREE MOBILE,LTE 800,FORET DE TEILHET (CROIX DE STE TANOQUE) 09220 LERCOUL,09162,"42.7742,1.5433",Pylône autostable,44m,TDF,AJO,,40|120|260,,True,False
764167,FREE MOBILE,LTE 800, (COUR BELLEMARE) 14290 LIVAROT PAYS D AUGE,14371,"49.0231,0.2244",Pylône autostable,44m,Conseil Départemental,AJO,,50|150|250,,False,False
764270,FREE MOBILE,LTE 800,ROCHEGUDE 07530 GENESTELLE,07093,"44.71,4.3692",Pylône autostable,27m,TDF,AJO,,10|180|315,,False,False
764278,FREE MOBILE,LTE 800,L'HUBAC DAVEYRE 07190 GLUIRAS,07096,"44.8667,4.4925",Pylône autostable,25m,TDF,AJO,,25|326,,False,False
764647,FREE MOBILE,LTE 800,CHEM RURAL DE LA FRESNAYE D130A (LE VAL LAURENT) 14290 LA FOLLETIERE ABENON,14273,"48.9783,0.4169",Pylône autostable,38m,ATC FRANCE,AJO,,90|210|330,,False,False
764651,FREE MOBILE,LTE 800,D 106 V.C N°52 DE LA GRAVANERIE (LA GRAVANERIE) 14770 TERRES DE DRUANCE,14357,"48.9078,-0.675",Pylône autostable,38m,ATC FRANCE,AJO,,0|120|240,,False,False
764661,FREE MOBILE,LTE 800,RTE DES LACS D22 (PEROL) 15270 CHAMPS SUR TARENTAINE MARCHAL,15038,"45.3992,2.5717",Pylône autostable,20m,TDF,AJO,,230,,False,False
764663,FREE MOBILE,LTE 800, (LASTEURIE) 15590 MANDAILLES ST JULIEN,15113,"45.0717,2.6528",Pylône autostable,"30,3m",TDF,AJO,,70|230,,False,False
764680,FREE MOBILE,LTE 800,CHEM RURAL ST GEORGES (LE CROUPOU) 15140 ST PROJET DE SALERS,15208,"45.0919,2.5767",Pylône autostable,27m,TOTEM,AJO,,40|270,,False,False
764684,FREE MOBILE,LTE 800,PIERRES BLANCHES (LE TRAVERS DES BESSES) 15110 JABRUN,15078,"44.8094,2.9692",Pylône autostable,32m,TOTEM,AJO,,270,,False,False
764691,FREE MOBILE,LTE 800,CHEM DU BOIS DE FAVARD (LA CHAU-LES TRAVERSES) 15170 FERRIERES ST MARY,15069,"45.1858,3.0886",Pylône autostable,27m,TDF,AJO,,20|110|250,,False,False
764694,FREE MOBILE,LTE 800, (ROCHER DE LAQUEILLE) 15300 DIENNE,15061,"45.1483,2.7936",Pylône autostable,18m,TDF,AJO,,0|100|270,,False,False
764708,FREE MOBILE,LTE 800,LES FRAISSES CHEM DE SERVICE (PUY DE MENOIRE) 15400 MENET,15124,"45.3,2.5767",Pylône autostable,31m,TDF,AJO,,20|150,,False,False
765203,FREE MOBILE,LTE 800,CHEM RURAL N°25 (AULIAC) 15400 MARCHASTEL,15116,"45.2928,2.7267",Pylône autostable,29m,TOTEM,AJO,,90|190|320,,False,False
766002,FREE MOBILE,LTE 800, (PICPOT) 17270 CERCOUX,17077,"45.1286,-0.1939",Château d'eau - réservoir,58m,"Syndicat des eaux, Adduction",AJO,,30|150|270,,False,False
766004,FREE MOBILE,LTE 800, (LE CANTON  DES FOURCHETTES) 17270 CLERAC,17110,"45.1706,-0.2475",Pylône autostable,30m,Conseil Départemental,AJO,,55|170|290,,False,False
766006,FREE MOBILE,LTE 800,PYLONE PRÉS D180 (LES NAUSETTES) 17360 ST MARTIN DE COUX,17366,"45.1369,-0.1172",Pylône autostable,37m,Conseil Départemental,AJO,,15|130|250,,False,False
766011,FREE MOBILE,LTE 800,CHATEAU NEUF (LE FIEF NEUF) 17470 DAMPIERRE SUR BOUTONNE,17138,"46.065,-0.4067",Château d'eau - réservoir,36m,Conseil Départemental,AJO,,60|180|300,,False,False
766020,FREE MOBILE,LTE 800, (LA PIE VERTE) 17700 MARSAIS,17221,"46.1247,-0.6197",Pylône autostable,32m,Conseil Départemental,AJO,,0|90|210,,False,False
766029,FREE MOBILE,LTE 800,D 249 (LES MOTARDS) 17800 MARIGNAC,17220,"45.5214,-0.485",Pylône autostable,30m,Conseil Départemental,AJO,,90|210|330,,False,False
766043,FREE MOBILE,LTE 800,D.7 - CHEM RURAL (LES CAILLOUX) 16480 ST VALLIER,16357,"45.2889,-0.0928",Pylône autostable,34m,Conseil Départemental,AJO,,80|190|340,,False,False
766049,FREE MOBILE,LTE 800,CHEM COMMUNAL 207 (LA CÔTE) 16480 BROSSAC,16066,"45.3358,-0.0478",Château d'eau - réservoir,37m,Conseil Départemental,AJO,,30|150|280,,False,False
766463,FREE MOBILE,LTE 800,VOIE COMMUNALE N°18 DE ST CHRISTOPHE À REZAY PRÉS MERIS (LES MÉRYS) 18170 REZAY,18193,"46.6669,2.1506",Pylône autostable,"47,5m",Conseil Départemental,AJO,,30|150|270,,False,False
766486,FREE MOBILE,LTE 800,VOIE COMMUNALE (LE PRÉ DE LA PLANCHE) 18160 CHEZAL BENOIT,18065,"46.8319,2.1136",Pylône autostable,47m,Conseil Départemental,AJO,,0|130|220,,False,False
766488,FREE MOBILE,LTE 800,CHEM RURAL DIT DE SAUGY À ST AMBROIX (LE GRAND BERTHENON) 18290 ST AMBROIX,18198,"46.9556,2.1042",Pylône autostable,47m,Conseil Départemental,AJO,,30|150|270,,False,False
766490,FREE MOBILE,LTE 800,CHEM RURAL 7 (LE MAGNOUX) 18370 PREVERANGES,18187,"46.4319,2.2036",Pylône autostable,45m,Conseil Départemental,AJO,,80|200|310,,False,False
766504,FREE MOBILE,LTE 800,RTE DE CHEVAISE (LA GRANDE TAILLE) 18260 VAILLY SUR SAULDRE,18269,"47.4561,2.6592",Château d'eau - réservoir,39m,"Commune, communauté de commune",AJO,,80|190|300,,False,False
766533,FREE MOBILE,LTE 800,RTE DU BOIS BERNARD (LE BOIS BERNARD) 18380 PRESLY,18185,"47.3914,2.345",Pylône autostable,38m,ATC FRANCE,AJO,,130|220|335,,False,False
767791,FREE MOBILE,LTE 800,CHEM DE CLAMENSAC (CROIX DE ROSIERS) 19220 ST JULIEN AUX BOIS,19214,"45.1319,2.1492",Pylône autostable,"42,7m",HIVORY,AJO,,90|240|330,,False,False
767796,FREE MOBILE,LTE 800, (PILLEBOURCY) 24800 SARRAZAC,24522,"45.4389,1.025",Pylône autostable,39m,Conseil Départemental,AJO,,20|120|240,,False,False
767900,FREE MOBILE,LTE 800, (ARZOUZE) 19370 CHAMBERET,19036,"45.585,1.7489",Pylône autostable,47m,Conseil Départemental,AJO,,30|200,,False,False
767915,FREE MOBILE,LTE 800,VOIE COMMUNALE (PUY-DU-BREUIL) 19330 FAVARS,19082,"45.2622,1.6864",Pylône autostable,47m,Conseil Départemental,AJO,,80|200|320,,False,False
767920,FREE MOBILE,LTE 800,D.49 (AU PADIN- L'ARFEIX DE PIARROU) 19250 ST SULPICE LES BOIS,19244,"45.6181,2.1408",Pylône autostable,35m,ATC FRANCE,AJO,,30|130|240,,False,False
767923,FREE MOBILE,LTE 800,CHEM RURAL  - D.166 (LE POUJOULOUX) 19160 LATRONCHE,19110,"45.3289,2.2361",Pylône autostable,43m,ATC FRANCE,AJO,,60|180|300,,False,False
767943,FREE MOBILE,LTE 800,CHEMIN COL DE LESTARDS (PUY DE LA CHABRELASSE) 19170 LESTARDS,19112,"45.5133,1.8833",Pylône autostable,38m,Conseil Départemental,AJO,,100|220|340,,False,False
767956,FREE MOBILE,LTE 800,RTE DU POTEAU DU GAY (SUC DE LA GRANGE) 19550 LAVAL SUR LUZEGE,19111,"45.25,2.1417",Pylône autostable,38m,Conseil Départemental,AJO,,100|220|340,,False,False
767960,FREE MOBILE,LTE 800,CHEM DÉPARTEMENTAL N°10 LA CROIX DU DON (LES GRENOULLIERS) 19150 ST PAUL,19235,"45.2058,1.8989",Pylône autostable,"40,2m",Conseil Départemental,AJO,,100|220|340,,False,False
767971,FREE MOBILE,LTE 800, (L'ARFOUILLERE) 19170 LESTARDS,19112,"45.5739,1.8447",Pylône autostable,47m,TDF,AJO,,60|180|300,,False,False
767986,FREE MOBILE,LTE 800,D 49 - LE RESERVOIR (LE FEYT) 19200 ST PARDOUX LE VIEUX,19233,"45.6139,2.2861",Pylône autostable,36m,TDF,AJO,,80|200|320,,False,False
768413,FREE MOBILE,LTE 800,RD 939 (FERME DE COTTAINVILLE) 28700 CHATENAY,28092,"48.3381,1.8678",Pylône autostable,35m,TDF,AJO,,20|110|200,,False,False
768492,FREE MOBILE,LTE 800,CHAMP RABOT 21400 VANVEY,21655,"47.8258,4.7183",Pylône arbre,29m,Conseil Départemental,AJO,,100|310,,False,False
768495,FREE MOBILE,LTE 800,D13C (CIMETIÈRE DE VILLOTTE SUR OURC) 21400 VILLOTTE SUR OURCE,21706,"47.8678,4.6833",Pylône autostable,28m,Conseil Départemental,AJO,,250,,False,False
768506,FREE MOBILE,LTE 800, (LES CHAUMES LE PATIS) 21220 MESSANGES,21407,"47.1589,4.8714",Pylône autostable,27m,TDF,AJO,,0,,False,False
768512,FREE MOBILE,LTE 800,D 119 (POROY) 21350 MASSINGY LES VITTEAUX,21395,"47.3925,4.5883",Pylône autostable,27m,TOTEM,AJO,,45|125|340,,False,False
768514,FREE MOBILE,LTE 800,LE CHAMP DE LA CLOCHE (MAISON DIEU) 21500 ASNIERES EN MONTAGNE,21026,"47.7042,4.3019",Pylône autostable,35m,Conseil Départemental,AJO,,130|315,,False,False
768797,FREE MOBILE,LTE 800,PRÈS D. 191 (PLAINE DE LA FORTELLE) 21580 SALIVES,21579,"47.6247,4.9231",Pylône autostable,20m,Conseil Départemental,AJO,,230,,False,False
768828,FREE MOBILE,LTE 800,CHEM RURAL FERME DE BOREY (BOREY) 21420 SAVIGNY LES BEAUNE,21590,"47.1,4.7736",Pylône autostable,25m,TOTEM,AJO,,0,,False,False
769413,FREE MOBILE,LTE 800, (COSTE BOURIOTE) 15150 LACAPELLE VIESCAMP,15088,"44.925,2.2558",Pylône autostable,"33,3m",Conseil Départemental,AJO,,100|210|300,,False,False
769437,FREE MOBILE,LTE 800,CHEM RURAL DU BOURG AUX BHAÛMES (CHAMP DU ROUE) 18200 COLOMBIERS,18069,"46.6925,2.5456",Pylône autostable,37m,HIVORY,AJO,,300,,False,False
769443,FREE MOBILE,LTE 800,CHEM LA VALLÉE (HAMEAU DU MUNOIS) 21150 DARCEY,21226,"47.5281,4.5433",Pylône autostable,32m,HIVORY,AJO,,60|210|305,,False,False
769850,FREE MOBILE,LTE 800,LE REST (LE PETIT PARIS) 22480 CANIHUEL,22029,"48.3347,-3.0847",Pylône autostable,44m,Conseil Départemental,AJO,,60|180|290,,False,False
769864,FREE MOBILE,LTE 800,LE BOURG PARKING COMMUNAL 22570 BON REPOS SUR BLAVET,22107,"48.1781,-3.1511",Pylône autostable,39m,Conseil Départemental,AJO,,30|120|260,,False,False
769872,FREE MOBILE,LTE 800,MEZ ROCH (KERDRAIN) 22480 KERPERT,22092,"48.3914,-3.145",Pylône autostable,39m,Conseil Départemental,AJO,,30|150|270,,False,False
769882,FREE MOBILE,LTE 800,RÉSERVOIR (PARC AR MENEZ) 22160 MAEL PESTIVIEN,22138,"48.3861,-3.3108",Château d'eau - réservoir,35m,Conseil Départemental,AJO,,60|180|300,,False,False
769890,FREE MOBILE,LTE 800,L'ECOBUE DU ROCHER (CARCOUVAN) 22350 GUITTE,22071,"48.2939,-2.0733",Pylône autostable,39m,Conseil Départemental,AJO,,60|170|285,,False,False
769894,FREE MOBILE,LTE 800,PARC BOSCHER (LE GOLLOT) 22160 LA CHAPELLE NEUVE,22037,"48.4642,-3.4936",Pylône autostable,"40,5m",Conseil Départemental,AJO,,30|150|270,,False,False
769896,FREE MOBILE,LTE 800,LAN GOAT IR  LES LANDES D 54 22160 PLOURAC H,22231,"48.4144,-3.5317",Pylône autostable,44m,Conseil Départemental,AJO,,40|180|280,,False,False
769910,FREE MOBILE,LTE 800,BOIS DE BELLE CHASSE CHEM D'EXPLOITATION (GARZUEL) 22110 KERGRIST MOELOU,22087,"48.3303,-3.3058",Pylône autostable,40m,Conseil Départemental,AJO,,90|200|310,,False,False
769922,FREE MOBILE,LTE 800,COLLET EVEN BRAZ PRÈS D50 - VC (KERSOLLEC) 22480 PEUMERIT QUINTIN,22169,"48.3758,-3.2653",Pylône autostable,45m,Conseil Départemental,AJO,,90|210|330,,False,False
769928,FREE MOBILE,LTE 800,PRÈS DU CALVAIRE (MONT ST MICHEL) 22160 ST SERVAIS,22328,"48.3992,-3.3936",Pylône autostable,40m,Conseil Départemental,AJO,,30|150|270,,False,False
770269,FREE MOBILE,LTE 800,CHEM DE RANDONNÉE DU BIROS (TUC DE PUECH) 09800 BALACET,09034,"42.8922,0.9847",Pylône tubulaire,13m,EDF ou GDF,AJO,,220,,True,False
770361,FREE MOBILE,LTE 800,PRÈS DE LA D.109 (LE BOIS DE LA BRULÉE) 21220 DETAIN ET BRUANT,21228,"47.1736,4.7986",Pylône autostable,24m,TOTEM,AJO,,180|300,,False,False
770381,FREE MOBILE,LTE 800, (LA FORÊT) 24220 MEYRALS,24268,"44.9175,1.0933",Pylône autostable,30m,TOTEM,AJO,,120|315,,False,False
770962,FREE MOBILE,LTE 800,STADE COMMUNAL (PRÈS DU MIOT) 25620 L HOPITAL DU GROSBOIS,25305,"47.1667,6.2167",Pylône autostable,42m,TOTEM,AJO,,120|325,,False,False
770964,FREE MOBILE,LTE 800, (VEYRAT - LA BELAGUE) 24530 CHAMPAGNAC DE BELAIR,24096,"45.3922,0.7078",Pylône autostable,38m,Conseil Départemental,AJO,,60|180|300,,False,False
770976,FREE MOBILE,LTE 800, (DAILLAC) 24510 VAL DE LOUYRE ET CAUDEAU,24362,"44.9328,0.8172",Pylône autostable,41m,Conseil Départemental,AJO,,90|210|335,,False,False
770978,FREE MOBILE,LTE 800,A36  PK84 AIR DE REPOS DE COMBE DE FOUGÈRE SENS BEAUNES MULHOUSE (COMBE DE FOUGÈRE) 25340 L HOPITAL ST LIEFFROY,25306,"47.4053,6.4472",Pylône autostable,50m,Sociétés d'Autoroutes,AJO,,85|230,,False,False
770980,FREE MOBILE,LTE 800,CHEM RURAL (LA CROIX BLANCHE) 24220 MEYRALS,24268,"44.8956,1.0758",Pylône autostable,38m,Conseil Départemental,AJO,,60|180|290,,False,False
770988,FREE MOBILE,LTE 800,VOIE COMMUNALE N° 12 (PUYMARSOU) 24190 ST GERMAIN DU SALEMBRE,24418,"45.1481,0.4758",Pylône autostable,37m,BOUYGUES,AJO,,90|240|340,,False,False
770992,FREE MOBILE,LTE 800, (CHAILLAC) 24270 PAYZAC,24320,"45.3825,1.2533",Pylône autostable,43m,Conseil Départemental,AJO,,100|220|310,,False,False
770994,FREE MOBILE,LTE 800, (FAURIELLE) 24530 LA CHAPELLE FAUCHER,24107,"45.3811,0.7475",Pylône autostable,35m,Conseil Départemental,AJO,,60|170|300,,False,False
770996,FREE MOBILE,LTE 800,R DU STADE (MAISON NEUVE) 24630 JUMILHAC LE GRAND,24218,"45.4958,1.0711",Pylône autostable,37m,Conseil Départemental,AJO,,10|130|250,,False,False
771000,FREE MOBILE,LTE 800, (VIGNE BASSE) 24160 ST GERMAIN DES PRES,24417,"45.3408,1.0058",Pylône autostable,45m,Conseil Départemental,AJO,,30|150|270,,False,False
771006,FREE MOBILE,5G NR 700,PRÈS CHEM GRANDE RANDONNÉE 590 EN ACHAY (LA GOULETTE) 25111 MONTGESOYE,25400,"47.07,6.1972",Pylône autostable,27m,TDF,AJA,,110|330,,False,False
771022,FREE MOBILE,LTE 800,CHEM COMMUNAL (MONS) 24590 ARCHIGNAC,24012,"45.0222,1.2981",Pylône autostable,35m,Conseil Départemental,AJO,,0|140|230,,False,False
771575,FREE MOBILE,LTE 800, (CHAUVIGNAC) 24600 ST MARTIN DE RIBERAC,24455,"45.2111,0.3778",Pylône autostable,33m,ATC FRANCE,AJO,,115|225,,False,False
771785,FREE MOBILE,LTE 800,CHEM RURAL N°27 -D.29 (LA CRAIE) 25250 SOYE,25553,"47.4442,6.4914",Pylône autostable,33m,Conseil Départemental,AJO,,120|290,,False,False
772285,FREE MOBILE,LTE 800, (LA FROMAGÈRE) 26470 POMMEROL,26245,"44.4336,5.4692",Pylône autostable,18m,TDF,AJO,,310,,False,False
772326,FREE MOBILE,LTE 800,D 61 PYLÔNE TDF (LES CLOTS) 26310 POYOLS,26253,"44.6081,5.4256",Pylône autostable,28m,TDF,AJO,,35|180,,False,False
772328,FREE MOBILE,LTE 800, (LES ARPHONS) 26220 VESC,26373,"44.53,5.1511",Pylône autostable,25m,TDF,AJO,,0|180,,False,False
772332,FREE MOBILE,LTE 800,110 DESCENTE DES TERRASSES LE VILLAGE CD 135 26340 ST NAZAIRE LE DESERT,26321,"44.5692,5.2792",Pylône autostable,16m,TOTEM,AJO,,135|270|350,,False,False
772347,FREE MOBILE,LTE 800,CHEM RURAL (L' ESTELLON - VIARE - VINCENT) 26110 CHAUDEBONNE,26089,"44.4819,5.2144",Pylône tubulaire,10m,TOTEM,AJO,,120,,False,False
772349,FREE MOBILE,LTE 800,CHEM RURAL (CHAPELLE ST JOSEPH) 26460 BOUVIERES,26060,"44.5194,5.2108",Pylône tubulaire,10m,TOTEM,AJO,,30|150,,False,False
772367,FREE MOBILE,LTE 800,CHEM  LE PLANTA (HUCHES) 26470 BELLEGARDE EN DIOIS,26047,"44.5389,5.4319",Pylône autostable,27m,TDF,AJO,,180,,False,False
772429,FREE MOBILE,LTE 800, (COL LARATTE) 26470 ARNAYON,26012,"44.4853,5.3058",Pylône tubulaire,12m,TDF,AJO,,30|140|245,,False,False
772431,FREE MOBILE,LTE 800, (GORRÉQUER) 29670 TAULE,29279,"48.6203,-3.8694",Pylône autostable,30m,Conseil Départemental,AJO,,60|180|310,,False,False
772904,FREE MOBILE,LTE 800, (CAUSE) 24170 ST POMPON,24488,"44.7361,1.1469",Pylône autostable,"33,3m",ATC FRANCE,AJO,,30|180|275,,False,False
772952,FREE MOBILE,,ROUTE DU HOUGA - D30 (LE MACON - A L'EGLISE) 40090 ARTASSENX,40012,"43.8447,-0.3939",Pylône autostable,82m,TDF,CHA,Le Macon,,,False,False
773065,FREE MOBILE,LTE 800,PRÈS DÉPARTEMENTALE 137 CHÂTEAU D' EAU (LA BOULAYE) 28400 SOUANCE AU PERCHE,28378,"48.2639,0.8344",Pylône autostable,44m,TOTEM,AJO,,80|180|290,,False,False
773822,FREE MOBILE,LTE 800, (PENN AR GUER) 29190 ST RIVOAL,29261,"48.3464,-4.0081",Pylône autostable,45m,Conseil Départemental,AJO,,0|120|240,,False,False
773824,FREE MOBILE,LTE 800,VOIE COMMUNALE GUIDOU BRAS (KERVENT) 29440 ST DERRIEN,29244,"48.5447,-4.1731",Château d'eau - réservoir,40m,"Syndicat des eaux, Adduction",AJO,,30|150|300,,True,False
773832,FREE MOBILE,LTE 800,D144 LA CROIX BARDOUX (CHARDONNELLE) 28220 CLOYES LES TROIS RIVIERES,28103,"47.9981,1.4217",Pylône autostable,42m,ATC FRANCE,AJO,,90|210|330,,False,False
773871,FREE MOBILE,LTE 800,CHEM RURAL N°1 DIT DE PONT-THOUAR ZAC DU PARC DINASQUET 29270 ST HERNIN,29250,"48.2206,-3.6192",Pylône autostable,50m,Conseil Départemental,AJO,,20|120|250,,False,False
774459,FREE MOBILE,LTE 800, (LE CLOS TABU) 22460 ST THELO,22330,"48.2372,-2.8519",Pylône autostable,35m,HIVORY,AJO,,60|180|300,,False,False
777187,FREE MOBILE,LTE 800,CHEM RURAL ADM. : MONTEZORGUES (LES RIBES) 30270 ST JEAN DU GARD,30269,"44.1044,3.9325",Pylône autostable,28m,TDF,AJO,,40|120,,False,False
777907,FREE MOBILE,LTE 800, (LAS PEYRIERAS) 24190 ST SEVERIN D ESTISSAC,24502,"45.0581,0.4683",Pylône autostable,30m,CELLNEX,AJO,,0|125|240,,False,False
778951,FREE MOBILE,LTE 800,CHEM RURAL DE MONLEZUN À MONPARDIAC (CAILLAU) 32230 MONLEZUN,32273,"43.4775,0.23",Pylône autostable,38m,TOTEM,AJO,,20|120|250,,True,False
778975,FREE MOBILE,LTE 800,CHEM RURAL DIT DU GRANJON (TEROULET) 32320 CASTELNAU D ANGLES,32077,"43.6214,0.3053",Pylône autostable,45m,TOTEM,AJO,,80|180|300,,True,False
778977,FREE MOBILE,LTE 800,VOIE COMMUNALE  N°6 DITE DES TUILERIES (AUX PUGNEROTS - LAQUARRAU) 32140 SAMARAN,32409,"43.3981,0.5294",Pylône autostable,40m,TOTEM,AJO,,120|230|340,,True,False
781311,FREE MOBILE,LTE 800, (PIOCH BERNARD) 34230 AUMELAS,34016,"43.5919,3.5875",Pylône autostable,30m,TOTEM,AJO,,30|240|310,,False,False
781534,FREE MOBILE,LTE 800,D.120 - CHEM RURAL STADE (LES FOSSÉS) 33230 MARANSIN,33264,"45.0581,-0.2747",Pylône autostable,32m,Conseil Départemental,AJO,,20|110|260,,False,False
781574,FREE MOBILE,LTE 800,STATION TDF DE JONCELS (PUECH DE MOUSSUR) 34650 JONCELS,34121,"43.7397,3.2044",Pylône autostable,30m,TDF,AJO,,200,,False,False
782141,FREE MOBILE,LTE 800, (PLAN DE BASSE) 34800 OCTON,34186,"43.6503,3.2961",Pylône autostable,25m,TDF,AJO,,50|150|310,,False,False
782177,FREE MOBILE,LTE 800,D 176 (LES ROCS BLANCS) 34360 PARDAILHAN,34193,"43.4578,2.8494",Pylône autostable,35m,TOTEM,AJO,,200|315,,False,False
782655,FREE MOBILE,LTE 800,CHEM DE LA CROIX (LES TARAGALS) 34220 RIEUSSEC,34228,"43.4156,2.7431",Pylône autostable,33m,TOTEM,AJO,,60|150|300,,False,False
795158,FREE MOBILE,LTE 800,COLLINE DE MONTREDON (MONTREDON) 11330 FELINES TERMENES,11137,"42.9797,2.6161",Pylône autostable,21m,TOTEM,AJO,,10|270,,False,False
795211,FREE MOBILE,LTE 800, (PETIT PUYJEAN) 16310 MASSIGNAC,16212,"45.7597,0.6847",Pylône autostable,32m,ATC FRANCE,AJO,,90|180|315,,False,False
796179,FREE MOBILE,LTE 800, (LES CHAMPS) 34700 LAVALETTE,34133,"43.6867,3.275",Pylône autostable,33m,TOTEM,AJO,,40|120|320,,False,False
797912,FREE MOBILE,,R DU CIMETIÈRE PYLONE TDF 78790 SEPTEUIL,78591,"48.8969,1.6803",Pylône autostable,46m,TDF,CHH,42m,,,False,False
798996,FREE MOBILE,LTE 800,LA VERSEINE TORSE (LA SABLIERE) 16240 LONGRE,16190,"46.0061,-0.04",Pylône autostable,34m,Conseil Départemental,AJO,,45|160|250,,False,False
799020,FREE MOBILE,LTE 800, (LA CROIX DES MALTRIES) 16500 BRILLAC,16065,"46.0681,0.7844",Pylône autostable,39m,Conseil Départemental,AJO,,0|100|210,,False,False
799069,FREE MOBILE,LTE 800, (LES CHARTENILLES) 16420 ST CHRISTOPHE,16306,"45.9975,0.8439",Pylône autostable,30m,Conseil Départemental,AJO,,60|300,,False,False
800827,FREE MOBILE,LTE 800,PRES DU RSVOIR (HAUTLICORNE) 07580 BERZEME,07032,"44.6547,4.5678",Pylône autostable,28m,Conseil Départemental,AJO,,105|225|345,,False,False
801431,FREE MOBILE,"LTE 2100, 5G NR 700", (LE PUITS PRALON) 61450 LA FERRIERE AUX ETANGS,61163,"48.6486,-0.5081",Pylône autostable,"49,5m",HIVORY,ALL,,0|100|260,,False,False
801556,FREE MOBILE,LTE 800,LES GRANDES PIECES (CHEZ JOURDES) 16310 VITRAC ST VINCENT,16416,"45.7886,0.5033",Pylône autostable,32m,ATC FRANCE,AJO,,55|150|325,,False,False
803080,FREE MOBILE,LTE 800,STATION TDF (LE VERVAINE CHOUVEL) 07470 COUCOURON,07071,"44.7961,3.9694",Pylône autostable,"19,4m",TDF,AJO,,95|350,,False,False
805372,FREE MOBILE,LTE 800, (PUECH DE CLAROU) 30460 LASALLE,30140,"44.0558,3.8497",Pylône autostable,31m,TDF,AJO,,160|310,,False,False
808543,FREE MOBILE,LTE 800, (SERRE EN DON) 07160 ST CHRISTOL,07220,"44.8708,4.3958",Pylône autostable,30m,Conseil Départemental,AJO,,15|100|220,,False,False
810522,FREE MOBILE,LTE 800,TRAVERSE (COGNE) 07700 GRAS,07099,"44.4592,4.5153",Pylône autostable,25m,HIVORY,AJO,,45|130|330,,False,False
815494,FREE MOBILE,LTE 800, (TIREGANT) 24380 SALON,24518,"45.0161,0.7689",Pylône autostable,"32,8m",ATC FRANCE,AJO,,40|175|305,,False,False
815524,FREE MOBILE,LTE 800, (LACOSTE) 24170 ORLIAC,24313,"44.7194,1.0597",Pylône autostable,"32,6m",ATC FRANCE,AJO,,115|310,,False,False
820973,FREE MOBILE,5G NR 700,147 AV DE PARIS 91300 MASSY,91377,"48.7219,2.2622",Bâtiment,"31,1m",ORANGE Services Fixes,AJO,,5|130|265,,False,False
823464,FREE MOBILE,5G NR 700,73 RTE DE NEUILLY 93160 NOISY LE GRAND,93051,"48.8486,2.5386",Immeuble,14m,"Copropriété, Syndic, SCI",AJA,,20|140|260,,False,False
823872,FREE MOBILE,LTE 800, (L'AIGUILLON) 19390 ST AUGUSTIN,19181,"45.4219,1.8222",Pylône autostable,"41,5m",Conseil Départemental,AJO,,30|150|270,,False,False
824814,FREE MOBILE,5G NR 700,1 R PIERRE BROSSOLETTE 95600 EAUBONNE,95203,"48.9867,2.2736",Immeuble,35m,Société HLM,AJA,,100|220|340,,False,False
826454,FREE MOBILE,LTE 800, (LANGLADE) 12490 LA BASTIDE PRADINES,12022,"44.0042,3.0556",Pylône autostable,18m,ATC FRANCE,AJO,,245,,False,False
826489,FREE MOBILE,LTE 800,AV DE LA LIBERTÉ (LA POULERIE) 11310 SAISSAC,11367,"43.3583,2.1653",Pylône autostable,33m,TDF,AJO,,50|150|270,,False,False
826505,FREE MOBILE,LTE 800,CHEM DE CUBIÈRE À MONTBIEL (AU PECH) 11190 CUBIERES SUR CINOBLE,11112,"42.8644,2.4625",Pylône autostable,12m,ATC FRANCE,AJO,,70|240,,False,False
826518,FREE MOBILE,LTE 800, (RAYROLLES) 12550 COUPIAC,12080,"43.9467,2.5903",Pylône autostable,33m,TDF,AJO,,80|200|320,,False,False
826524,FREE MOBILE,LTE 800, (LE SERRE) 12400 ST FELIX DE SORGUES,12222,"43.8728,2.9767",Pylône autostable,28m,ATC FRANCE,AJO,,0|90,,False,False
827199,FREE MOBILE,LTE 800, (LES MAIRIES) 23200 AUBUSSON,23008,"45.9614,2.1736",Pylône autostable,32m,TDF,AJO,,90|185|310,,True,False
828170,FREE MOBILE,LTE 800, (LE COTEAU CHAUD) 21400 CHEMIN D AISEY,21165,"47.7444,4.5714",Pylône autostable,27m,ATC FRANCE,AJO,,40|120|240,,False,False
828186,FREE MOBILE,LTE 800, (BORDERIE DU MOULIN À VENT) 16380 CHARRAS,16084,"45.5353,0.4158",Pylône autostable,40m,Conseil Départemental,AJO,,70|260|350,,False,False
828188,FREE MOBILE,LTE 800, (LE FAIT DES MARNES) 18260 ASSIGNY,18014,"47.4319,2.7672",Pylône autostable,36m,Conseil Départemental,AJO,,70|210|340,,False,False
828190,FREE MOBILE,LTE 800, (PUY DE FAYE) 19290 PEYRELEVADE,19164,"45.7186,2.0139",Pylône autostable,"31,5m",Conseil Départemental,AJO,,120|240,,False,False
829083,FREE MOBILE,LTE 700, (BOIS BAILLE) 28220 CLOYES LES TROIS RIVIERES,28103,"47.9803,1.3375",Château d'eau - réservoir,"34,9m","Syndicat des eaux, Adduction",AAV,,0|120|240,,False,False
829083,FREE MOBILE,LTE 800, (BOIS BAILLE) 28220 CLOYES LES TROIS RIVIERES,28103,"47.9803,1.3375",Château d'eau - réservoir,"34,9m","Syndicat des eaux, Adduction",AJO,,0|120|240,,False,False
829118,FREE MOBILE,LTE 800,TDF (LA CROIX DE FER) 30750 ST SAUVEUR CAMPRIEU,30297,"44.1239,3.48",Pylône autostable,21m,TDF,AJO,,120|210|350,,False,False
829128,FREE MOBILE,LTE 800, (LESSOUGAR) 29400 BODILIS,29010,"48.5019,-4.1328",Château d'eau - réservoir,51m,"Syndicat des eaux, Adduction",AJO,,0|90|280,,False,False
829193,FREE MOBILE,LTE 800,TDF EVISA (COL DE SEVI) 02420 BONY,2A100,"42.2256,8.8264",Pylône autostable,41m,TDF,AJO,,40|160|280,,False,False
830876,FREE MOBILE,LTE 800,ROUTE DE ST AULAYE (PLEINE SERVE) 24410 ECHOURGNAC,24159,"45.1367,0.2025",Pylône autostable,36m,ATC FRANCE,AJO,,20|120|285,,False,False
832538,FREE MOBILE,LTE 800,PRÈS DE LA D14 (BAS REBOND) 15170 VALJOUZE,15247,"45.16,3.0614",Pylône autostable,37m,TOTEM,AJO,,100|330,,False,False
836010,FREE MOBILE,LTE 800,STATION TDF (VENTE) 07470 LACHAPELLE GRAILLOUSE,07121,"44.8056,4.0322",Pylône autostable,21m,TDF,AJO,,55|195|315,,False,False
836371,FREE MOBILE,LTE 800, (NOZON) 25120 ORGEANS BLANCHEFONTAINE,25433,"47.2597,6.7519",Pylône autostable,38m,ATC FRANCE,AJO,,250|330,,False,False
837504,FREE MOBILE,LTE 800, (LAFARGE) 24300 CONNEZAC,24131,"45.5189,0.5278",Pylône autostable,34m,ATC FRANCE,AJO,,100|330,,False,False
837534,FREE MOBILE,LTE 800, (LES ARRAUX) 26120 COMBOVIN,26100,"44.8731,5.0925",Pylône autostable,21m,"Commune, communauté de commune",AJO,,90|190|280,,True,False
841815,FREE MOBILE,LTE 800, (BOIS DE BLUYE) 26170 MOLLANS SUR OUVEZE,26188,"44.2344,5.2008",Pylône autostable,29m,"Commune, communauté de commune",AJO,,30|190|290,,False,False
842484,FREE MOBILE,LTE 800, (LA ROUSSELIERE - LA FORET) 24340 RUDEAU LADOSSE,24221,"45.4814,0.5278",Pylône autostable,"31,8m",ATC FRANCE,AJO,,10|290,,False,False
842578,FREE MOBILE,LTE 800, (LE MAGNADAT) 24340 MAREUIL EN PERIGORD,24253,"45.4683,0.5822",Pylône autostable,33m,ATC FRANCE,AJO,,50|180|300,,False,False
843186,FREE MOBILE,LTE 800,LA BARRADE 15350 CHAMPAGNAC,15037,"45.3647,2.4447",Pylône autostable,26m,TDF,AJO,,30,,False,False
843200,FREE MOBILE,LTE 800,LA GARDOUNE (LA PEYRE GROSSE) 15400 LE CLAUX,15050,"45.1583,2.7208",Pylône tubulaire,19m,TDF,AJO,,320,,False,False
843341,FREE MOBILE,LTE 800,CHEM COMMUNAL DE LAGARDE STATION TDF (LE MONTEIL) 07320 ST JULIEN D INTRES,07103,"44.9833,4.3522",Pylône autostable,25m,TDF,AJO,,85|190,,False,False
843345,FREE MOBILE,LTE 800, (BOIS DE LA MARQUISE) 07590 ST LAURENT BAINS LAVAL D AURELLE,07262,"44.5839,3.9861",Pylône autostable,"22,5m",TDF,AJO,,20,,False,False
843353,FREE MOBILE,LTE 800,SITE TDF (CHAUSSINAND) 07160 ACCONS,07001,"44.8858,4.3769",Pylône autostable,"30,2m",TDF,AJO,,75|255,,False,False
843385,FREE MOBILE,LTE 800,STATION TDF (LE PRÉSIN) 07510 ST CIRGUES EN MONTAGNE,07224,"44.7572,4.0867",Pylône autostable,"18,5m",TDF,AJO,,90|230,,False,False
843391,FREE MOBILE,LTE 800,MONTAGNE DU NIOULET (COMBE CHASTEL) 07590 CELLIER DU LUC,07047,"44.6578,3.8942",Pylône autostable,30m,TDF,AJO,,180,,False,False
844407,FREE MOBILE,LTE 800,LA CAMP DU PUECH 15800 RAULHAC,15159,"44.8917,2.6597",Pylône autostable,"22,7m",TDF,AJO,,150|260|350,,True,False
844653,FREE MOBILE,LTE 800, (LES ROUCHELOUX) 24510 VAL DE LOUYRE ET CAUDEAU,24362,"44.9653,0.7311",Pylône autostable,"32,8m",ATC FRANCE,AJO,,145|345,,False,False
844695,FREE MOBILE,LTE 800, (LA COQUE) 11220 VAL DE DAGNE,11251,"43.1131,2.5431",Pylône autostable,20m,TDF,AJO,,0|200|250,,False,False
844735,FREE MOBILE,LTE 800,RELAIS TDF (LABADIAL) 11160 LESPINASSIERE,11200,"43.3989,2.5458",Pylône autostable,20m,HIVORY,AJO,,40|210|310,,False,False
846461,FREE MOBILE,LTE 800, (PUY DE LA BARDE) 23400 ST MOREIL,23223,"45.8553,1.7083",Pylône autostable,35m,ATC FRANCE,AJO,,10|265,,False,False
846473,FREE MOBILE,LTE 800, (LAUBROT) 19320 ST MERD DE LAPLEAU,19225,"45.2594,2.0833",Pylône autostable,31m,Conseil Départemental,AJO,,200,,False,False
846488,FREE MOBILE,LTE 800, (BOIS D'ESTÈBE) 31210 LE CUING,31159,"43.1514,0.6233",Pylône autostable,40m,Conseil Départemental,AJO,,70|190|310,,False,False
847845,TELCO OI,"LTE 2100, LTE 2600, 5G NR 700, 5G NR 3500",CHEM DE LA MAIRIE MAIRIE ANNEXE DE TAN ROUGE 97460 ST PAUL,97415,"-21.0639,55.295",Pylône autostable,25m,Telco OI,ART,,0|114|215,,False,False
848880,FREE MOBILE,LTE 800,RTE DE VERNES 30770 AUMESSAS,30025,"43.9931,3.4944",Pylône autostable,19m,TDF,AJO,,110|210,,False,False
849633,FREE MOBILE,LTE 800, (CONTE) 31160 ARBON,31012,"42.9992,0.7411",Pylône autostable,20m,TDF,AJO,,15|180,,False,False
849641,FREE MOBILE,LTE 800, (BARRY LA TOUR) 31510 SAUVETERRE DE COMMINGES,31535,"43.0358,0.6719",Pylône autostable,45m,TDF,AJO,,20|205,,False,False
849643,FREE MOBILE,LTE 800,RELAIS TDF (AMPLAN) 31510 MALVEZIE,31313,"43.0031,0.6878",Pylône autostable,22m,TDF,AJO,,10|260,,False,False
849672,FREE MOBILE,LTE 800,ARRIHOUAT (LA MORAINE) 31110 GARIN,31213,"42.8044,0.5075",Pylône autostable,39m,TDF,AJO,,185|325,,False,False
853685,FREE MOBILE,LTE 800,CHEYLADE (LA MEULE DU VENT EST) 15170 TALIZAT,15231,"45.1144,3.0522",Pylône autostable,25m,TOTEM,AJO,,270,,False,False
853720,FREE MOBILE,LTE 800, (FONTENELLE) 16420 MONTROLLET,16231,"45.9906,0.8997",Pylône autostable,34m,BOUYGUES,AJO,,15|140|240,,False,False
854739,FREE MOBILE,LTE 800, (LAUSSIERE) 12370 MOUNES PROHENCOUX,12192,"43.7822,2.8436",Pylône autostable,30m,ATC FRANCE,AJO,,55|200,,False,False
855043,FREE MOBILE,LTE 800, (PEYREGUILLE) 34260 AVENE,34019,"43.7492,3.0969",Pylône autostable,41m,TDF,AJO,,30|150,,False,False
855504,FREE MOBILE,LTE 800, (PAS BROUILLET) 24300 ST MARTIN LE PIN,24458,"45.5586,0.6414",Pylône autostable,31m,BOUYGUES,AJO,,150|260,,False,False
856009,FREE MOBILE,LTE 800, (LAS CABOTS) 12360 ARNAC SUR DOURDOU,12009,"43.7336,2.9269",Pylône autostable,"14,5m",BOUYGUES,AJO,,150|285,,False,False
856018,FREE MOBILE,LTE 800,D 222 (LE GRAND FIEF) 17470 LOIRE SUR NIE,17206,"45.9583,-0.2911",Pylône autostable,"32,3m",BOUYGUES,AJO,,20|140|260,,False,False
856089,FREE MOBILE,LTE 800, (LES PLATERIES) 16380 SOUFFRIGNAC,16372,"45.5825,0.5042",Pylône autostable,34m,BOUYGUES,AJO,,210|340,,False,False
858327,FREE MOBILE,LTE 800, (MONTAUVET) 23400 ST JUNIEN LA BREGERE,23205,"45.8889,1.7539",Pylône autostable,46m,ATC FRANCE,AJO,,0|180|270,,False,False
861733,FREE MOBILE,LTE 800, (MAUBERT) 15120 VIEILLEVIE,15260,"44.6511,2.4011",Pylône autostable,15m,ATC FRANCE,AJO,,120,,False,False
862542,FREE MOBILE,LTE 800, (LES CLEDIERES) 24300 TEYJAT,24548,"45.5881,0.57",Pylône autostable,53m,Conseil Départemental,AJO,,20|140|260,,False,False
863906,FREE MOBILE,LTE 800,D 20E2 (LE BATTUT) 19160 SERANDON,19256,"45.3692,2.3281",Pylône autostable,"42,7m",ATC FRANCE,AJO,,130,,False,False
865280,FREE MOBILE,LTE 800,CHEM D'EXPLOITATION N°3 (BAUVOI) 25640 BATTENANS LES MINES,25045,"47.405,6.2686",Pylône autostable,30m,ATC FRANCE,AJO,,30|200,,False,False
870009,FREE MOBILE,LTE 800, (CHEZ BERTHONNET) 24360 VARAIGNES,24565,"45.61,0.5283",Pylône autostable,38m,Conseil Régional,AJO,,60|170|300,,False,False
876087,FREE MOBILE,LTE 800, (CLOT DES GARROSSES) 09120 VENTENAC,09327,"43.0161,1.7422",Pylône autostable,40m,Conseil Départemental,AJO,,50|190|300,,True,False
876127,FREE MOBILE,LTE 800,HARAS DE LA COUMELLE (BIDORLES) 09600 DUN,09107,"43.0233,1.8067",Pylône autostable,25m,Conseil Départemental,AJO,,190|330,,True,False
876167,FREE MOBILE,LTE 800, (SUC) 09220 VAL DE SOS,09334,"42.7831,1.4739",Pylône autostable,24m,Conseil Départemental,AJO,,120|300,,True,False
877983,FREE MOBILE,LTE 800,PRE COQUIN (LA FARETTE) 26170 MONTAUBAN SUR L OUVEZE,26189,"44.2767,5.5575",Pylône autostable,26m,TDF,AJO,,55|275,,False,False
878509,FREE MOBILE,LTE 800, (BERNÈCHE) 09500 CAMON,09074,"43.025,1.9656",Pylône tubulaire,20m,Conseil Départemental,AJO,,130|230,,False,False
880241,FREE MOBILE,LTE 800,CHEM FORESTIER  (LA GARDE EST) 15170 NEUSSARGUES MOISSAC,15141,"45.1703,2.965",Pylône autostable,"30,8m",TOTEM,AJO,,50,,False,False
881482,FREE MOBILE,LTE 800,D 283 (MONCASSIN) 32140 AUSSOS,32468,"43.3708,0.6539",Château d'eau - réservoir,47m,"Syndicat des eaux, Adduction",AJO,,40|200|310,,True,False
881634,FREE MOBILE,LTE 800, (GOUTINES) 30750 DOURBIES,30105,"44.0594,3.4394",Pylône autostable,"20,4m",Particulier,AJO,,70|300,,False,False
882748,FREE MOBILE,LTE 800,CHEM RURAL (LA VIEILLE PERRIÈRE) 21570 RIEL LES EAUX,21524,"47.9856,4.6661",Pylône autostable,45m,Conseil Départemental,AJO,,140|300,,False,False
886985,FREE MOBILE,LTE 800, (AUX PLAYS) 19310 PERPEZAC LE BLANC,19161,"45.2156,1.3042",Pylône autostable,27m,CELLNEX,AJO,,70|310,,False,False
886996,FREE MOBILE,LTE 800, (STE CATHERINE) 23290 FURSAC,23192,"46.1558,1.5094",Pylône autostable,"37,7m",CELLNEX,AJO,,60|160|280,,False,False
887014,FREE MOBILE,LTE 800,CHEM COMUNAL N°3 (LES ARCHETS) 25550 ISSANS,25316,"47.5294,6.7339",Pylône autostable,"24,1m",TOTEM,AJO,,140|230|310,,False,False
887389,FREE MOBILE,LTE 800, (SARRAUTE) 31230 SALHERM,31522,"43.3086,0.8406",Pylône autostable,32m,ATC FRANCE,AJO,,0|90|270,,False,False
887785,FREE MOBILE,LTE 800,D 13 (POUSSET) 17490 BAZAUGES,17035,"45.9172,-0.1761",Château d'eau - réservoir,23m,"Syndicat des eaux, Adduction",AJO,,20|140|260,,False,False
888802,FREE MOBILE,LTE 800, (LES PLANES) 24150 CAUSE DE CLERANS,24088,"44.87,0.6764",Pylône autostable,33m,CELLNEX,AJO,,140|230,,False,False
888832,FREE MOBILE,LTE 800,LE CLOS (PONSILLOU) 24150 PRESSIGNAC VICQ,24338,"44.9036,0.7356",Pylône autostable,34m,ATC FRANCE,AJO,,80|230|320,,False,False
888858,FREE MOBILE,LTE 800,CHEM DEPARTEMENTAL N°75 (ST PE) 31420 BENQUE,31063,"43.2544,0.9258",Pylône autostable,32m,ATC FRANCE,AJO,,250|330,,False,False
892358,FREE MOBILE,LTE 800,VC 4  VOIE DE CAMPAGNE (LA REPUBLIQUE) 21410 PRALON,21504,"47.3042,4.7661",Pylône autostable,"25,4m",TOTEM,AJO,,50,,False,False
892880,FREE MOBILE,LTE 800,LA GUIZARDIE (PUECH DU PAL) 12390 AUZITS,12016,"44.5006,2.3117",Pylône autostable,35m,ORANGE,AJO,,60|140|260,,False,False
893467,FREE MOBILE,LTE 800, (LE BOURG) 19300 GRANDSAIGNE,19088,"45.4919,1.9192",Pylône autostable,"22,5m",ATC FRANCE,AJO,,200,,False,False
897833,FREE MOBILE,LTE 800,LES RIVAUX D 396 (LE ROC) 16310 MAZEROLLES,16213,"45.7544,0.5225",Pylône autostable,33m,ATC FRANCE,AJO,,45|135,,False,False
897848,FREE MOBILE,LTE 800, (LE CAMP DE MARFAUD) 24550 BESSE,24039,"44.6725,1.0958",Pylône autostable,"27,3m",CELLNEX,AJO,,0|120|240,,False,False
897873,FREE MOBILE,LTE 800,LA GARDELLE (LA MAISON DU DIABLE) 24170 ST LAURENT LA VALLEE,24438,"44.7617,1.0961",Pylône autostable,26m,ATC FRANCE,AJO,,30|140|295,,False,False
897909,FREE MOBILE,LTE 800, (GANDIL) 24480 BOUILLAC,24052,"44.7547,0.9206",Pylône autostable,"28,3m",CELLNEX,AJO,,0|120|270,,False,False
902538,FREE MOBILE,LTE 800, (LE CHASTEL) 24580 PLAZAC,24330,"45.0389,1.0206",Pylône autostable,44m,Conseil Départemental,AJO,,0|115|240,,False,False
915227,FREE MOBILE,LTE 800,LA FORÊT (LA FARGUETTE) 24510 ST FELIX DE VILLADEIX,24405,"44.9303,0.6647",Pylône autostable,39m,ATC FRANCE,AJO,,110|200|280,,False,False
916031,FREE MOBILE,LTE 800, (LA TONNELLE) 24360 BUSSIERE BADIL,24071,"45.6389,0.5906",Pylône autostable,37m,Conseil Départemental,AJO,,40|230|315,,False,False
916981,FREE MOBILE,LTE 800, (LES SABLIAIS) 24360 BUSSEROLLES,24070,"45.6911,0.6361",Pylône autostable,32m,Conseil Départemental,AJO,,60|170|340,,False,False
917093,FREE MOBILE,LTE 800, (LA BOSSE) 24300 LE BOURDEIX,24056,"45.5942,0.6433",Pylône autostable,34m,Conseil Départemental,AJO,,100|230|340,,False,False
917736,FREE MOBILE,LTE 800,BOIS DE L'OURS 12510 DRUELLE BALSAC,12090,"44.3339,2.4983",Pylône autostable,19m,TDF,AJO,,0|120|240,,True,False
919185,FREE MOBILE,LTE 800,CHEM DE BRIEULLES (LA GLOYE) 08240 AUTHE,08033,"49.4642,4.8781",Pylône autostable,"27,5m",HIVORY,AJO,,0|120|240,,False,False
920815,FREE MOBILE,5G NR 700,76 AV EDOUARD HERRIOT 71000 MACON,71270,"46.2969,4.8222",Immeuble,"43,5m",Société HLM,AJA,,60|200|320,,False,False
921081,FREE MOBILE,LTE 800, (SERRO DE LAOUJOL OUEST) 11140 GINCLA,11163,"42.7664,2.3272",Pylône autostable,23m,CELLNEX,AJO,,50|200,,False,False
921183,FREE MOBILE,LTE 800, (SOUCARADES) 11140 NIORT DE SAULT,11265,"42.8053,2.0028",Pylône autostable,15m,ATC FRANCE,AJO,,120|220,,False,False
921509,FREE MOBILE,LTE 800,CR N°2 DIT DU PETIT MAINE CHEM D'EXPLOITATION N°3 (LE PETIT MAINE) 24320 COUTURES,24141,"45.3319,0.4075",Pylône autostable,25m,Conseil Départemental,AJO,,50|140|250,,False,False
92288,FREE MOBILE,LTE 800, (LA LOSSE) 31580 LECUSSAN,31289,"43.1628,0.4917",Château d'eau - réservoir,28m,"Syndicat des eaux, Adduction",AJO,,40|230,,True,False
923049,FREE MOBILE,LTE 800,RD 9 (LES ROUJALS) 34520 ST PIERRE DE LA FAGE,34283,"43.8025,3.4128",Pylône autostable,30m,TOTEM,AJO,,110|190|330,,False,False
923758,FREE MOBILE,LTE 800,LES ARTIGNES (LA MOLE) 09160 CAZAVET,09091,"43.0072,1.0453",Pylône autostable,20m,Conseil Départemental,AJO,,130|220|320,,True,False
923803,FREE MOBILE,LTE 800, (LA LOGE) 24440 MONSAC,24281,"44.7758,0.7144",Pylône autostable,"34,3m",CELLNEX,AJO,,55|160|280,,False,False
924636,FREE MOBILE,LTE 800, (SERRE DE PUJARNAOUT) 31350 NIZAN GESSE,31398,"43.2222,0.5931",Pylône autostable,39m,TOTEM,AJO,,20|130|230,,True,False
924797,FREE MOBILE,LTE 800,D. 30 (LA GRANDE TERRE) 16490 EPENEDE,16128,"46.0653,0.5408",Pylône tubulaire,27m,TOTEM,AJO,,40|170|270,,False,False
925532,FREE MOBILE,LTE 800,REFUGE DU CHIOULA (BOIS DU DRAZET) 09110 PRADES,09232,"42.7558,1.8603",Pylône autostable,"32,5m",Conseil Départemental,AJO,,20|280,,True,False
929075,FREE MOBILE,5G NR 700,R SIMON JALLADE 10 69110 STE FOY LES LYON,69202,"45.7458,4.7783",Immeuble,"13,2m",Association,AJA,,60|190|290,,False,False
929953,FREE MOBILE,LTE 800, (MONGE) 11140 LA FAJOLLE,11135,"42.7672,1.9656",Pylône autostable,15m,ATC FRANCE,AJO,,180|350,,False,False
930634,FREE MOBILE,LTE 800,D 17 (LE GARABEIL NORD) 11140 LE BOUSQUET,11047,"42.7397,2.1564",Pylône autostable,19m,ATC FRANCE,AJO,,90|230,,False,False
932306,FREE MOBILE,LTE 800,RESERVOIR LES PAQUIERS (LES PATIS) 21320 COMMARIN,21187,"47.2533,4.6633",Pylône autostable,"22,4m",BOUYGUES,AJO,,260|350,,False,False
933286,FREE MOBILE,LTE 800,NOTRE DAME DE LA SENTINELLE 12230 ST JEAN DU BRUEL,12231,"44.0281,3.3636",Pylône autostable,21m,TDF,AJO,,50|140|240,,True,False
935220,FREE MOBILE,LTE 800,RTE DE VILLANIÈRE À MAS CABARDES PYLONE 2 (BORDE NEUVE) 11380 LES ILHES,11174,"43.3625,2.37",Pylône autostable,22m,TDF,AJO,,110|330,,False,False
937332,FREE MOBILE,LTE 800,COL DE LA NAUSSE 26170 PLAISIANS,26239,"44.2272,5.3292",Pylône autostable,25m,Conseil Départemental,AJO,,290,,False,False
940514,FREE MOBILE,LTE 800, (CAIROUX LE HAUT) 34330 FRAISSE SUR AGOUT,34107,"43.5744,2.7794",Pylône autostable,"42,5m",Conseil Départemental,AJO,,50|170|270,,False,False
941098,FREE MOBILE,LTE 800, (LE HAUT DE CÔTE AUX FOURCHES) 10110 VILLE SUR ARCE,10427,"48.1244,4.445",Pylône autostable,"30,4m",HIVORY,AJO,,85|200|330,,False,False
941756,FREE MOBILE,LTE 800,R DU MOULIN PYLÔNE SFR (LE MOULIN) 10360 FONTETTE,10155,"48.0808,4.6019",Pylône autostable,26m,HIVORY,AJO,,80,,False,False
942894,FREE MOBILE,LTE 800,CHAMPS DE LA VIGNE (PAUTET) 25110 DAMMARTIN LES TEMPLIERS,25189,"47.2992,6.2697",Pylône autostable,"36,4m",TOTEM,AJO,,165|245,,False,False
943750,FREE MOBILE,LTE 800,GR 41A (LA BRUYERE GALEUSE) 18330 VOUZERON,18290,"47.2653,2.1942",Pylône autostable,"57,5m",Conseil Départemental,AJO,,110|300,,False,False
954293,FREE MOBILE,LTE 800,RD 70 (LA CAUSSINIERE) 11330 MONTJOI,11250,"42.9975,2.4819",Pylône autostable,15m,ATC FRANCE,AJO,,50|180,,False,False
954323,FREE MOBILE,LTE 800, (LE TEIX) 23500 CLAIRAVAUX,23063,"45.7761,2.1525",Pylône autostable,35m,CELLNEX,AJO,,10|120,,False,False
956822,FREE MOBILE,LTE 800, (MORINET) 26740 CONDILLAC,26102,"44.6344,4.8156",Pylône autostable,"32,4m",HIVORY,AJO,,110|335,,False,False
959279,FREE MOBILE,LTE 800,PRÈS VOIE COMMUNALE N°9 (AU DESSUS DE HAUT JOUX) 25300 LES FOURGS,25254,"46.8425,6.4397",Pylône autostable,"32,4m","Commune, communauté de commune",AJO,,260,,False,False
969946,FREE MOBILE,LTE 800,VOIE COMMUNALE 202 (CASSEBERTATS) 32320 RIGUEPEU,32343,"43.6578,0.3603",Pylône autostable,30m,Conseil Départemental,AJO,,75|200|330,,True,False
970907,FREE MOBILE,LTE 800,CHEMIN RURAL 3 (LE BOIS) 32290 AIGNAN,32001,"43.7111,0.0783",Pylône autostable,40m,Conseil Départemental,AJO,,40|160|280,,True,False
981622,FREE MOBILE,LTE 800,ROUTE D'ARGENT D8 CSE DES POMPIERS 18410 BLANCAFORT,18030,"47.5353,2.5244",Pylône autostable,25m,ATC FRANCE,AJO,,0|120|240,,False,False
981669,FREE MOBILE,LTE 800,SERVICES TECHNIQUES COMMUNAUX (LE GRAND PRE) 18240 SANTRANGES,18243,"47.4894,2.7722",Pylône autostable,23m,ATC FRANCE,AJO,,0|120|240,,False,False
981681,FREE MOBILE,LTE 800,CHEMIN RURAL SUR LES COTEAUX (EN FOUTAIRIE) 21440 PELLEREY,21479,"47.5111,4.7828",Pylône autostable,38m,Conseil Départemental,AJO,,60|220,,False,False
981688,FREE MOBILE,LTE 800, (LA PLANTADE) 31580 SEDEILHAC,31539,"43.1517,0.5675",Pylône autostable,36m,HIVORY,AJO,,20|110|230,,False,False
988022,FREE MOBILE,LTE 800,CHEM DE LA BAISSE D'UGAIL (MORIGNOLE) 06430 LA BRIGUE,06162,"44.0883,7.6475",Bâtiment,"7,4m",Conseil Départemental,AJO,,100|210,,False,False
988093,FREE MOBILE,LTE 800,D 54 (L'ORMELIN) 10290 AVON LA PEZE,10023,"48.3781,3.6256",Pylône autostable,"49,3m",Conseil Départemental,AJO,,60|225,,False,False
989700,FREE MOBILE,LTE 800,LA FERME DE CORNE (AU MOULIN) 32120 MARAVAT,32232,"43.7639,0.7586",Pylône autostable,38m,TOTEM,AJO,,90|200|290,,True,False
992868,FREE MOBILE,LTE 800, (LE BUR NORD) 24120 VILLAC,24580,"45.1725,1.2542",Pylône autostable,35m,Conseil Départemental,AJO,,0|110|220,,False,False
