id_support,operateur,technologie,adresse,code_insee,coordonnees,type_support,hauteur_support,proprietaire_support,date_activ,action,infos,is_zb,is_new
1007085,ORANGE,GSM 900,CHEM DU CASTEL À AIGUILLANES (LAS RIVES) 09300 LESPARROU,09165,"42.9364,1.9122",Pylône autostable,36m,TOTEM,2013-11-28,SUP,,True,False
1007422,ORANGE,GSM 900,D 19 - AVENUE ROGER TISSANDIÉ (DERRIERE LE BARRAT) 31600 MURET,31395,"43.4606,1.37",Pylône autostable,33m,RTE,2014-04-15,SUP,,False,False
101377,ORANGE,GSM 900,R DU STADE AUTOCOMMUTATEUR FT- 65230 CASTELNAU MAGNOAC,65129,"43.2917,0.5047",Pylône autostable,30m,TOTEM,1997-07-11,SUP,,False,False
101407,ORANGE,GSM 900,STADE DE RUGBY (LE BUELA) 65130 CAPVERN,65127,"43.0969,0.3275",Pylône autostable,30m,TOTEM,1998-04-10,SUP,,False,False
101411,ORANGE,GSM 900,CHEM DE HAOUTS (BUALA) 65400 GAILLAGOS,65182,"42.9842,-0.1658",Pylône autostable,30m,TOTEM,1998-11-13,SUP,,False,False
1015219,ORANGE,GSM 900, (A LAMOTHE) 32400 GOUX,32151,"43.6194,-0.0344",Pylône autostable,43m,TOTEM,2013-01-10,SUP,,True,False
1019340,ORANGE,GSM 900,D 126 (BOUSSAS) 32160 COULOUME MONDEBAT,32109,"43.6156,0.1258",Pylône autostable,35m,Conseil Départemental,2013-10-01,SUP,,True,False
1024368,ORANGE,5G NR 2100,AIRE DE SERVICE LES JONCHETS AUTOROUTE A5 SENS PARIS-PROVINCE 77130 LA GRANDE PAROISSE,77210,"48.4253,2.9275",Pylône autostable,37m,ORANGE,,AJO,,False,False
1024368,ORANGE,LTE 2100,AIRE DE SERVICE LES JONCHETS AUTOROUTE A5 SENS PARIS-PROVINCE 77130 LA GRANDE PAROISSE,77210,"48.4253,2.9275",Pylône autostable,37m,ORANGE,2020-10-19,SUP,,False,False
1039438,ORANGE,GSM 900,AVENUE GEORGES PRADEL GYMNASE (LES MOURLINGUES) 31130 BALMA,31044,"43.6039,1.5081",Pylône tubulaire,25m,ORANGE,2017-12-20,SUP,,False,False
1040118,ORANGE,GSM 900,CUL DE SAC (PEA TREE HILL) 97150 ST MARTIN,97801,"18.1022,-63.0386",Mât métallique,10m,ORANGE,2001-12-24,SUP,,False,False
1041127,ORANGE,GSM 900,D.49 (LES VIGNASSES) 46230 CIEURAC,46070,"44.3703,1.495",Pylône autostable,33m,TOTEM,1997-07-11,SUP,,False,False
1047589,ORANGE,GSM 900,RD 59B - ROUTE DU FAGET (LES LANDES) 31850 MONDOUZIL,31352,"43.6389,1.5553",Pylône autostable,45m,RTE,2012-10-27,SUP,,False,False
105634,BOUYGUES TELECOM,LTE 2600, (ROUAYRAS) 81320 NAGES,81193,"43.6589,2.7772",Pylône autostable,32m,TOTEM,2026-07-26,ALL,,False,False
1059417,BOUYGUES TELECOM,LTE 2100,ST PIERRE 81360 MONTREDON LABESSONNIE,81182,"43.7367,2.3375",Pylône autostable,"12,5m",ATC FRANCE,2026-07-25,ALL,,False,False
1067876,FREE MOBILE,"LTE 1800, LTE 2600",RUE D'ARMORIQUE CENTRAL FT 29259 ILE MOLENE,29084,"48.3972,-4.9567",Pylône autostable,25m,TOTEM,2026-07-28,ALL,,False,True
1086829,ORANGE,GSM 900,35 CHEMIN DES TOURNESOLS ZA RIBAUTE 31130 QUINT FONSEGRIVES,31445,"43.5806,1.5156",Pylône tubulaire,33m,TOTEM,2013-07-19,SUP,,False,False
1107570,SFR,GSM 900,CHEMIN DES ROBERDES 17740 STE MARIE DE RE,17360,"46.1556,-1.3131",Pylône tubulaire,"27,5m",TOTEM,2014-02-17,SUP,,False,False
1156030,ORANGE,"GSM 900, LTE 2100, 5G NR 700, 5G NR 3500",BOULEBARD DES JUSTES (PÔLE SANTÉ DU VIRVAL) 62100 CALAIS,62193,"50.9406,1.8942",Pylône tubulaire,20m,TOTEM,,AJO,,False,False
1175142,ORANGE,"LTE 700, LTE 2100",PRÈS RD 201 (LA HAUT) 97134 ST LOUIS,97126,"15.9556,-61.2469",Pylône autostable,30m,ORANGE,,AJO,,False,False
1195660,ORANGE,GSM 900,1 IMPASSE MOZART 31140 AUCAMVILLE,31022,"43.6778,1.4164",Pylône tubulaire,22m,TOTEM,2013-08-09,SUP,,False,False
1200496,ORANGE,GSM 900,HAUTACAM (CARDOUET) 65400 BEAUCENS,65077,"42.9733,-0.0036",Pylône autostable,"14,7m",Société Privée,2014-06-05,SUP,,True,False
1237595,ORANGE,LTE 700,VOIE COMMUNALE N° 3 (LA BOUTELAIS) 35560 VAL COUESNON,35004,"48.4744,-1.5264",Pylône autostable,36m,TOTEM,2026-07-30,ALL,,False,False
1278559,SFR,"LTE 700, LTE 2600",RUE SAINT FIACRE CHEMIN DU COTEAU (LES CLOS GALOTS) 27700 LES ANDELYS,27016,"49.2508,1.4397",Pylône tubulaire,26m,CELLNEX,2026-07-22,ALL,,False,False
1279076,FREE MOBILE,"LTE 700, LTE 1800, LTE 2100",CHEMIN DE LAMARTINE 13015 MARSEILLE 15,13215,"43.3739,5.3625",Pylône tubulaire,17m,FREE-MOBILE,2026-07-24,ALL,,False,False
1281080,SFR,GSM 900,RUE DE LA FONTAINE 59270 METEREN,59401,"50.7492,2.6956",Pylône autostable,30m,EDF ou GDF,2002-12-20,SUP,,False,False
1284096,SFR,GSM 900,1 PLACE SUZANNE VALADON 95200 SARCELLES,95585,"48.9725,2.3836",Immeuble,50m,Société HLM,2015-10-08,SUP,,False,False
1286129,TELCO OI,5G NR 3500,KOUNGOU VILLAGE 97600 KOUNGOU,97610,"-12.7336,45.2031",Mât béton,14m,Telco OI,2025-06-03,ART,,False,False
1288243,ORANGE,GSM 900,EGLISE DE MONTJOI D.46 82400 MONTJOI,82130,"44.1969,0.9222",Monument religieux,24m,"Commune, communauté de communes",2010-11-29,SUP,,True,False
1304763,ORANGE,GSM 900,10 BD GRIFFOUL DORVAL 31500 TOULOUSE,31555,"43.5892,1.4608",Immeuble,"37,2m","Copropriété, Syndic, SCI",2017-01-31,SUP,,False,False
1329169,ORANGE,GSM 900, (MIDAOU AYGAT) 65120 SERS,65424,"42.9003,0.0642",Mât,12m,TOTEM,2010-11-02,SUP,,False,False
133345,ORANGE,GSM 900,CHEM DU CHÂTEAU D EAU (LADEVEZE) 65200 ASTUGUE,65043,"43.105,0.0725",Pylône tubulaire,"12,5m",TOTEM,2003-08-16,SUP,,False,False
1345694,FREE MOBILE,LTE 2100,86 AVENUE MOZART 75116 PARIS 16,75116,"48.8519,2.2678",Immeuble,"29,2m","Copropriété, Syndic, SCI",2026-07-24,ALL,,False,False
1351742,ORANGE,GSM 900,ENTREPRISE FRANCOIS BERTE CHEMIN RURAL N°2 (CALIFORNIE) 97232 LE LAMENTIN,97213,"14.6142,-61.0311",Pylône autostable,"20,5m",ORANGE,2016-08-25,SUP,,False,False
1352093,ORANGE,GSM 900,3 RUE PIERRE-SIMON LAPLACE (PUNTIS) 31770 COLOMIERS,31149,"43.6111,1.3064",Pylône tubulaire,27m,TOTEM,2014-02-04,SUP,,False,False
1377233,SFR,GSM 900,11 RUE PITOT 30900 NIMES,30189,"43.8442,4.3714",Bâtiment,"20,4m",Société HLM,2017-01-24,SUP,,False,False
1380836,SFR,GSM 900,AVENUE INFROIT STADE INFROIT 93420 VILLEPINTE,93078,"48.9503,2.5628",Pylône tubulaire,31m,HIVORY,2015-03-16,SUP,,False,False
1382670,FREE MOBILE,"LTE 2100, 5G NR 700","4, RUE CASSINI 44300 NANTES",44109,"47.2144,-1.5653",Immeuble,"31,6m",Particulier,2026-07-24,ALL,,False,False
1386390,SFR,GSM 900,42 CHEM DE LA POTERNE COMPAGNIE DE CHAUFFAGE INTERCOMMUNALE 38100 GRENOBLE,38185,"45.1731,5.7514",Bâtiment,65m,Société Privée,2017-08-04,SUP,,False,False
1388273,SFR,"GSM 900, UMTS 900, LTE 700, LTE 800, LTE 1800, LTE 2100, LTE 2600, 5G NR 3500",17 AVENUE SIMONE 59110 LA MADELEINE,59368,"50.6486,3.0756",Immeuble,29m,"Copropriété, Syndic, SCI",,SUP,,False,True
1392358,SFR,GSM 900,"4, AVENUE DU MONT ALBAN RÉSIDENCE LA PERGOLA 06300 NICE",06088,"43.7003,7.2883",Bâtiment,"20,7m","Copropriété, Syndic, SCI",2015-02-23,SUP,,False,False
1398590,ORANGE,GSM 900,4 B R ALAIN FOURNIER SAINT MARTIN DU TOUCH 31500 TOULOUSE,31555,"43.6075,1.3706",Bâtiment,29m,Société Privée,2012-11-19,SUP,,False,False
1399157,ORANGE,GSM 900,ROUTE DE LEVIGNAC 31820 PIBRAC,31417,"43.6108,1.2631",Château d'eau - réservoir,34m,"Commune, communauté de communes",2012-07-30,SUP,,False,False
1400160,SFR,GSM 900,BOIS DES SOURCES DU PEUGUE RUE DES SOURCES DU PEUGUE 33600 PESSAC,33318,"44.7872,-0.7039",Pylône autostable,38m,TOTEM,2021-07-28,SUP,,False,False
1402743,BOUYGUES TELECOM,"LTE 700, LTE 1800, LTE 2100, 5G NR 2100",FONT-PAULE (SORBIER DE MADAME) 30650 SAZE,30315,"43.9336,4.7042",Pylône autostable,25m,HIVORY,2026-07-23,ALL,,False,False
1402747,BOUYGUES TELECOM,UMTS 2100, (LE PECH) 11500 ST FERRIOL,11341,"42.8978,2.2108",Pylône autostable,15m,TDF,2008-11-25,SUP,,False,False
1404681,FREE MOBILE,5G NR 700,AV WINSTON CHURCHILL RÉSIDENCE ARDENNE 08200 SEDAN,08409,"49.705,4.9425",Bâtiment,"42,4m",Société HLM,2026-07-28,ALL,,False,False
1405260,BOUYGUES TELECOM,UMTS 2100,6499 ROUTE DE NISCEVILLE (LA PELLE A FOUR) 77570 CHATEAU LANDON,77099,"48.1422,2.6883",Pylône autostable,41m,BOUYGUES,2016-12-21,SUP,,False,False
1406194,SFR,GSM 900,29 BOULEVARD DOMENGET 73100 AIX LES BAINS,73008,"45.6967,5.9081",Immeuble,"45,3m","Copropriété, Syndic, SCI",1998-09-03,SUP,,False,False
1412246,ORANGE,GSM 900,RUE ANDRÉ BÉTEILLE ZAC AÉROCONSTELLATION BÂTIMENT L67 - USINE JEAN LUC LAGARDÈRE 31700 CORNEBARRIEU,31150,"43.6572,1.355",Bâtiment,"48,5m",Société Privée,2004-12-18,SUP,,False,False
1413361,BOUYGUES TELECOM,LTE 2600,38/40 R DE GALILÉE 75116 PARIS 16,75116,"48.87,2.2967",Immeuble,"29,3m","Copropriété, Syndic, SCI",2026-07-20,ALL,,False,False
1413425,ORANGE,GSM 900,32 RUE PIERRE CAZENEUVE 31500 TOULOUSE,31555,"43.6175,1.4436",Immeuble,"36,9m","Copropriété, Syndic, SCI",2015-07-16,SUP,,False,False
1414384,BOUYGUES TELECOM,UMTS 2100,3 RUE ALBERT SCHWEITZER 68040 INGERSHEIM,68155,"48.0947,7.3069",Immeuble,18m,Société HLM,2009-08-05,SUP,,False,False
1414780,ORANGE,GSM 900,"31 BIS , ROUTE DE SEYSSES 31500 TOULOUSE",31555,"43.5486,1.3897",Pylône tubulaire,21m,TOTEM,2014-09-26,SUP,,False,False
141639,ORANGE,GSM 900,25 R JEAN-FRANÇOIS ROMIEU 31600 MURET,31395,"43.4806,1.3408",Pylône tubulaire,25m,TOTEM,2012-09-06,SUP,,False,False
1424786,BOUYGUES TELECOM,UMTS 2100,"61, GRANDE RUE RD 142 CHATEAU D'EAU 78440 DROCOURT",78202,"49.0597,1.7636",Château d'eau - réservoir,60m,"Syndicat des eaux, Adduction",2010-12-10,SUP,,False,False
1426638,BOUYGUES TELECOM,UMTS 2100,RUE DE L'INDÉPENDANCE AMÉRICAINE CHÂTEAU DE VERSAILLES (AILE DU MIDI) 78000 VERSAILLES,78646,"48.8028,2.1194",Monument historique,15m,"État, Ministère",2008-04-16,SUP,,False,False
1432236,BOUYGUES TELECOM,UMTS 2100,AV DE LANGRES CTE COMMERCIAL LA TOISON D'OR 21000 DIJON,21231,"47.3578,5.0514",Bâtiment,15m,Société Privée,2008-04-16,SUP,,False,False
1432686,BOUYGUES TELECOM,UMTS 2100,RD 75  RÉSERVOIR (CROIX DES VIGNES) 57580 BECHY,57057,"48.99,6.3825",Pylône tubulaire,"33,5m",TDF,2022-06-30,SUP,,False,False
1433626,ORANGE,GSM 900,141 CHEMIN DE BASSO CAMBO 31500 TOULOUSE,31555,"43.5633,1.3858",Pylône tubulaire,27m,TOTEM,2015-02-05,SUP,,False,False
1434131,BOUYGUES TELECOM,UMTS 2100,25 BD BELLEVILLE 75011 PARIS 11,75111,"48.8686,2.3806",Bâtiment,"31,1m",Société Privée,2018-05-30,SUP,,False,False
1434468,BOUYGUES TELECOM,"GSM 900, GSM 1800, UMTS 900, UMTS 2100",TUNNEL QUAI ANDRÉ CITROËN PRÈS DU PARC ANDRÉ CITROËN (PORT DE JAVEL) 75015 PARIS 15,75115,"48.8422,2.2725",Tunnel,11m,"Commune, communauté de communes",2021-07-20,SUP,,False,False
1434472,BOUYGUES TELECOM,UMTS 2100,R DE L'ARRIVÉE - TUN DU MAINE 75015 PARIS 15,75115,"48.8414,2.3214",Tunnel,6m,"Commune, communauté de communes",2018-05-30,SUP,,False,False
1437031,ORANGE,"LTE 800, 5G NR 700",DÉCHETTERIE (PETITE BUSSIÈRE) 25410 ST VIT,25527,"47.1825,5.8314",Pylône autostable,30m,HIVORY,2026-07-30,ALL,,False,True
1437271,ORANGE,5G NR 2100, (LA CARRIERE) 52300 DONJEUX,52175,"48.3486,5.15",Pylône autostable,"42,5m",TDF,,AJO,,False,False
1442504,ORANGE,5G NR 2100, (LES BRÛLÉES) 71200 ST SERNIN DU BOIS,71479,"46.8383,4.4264",Pylône autostable,31m,HIVORY,,AJO,,False,False
1443530,BOUYGUES TELECOM,"LTE 700, LTE 1800, LTE 2100, 5G NR 2100",VOIE COMMUNALE N°107 (LA CAVE TRAVERSIÈRE) 11110 COURSAN,11106,"43.2617,3.0569",Pylône autostable,"45,5m",HIVORY,2026-07-23,ALL,,False,False
1443559,BOUYGUES TELECOM,UMTS 2100,CHEM RURAL N 54 MARE AUX CHEVAUX 78680 EPONE,78217,"48.9467,1.8006",Pylône autostable,25m,HIVORY,2019-04-29,SUP,,False,False
1443625,BOUYGUES TELECOM,UMTS 2100, (GUIRAUD VAYLE) 81500 GIROUSSENS,81104,"43.7683,1.81",Pylône autostable,39m,TDF,2009-02-18,SUP,,False,False
1444806,FREE MOBILE,"LTE 2100, 5G NR 700",D 125 (BLANCHONNE) 26120 MONTMEYRAN,26206,"44.8228,4.9681",Pylône autostable,41m,TOTEM,2026-07-24,ALL,,False,False
1445241,FREE MOBILE,5G NR 3500,22 RUE DE LESSEPS 75020 PARIS 20,75120,"48.8594,2.4",Immeuble,"24,8m",Société Privée,2026-07-24,ALL,,False,False
1445496,BOUYGUES TELECOM,UMTS 2100,RD 63 (POIRIER LA MOTTE) 51800 STE MENEHOULD,51507,"49.0728,4.9025",Pylône autostable,39m,TDF,2018-12-13,SUP,,False,False
1446835,ORANGE,GSM 900,115 AVE ALBERT BEDOUCE 31500 TOULOUSE,31555,"43.5814,1.4619",Immeuble,39m,"Copropriété, Syndic, SCI",1996-10-31,SUP,,False,False
1448005,SFR,GSM 900,21 R INGÉNIEUR BERTIN Z.I. DE DIJON 21600 LONGVIC,21355,"47.2953,5.0314",Pylône tubulaire,40m,HIVORY,2014-09-10,SUP,,False,False
1448045,FREE MOBILE,"LTE 2100, 5G NR 700", (BOIS DU TUREAU) 89470 MONETEAU,89263,"47.8522,3.5953",Pylône autostable,30m,HIVORY,2026-07-24,ALL,,False,False
1449825,FREE MOBILE,"LTE 2100, 5G NR 700",LE MOULIN TOPART 62144 CARENCY,62213,"50.3864,2.6875",Pylône tubulaire,30m,HIVORY,2026-07-24,ALL,,False,False
1450683,SFR,GSM 900, (HARTH) 68150 HUNAWIHR,68147,"48.1747,7.3089",Pylône autostable,21m,TDF,2017-01-13,SUP,,False,False
1452061,BOUYGUES TELECOM,UMTS 2100,BOIS GRILLET (BOIS GRILLET) 17600 BALANZAC,17030,"45.7453,-0.855",Pylône autostable,"39,4m",TDF,2016-09-13,SUP,,False,False
1453966,BOUYGUES TELECOM,UMTS 2100,CHEMIN DES CHARBONNIERS R DE VAUBOYEN GARE DE VAUBOYEN 78350 JOUY EN JOSAS,78322,"48.7592,2.1919",Bâtiment,"8,7m",SNCF Réseau,2018-05-30,SUP,,False,False
1454117,SFR,GSM 900,PLACE ARISTIDE BRIAND ANCIEN HOPITAL HOTEL-DIEU 84200 CARPENTRAS,84031,"44.0514,5.0486",Bâtiment,19m,Société Privée,2014-09-10,SUP,,False,False
1454413,SFR,GSM 900, (LES PLAINES) 30650 SAZE,30315,"43.9358,4.7203",Pylône autostable,25m,HIVORY,2007-01-11,SUP,,False,False
1455331,BOUYGUES TELECOM,UMTS 2100,LE PRE PONCE CHEM DE LA RUAZ 74140 YVOIRE,74315,"46.3678,6.3289",Pylône autostable,23m,ATC FRANCE,2019-12-19,SUP,,False,False
1456336,BOUYGUES TELECOM,"LTE 700, LTE 2100, 5G NR 2100",CHEMIN RURAL (LA TROCHERIE) 41600 CHAUMONT SUR THARONNE,41046,"47.6094,1.9144",Pylône autostable,37m,TOTEM,2026-07-23,ALL,,False,False
1457775,FREE MOBILE,5G NR 700,ROUTE DE LA LUSIGNANE (LES CREMADES) 84860 CADEROUSSE,84027,"44.1086,4.7747",Pylône autostable,35m,TOTEM,2026-07-24,ALL,,False,False
1463973,SFR,GSM 900,LES VINCENTES (LE PETIT CHIRAC) 26760 BEAUMONT LES VALENCE,26037,"44.8778,4.9544",Pylône tubulaire,30m,BOUYGUES,2015-07-20,SUP,,False,False
1464259,SFR,GSM 900,GARE DE DÉPART DU NOUVEAU TÉLÉPHÉRIQUE DE BELLEVAR (LES LÈCHES) 73150 VAL D ISERE,73304,"45.4467,6.9767",Bâtiment,16m,Société Privée,2015-09-08,SUP,,False,False
1464390,BOUYGUES TELECOM,UMTS 2100,41 CHEM DE LA CHIRADIE 69530 BRIGNAIS,69027,"45.6694,4.7644",Pylône tubulaire,"27,5m",CELLNEX,2018-05-30,SUP,,False,False
1468680,SFR,GSM 900,R DES MIMOSAS 57730 MACHEREN,57428,"49.1025,6.7636",Pylône tubulaire,30m,TDF,2024-07-11,SUP,,True,False
1468883,BOUYGUES TELECOM,UMTS 2100,BD PÉRIPH - PTE DAUPHINE 75116 PARIS 16,75116,"48.8719,2.2736",Tunnel,7m,"Commune, communauté de communes",2018-05-30,SUP,,False,False
1471227,SFR,LTE 700,STATION D'EPURATION (LE GD CHAMBOURG) 85190 LA GENETOUZE,85098,"46.7347,-1.5086",Pylône autostable,34m,ATC FRANCE,2026-07-22,ALL,,False,False
1478767,SFR,GSM 900,RUE DE LA BIETTE 59249 FROMELLES,59257,"50.6103,2.8442",Pylône tubulaire,27m,HIVORY,2003-11-13,SUP,,False,False
1478795,ORANGE,GSM 900,2 RUE DES ALOUETTES (ALARIC) 65800 AUREILHAN,65047,"43.2467,0.09",Bâtiment,24m,ORANGE Services Fixes,2006-02-24,SUP,,False,False
1478900,SFR,GSM 900,R DU GRAND RENG (AU DESSUS DES ROQUETTES) 59164 MARPENT,59385,"50.3031,4.0775",Pylône autostable,45m,SFR,2002-12-17,SUP,,False,False
1479193,SFR,GSM 900,60 RUE DE LA DHUYS 93130 NOISY LE SEC,93053,"48.8786,2.4608",Immeuble,"38,3m",Société HLM,2019-08-19,SUP,,False,False
1479590,TELCO OI,LTE 2100,RESERVOIR SOGEA MAJI HAUT 97600 KOUNGOU,97610,"-12.7567,45.2222",Mât béton,14m,Telco OI,2025-06-03,ART,,False,False
1483742,SFR,GSM 900,17-19 COURS ARISTIDE BRIAND 13150 TARASCON,13108,"43.8031,4.6575",Bâtiment,"21,9m","Copropriété, Syndic, SCI",2018-02-09,SUP,,False,False
1483757,ORANGE,GSM 900, (PECH D'AUJOL) 46200 SOUILLAC,46309,"44.9039,1.4681",Pylône autostable,30m,TOTEM,2015-02-03,SUP,,False,False
1490006,ORANGE,GSM 900,ROUTE DE MAURYS STADE MUNICIPAL 31150 GRATENTOUR,31230,"43.725,1.4411",Pylône tubulaire,"31,6m",TOTEM,2015-01-27,SUP,,False,False
1500103,ORANGE,GSM 900,RUE DE L'EGALITÉ (LA CASTAGNÈRE) 65130 CAPVERN,65127,"43.1128,0.3161",Pylône autostable,"20,7m",TDF,2015-02-19,SUP,,False,False
1505570,FREE MOBILE,"LTE 2100, 5G NR 700",LES GRANDS PINS (LA SAUQUE) 33650 LA BREDE,33213,"44.6883,-0.5028",Pylône tubulaire,43m,HIVORY,2026-07-24,ALL,,False,False
1509674,ORANGE,GSM 900,170 CHEMIN DE LESTANG 31500 TOULOUSE,31555,"43.5739,1.3969",Immeuble,"31,8m","Copropriété, Syndic, SCI",2015-04-07,SUP,,False,False
1511311,BOUYGUES TELECOM,"LTE 1800, LTE 2100, 5G NR 2100",LES PEYRETTES SUD 46170 CASTELNAU MONTRATIER,46063,"44.2831,1.3564",Pylône autostable,34m,ATC FRANCE,2026-07-26,ALL,,False,False
1512040,BOUYGUES TELECOM,LTE 2100,ECH DE TULLE-NORD (LA GENESTE) 19460 NAVES,19146,"45.3258,1.7583",Pylône autostable,30m,HIVORY,2026-07-22,ALL,,False,False
1513343,FREE MOBILE,5G NR 700,CHEMIN RURAL JULIAN ET D'AIGUEBONNE (LE MOULIN A HUILE) 34110 VIC LA GARDIOLE,34333,"43.4892,3.7897",Pylône autostable,30m,HIVORY,2026-07-28,ALL,,False,False
1513952,BOUYGUES TELECOM,UMTS 2100,CHEM RURAL DIT DU BECQUEREL STADE COMMUNAL (LE BECQUEREL) 62860 ECOURT ST QUENTIN,62284,"50.2553,3.0833",Pylône autostable,32m,ATC FRANCE,2008-11-28,SUP,,False,False
1517477,BOUYGUES TELECOM,UMTS 2100,1 R PLEYEL EDF AMPERE PATIOS 93380 ST DENIS,93066,"48.9203,2.3408",Immeuble,26m,EDF ou GDF,2015-03-20,SUP,,False,False
1518351,BOUYGUES TELECOM,UMTS 2100,RUE DES CHAMPS COMPLEXE SPORTIF 67500 WEITBRUCH,67523,"48.7603,7.7728",Pylône tubulaire,"31,5m",ATC FRANCE,2008-10-02,SUP,,False,False
1519029,ORANGE,GSM 900,LES NODOS DE DESSUS (LES NOYERS) 31210 CLARAC,31147,"43.1119,0.6189",Pylône tubulaire,22m,TOTEM,1997-11-28,SUP,,False,False
1523319,BOUYGUES TELECOM,"LTE 700, LTE 1800, 5G NR 2100",CHEMIN RURAL N° 14 DIT DE LA DÉCHARGE (LES GATINAIS) 28260 BERCHERES SUR VESGRE,28036,"48.8317,1.5383",Pylône autostable,35m,ATC FRANCE,,AJO,,False,False
1523968,SFR,LTE 700,A COTE DE LES FINEAUX (LA MARDELLE AUX PÊTRES) 36130 MONTIERCHAUME,36128,"46.8594,1.7867",Pylône autostable,40m,ATC FRANCE,2026-07-22,ALL,,False,False
1526563,BOUYGUES TELECOM,UMTS 2100,1 PL DE LA BALEINE 69002 LYON 02,69382,"45.7633,4.8281",Immeuble,18m,"Copropriété, Syndic, SCI",2018-05-30,SUP,,False,False
1527411,FREE MOBILE,"LTE 2100, 5G NR 700",6-8-10 AVENUE DU CRET DU MAURE 74960 ANNECY,74010,"45.8953,6.1264",Immeuble,16m,"Copropriété, Syndic, SCI",2026-07-24,ALL,,False,False
1529281,ORANGE,GSM 900,CHEMIN DU GÉNÉRAL CHARLES FRANÇOIS DUGUA 31500 TOULOUSE,31555,"43.5567,1.4547",Bâtiment,"22,5m","Copropriété, Syndic, SCI",2015-07-16,SUP,,False,False
1530826,BOUYGUES TELECOM,UMTS 2100,2 R JEAN ROQUE 13001 MARSEILLE 01,13201,"43.2942,5.3811",Immeuble,"16,5m",Particulier,2009-10-01,SUP,,False,False
1532189,FREE MOBILE,5G NR 3500,RUE DU MESNIL  76270 NEUFCHATEL EN BRAY,76462,"49.725,1.4411",Pylône tubulaire,"28,2m",ON TOWER FRANCE,,AJO,,False,False
1536715,BOUYGUES TELECOM,LTE 2600,CHEM RURAL N°36 (MASCARENS) 81710 NAVES,81195,"43.5508,2.2336",Pylône autostable,39m,ATC FRANCE,2026-07-26,ALL,,False,False
1536978,BOUYGUES TELECOM,UMTS 2100,COURS PIERRE PUGET PARKING MONTHYON PROVENCALE DE STATIONNEMENT (PARKING MONTHYON) 13006 MARSEILLE 06,13206,"43.2903,5.3753",Mât,"10,4m","Commune, communauté de communes",2018-05-30,SUP,,False,False
1537577,FREE MOBILE,5G NR 3500,RUE DES TULIPES 34410 SAUVIAN,34298,"43.2911,3.2547",Pylône tubulaire,"23,3m",FREE-MOBILE,2026-07-24,ALL,,False,False
1547093,FREE MOBILE,"LTE 700, LTE 900, LTE 1800, 5G NR 700", (LES FORGERAIS) 35890 BOURG DES COMPTES,35033,"47.9114,-1.6881",Pylône autostable,38m,TOTEM,2026-07-24,ALL,,False,True
1552723,FREE MOBILE,5G NR 3500, (LES CONDAMINES) 26740 LES TOURRETTES,26353,"44.6647,4.7989",Pylône tubulaire,"24,7m",BOUYGUES,2026-07-28,ALL,,False,False
1559510,FREE MOBILE,LTE 2100,RUE DE CONSTANTINE 69400 VILLEFRANCHE SUR SAONE,69264,"45.9981,4.7175",Immeuble,"19,3m",Particulier,2026-07-24,ALL,,False,False
1563379,FREE MOBILE,5G NR 3500,AV DU 9 SEPTEMBRE (PORETTE) 20250 CORTE,2B096,"42.3011,9.1544",Immeuble,20m,"Copropriété, Syndic, SCI",2026-07-24,ALL,,False,False
1565850,ORANGE,GSM 900,CHEM DE LA PEYLOUBIÈRE (EN CARRÈRE) 32550 PAVIE,32307,"43.605,0.6169",Pylône tubulaire,22m,TOTEM,1997-06-06,SUP,,False,False
1567231,BOUYGUES TELECOM,UMTS 2100,9 COURS DES MARAÎCHERS 93120 LA COURNEUVE,93027,"48.9281,2.3925",Immeuble,"46,8m",Société HLM,2018-12-17,SUP,,False,False
1567231,ORANGE,5G NR 700,9 COURS DES MARAÎCHERS 93120 LA COURNEUVE,93027,"48.9281,2.3925",Immeuble,"46,8m",Société HLM,,AJO,,False,False
1567231,ORANGE,"UMTS 2100, LTE 700, 5G NR 2100",9 COURS DES MARAÎCHERS 93120 LA COURNEUVE,93027,"48.9281,2.3925",Immeuble,"46,8m",Société HLM,2025-01-17,SUP,,False,False
1567608,BOUYGUES TELECOM,UMTS 2100,28 AV ROBERT SOLEAU 06600 ANTIBES,06004,"43.5825,7.1206",Immeuble,11m,Particulier,2019-06-27,SUP,,False,False
1567610,BOUYGUES TELECOM,UMTS 2100,3 PL ST DIDIER 84140 AVIGNON,84007,"43.9467,4.8078",Immeuble,"13,4m",Particulier,2018-05-30,SUP,,False,False
1568639,BOUYGUES TELECOM,LTE 700,D244 - R DE LA CÈZE MAISON DE RETRAITE (N-D DES MINES) 30410 MOLIERES SUR CEZE,30171,"44.2586,4.1606",Immeuble,15m,Établissement de soins,,AJO,,False,False
1568643,SFR,GSM 900,2 R GEORGES PEREC Z.I. LES GLAIRONS 38400 ST MARTIN D HERES,38421,"45.1869,5.7658",Pylône autostable,"47,3m",HIVORY,2018-11-30,SUP,,False,False
1568661,FREE MOBILE,"LTE 2100, 5G NR 700",R D'EN HAUT 80830 BOUCHON,80117,"50.0342,2.0267",Pylône autostable,25m,HIVORY,2026-07-24,ALL,,False,False
1568671,BOUYGUES TELECOM,UMTS 2100,22 RUE DE LA GARE (LE CHEMIN DE L'ABBAYE) 80370 CONTEVILLE,80208,"50.1714,2.0642",Bâtiment,34m,Particulier,2009-06-23,SUP,,False,False
1569999,FREE MOBILE,"LTE 2100, 5G NR 700",CROIS DE MENET (LAHITTON) 40270 LE VIGNAU,40329,"43.775,-0.2878",Pylône tubulaire,"30,3m",TOTEM,2026-07-24,ALL,,False,False
1570017,ORANGE,GSM 900,VOIE COM N°4 (MONTEILS) 47270 ST JEAN DE THURAC,47248,"44.1628,0.7292",Pylône autostable,33m,TOTEM,1995-09-01,SUP,,False,False
1570122,SFR,5G NR 2100,KERVRIANT (KERVRIANT) 29370 ELLIANT,29049,"47.9808,-3.9094",Pylône autostable,32m,HIVORY,2026-07-22,ALL,,False,False
1570178,SFR,GSM 900,"180, ESPLANADE DE L'AIR ET DE L'ESPACE AÉROPORT DE PARIS - LE BOURGET 93350 LE BOURGET",93013,"48.945,2.4311",Bâtiment,"15,5m","CCI, Ch Métier, Port Aut, Aéroport",2015-10-09,SUP,,False,False
1571186,ORANGE,GSM 900, (LES PRADETTES) 65390 SARNIGUET,65406,"43.3156,0.0986",Pylône autostable,40m,TOTEM,2004-06-19,SUP,,False,False
1572736,FREE MOBILE,"LTE 2100, 5G NR 700",PIED DE DOUX 79390 DOUX,79108,"46.7308,0.0144",Pylône autostable,26m,ATC FRANCE,2026-07-28,ALL,,False,False
1573124,SFR,GSM 900,ESPLANADE DE LA PAIX UNIVERSITÉ DE CAEN 14000 CAEN,14118,"49.1903,-0.365",Immeuble,35m,"État, Ministère",1996-12-12,SUP,,False,False
1574826,BOUYGUES TELECOM,LTE 2600,AV DE VERDUN 84100 ORANGE,84087,"44.1281,4.8206",Bâtiment,12m,"Copropriété, Syndic, SCI",2026-07-23,ALL,,False,False
1576246,BOUYGUES TELECOM,UMTS 2100,PARKING SALLE DES FÊTES (LE TERRIER) 16430 CHAMPNIERS,16078,"45.7122,0.2111",Pylône tubulaire,30m,ATC FRANCE,2009-02-26,SUP,,False,False
1576300,BOUYGUES TELECOM,UMTS 2100,D 81 - ROUTE DE TORSAC (LA PIERRIERE) 16410 DIRAC,16120,"45.615,0.1925",Pylône autostable,"44,1m",CELLNEX,2012-04-17,SUP,,False,False
1579570,BOUYGUES TELECOM,LTE 2100,ROUTE DE THIL (BOUSSAC) 31330 LAUNAC,31281,"43.7342,1.1756",Pylône autostable,32m,ATC FRANCE,2026-07-23,ALL,,False,False
1579612,SFR,GSM 900,11 PLACE DE L'EUROPE 78140 VELIZY VILLACOUBLAY,78640,"48.7803,2.2075",Bâtiment,"28,6m",Société Privée,2014-01-09,SUP,,False,False
1579860,ORANGE,LTE 700,D 335-1 - RUE DU MOULIN DE VILLIERS (MOULIN DE VILLIERS) 28310 SANTILLY,28367,"48.1433,1.8839",Pylône autostable,30m,Particulier,2026-07-28,ALL,,False,False
1579860,ORANGE,LTE 1800,D 335-1 - RUE DU MOULIN DE VILLIERS (MOULIN DE VILLIERS) 28310 SANTILLY,28367,"48.1433,1.8839",Pylône autostable,30m,Particulier,2026-06-08,ART,,False,False
1582152,SFR,GSM 900,31 BD DE LA PAIX 14200 HEROUVILLE ST CLAIR,14327,"49.1881,-0.3344",Pylône tubulaire,35m,HIVORY,2016-09-30,SUP,,False,False
1588151,ORANGE,GSM 900,CHEMIN DE LAGRAOUSETTE (LA PLAINE) 09120 DALOU,09104,"43.0414,1.6381",Pylône tubulaire,30m,TOTEM,2016-06-03,SUP,,False,False
1590310,FREE MOBILE,5G NR 700,TER ZAC (LES TERRES DE LA LANDE) 33470 GUJAN MESTRAS,33199,"44.6242,-1.1047",Pylône autostable,"45,9m",HIVORY,2026-07-24,ALL,,False,False
1591361,FREE MOBILE,"LTE 2100, 5G NR 700", (LES CINQUANTAINES) 89800 LIGNORELLES,89226,"47.8897,3.7122",Pylône autostable,32m,HIVORY,2026-07-24,ALL,,False,False
1591738,BOUYGUES TELECOM,LTE 2600,N 124 PRÈS DU RÉSERVOIR D'EAU (LAMARQUE DU HAUT) 32600 L ISLE JOURDAIN,32160,"43.5931,1.1283",Pylône autostable,30m,HIVORY,2026-07-25,ALL,,False,False
1592294,BOUYGUES TELECOM,UMTS 2100,DÉPARTEMENTALE 72 PARKING DU CIMETIÈRE (LES BONNES) 11700 AZILLE,11022,"43.2836,2.6592",Pylône autostable,"24,9m",ATC FRANCE,2010-06-15,SUP,,False,False
1592366,ORANGE,GSM 900,8 R DES PRIMEURS MARCHÉ GARE 82000 MONTAUBAN,82121,"44.0336,1.3494",Château d'eau - réservoir,36m,"Syndicat des eaux, Adduction",2003-09-13,SUP,,False,False
1593068,SFR,GSM 900,BD PAVILLON RORQUAL (OCHINESE) 20217 ST FLORENT,2B298,"42.6769,9.2822",Local technique,"7,5m",SFR,2002-04-08,SUP,,False,False
1594390,ORANGE,GSM 900, (MONTBRISSON) 82340 ST MICHEL,82166,"44.0556,0.9519",Pylône autostable,30m,TOTEM,2001-09-07,SUP,,False,False
1594520,BOUYGUES TELECOM,UMTS 2100,2 R COLLEGE DE LA CROIX 84140 AVIGNON,84007,"43.9475,4.8086",Immeuble,15m,Particulier,2018-05-30,SUP,,False,False
1595260,BOUYGUES TELECOM,"LTE 2100, 5G NR 2100",TER DÉPARTEMENTALE (BAROLIO) 65220 VIDOU,65461,"43.3033,0.3211",Pylône autostable,31m,HIVORY,2026-07-26,ALL,,False,False
1596724,FREE MOBILE,"LTE 2100, 5G NR 700",CALAROUYE ET TEN DESSUS ROUTE DES BORDÈRES (LESTERLE) 65400 ARRENS MARSOUS,65032,"42.9542,-0.1961",Pylône autostable,37m,REGIE HTES PYRENEES HAUT DEBIT,2026-07-24,ALL,,False,False
1597494,BOUYGUES TELECOM,UMTS 2100,1 RTE DE SURESNE (LE PRÉ CATELAN) 75116 PARIS 16,75116,"48.8656,2.2522",Bâtiment,"13,9m",Société Privée,2018-05-30,SUP,,False,False
1597581,BOUYGUES TELECOM,LTE 2100,TER LIEU-DIT LIEU DIT HAIL (HAIL) 65190 BORDES,65101,"43.2119,0.1992",Pylône autostable,32m,SFR,2026-07-24,ALL,,False,False
1600423,BOUYGUES TELECOM,UMTS 2100,CR N°21 (LE MURGUET DES MARGUERITES) 78930 GUERVILLE,78291,"48.945,1.7281",Pylône autostable,25m,BOUYGUES,2008-06-30,SUP,,False,False
1601292,FREE MOBILE,"LTE 2100, 5G NR 700",CHEM DE REMEMBREMENT DU CIMETIÈRE (DERRIÈRE L'EGLISE) 80440 COTTENCHY,80213,"49.8125,2.3797",Pylône autostable,27m,HIVORY,2026-07-24,ALL,,False,False
1601331,SFR,GSM 900,AVENUE SAMPIERO CORSO HÔTEL SAMPIERO (ERBAIOLO) 20600 BASTIA,2B033,"42.6642,9.4419",Bâtiment,14m,Société Privée,2015-12-29,SUP,,False,False
1601992,BOUYGUES TELECOM,LTE 2600,CHEM DE LA BARTHE 31340 LA MAGDELAINE SUR TARN,31311,"43.8033,1.5314",Pylône autostable,25m,HIVORY,2026-07-25,ALL,,False,False
1603156,SFR,5G NR 2100, (LES PIERRES AUBES) 23800 COLONDANNES,23065,"46.2794,1.615",Pylône autostable,"33,3m",HIVORY,2026-07-22,ALL,,False,False
1603223,BOUYGUES TELECOM,UMTS 2100,1-9 RUE LÉA MAURY 94380 BONNEUIL SUR MARNE,94011,"48.7717,2.4786",Bâtiment,28m,"Copropriété, Syndic, SCI",2019-04-29,SUP,,False,False
1609155,BOUYGUES TELECOM,UMTS 2100,7 PL DU CHANCELIER ADENAUER 75116 PARIS 16,75116,"48.8706,2.2792",Immeuble,"43,5m",Société Privée,2015-12-18,SUP,,False,False
1609788,BOUYGUES TELECOM,UMTS 2100,D 611 (KUHWEID) 67390 SAASENHEIM,67422,"48.2308,7.6333",Pylône autostable,27m,ATC FRANCE,2011-06-07,SUP,,False,False
1609866,BOUYGUES TELECOM,UMTS 2100,CHEM DU BOIS RÉSERVOIR DÉSAFFECTÉ (BOIS DE PENCHARD) 77124 PENCHARD,77358,"48.9881,2.8572",Pylône autostable,40m,ATC FRANCE,2008-05-27,SUP,,False,False
1611755,SFR,"GSM 900, UMTS 900, LTE 800",2 PLACE DU BEFFROI EGLISE 18300 SANCERRE,18241,"47.3308,2.8386",Monument religieux,"28,2m","Commune, communauté de communes",,SUP,,False,True
1613375,BOUYGUES TELECOM,UMTS 2100,R DU STADE STADE 67240 GRIES,67169,"48.7572,7.8233",Pylône tubulaire,36m,ATC FRANCE,2008-08-06,SUP,,False,False
1615606,BOUYGUES TELECOM,UMTS 2100,82 QUAI VENDEUVRE  ANGLE QUAI DE JUILLET 14000 CAEN,14118,"49.1808,-0.3519",Immeuble,"20,5m",BOUYGUES,2008-11-25,SUP,,False,False
1617241,SFR,LTE 700,CHER CASSIER TERRAIN DE SPORT (LASFONTS) 23150 AHUN,23001,"46.0797,2.0456",Pylône autostable,"30,2m",ATC FRANCE,2026-07-22,ALL,,False,False
1618731,SFR,GSM 900,BLD DU DOCTEUR LACROIX 11100 NARBONNE,11262,"43.1811,3.0003",Immeuble,23m,"Copropriété, Syndic, SCI",1998-12-08,SUP,,False,False
1618735,SFR,GSM 900,14 R BÉRANGER 11100 NARBONNE,11262,"43.1894,3.0103",Immeuble,16m,"Copropriété, Syndic, SCI",1999-09-06,SUP,,False,False
1621591,SFR,GSM 900,31 RUE DU PALAIS 17000 LA ROCHELLE,17300,"46.1592,-1.1536",Immeuble,21m,Particulier,2018-03-09,SUP,,False,False
1622195,ORANGE,GSM 900,RUE DU CHÂTEAU EGLISE DE MONTPEZAT D'AGENAIS 47360 MONTPEZAT,47190,"44.3481,0.5222",Monument religieux,31m,"Commune, communauté de communes",1996-09-06,SUP,,False,False
1623307,FREE MOBILE,LTE 2100,2 RUE HENRI DUNANT 78280 GUYANCOURT,78297,"48.7642,2.0642",Immeuble,"20,6m",Société HLM,2026-07-24,ALL,,False,False
1624018,BOUYGUES TELECOM,UMTS 2100,BASILIQUE (NOTRE DAME DE PEYRAGUDE) 47140 PENNE D AGENAIS,47203,"44.3894,0.8164",Monument religieux,"25,8m",Association,2018-11-15,SUP,,False,False
1624159,FREE MOBILE,5G NR 3500,AVENUE EISENHOWER 69005 LYON 05,69385,"45.7558,4.7825",Immeuble,35m,Société HLM,2026-07-24,ALL,,False,False
1625421,ORANGE,GSM 900,CHEMIN DU CHATEAU D EAU RESERVOIR DE POMPIGNAN 82170 POMPIGNAN,82142,"43.8222,1.3175",Château d'eau - réservoir,40m,"Syndicat des eaux, Adduction",2012-04-30,SUP,,False,False
1625994,SFR,GSM 900,5 R JACQUES BEZIAT (GRAU D'AGDE) 34300 AGDE,34003,"43.2839,3.4458",Immeuble,"11,5m","Copropriété, Syndic, SCI",2008-03-14,SUP,,False,False
1627283,BOUYGUES TELECOM,UMTS 2100,ROUTE DES LASERS (PIOUSSEC) 33114 LE BARP,33029,"44.6414,-0.795",Pylône autostable,18m,CELLNEX,2012-03-21,SUP,,False,False
1627317,SFR,GSM 900,6 ALL PIERRE ORTAL HOTEL L'OYAT (FRONT DE MER) 33680 LACANAU,33214,"45.0011,-1.2019",Immeuble,15m,Société Privée,2016-03-30,SUP,,False,False
1628044,BOUYGUES TELECOM,UMTS 2100,COL DE BIGORNO (BUSSO) 20252 BIGORNO,2B036,"42.5381,9.2953",Pylône autostable,16m,SFR,2011-07-11,SUP,,False,False
1628782,FREE MOBILE,5G NR 3500,5 PLACE JEAN RIMBERT MAISON RETRAITE MON REPOS 63190 LEZOUX,63195,"45.8286,3.3814",Immeuble,27m,Établissement de soins,2026-07-24,ALL,,False,False
1632828,BOUYGUES TELECOM,UMTS 2100,77 RUE DES CEDRES 88100 STE MARGUERITE,88424,"48.2583,6.9822",Pylône autostable,30m,TDF,2008-09-05,SUP,,False,False
1634574,ORANGE,GSM 900,LE TAUS (BOURDAOU) 09320 ALEU,09005,"42.8989,1.2683",Pylône autostable,27m,TOTEM,2007-07-06,SUP,,True,False
1634613,BOUYGUES TELECOM,"LTE 700, LTE 1800, LTE 2100, LTE 2600, 5G NR 2100",CHEM RURAL DE GALÈRE (MONTINE) 40210 SOLFERINO,40303,"44.0867,-0.9131",Pylône autostable,37m,HIVORY,,AJO,,False,False
1635007,BOUYGUES TELECOM,LTE 2600,40 ROUTE D'HÉRÉGADÉ (MONT ARAGNOUE) 31160 MONTASTRUC DE SALIES,31357,"43.0075,0.9189",Pylône autostable,"35,1m",ATC FRANCE,,AJO,,False,False
1636652,ORANGE,GSM 900, (CLOS DARASSE) 09200 RIVERENERT,09247,"42.9597,1.2467",Pylône autostable,30m,TOTEM,2006-09-30,SUP,,True,False
1636798,BOUYGUES TELECOM,LTE 2100,CHEM VICINAL ORDINAIRE N°14 CROISEMENT DE LA RTE DU SARRAT DE GAYE (SOULA DES TORNES) 65710 CAMPAN,65123,"42.9658,0.2397",Pylône autostable,25m,HIVORY,2026-07-24,ALL,,False,False
1639208,BOUYGUES TELECOM,UMTS 2100,CHEMIN DE CORBEIL (POUILLY-GALLERAND) 77950 ST GERMAIN LAXIS,77410,"48.5997,2.7167",Pylône autostable,36m,TDF,2019-03-08,SUP,,False,False
1640180,BOUYGUES TELECOM,LTE 2100, (LES BAYSSES) 46170 PERN LHOSPITALET,46172,"44.3517,1.4533",Pylône autostable,36m,HIVORY,2026-07-23,ALL,,False,False
1640784,FREE MOBILE,"LTE 2100, 5G NR 700", (LES GOUTTES) 87300 BERNEUIL,87012,"46.0294,1.1414",Pylône autostable,"40,9m",HIVORY,2026-07-24,ALL,,False,False
1640784,SFR,LTE 700, (LES GOUTTES) 87300 BERNEUIL,87012,"46.0294,1.1414",Pylône autostable,"40,9m",HIVORY,2026-07-22,ALL,,False,False
1640795,SFR,5G NR 2100, (PUY DU ROI) 87510 ST JOUVENT,87152,"45.9544,1.2094",Pylône autostable,42m,HIVORY,2026-07-22,ALL,,False,False
1640844,SFR,GSM 900,CHEM RURAL DE VILLELONGUE (LA BOURLENAIRE) 63230 ST OURS,63381,"45.8558,2.8936",Pylône autostable,26m,ATC FRANCE,2016-09-28,SUP,,False,False
1642084,ORANGE,GSM 900, (MOULIN DE BUGASSAT) 47400 TONNEINS,47310,"44.3806,0.3442",Pylône autostable,61m,TOTEM,1992-09-04,SUP,,False,False
1642091,BOUYGUES TELECOM,UMTS 2100,RUE DES RESERVOIRS 80500 MONTDIDIER,80561,"49.6517,2.5711",Château d'eau - réservoir,"36,5m","Commune, communauté de communes",2008-11-13,SUP,,False,False
1642119,SFR,GSM 900,9 QUAI DE LA PREE ZA 17590 ARS EN RE,17019,"46.2078,-1.5072",Pylône tubulaire,"19,5m",SFR,2016-07-04,SUP,,False,False
1642818,BOUYGUES TELECOM,UMTS 2100,LES BOURASSES (LES NAUDINES) 17400 VARAIZE,17459,"45.9069,-0.3981",Pylône autostable,"34,1m",TDF,2009-01-09,SUP,,False,False
1642935,SFR,GSM 900,AV DES PLATANES RÉSIDENCE  NICOLAS DUBOIS 59230 ST AMAND LES EAUX,59526,"50.4528,3.4311",Immeuble,"25,4m",Société HLM,1999-12-20,SUP,,False,False
1643992,ORANGE,GSM 900,CHEMIN CAP DE LA BIELLE CHÂTEAU D'EAU (CAP DE LA BIELLE) 65300 TAJAN,65437,"43.1844,0.4514",Château d'eau - réservoir,"25,5m","Syndicat des eaux, Adduction",1997-04-18,SUP,,False,False
1644584,SFR,"LTE 700, LTE 2100, 5G NR 2100", (LA VILLE ALLOUET) 22250 PLUMAUGAT,22240,"48.2736,-2.2694",Château d'eau - réservoir,24m,"Syndicat des eaux, Adduction",,AJO,,False,False
1644644,BOUYGUES TELECOM,"LTE 700, LTE 1800, LTE 2100, 5G NR 2100", (LES PLAUDETS) 36290 MEZIERES EN BRENNE,36123,"46.8319,1.2064",Pylône autostable,30m,HIVORY,,AJO,,False,False
1646034,BOUYGUES TELECOM,UMTS 2100,CHEMIN D'EXPLOITATION (LE BOIS MUSE) 77250 MORET LOING ET ORVANNE,77316,"48.3472,2.8156",Pylône tubulaire,"29,5m",ATC FRANCE,2008-06-09,SUP,,False,False
1646974,FREE MOBILE,"LTE 2100, 5G NR 700",CHEM DES MORILLONS (LES SEPT ARPENTS) 89250 MONT ST SULPICE,89268,"47.9592,3.6253",Pylône tubulaire,30m,HIVORY,2026-07-24,ALL,,False,False
1647218,SFR,GSM 900,2 PASSAGE DU SOLEIL LEVANT- PUB WEMBLEY 34300 AGDE,34003,"43.2831,3.5197",Pylône tubulaire,7m,SFR,1999-06-30,SUP,,False,False
1650749,SFR,5G NR 2100,RD 122 (NEULIN) 41600 NOUAN LE FUZELIER,41161,"47.5083,2.0067",Pylône autostable,"48,5m",TDF,2026-07-22,ALL,,False,False
1650782,FREE MOBILE,5G NR 700,874 R DU PASSE DEBOUT 45770 SARAN,45302,"47.9375,1.8822",Pylône tubulaire,"29,1m",ATC FRANCE,2026-07-24,ALL,,False,False
1651229,BOUYGUES TELECOM,LTE 2100,VOIE COMMUNALE DE LABOISSIÈRE PRÈS DU CHEMIN DU BREIL HAUT (MARTINET) 82800 VAISSAC,82184,"44.0292,1.5978",Pylône autostable,35m,ATC FRANCE,2026-07-25,ALL,,False,False
1652891,BOUYGUES TELECOM,LTE 700,CHEMIN DE MONTCHAUSSON (LES GRANDES TREVES) 69290 ST GENIS LES OLLIERES,69205,"45.7633,4.7103",Pylône autostable,"37,5m",HIVORY,2026-07-30,ALL,,False,False
1654168,BOUYGUES TELECOM,UMTS 2100,D 64 (WURMGARTEN) 57480 LAUNSTROFF,57388,"49.4342,6.4964",Pylône autostable,"15,5m",ATC FRANCE,2011-09-21,SUP,,False,False
1654249,BOUYGUES TELECOM,UMTS 2100,CHE DE ROISIN MAISON GRARDEL (MONT DE BRY) 59144 ETH,59217,"50.3269,3.6806",Pylône tubulaire,21m,ATC FRANCE,2008-10-17,SUP,,False,False
1654708,SFR,GSM 900, (LES FERRAYROUS) 81630 MONTDURAUSSE,81175,"43.9458,1.5914",Pylône autostable,23m,ATC FRANCE,2016-06-23,SUP,,False,False
1654719,SFR,GSM 900,RTE DE JENLAIN (LES ECCLEPONS) 59990 PRESEAU,59471,"50.3156,3.5856",Pylône tubulaire,13m,ATC FRANCE,2016-09-02,SUP,,False,False
1655125,BOUYGUES TELECOM,UMTS 2100,PRÈS RÉSERVOIR (PERBOLES) 81660 PAYRIN AUGMONTEL,81204,"43.5511,2.3403",Pylône autostable,12m,ATC FRANCE,2016-10-20,SUP,,False,False
1656912,FREE MOBILE,"LTE 2100, 5G NR 700",578 ROUTE DE VIGNE (RODOUL) 82370 ORGUEIL,82136,"43.91,1.3997",Pylône autostable,29m,TOTEM,2026-07-24,ALL,,False,False
1656912,ORANGE,GSM 900,578 ROUTE DE VIGNE (RODOUL) 82370 ORGUEIL,82136,"43.91,1.3997",Pylône autostable,29m,TOTEM,2012-02-28,SUP,,False,False
1658193,BOUYGUES TELECOM,"GSM 900, UMTS 900, LTE 700, LTE 800, LTE 1800, LTE 2100, LTE 2600, 5G NR 2100, 5G NR 3500",1 PLACE DE LA GARE 59630 BOURBOURG,59094,"50.9519,2.1961",Silo,29m,"Coopérative Agricole, Vinicole",2022-12-28,SUP,,False,False
1658215,BOUYGUES TELECOM,UMTS 2100,RN51 (LE MONT DES CORPS) 51500 VILLERS ALLERAND,51629,"49.1561,4.0117",Pylône tubulaire,"13,9m",CELLNEX,2009-07-31,SUP,,False,False
1658238,BOUYGUES TELECOM,UMTS 2100,ROUTE DE BRANSLES CHATEAU D'EAU 45680 DORDIVES,45127,"48.1483,2.7778",Château d'eau - réservoir,40m,"Syndicat des eaux, Adduction",2017-06-22,SUP,,False,False
1659822,BOUYGUES TELECOM,LTE 2100,LA GRANGE PIERRE 10370 VILLENAUXE LA GRANDE,10420,"48.6067,3.5469",Pylône autostable,"50,2m",Société Privée,,AJO,,False,False
1659822,BOUYGUES TELECOM,UMTS 2100,LA GRANGE PIERRE 10370 VILLENAUXE LA GRANDE,10420,"48.6067,3.5469",Pylône autostable,"50,2m",Société Privée,2013-04-12,SUP,,False,False
1660137,FREE MOBILE,5G NR 700,6 R DES ENTREPRENEURS Z.I. ZI 89300 JOIGNY,89206,"47.9778,3.3758",Pylône autostable,"30,5m",TOTEM,2026-07-24,ALL,,False,False
1660718,BOUYGUES TELECOM,LTE 700,RTE DE LA RELAUDIÈRE ZAC LA TERRE DES MILLE BOEUFS 41300 THEILLAY,41256,"47.3128,2.0503",Pylône autostable,"37,6m",TDF,,AJO,,False,False
1660735,BOUYGUES TELECOM,UMTS 2100,R DES PLANTES RSVOIR 55500 LIGNY EN BARROIS,55291,"48.6917,5.3339",Pylône autostable,"24,2m",ATC FRANCE,2016-08-31,SUP,,False,False
1660838,SFR,GSM 900, (CLOS DE BULLE) 60134 VILLERS ST SEPULCRE,60685,"49.3647,2.2081",Pylône tubulaire,17m,Particulier,2017-02-01,SUP,,False,False
1661312,BOUYGUES TELECOM,UMTS 2100,EN CHALMONT (ARGENTOLLES) 52330 COLOMBEY LES DEUX EGLISES,52140,"48.2489,4.8597",Pylône autostable,"44,2m",ATC FRANCE,2008-09-02,SUP,,False,False
1661316,SFR,GSM 900,R NICEPHORE NIEPCE ZA DE BRAIS 44600 ST NAZAIRE,44184,"47.2936,-2.2956",Pylône autostable,50m,HIVORY,1999-12-15,SUP,,False,False
1661373,SFR,"LTE 700, LTE 1800, LTE 2100, 5G NR 2100",RUE DE ST ANGE (LES FRICHES) 89320 VILLECHETIVE,89451,"48.0875,3.5089",Pylône autostable,30m,HIVORY,,AJO,,False,False
1661373,SFR,"GSM 900, UMTS 2100",RUE DE ST ANGE (LES FRICHES) 89320 VILLECHETIVE,89451,"48.0875,3.5089",Pylône autostable,30m,HIVORY,2008-08-15,SUP,,False,False
1661762,FREE MOBILE,"LTE 2100, 5G NR 700",CHEM RURAL N°2 (SUR LE CHAMP ROND) 89700 DANNEMOINE,89137,"47.9008,3.9617",Pylône autostable,14m,HIVORY,2026-07-24,ALL,,False,False
1665712,ORANGE,5G NR 2100,CHEMIN DIT DE GOURGEON (BOIS DU ROSAIRE) 70120 COMBEAUFONTAINE,70165,"47.7103,5.8808",Pylône autostable,42m,TDF,,AJO,,False,False
1669196,BOUYGUES TELECOM,LTE 2100,RUE DE LA CHESNOYE 02410 ST GOBAIN,02680,"49.5922,3.3758",Château d'eau - réservoir,"16,7m","Syndicat des eaux, Adduction",,AJO,,False,False
1669304,SFR,GSM 900,BD LACOMBE 81000 ALBI,81004,"43.9206,2.135",Pylône tubulaire,26m,CELLNEX,2018-12-21,SUP,,False,False
1670033,FREE MOBILE,"LTE 2100, 5G NR 700",R DE SALLELES (COSTES DE LABADE) 34480 ST GENIES DE FONTEDIT,34258,"43.4703,3.1858",Pylône tubulaire,14m,ATC FRANCE,2026-07-24,ALL,,False,False
1671379,BOUYGUES TELECOM,LTE 2100, (RIAU NAUDET) 19300 SOUDEILLES,19263,"45.4503,2.0639",Pylône autostable,32m,HIVORY,2026-07-23,ALL,,False,False
1671417,SFR,GSM 900,LES PLANCHES (L'OUILLÈRE) 53320 LOIRON RUILLE,53137,"48.0403,-0.9336",Pylône autostable,"30,4m",TDF,2018-03-02,SUP,,False,False
1671814,SFR,GSM 900,GARE 4 TELECABINE JARDIN ALPIN (LES VERDONS) 73120 COURCHEVEL,73227,"45.4011,6.6294",Bâtiment,13m,Société Privée,2017-03-31,SUP,,False,False
1671908,BOUYGUES TELECOM,UMTS 2100,R DES JACINTHES IMM BOURGOGNE 59330 HAUTMONT,59291,"50.2439,3.9278",Immeuble,17m,Société Privée,2008-06-26,SUP,,False,False
1674084,SFR,GSM 900,5 ALLÉES DU GRAND TOUR DÉPOT MUNICIPAL 64000 PAU,64445,"43.2981,-0.3806",Pylône arbre,"28,5m",HIVORY,2016-06-21,SUP,,False,False
1674256,ORANGE,5G NR 700,ROUTE DE SAUZET CENTRAL TÉLÉPHONIQUE (LES JONQUIÈRES) 30190 ST GENIES DE MALGOIRES,30255,"43.9514,4.2144",Pylône autostable,23m,TOTEM,,AJO,,False,False
1674256,ORANGE,LTE 700,ROUTE DE SAUZET CENTRAL TÉLÉPHONIQUE (LES JONQUIÈRES) 30190 ST GENIES DE MALGOIRES,30255,"43.9514,4.2144",Pylône autostable,23m,TOTEM,,SUP,,False,False
1674796,SFR,GSM 900,AV DE LA COTE DE NACRE 14000 CAEN,14118,"49.205,-0.3586",Bâtiment,"19,9m",Établissement de soins,2016-09-30,SUP,,False,False
1675180,SFR,GSM 900,18 PLACE ST AYOUL 77160 PROVINS,77379,"48.5606,3.3025",Bâtiment,"23,1m",Association,2017-07-03,SUP,,False,False
1679243,BOUYGUES TELECOM,UMTS 2100,RN 329 D'ALBERT A MONTDIDIER (AU CHEM DE PROYART) 80131 FRAMERVILLE RAINECOURT,80342,"49.8714,2.7103",Pylône autostable,37m,HIVORY,2016-07-28,SUP,,False,False
1679771,BOUYGUES TELECOM,UMTS 2100,6 AV MAL SÉBASTIANI 20600 BASTIA,2B033,"42.7025,9.4492",Immeuble,18m,Société Privée,2016-07-28,SUP,,False,False
1679820,ORANGE,GSM 900,CHEM DE CAUBETON (CAP D'ARMAS) 31420 BOUSSAN,31083,"43.2231,0.8903",Pylône autostable,20m,TOTEM,2002-10-19,SUP,,False,False
1679895,BOUYGUES TELECOM,UMTS 2100,R DES ESSARTES 25700 MATHAY,25370,"47.4344,6.7789",Pylône autostable,"23,5m",TDF,2008-07-08,SUP,,False,False
1684120,SFR,GSM 900,ROUTE COMMUNALE (INCAMPS) 64800 IGON,64270,"43.1631,-0.2453",Pylône autostable,"38,2m",HIVORY,1997-03-28,SUP,,False,False
1684727,FREE MOBILE,"LTE 2100, 5G NR 3500",BELLE VUE RTE DE LOCHRIST 29430 PLOUNEVEZ LOCHRIST,29206,"48.6203,-4.2194",Pylône autostable,"34,7m",TOTEM,2026-07-24,ALL,,False,False
1686543,SFR,"LTE 700, LTE 800, LTE 1800, LTE 2100, LTE 2600",43 RUE DE LA MAILLERAYE IMMEUBLE ALCÉANE 76620 LE HAVRE,76351,"49.4881,0.1019",Immeuble,"24,7m",Société HLM,,SUP,,False,True
1689267,BOUYGUES TELECOM,UMTS 2100, (MAS DE L'ALLEMAGNE) 38940 ROYBON,38347,"45.2481,5.2297",Pylône autostable,"24,5m",ATC FRANCE,2016-09-29,SUP,,False,False
1689768,ORANGE,GSM 900, (LES TALCS) 09300 MONTFERRIER,09206,"42.8819,1.7564",Pylône autostable,43m,TOTEM,2016-11-30,SUP,,True,False
1689855,BOUYGUES TELECOM,UMTS 2100, (LES RAPAILLES) 54370 BATHELEMONT,54050,"48.7003,6.5136",Pylône autostable,33m,CELLNEX,2019-11-26,SUP,,False,False
1689882,SFR,GSM 900,PL DE L'EGLISE HOTEL LATITUDES 73150 VAL D ISERE,73304,"45.4475,6.9806",Bâtiment,24m,Société Privée,2017-09-29,SUP,,False,False
1691956,BOUYGUES TELECOM,LTE 2100, (LE DEVES OUEST) 46160 MARCILHAC SUR CELE,46183,"44.5506,1.7733",Pylône autostable,"13,2m",ATC FRANCE,2026-07-24,ALL,,False,False
1693166,BOUYGUES TELECOM,"LTE 700, LTE 1800, LTE 2100, 5G NR 2100",D 905 LES 4 ROUTES (LES GAGNEUX) 89320 CERISIERS,89066,"48.1208,3.5275",Pylône autostable,"35,9m",HIVORY,2026-07-23,ALL,,False,False
1694166,BOUYGUES TELECOM,"LTE 700, LTE 2600",ROUTE DU VIEUX FORT (ER PRAD) 56170 ILE D HOUAT,56086,"47.3883,-2.9617",Château d'eau - réservoir,"5,4m","Syndicat des eaux, Adduction",,AJO,,False,False
1694750,BOUYGUES TELECOM,"UMTS 2100, LTE 1800",CHEM D EXPLOITATION (LA PETITE RAVEROTTE) 70290 CHAMPAGNEY,70120,"47.6831,6.6964",Pylône autostable,40m,ATC FRANCE,2018-06-28,SUP,,False,False
1695636,ORANGE,5G NR 2100,LES GUILLAUMAUX (MELLET) 24120 BEAUREGARD DE TERRASSON,24030,"45.1586,1.2208",Pylône autostable,29m,CELLNEX,,AJO,,False,False
1696202,BOUYGUES TELECOM,UMTS 2100,RUE DU MONT DE L' ÉGLISE-EGLISE 67620 SOUFFLENHEIM,67472,"48.83,7.9622",Monument religieux,39m,"Commune, communauté de communes",2010-06-28,SUP,,False,False
1696354,BOUYGUES TELECOM,UMTS 2100,8 PLACE DU THÉATRE 08000 CHARLEVILLE MEZIERES,08105,"49.7733,4.7183",Immeuble,"15,5m",Société Privée,2011-10-05,SUP,,False,False
1697610,BOUYGUES TELECOM,LTE 700,D N° 7B (LE MARTOULET OUEST) 87380 ST GERMAIN LES BELLES,87146,"45.5797,1.4667",Pylône autostable,39m,HIVORY,2026-08-03,AAV,,False,False
1698147,ORANGE,"LTE 700, LTE 800, LTE 1800, 5G NR 2100",CHEMIN DES CARRIÈRES DU SALIN (CHAMPS BÉCOT) 73460 GRESY SUR ISERE,73129,"45.6042,6.2497",Pylône autostable,25m,HIVORY,,AJO,,False,False
1698521,SFR,GSM 900,GRANDE RUE COPROPRIÉTÉ LE LAC DU LOU (VAL THORENS) 73600 LES BELLEVILLE,73257,"45.2989,6.5833",Immeuble,29m,"Copropriété, Syndic, SCI",2001-01-04,SUP,,False,False
1698529,SFR,GSM 900,IMM REBERTY MÉDIAN HOTEL CLUB MEDITERANNEE (REBERTY) 73600 LES BELLEVILLE,73257,"45.3167,6.5439",Immeuble,27m,"Copropriété, Syndic, SCI",2000-10-20,SUP,,False,False
1698867,BOUYGUES TELECOM,"LTE 1800, LTE 2100",B CHEM DÉPARTEMENTAL N° 112 (LES BARBARAS) 28400 NOGENT LE ROTROU,28280,"48.3011,0.845",Pylône autostable,32m,HIVORY,2026-07-20,ALL,,False,False
1698867,BOUYGUES TELECOM,5G NR 2100,B CHEM DÉPARTEMENTAL N° 112 (LES BARBARAS) 28400 NOGENT LE ROTROU,28280,"48.3011,0.845",Pylône autostable,32m,HIVORY,2026-06-12,ART,,False,False
1699377,BOUYGUES TELECOM,UMTS 2100,CHEMIN DE LA FORET SCIERIE CD 910 (TRIAGE DU NAIS) 76430 TANCARVILLE,76684,"49.4842,0.4522",Pylône tubulaire,24m,ATC FRANCE,2008-12-09,SUP,,False,False
1701426,FREE MOBILE,"LTE 2100, 5G NR 700",RTE D103 (LE CLAUD DE CAPITAINE) 24350 MONTAGRIER,24286,"45.2775,0.4833",Pylône autostable,35m,HIVORY,2026-07-24,ALL,,False,False
1701576,SFR,GSM 900,ZA DU BOIS NICOLAS POSTE ÉLECTRIQUE DE PENLY (CNPE) EDF (VASSONVILLE) 76910 PETIT CAUX,76618,"49.9675,1.2239",Pylône haubané,84m,EDF ou GDF,2023-01-03,SUP,,False,False
1702662,ORANGE,GSM 900,AV LOUISE NADEAU TOUR DE GUET 47420 HOUEILLES,47119,"44.1931,0.0264",Pylône autostable,42m,"SDIS, secours, incendie",2012-08-06,SUP,,False,False
1703648,BOUYGUES TELECOM,UMTS 2100,CHEM RURAL N° 3 (LA PIERRE) 10400 FERREUX QUINCEY,10148,"48.4583,3.6206",Pylône autostable,31m,HIVORY,2016-09-28,SUP,,False,False
1705506,BOUYGUES TELECOM,"LTE 1800, LTE 2100",RUE DES TILLEULS (LES COUS DE CHÈVRES) 86400 CIVRAY,86078,"46.1494,0.2903",Château d'eau - réservoir,"44,2m","Syndicat des eaux, Adduction",2026-07-22,ALL,,False,False
1706178,ORANGE,GSM 900,RTE DE CASSOU (CURSOR) 47480 PONT DU CASSE,47209,"44.2244,0.6886",Pylône autostable,33m,TOTEM,2007-10-30,SUP,,False,False
1707491,SFR,GSM 900,R DU STADE 67810 HOLTZHEIM,67212,"48.5572,7.6364",Pylône tubulaire,31m,ATC FRANCE,2017-07-21,SUP,,False,False
1708086,BOUYGUES TELECOM,UMTS 2100,CHEM DE GRAYE CH D'EAU 52400 BOURBONNE LES BAINS,52060,"47.9539,5.7375",Château d'eau - réservoir,"26,8m","Commune, communauté de communes",2008-08-27,SUP,,False,False
1709839,BOUYGUES TELECOM,UMTS 2100, (LES BELLOIRS) 73100 ST OFFENGE,73263,"45.735,6.0133",Pylône autostable,33m,ATC FRANCE,2009-11-16,SUP,,False,False
1710271,BOUYGUES TELECOM,UMTS 2100,IMP DE CASSEL 59470 HERZEELE,59305,"50.8714,2.5297",Pylône tubulaire,25m,HIVORY,2016-10-14,SUP,,False,False
1710689,BOUYGUES TELECOM,UMTS 2100,C.D N°45 RÉSERVOIR D'EAU (LE REPLAT) 73160 ST JEAN DE COUZ,73246,"45.4647,5.8225",Pylône tubulaire,"26,5m",HIVORY,2016-10-14,SUP,,False,False
1710782,BOUYGUES TELECOM,UMTS 2100,RD N°153 DE PANJAS À AIGNAN (LARROQUE) 32370 STE CHRISTIE D ARMAGNAC,32369,"43.7953,0.0036",Château d'eau - réservoir,"22,6m","Syndicat des eaux, Adduction",2009-01-29,SUP,,False,False
1712762,FREE MOBILE,"LTE 2100, 5G NR 700",QUARTIER SAINT MICHEL 83560 RIANS,83104,"43.6214,5.7486",Pylône tubulaire,"13,8m",ON TOWER FRANCE,2026-07-24,ALL,,False,False
1713527,BOUYGUES TELECOM,UMTS 2100,RUE DES ESSARTS (ESSARTS CLEMENT) 25190 VILLARS SOUS DAMPJOUX,25617,"47.3572,6.7547",Pylône autostable,30m,CELLNEX,2012-11-09,SUP,,False,False
1714453,FREE MOBILE,"LTE 2100, 5G NR 700",RD 24 (LES PÂTURES) 60310 OGNOLLES,60474,"49.6844,2.9136",Château d'eau - réservoir,"27,5m","Syndicat des eaux, Adduction",2026-07-24,ALL,,False,False
1714600,BOUYGUES TELECOM,"LTE 700, LTE 2600", (PUECH NOLIEU) 34460 CESSENON SUR ORB,34074,"43.46,3.0456",Pylône autostable,"18,3m",HIVORY,,AJO,,False,False
1715261,BOUYGUES TELECOM,LTE 700,409 RTE DE ST MARTIN 45240 MENESTREAU EN VILLETTE,45200,"47.7025,2.025",Pylône tubulaire,30m,ATC FRANCE,2026-08-03,AAV,,False,False
1715891,FREE MOBILE,"LTE 2100, 5G NR 700",CHE DU MOULIN BAS (SCHINDKLOPP) 57925 DISTROFF,57179,"49.3336,6.2478",Pylône autostable,"35,4m",HIVORY,2026-07-24,ALL,,False,False
1717306,FREE MOBILE,5G NR 3500,PYLÔNE HERTZIEN (LA GUIBRETIERE) 44310 ST PHILBERT DE GRAND LIEU,44188,"47.0236,-1.6453",Pylône autostable,40m,TOTEM,2026-07-28,ALL,,False,False
1718710,SFR,GSM 900,RUE DE PORT HALIGUEN STADE DES PILOTINS (ROC H PRIOL) 56170 QUIBERON,56186,"47.4825,-3.1131",Pylône tubulaire,26m,HIVORY,2007-07-17,SUP,,False,False
1721587,BOUYGUES TELECOM,"LTE 700, LTE 2100, 5G NR 2100", (LA FONTAINE MITTAY -BOIS DE TH) 89210 BRIENON SUR ARMANCON,89055,"48.0039,3.6453",Pylône autostable,27m,ATC FRANCE,2026-07-23,ALL,,False,False
1724854,SFR,GSM 900, (LES BUCHETS) 25500 LES COMBES,25160,"47.0397,6.5158",Pylône autostable,23m,HIVORY,2004-10-29,SUP,,True,False
1725433,SFR,GSM 900,STATION D'EPURATION R DE LA BÉTAUDIÈRE (LES PETITS MARAIS) 17650 ST DENIS D OLERON,17323,"46.015,-1.38",Pylône tubulaire,33m,HIVORY,2016-06-09,SUP,,False,False
1725440,BOUYGUES TELECOM,LTE 800,PRÈS RD 96 (LE VILLAGE) 70400 COURMONT,70182,"47.6114,6.6303",Pylône autostable,22m,ATC FRANCE,2026-06-18,ART,,False,False
1725739,FREE MOBILE,5G NR 3500,RUE SAINT LAZARE RÉSIDENCE MARTHE LAZARE BÂTIMENT B 59400 CAMBRAI,59122,"50.1792,3.2281",Immeuble,25m,"Copropriété, Syndic, SCI",2026-07-24,ALL,,False,False
1727668,BOUYGUES TELECOM,LTE 2100,RTE DE DONZENAC À THEIL (SALEIX) 19270 DONZENAC,19072,"45.2506,1.5433",Pylône autostable,"45,2m",HIVORY,2026-07-22,ALL,,False,False
1731413,SFR,GSM 900,RTE DE STE MARIE À PY 51600 SOMMEPY TAHURE,51544,"49.2472,4.5531",Pylône tubulaire,"40,5m",HIVORY,2015-12-21,SUP,,False,False
1732490,BOUYGUES TELECOM,LTE 2100, (L'ARBRE ESPIC) 19400 HAUTEFAGE,19091,"45.0869,1.9622",Pylône autostable,27m,HIVORY,2026-07-23,ALL,,False,False
1733797,SFR,GSM 900,PROCHE RUE DES BARRIS (QUARTIER BEAULIEU OUEST) 26300 ALIXAN,26004,"44.9789,4.9892",Pylône autostable,34m,ATC FRANCE,2017-03-31,SUP,,False,False
1734529,SFR,LTE 700,DIT DE VERCEL (PRÉ BELLE) 25800 EPENOY,25219,"47.1467,6.405",Pylône autostable,32m,HIVORY,,SUP,,False,False
1734535,BOUYGUES TELECOM,LTE 700, (CERNEUX TISSOT) 25140 FOURNET BLANCHEROCHE,25255,"47.1717,6.8261",Pylône autostable,"37,3m",HIVORY,,AJO,,False,False
1735358,FREE MOBILE,LTE 2100,CHEM DES TENNIS (LARIS DE PONCHON) 60430 PONCHON,60504,"49.35,2.2031",Pylône autostable,47m,HIVORY,2026-07-28,ALL,,False,False
1735565,BOUYGUES TELECOM,"LTE 2100, 5G NR 2100", (PECH MERLE) 46300 LE VIGAN EN QUERCY,46334,"44.7492,1.4194",Pylône autostable,"35,6m",HIVORY,2026-07-26,ALL,,False,False
1735587,BOUYGUES TELECOM,LTE 2600, (PECH DE NAUDY) 46360 SABADEL LAUZES,46245,"44.5611,1.5922",Pylône autostable,32m,HIVORY,2026-07-24,ALL,,False,False
1736256,SFR,"LTE 700, LTE 2100, 5G NR 2100",129 RTE DE CHATILLON PIECE DU PARC COLIGNY 45220 CHATEAU RENARD,45083,"47.9269,2.9292",Pylône autostable,"38,2m",ATC FRANCE,,AJO,,False,False
1736256,SFR,UMTS 2100,129 RTE DE CHATILLON PIECE DU PARC COLIGNY 45220 CHATEAU RENARD,45083,"47.9269,2.9292",Pylône autostable,"38,2m",ATC FRANCE,2018-09-26,SUP,,False,False
1741869,FREE MOBILE,"LTE 2100, 5G NR 700",TRAVERSE LEO LAGRANGE STADE LOUIS GILLY 83300 DRAGUIGNAN,83050,"43.5397,6.4447",Pylône tubulaire,25m,HIVORY,2026-07-24,ALL,,False,False
1743880,ORANGE,GSM 900,PRÉS D12 (ANCIENNE DÉCHETTERIE) 09340 VERNIOLLE,09332,"43.0844,1.6597",Pylône autostable,30m,TOTEM,2012-02-19,SUP,,False,False
1745090,FREE MOBILE,"LTE 2100, 5G NR 700",VOIE COMMUNALE N°12 (CHEZ SAVARY) 17240 BOIS,17050,"45.4631,-0.6131",Pylône autostable,40m,TOTEM,2026-07-28,ALL,,False,False
1747547,ORANGE,GSM 900,VOIE DE LA ZONE ARTISANALE PRÈS D.931 (BELLEVUE) 32330 GONDRIN,32149,"43.8944,0.2439",Pylône autostable,"32,5m",TOTEM,2007-08-24,SUP,,False,False
1750310,FREE MOBILE,"LTE 2100, 5G NR 700",16 R DU CÔTEAU (FONTRABLE) 86370 CHATEAU LARCHER,86065,"46.4258,0.2728",Pylône autostable,31m,TOTEM,2026-07-24,ALL,,False,False
1751269,ORANGE,"LTE 700, LTE 1800, 5G NR 2100",N22 LA CROISADE (BAC DE LA LLATA) 66760 PORTE PUYMORENS,66147,"42.5639,1.7817",Pylône tubulaire,12m,TOTEM,,AJO,,False,False
1751269,ORANGE,LTE 2100,N22 LA CROISADE (BAC DE LA LLATA) 66760 PORTE PUYMORENS,66147,"42.5639,1.7817",Pylône tubulaire,12m,TOTEM,2021-05-19,SUP,,False,False
1752765,FREE MOBILE,"LTE 2100, 5G NR 700",CHEMIN RURAL N°4 (LA GRANDE BROSSE) 41700 CHEMERY,41049,"47.3817,1.4733",Pylône autostable,39m,ATC FRANCE,2026-07-24,ALL,,False,False
1754153,SFR,GSM 900,ANCIENNE STATION D'EPURATION (LES AGULIERS ET PAROUZEL) 30129 MANDUEL,30155,"43.8228,4.4706",Pylône autostable,"22,8m",HIVORY,2006-10-30,SUP,,False,False
1755139,ORANGE,GSM 900,RUE DES LANDES 31830 PLAISANCE DU TOUCH,31424,"43.5619,1.2703",Pylône tubulaire,30m,TOTEM,2014-09-10,SUP,,False,False
1755250,FREE MOBILE,5G NR 3500,6 RUE WATT 85000 LA ROCHE SUR YON,85191,"46.6425,-1.415",Pylône autostable,30m,TOTEM,2026-07-24,ALL,,False,False
1755731,ORANGE,GSM 900,ZA MONTS ET VALLÉES DE L'ADOUR PRÉS D935 (JANMOUNTET) 32400 ST GERME,32378,"43.6825,-0.1503",Pylône autostable,"27,8m",TOTEM,2009-05-28,SUP,,False,False
1761129,SFR,"LTE 700, LTE 2600",CHATEAU D'EAU (TY NEVEZ) 29830 PLOUGUIN,29196,"48.525,-4.6061",Château d'eau - réservoir,"39,5m","Syndicat des eaux, Adduction",,AJO,,False,False
1762728,FREE MOBILE,"LTE 2100, 5G NR 700", (LASSALLE) 32150 CAZAUBON,32096,"43.8964,-0.0047",Pylône autostable,"31,1m",HIVORY,2026-07-24,ALL,,False,False
1766820,BOUYGUES TELECOM,LTE 2100, (LES TOURETTES) 12150 SEVERAC D AVEYRON,12270,"44.2753,3.0828",Pylône autostable,"50,9m",HIVORY,2026-07-22,ALL,,False,False
1766854,ORANGE,GSM 900, (LE POUTGE) 65700 SOUBLECAUSE,65432,"43.5306,-0.0328",Château d'eau - réservoir,32m,"Syndicat des eaux, Adduction",1998-11-13,SUP,,False,False
1770407,ORANGE,GSM 900,CHÂTEAU D'EAU (PICOU) 65700 CASTELNAU RIVIERE BASSE,65130,"43.5744,-0.0428",Château d'eau - réservoir,28m,"Syndicat des eaux, Adduction",2012-03-31,SUP,,False,False
1770439,ORANGE,GSM 900,VOIE COMMUNALE N°1 (LA POINTE) 32120 LABRIHE,32173,"43.7633,0.8811",Pylône autostable,33m,TOTEM,1998-08-20,SUP,,False,False
1770707,BOUYGUES TELECOM,"LTE 700, LTE 2600, 5G NR 3500",RD 13 (TERRE DES GRANGES) 69620 LEGNY,69111,"45.9072,4.5689",Pylône autostable,35m,HIVORY,,AJO,,False,False
1773171,ORANGE,GSM 900,19 RUE DU CHÂTEAU D'EAU 31430 LE FOUSSERET,31193,"43.285,1.0692",Pylône autostable,"26,7m",TOTEM,2017-08-17,SUP,,False,False
1774602,ORANGE,GSM 900,"7, CHEMIN DES SILOS 31500 TOULOUSE",31555,"43.5572,1.4186",Pylône autostable,25m,TOTEM,2017-08-10,SUP,,False,False
1774984,ORANGE,GSM 900,CHEMIN DE LA PALE (LES MAILLICHES) 09140 SEIX,09285,"42.7961,1.1853",Pylône autostable,24m,ORANGE,2006-01-18,SUP,,True,False
1775580,BOUYGUES TELECOM,"GSM 1800, UMTS 2100, LTE 1800",13 RUE SAINTE CLAIRE 74960 ANNECY,74010,"45.8983,6.125",Bâtiment,16m,"Copropriété, Syndic, SCI",2017-12-21,SUP,,False,False
1776481,FREE MOBILE,"LTE 2100, 5G NR 700", (VILLEPOUPIN) 41100 VILLIERS SUR LOIR,41294,"47.795,1.0006",Pylône autostable,"17,5m",ATC FRANCE,2026-07-28,ALL,,False,False
1780303,ORANGE,GSM 900, (LA GRAVE) 31750 ESCALQUENS,31169,"43.5089,1.5531",Pylône autostable,28m,TOTEM,1997-09-26,SUP,,False,False
1782961,ORANGE,GSM 900,R DU STADE RENÉ FERRÉ (CAMON - LABARRE) 09000 VERNAJOUL,09329,"42.9944,1.6122",Pylône tubulaire,42m,TOTEM,2009-05-13,SUP,,False,False
1783021,BOUYGUES TELECOM,,STATION AURIS OISANS (LES BOUCHERES ET LES COTES) 38142 AURIS,38020,"45.0603,6.0758",Pylône autostable,"20,8m",ATC FRANCE,2023-10-25,CHA,LES BOUCHERES ET LES COTES,False,False
1783021,FREE MOBILE,,STATION AURIS OISANS (LES BOUCHERES ET LES COTES) 38142 AURIS,38020,"45.0603,6.0758",Pylône autostable,"20,8m",ATC FRANCE,2019-09-10,CHA,LES BOUCHERES ET LES COTES,False,False
1783021,SFR,,STATION AURIS OISANS (LES BOUCHERES ET LES COTES) 38142 AURIS,38020,"45.0603,6.0758",Pylône autostable,"20,8m",ATC FRANCE,2023-10-13,CHA,LES BOUCHERES ET LES COTES,False,False
1784215,ORANGE,GSM 900,CHEM FORESTIER DE LA COUME (LA COUME) 09800 BORDES UCHENTEIN,09062,"42.9025,1.0247",Pylône autostable,18m,"Commune, communauté de communes",2006-05-06,SUP,,True,False
1784369,ORANGE,GSM 900,TOUR DE BIROS (COL DE MARTY) 09800 ANTRAS,09011,"42.8736,0.9372",Pylône autostable,20m,TDF,2005-06-11,SUP,,True,False
1786152,ORANGE,LTE 1800,CHEMIN DU DEVES (LES CONDAMINES) 26770 TAULIGNAN,26348,"44.4558,4.9944",Pylône autostable,17m,TDF,,AJO,,True,False
1786152,SFR,LTE 1800,CHEMIN DU DEVES (LES CONDAMINES) 26770 TAULIGNAN,26348,"44.4558,4.9944",Pylône autostable,17m,TDF,,AJO,,True,False
1787623,ORANGE,GSM 900,117-119 R DU FAUBOURG BONNEFOY 31500 TOULOUSE,31555,"43.6206,1.4575",Immeuble,30m,"Copropriété, Syndic, SCI",2017-11-27,SUP,,False,False
1791433,ORANGE,GSM 900, (LES TOUTOUS) 09220 AUZAT,09030,"42.7194,1.4469",Bâtiment,8m,ORANGE,2012-10-11,SUP,,True,False
1792789,FREE MOBILE,"LTE 2100, 5G NR 700",N 134 (LE ROND) 40090 UCHACQ ET PARENTIS,40320,"43.9536,-0.5864",Pylône autostable,36m,TOTEM,2026-07-24,ALL,,False,False
1793572,SFR,GSM 900,LE PETIT LEVAT (GARRIGUE HAUTE NORD) 11210 PORT LA NOUVELLE,11266,"43.0106,3.0333",Pylône autostable,14m,CELLNEX,2017-12-04,SUP,,False,False
1798849,ORANGE,GSM 900, (BARRY D'EN HAUT) 09500 ST QUENTIN LA TOUR,09274,"43.0353,1.8942",Pylône autostable,39m,TOTEM,1997-07-11,SUP,,False,False
1799921,ORANGE,LTE 700,D 40 (LE CHAUSSET) 43320 FIX ST GENEYS,43095,"45.1481,3.6692",Pylône autostable,33m,TOTEM,2026-07-30,ALL,,False,False
1800319,ORANGE,"5G NR 700, 5G NR 3500",1 R LUCIEN ET SACHA GUITRY 75020 PARIS 20,75120,"48.8481,2.4039",Immeuble,30m,Société HLM,,AJO,,False,False
1800599,BOUYGUES TELECOM,LTE 2100, (LA MONTAGNETTE) 46100 FAYCELLES,46100,"44.5756,2.0017",Pylône autostable,34m,ATC FRANCE,,AJO,,False,False
1801034,ORANGE,LTE 700,ROUTE DE BÉZUT (LA SALLELE) 30700 BARON,30030,"44.0572,4.2717",Pylône autostable,24m,SFR,2026-07-27,ALL,,False,False
1801089,ORANGE,GSM 900,RN124 CHEM RURAL DIT DE GISCARO (AU PETIT SAVES) 32490 MONFERRAN SAVES,32268,"43.6081,0.9603",Pylône autostable,30m,TOTEM,2004-11-13,SUP,,False,False
1806130,ORANGE,GSM 900,CHEMIN DE LA CABIROLE À BREIGNE (LE SARRAT) 09000 LE BOSC,09063,"42.9406,1.4608",Pylône autostable,14m,TDF,2006-01-06,SUP,,True,False
1808244,SFR,GSM 900,PRÈS TERRAIN DE SPORT (LES TERRES DU MONTS) 71530 CRISSEY,71154,"46.8147,4.8978",Pylône autostable,"29,5m",HIVORY,2013-01-31,SUP,,False,False
1809392,ORANGE,GSM 900,D59 - RN20 (MALAUDIES) 46230 MONTDOUMERC,46202,"44.2972,1.4719",Pylône autostable,39m,TOTEM,2006-06-24,SUP,,False,False
1810630,BOUYGUES TELECOM,LTE 700, (ENVERS DE PY FROID) 69510 YZERON,69269,"45.7042,4.5961",Pylône autostable,34m,ATC FRANCE,2026-07-23,ALL,,False,False
1810676,SFR,GSM 900,R DE L'INDUSTRIE ZONE D'ACTIVITÉ DU RIED 67840 KILSTETT,67237,"48.6794,7.8411",Pylône autostable,40m,HIVORY,1997-07-17,SUP,,False,False
1811433,SFR,GSM 900,9 R GASPARD MONGE BÉTON REDLAND SOCIÉTÉ AXIMA 13280 ARLES,13004,"43.6647,4.6264",Pylône autostable,28m,HIVORY,2000-11-22,SUP,,False,False
1811480,ORANGE,GSM 900,D.513 (EN CHARROULES) 32270 AUBIET,32012,"43.6408,0.7983",Pylône autostable,24m,TOTEM,2010-12-06,SUP,,False,False
1812220,BOUYGUES TELECOM,LTE 2100, (BOIS DES HAUTES TERRES) 27370 LE THUIT DE L OISON,27638,"49.2456,0.9247",Château d'eau - réservoir,"50,7m","Syndicat des eaux, Adduction",,SUP,,False,False
1812903,SFR,GSM 900,CAPITAINERIE (CARYATIDES) 83600 FREJUS,83061,"43.4214,6.7492",Bâtiment,14m,"Copropriété, Syndic, SCI",2001-04-04,SUP,,False,False
1815699,SFR,GSM 900,HLM COLETTO (PAS DE GRIMAUD) 83310 COGOLIN,83042,"43.2553,6.5356",Bâtiment,"19,6m",Société HLM,1998-06-19,SUP,,False,False
1815773,BOUYGUES TELECOM,, (LA TREMBLAIE) 41190 HERBAULT,41101,"47.6047,1.1294",Pylône autostable,"30,6m",ATC FRANCE,2024-12-17,CHH,30m,False,False
1815773,SFR,, (LA TREMBLAIE) 41190 HERBAULT,41101,"47.6047,1.1294",Pylône autostable,"30,6m",ATC FRANCE,2024-12-18,CHH,30m,False,False
1816905,SFR,GSM 900,RN 113 - DIRECTION CARCASSONNE RÉSERVOIR DE LA MOULINASSE (LA MOULINASSE) 11170 PEZENS,11288,"43.2531,2.2764",Pylône autostable,25m,HIVORY,1997-08-18,SUP,,False,False
1821393,ORANGE,GSM 900,1 ALL PAUL GAUGUIN PL CLAUDE MONNET RES NONCESSE 31130 BALMA,31044,"43.5958,1.5064",Immeuble,30m,Société HLM,1997-01-17,SUP,,False,False
1822514,FREE MOBILE,5G NR 700,AV DES SPORTS (LA PARÉE NOTRE DAME) 85690 NOTRE DAME DE MONTS,85164,"46.8278,-2.1372",Pylône autostable,23m,ATC FRANCE,2026-07-24,ALL,,False,False
1823801,FREE MOBILE,LTE 900,25 R DU 19 MARS 1962 (LA TUILERIE) 71160 LA MOTTE ST JEAN,71325,"46.5,3.9675",Pylône autostable,30m,HIVORY,2026-07-24,ALL,,False,True
1825023,SFR,GSM 900, (LE PETIT ETRICHÉ) 53170 BAZOUGERS,53025,"48.0456,-0.5783",Pylône autostable,"30,5m",TDF,2018-02-21,SUP,,False,False
1825063,SFR,GSM 900,CHEMIN DE ROSIÈRE CARRIÈRE (ROSIÈRE) 71320 TOULON SUR ARROUX,71542,"46.6881,4.1317",Pylône autostable,30m,HIVORY,2001-08-13,SUP,,True,False
1828751,SFR,GSM 900,D 22 LGV-BPL (LA BIGOTIÈRE) 72540 CRANNES EN CHAMPAGNE,72107,"47.9667,-0.0411",Pylône autostable,32m,TDF,2018-03-02,SUP,,False,False
1830372,SFR,GSM 900, (GUEDRAY) 72460 SAVIGNE L EVEQUE,72329,"48.0992,0.2736",Pylône autostable,"30,5m",TDF,2018-03-16,SUP,,False,False
1830380,ORANGE,"LTE 2600, 5G NR 2100", (L'ETINIÈRE) 72430 CHANTENAY VILLEDIEU,72059,"47.9136,-0.1917",Pylône autostable,"30,4m",TDF,2026-07-23,ALL,,False,False
1834498,SFR,GSM 900,"2, R ARISTIDE BRIAND RÉSIDENCE FLEURIE - LA TOUR 18 01000 BOURG EN BRESSE",01053,"46.2103,5.2253",Immeuble,50m,"Copropriété, Syndic, SCI",1999-03-18,SUP,,False,False
1836949,ORANGE,GSM 900,"35, CHEMIN DE NICOL R WILLIAM ET CATHERINE BOOTH (MICHOUN) 31500 TOULOUSE",31555,"43.6281,1.4719",Immeuble,"18,7m","Copropriété, Syndic, SCI",2013-07-12,SUP,,False,False
1843701,SFR,"LTE 700, 5G NR 2100",4 RUE CARNOT 30600 VAUVERT,30341,"43.6922,4.2772",Immeuble,"15,9m","Copropriété, Syndic, SCI",2026-07-22,ALL,,False,False
1844606,ORANGE,GSM 900,CHEMIN DE SIDALOS (AUZON ET HAURE) 65100 LES ANGLES,65011,"43.0906,-0.0039",Pylône autostable,24m,TOTEM,2001-10-12,SUP,,False,False
1847669,SFR,GSM 900,243 RUE JULIAN GRIMAUD 94400 VITRY SUR SEINE,94081,"48.7831,2.3717",Pylône autostable,"24,5m",HIVORY,2000-01-10,SUP,,False,False
1853691,SFR,GSM 900,22 BOULEVARD GAMBETTA (LA COUPOLE DES HALLES) 30900 NIMES,30189,"43.8394,4.3583",Bâtiment,29m,"Copropriété, Syndic, SCI",2017-07-13,SUP,,False,False
1855682,BOUYGUES TELECOM,LTE 2600, (LE BANQUET) 81330 VABRE,81305,"43.6861,2.4108",Pylône autostable,27m,HIVORY,2026-07-26,ALL,,False,False
1857344,BOUYGUES TELECOM,LTE 2100,21 RUE PRINCIPALE EGLISE EGLISE 90110 ST GERMAIN LE CHATELET,90091,"47.6994,6.9589",Monument religieux,39m,SFR,2026-07-29,ALL,,False,False
1862579,BOUYGUES TELECOM,LTE 700, (KER ARHANT) 22450 COATREVEN,22042,"48.7575,-3.3256",Pylône autostable,32m,HIVORY,2026-07-23,ALL,,False,False
1862595,SFR,GSM 900,CHEMIN DES JOUAZIÈRES (LES BESLIÈRES) 72450 LOMBRON,72165,"48.0639,0.4272",Pylône autostable,"30,5m",TDF,2018-03-02,SUP,,False,False
1869750,ORANGE,LTE 700,R NEUVE CHEM RURAL N°1 (LE CHAPERON) 80240 LIERAMONT,80475,"49.9944,3.0447",Pylône autostable,32m,TOTEM,2026-07-30,ALL,,False,False
1872351,FREE MOBILE,5G NR 700,538 R DE L'INDUSTRIE ZI OUEST LA GRANDE ILES GARAGE MERCEDES 74300 MAGLAND,74159,"46.0144,6.6219",Pylône tubulaire,"22,3m",TOTEM,2026-07-28,ALL,,False,False
1873405,PMT-VODAFONE,5G NR 3500,PK14.8 EST (PAPENOO:FAARIPO) 98708 HITIAA O TE RA,98722,"-17.5089,-149.4472",Pylône arbre,25m,Pacific Mobile Telecom,,AJO,,False,False
1874354,SFR,GSM 900,LE PRÉ DES NOÈS (L'AUBOURGÈRE) 35113 DOMAGNE,35096,"48.0639,-1.4189",Pylône autostable,"32,5m",TDF,2018-03-02,SUP,,False,False
1877538,SFR,GSM 900, (LES BAS GADOIS) 72380 JOUE L ABBE,72150,"48.0986,0.2169",Pylône autostable,30m,TDF,2018-03-02,SUP,,False,False
1878774,SFR,GSM 900,75 R DENFERT ROCHEREAU 47000 AGEN,47001,"44.2006,0.6292",Immeuble,19m,"Copropriété, Syndic, SCI",2004-07-26,SUP,,False,False
1880987,ORANGE,GSM 900,BOIS DE LA MOLE (PRÉ BEDIAU) 09160 MAUVEZIN DE PRAT,09183,"43.0336,0.9953",Pylône tubulaire,36m,TOTEM,1997-08-30,SUP,,True,False
1881382,SFR,GSM 900,RTE DE LA CROISETTE IMM EDELWEISS 38410 CHAMROUSSE,38567,"45.1161,5.8775",Immeuble,20m,"Copropriété, Syndic, SCI",2001-10-16,SUP,,False,False
1881878,BOUYGUES TELECOM,"LTE 700, 5G NR 3500",36 R CAMILLE ROY 69007 LYON 07,69387,"45.7453,4.8478",Immeuble,"26,1m","Copropriété, Syndic, SCI",2026-07-23,ALL,,False,False
1881989,ORANGE,LTE 800,122 R ANDRE JACQUES PARKING FALAISE 73000 CHAMBERY,73065,"45.5622,5.9261",Bâtiment,23m,Société Privée,,AJO,,False,False
1884177,ORANGE,5G NR 2100,ROUTE DE FONCOUVERT (MONT PENSARD) 38570 GONCELIN,38181,"45.3464,5.9867",Pylône autostable,29m,HIVORY,,AJO,,False,False
1889283,SFR,GSM 900,6 R DE LA MONNAIE 30900 NIMES,30189,"43.8358,4.3578",Immeuble,15m,Particulier,1997-09-19,SUP,,False,False
1889298,ORANGE,GSM 900,42 BOULEVARD DU MARTINET LE MOZART 65000 TARBES,65440,"43.2358,0.0836",Bâtiment,29m,"Copropriété, Syndic, SCI",2013-09-24,SUP,,False,False
1889697,ORANGE,GSM 900,BARRAVES 82240 SEPTFONDS,82179,"44.1789,1.6339",Pylône autostable,32m,TOTEM,1997-12-11,SUP,,False,False
1890863,ORANGE,GSM 900,CHEMIN DE LAS CARTOUNADOS 31840 AUSSONNE,31032,"43.6917,1.3061",Pylône autostable,23m,TOTEM,2018-02-12,SUP,,False,False
1892226,ORANGE,5G NR 2100, (LE CHAMP D'EU) 35410 CHATEAUGIRON,35069,"48.0625,-1.4628",Pylône autostable,"32,5m",TDF,2026-07-21,ALL,,False,False
1892226,SFR,GSM 900, (LE CHAMP D'EU) 35410 CHATEAUGIRON,35069,"48.0625,-1.4628",Pylône autostable,"32,5m",TDF,2018-03-02,SUP,,False,False
1895360,ORANGE,GSM 900,46 BD DE STRASBOURG (METRO JEANNE D'ARC) 31500 TOULOUSE,31555,"43.6092,1.4456",Intérieur sous-terrain,0m,Société Privée,2017-11-10,SUP,,False,False
1895452,SFR,GSM 900, (BEAU VALLON) 30390 ARAMON,30012,"43.9189,4.6622",Pylône autostable,14m,HIVORY,2007-12-12,SUP,,False,False
1896102,ORANGE,GSM 900,SEIGNAUX (LA HIÉRASSE) 09000 MONTOULIEU,09210,"42.8997,1.6247",Pylône autostable,24m,TOTEM,1997-10-10,SUP,,False,False
1906103,ORANGE,GSM 900,3 R GEORGES BERNANOS (METRO BELLEFONTAINE) 31500 TOULOUSE,31555,"43.5656,1.3972",Intérieur sous-terrain,1m,Société Privée,2017-11-10,SUP,,False,False
1906109,ORANGE,GSM 900,4 PLACE AGAPITO NADAL (METRO ARENES) 31500 TOULOUSE,31555,"43.5933,1.4189",Intérieur sous-terrain,1m,Société Privée,2017-11-10,SUP,,False,False
1906546,ORANGE,GSM 900,RUE DE SAINT JEAN ROUTE DE LAVAUR (METRO BALMA GRAMONT) 31130 BALMA,31044,"43.6289,1.4822",Intérieur sous-terrain,0m,Société Privée,2017-11-10,SUP,,False,False
1906570,ORANGE,GSM 900,5 RUE DE GAILLAC (METRO ARGOULETS) 31500 TOULOUSE,31555,"43.6242,1.4767",Intérieur sous-terrain,1m,Société Privée,2017-11-10,SUP,,False,False
1906580,ORANGE,GSM 900,10 RUE DU POIDS DE L'HUILE (METRO CAPITOLE) 31500 TOULOUSE,31555,"43.6042,1.445",Intérieur sous-terrain,1m,Société Privée,2017-11-10,SUP,,False,False
1906587,ORANGE,GSM 900,29 RUE DE L'UKRAINE (METRO BAGATELLE) 31500 TOULOUSE,31555,"43.5797,1.4125",Intérieur sous-terrain,1m,Société Privée,2017-11-10,SUP,,False,False
1906594,ORANGE,GSM 900,4 RUE DE LA MEURTHE (METRO FONTAINE LESTANG) 31500 TOULOUSE,31555,"43.5875,1.4183",Intérieur sous-terrain,1m,Société Privée,2017-11-10,SUP,,False,False
1906621,ORANGE,GSM 900,1 PLACE DE LA TRINITÉ (METRO ESQUIROL) 31500 TOULOUSE,31555,"43.6,1.4439",Intérieur sous-terrain,1m,Société Privée,2017-11-10,SUP,,False,False
1906627,ORANGE,GSM 900,169 RUE HENRI DESBALS (METRO MERMOZ) 31500 TOULOUSE,31555,"43.5836,1.415",Intérieur sous-terrain,1m,Société Privée,2017-11-10,SUP,,False,False
1906636,ORANGE,GSM 900,8 IMPASSE DU PROF NOUGAYROL (METRO MIRAIL UNIVERSITE) 31500 TOULOUSE,31555,"43.575,1.4025",Intérieur sous-terrain,1m,Société Privée,2017-11-10,SUP,,False,False
1906642,ORANGE,GSM 900,4 PLACE DE LA PATTE D'OIE (METRO PATTE D'OIE) 31500 TOULOUSE,31555,"43.5967,1.4231",Intérieur sous-terrain,1m,Société Privée,2017-11-10,SUP,,False,False
1906651,ORANGE,GSM 900,177 AVENUE DES MINIMES (METRO BARRIERE DE PARIS) 31500 TOULOUSE,31555,"43.6267,1.4336",Intérieur sous-terrain,1m,Société Privée,2017-11-10,SUP,,False,False
1906651,SFR,LTE 2600,177 AVENUE DES MINIMES (METRO BARRIERE DE PARIS) 31500 TOULOUSE,31555,"43.6267,1.4336",Intérieur sous-terrain,1m,Société Privée,2024-08-19,ART,,False,False
1906657,ORANGE,GSM 900,21 BD DE L'EMBOUCHURE (METRO CANAL DU MIDI) 31500 TOULOUSE,31555,"43.6156,1.4344",Intérieur sous-terrain,1m,Société Privée,2017-11-10,SUP,,False,False
1906663,ORANGE,GSM 900,95 RUE BONNAT (METRO SAOUZELONG) 31500 TOULOUSE,31555,"43.58,1.4592",Intérieur sous-terrain,1m,Société Privée,2017-11-10,SUP,,False,False
1906672,ORANGE,GSM 900,18 R ST-MICHEL (METRO ST MICHEL-MARCEL-LANGER) 31500 TOULOUSE,31555,"43.5861,1.4475",Intérieur sous-terrain,1m,Société Privée,2017-11-10,SUP,,False,False
1907306,ORANGE,GSM 900,2 AVENUE FLORA TRISTAN (METRO RAMONVILLE) 31520 RAMONVILLE ST AGNE,31446,"43.5558,1.4767",Intérieur sous-terrain,1m,Société Privée,2017-11-10,SUP,,False,False
1907313,ORANGE,GSM 900,56 B AV DE L'URSS (METRO ST-AGNE SNCF) 31500 TOULOUSE,31555,"43.5803,1.4497",Intérieur sous-terrain,1m,Société Privée,2017-11-10,SUP,,False,False
1907329,ORANGE,GSM 900,7 RUE RENÉ LEDUC (METRO MARENGO-SNCF) 31500 TOULOUSE,31555,"43.6106,1.4558",Intérieur sous-terrain,1m,Société Privée,2017-11-10,SUP,,False,False
1907340,SFR,GSM 900,2  AV HENRI SELLIER IMM ESSONNE HABITAT 91130 RIS ORANGIS,91521,"48.6475,2.4047",Immeuble,49m,Société HLM,2002-02-01,SUP,,False,False
1907346,ORANGE,GSM 900,17 AVENUE WINSTON CHURCHILL (METRO REYNERIE) 31500 TOULOUSE,31555,"43.5717,1.4022",Intérieur sous-terrain,1m,Société Privée,2017-11-10,SUP,,False,False
1907355,ORANGE,GSM 900,PLACE CARRÉ DE LA MAOURINE (METRO BORDEROUGE) 31500 TOULOUSE,31555,"43.6406,1.4528",Intérieur sous-terrain,1m,Société Privée,2017-11-10,SUP,,False,False
1907362,ORANGE,GSM 900,2 RUE OZENNE (METRO CARMES) 31500 TOULOUSE,31555,"43.5975,1.4458",Intérieur sous-terrain,1m,Société Privée,2017-11-10,SUP,,False,False
1907371,ORANGE,GSM 900,40 R DE VENISE (METRO EMPALOT) 31500 TOULOUSE,31555,"43.5797,1.4419",Intérieur sous-terrain,1m,Société Privée,2017-11-10,SUP,,False,False
1907381,ORANGE,GSM 900,2 BD LAZARE-CARNOT (METRO FRANCOIS-VERDIER) 31500 TOULOUSE,31555,"43.6006,1.4519",Intérieur sous-terrain,1m,Société Privée,2017-11-10,SUP,,False,False
1907399,ORANGE,GSM 900,8 ESPLANADE COMPANS CAFFARELLI (METRO COMPANS-CAFFARELLI) 31500 TOULOUSE,31555,"43.6106,1.4347",Intérieur sous-terrain,1m,Société Privée,2017-11-10,SUP,,False,False
1907416,ORANGE,GSM 900,18 ALL JEAN JAURÈS (METRO JEAN JAURES) 31500 TOULOUSE,31555,"43.6056,1.4486",Intérieur sous-terrain,1m,Société Privée,2017-11-10,SUP,,False,False
1907423,ORANGE,GSM 900,1 R MARGUERITE DURAS (METRO LA VACHE) 31500 TOULOUSE,31555,"43.6339,1.4361",Intérieur sous-terrain,1m,Société Privée,2017-11-10,SUP,,False,False
1907429,ORANGE,GSM 900,12 PL LAFOURCADE (METRO PALAIS DE JUSTICE) 31500 TOULOUSE,31555,"43.5922,1.4447",Intérieur sous-terrain,1m,Société Privée,2017-11-10,SUP,,False,False
1907439,ORANGE,GSM 900,35 CHEM DES MARAÎCHERS (METRO FACULTE DE PHARMACIE) 31500 TOULOUSE,31555,"43.5681,1.4644",Intérieur sous-terrain,1m,Société Privée,2017-11-10,SUP,,False,False
1907445,ORANGE,GSM 900,120 ROUTE DE NARBONNE (METRO UNIVERSITE PAUL SABATIE) 31500 TOULOUSE,31555,"43.5608,1.4631",Intérieur sous-terrain,1m,Société Privée,2017-11-10,SUP,,False,False
1907455,ORANGE,GSM 900,88 AV DES MINIMES (METRO MINIMES CLAUDE NOUGARO) 31500 TOULOUSE,31555,"43.6203,1.4358",Intérieur sous-terrain,1m,Société Privée,2017-11-10,SUP,,False,False
1907462,ORANGE,GSM 900,21 R EMILE GUYOU (METRO RANGUEIL) 31500 TOULOUSE,31555,"43.5747,1.4617",Intérieur sous-terrain,1m,Société Privée,2017-11-10,SUP,,False,False
1907471,BOUYGUES TELECOM,LTE 700,LA BOURBONNAISE A79 (LA DIENNE) 03470 PIERREFITTE SUR LOIRE,03207,"46.495,3.7953",Pylône autostable,31m,TDF,,AJO,,False,False
1907475,ORANGE,GSM 900,"6 BIS, AVENUE DU PARC (METRO ROSERAIE) 31500 TOULOUSE",31555,"43.62,1.4697",Intérieur sous-terrain,1m,Société Privée,2017-11-10,SUP,,False,False
1907482,ORANGE,GSM 900,13 PLACE INTÉRIEURE ST CYPRIEN (METRO ST CYPRIEN) 31500 TOULOUSE,31555,"43.5981,1.4317",Intérieur sous-terrain,1m,Société Privée,2017-11-10,SUP,,False,False
1907488,ORANGE,GSM 900,18 CHEM DES IZARDS (METRO TROIS COCUS) 31500 TOULOUSE,31555,"43.6378,1.4442",Intérieur sous-terrain,1m,Société Privée,2017-11-10,SUP,,False,False
1907844,ORANGE,GSM 900,11 AVENUE LÉON BLUM (METRO JOLIMONT) 31500 TOULOUSE,31555,"43.615,1.4631",Intérieur sous-terrain,0m,Société Privée,2017-11-10,SUP,,False,False
1908125,FREE MOBILE,LTE 2100,AU GRAND BARRAIL (LE PALANAT) 33185 LE HAILLAN,33200,"44.8481,-0.7158",Pylône tubulaire,"31,5m",ON TOWER FRANCE,2026-07-24,ALL,,False,False
1911790,ORANGE,GSM 900,RUE DES ERABLES PARKING DU CIMETIERE GRANON 47200 MARMANDE,47157,"44.495,0.1742",Pylône tubulaire,"26,5m",TOTEM,2005-03-26,SUP,,False,False
1911908,ORANGE,GSM 900, (STÉPHANO) 82110 ST AMANS DE PELLAGAL,82154,"44.2278,1.1281",Pylône autostable,"39,3m",TOTEM,2007-08-27,SUP,,False,False
1936973,ORANGE,GSM 900,LES PLAINES (MAS DE SOUNAT) 46150 CRAYSSAC,46080,"44.5125,1.3433",Pylône autostable,"36,9m",TDF,1998-04-03,SUP,,False,False
1937789,ORANGE,GSM 900,CHEMIN DES MURES STATION DE POMPAGE (RAMES) 47310 ROQUEFORT,47225,"44.1819,0.56",Pylône autostable,24m,TOTEM,1997-06-06,SUP,,False,False
1942045,SFR,LTE 2600, (LES PLATRIÈRES) 84190 GIGONDAS,84049,"44.1478,5.0044",Pylône haubané,22m,SFR,2026-07-22,ALL,,False,False
1944277,SFR,GSM 900,2 ALLEE PIERRE CORNEILLE 95400 VILLIERS LE BEL,95680,"49.0003,2.4133",Immeuble,"36,8m",Particulier,2016-02-01,SUP,,False,False
1944782,SFR,GSM 900,36 R RENOIR 44600 ST NAZAIRE,44184,"47.2906,-2.2194",Immeuble,28m,Société HLM,1999-12-21,SUP,,False,False
1944879,FREE MOBILE,"LTE 2100, 5G NR 3500",4 RUE DE LA DENISIÈRE 72300 SOLESMES,72336,"47.8331,-0.3011",Pylône autostable,"35,4m",TOTEM,2026-07-24,ALL,,False,False
1948425,FREE MOBILE,"LTE 2100, 5G NR 700",6 BOULEVARD LÉON BUREAU 44300 NANTES,44109,"47.2047,-1.5631",Bâtiment,31m,"Commune, communauté de communes",2026-07-24,ALL,,False,False
1950435,SFR,GSM 900,17 R CLÉRISSEAU 30900 NIMES,30189,"43.8414,4.3586",Immeuble,20m,"Copropriété, Syndic, SCI",2009-05-01,SUP,,False,False
1951582,SFR,GSM 900,9  RUE SAINTE BARBE 71400 AUTUN,71014,"46.9439,4.3006",Immeuble,21m,Société Privée,2018-11-16,SUP,,False,False
1955172,ORANGE,LTE 1800,ROUTE DE BERNIERES 76210 ROUVILLE,76543,"49.6142,0.4936",Château d'eau - réservoir,65m,"Commune, communauté de communes",2026-07-21,ALL,,False,False
1962308,ORANGE,"LTE 700, LTE 1800, 5G NR 2100", (THÉRON) 40190 ST GEIN,40259,"43.8475,-0.3086",Pylône autostable,39m,TOTEM,,AJO,,False,False
1962308,ORANGE,LTE 2100, (THÉRON) 40190 ST GEIN,40259,"43.8475,-0.3086",Pylône autostable,39m,TOTEM,2022-09-01,SUP,,False,False
1966313,FREE MOBILE,"LTE 900, LTE 1800, LTE 2100, LTE 2600, 5G NR 3500",18/22 RUE JEAN JAURES 29200 BREST,29019,"48.3919,-4.4836",Bâtiment,28m,"Copropriété, Syndic, SCI",2026-07-24,ALL,,False,False
1969590,ORANGE,GSM 900,CHEMIN DE LA PUJADE (ARGELES) 65220 LUBY BETMONT,65289,"43.3014,0.2872",Pylône autostable,30m,TOTEM,1998-02-13,SUP,,False,False
1973605,FREE MOBILE,"LTE 2100, 5G NR 700",IMPASSE DE LA GARE (LA GRANDE PALISSE) 17600 ST ROMAIN DE BENET,17393,"45.6856,-0.8361",Pylône autostable,32m,TOTEM,2026-07-28,ALL,,False,False
1983435,FREE MOBILE,5G NR 700,R DES ANCIENS COMBATTANTS 85340 LES SABLES D OLONNE,85194,"46.5022,-1.7378",Pylône tubulaire,27m,TOTEM,2026-07-24,ALL,,False,False
1987289,ORANGE,GSM 900,4 RUE CAULET 31500 TOULOUSE,31555,"43.6056,1.3539",Pylône tubulaire,"25,5m",TOTEM,2021-06-15,SUP,,False,False
1987293,ORANGE,GSM 900,CHEM V.O. N17 DIT DU FONTANAL (FONTANAL) 31810 VERNET,31574,"43.4278,1.4144",Pylône autostable,30m,TOTEM,2012-01-05,SUP,,False,False
1996288,FREE MOBILE,"LTE 2100, 5G NR 700",CHEMIN FORESTIER (LA MEYNARDIE) 24260 ST FELIX DE REILLAC ET MORTEMART,24404,"45.0194,0.91",Pylône autostable,33m,TOTEM,2026-07-24,ALL,,False,False
2004058,ORANGE,GSM 900,146 RUE ACHILLE VIADIEU 31500 TOULOUSE,31555,"43.5911,1.4444",Immeuble,"19,3m","Copropriété, Syndic, SCI",2021-04-08,SUP,,False,False
2006958,FREE MOBILE,"LTE 1800, LTE 2600",588 ROUTE DU LOUP PENDU (LOUPENDU) 72210 ROEZE SUR SARTHE,72253,"47.9006,0.0328",Pylône autostable,30m,TOTEM,2026-07-24,ALL,,False,False
2007399,FREE MOBILE,5G NR 700,RUE DES VANNIERS (LE TANGY) 89400 EPINEAU LES VOVES,89152,"47.9586,3.4883",Pylône autostable,37m,ON TOWER FRANCE,2026-07-24,ALL,,False,False
2013528,FREE MOBILE,"LTE 2100, 5G NR 700",17 AV DE GEMOZAC 17100 SAINTES,17415,"45.7211,-0.6411",Pylône tubulaire,32m,TOTEM,2026-07-24,ALL,,False,False
2013532,ORANGE,LTE 700,PRÉS D87 (LA FORTERESSE) 39290 POINTRE,39432,"47.2314,5.5",Pylône autostable,22m,TOTEM,2026-08-07,AAV,,False,False
2017155,ORANGE,5G NR 2100,LE FOUGERAY 35440 DINGE,35094,"48.3683,-1.7094",Pylône autostable,32m,TOTEM,2026-07-23,ALL,,False,False
2020349,ORANGE,GSM 900,2 PL ÉTIENNE BIRON ÉGLISE 82600 MAS GRENIER,82105,"43.8903,1.1972",Monument religieux,"34,7m","Commune, communauté de communes",2021-07-21,SUP,,False,False
2025209,FREE MOBILE,"LTE 2100, 5G NR 700", (LES CARRIERES) 51270 FEREBRIANGES,51247,"48.8781,3.8303",Pylône autostable,"45,4m",TDF,2026-07-24,ALL,,False,False
2027754,FREE MOBILE,"LTE 700, LTE 900, LTE 1800, LTE 2100, LTE 2600, 5G NR 3500",AV DE LA SOURCE CHÂTEAU D EAU  (LE VIGNAUD ) 17420 ST PALAIS SUR MER,17380,"45.6533,-1.0775",Château d'eau - réservoir,"34,1m","Syndicat des eaux, Adduction",2026-07-24,ALL,,False,True
2027804,ORANGE,GSM 900, (LAS LANNES) 31470 FONTENILLES,31188,"43.5547,1.2222",Pylône autostable,26m,TOTEM,2015-05-26,SUP,,False,False
2029900,FREE MOBILE,UMTS 2100,18 PLACE DE LA GARE (METRO GARES) 35700 RENNES,35238,"48.1039,-1.6722",Intérieur sous-terrain,0m,"Commune, communauté de communes",2026-12-31,SUP,,False,False
2040673,ORANGE,GSM 900,DÉPARTEMENTALE 15 (BÉLÈME) 97232 LE LAMENTIN,97213,"14.6519,-61.0106",Pylône autostable,20m,DIGICEL,2020-03-11,SUP,,False,False
2052057,SFR,GSM 900,R DES CITÉS STADE LÉO LAGRANGE 50470 CHERBOURG EN COTENTIN,50129,"49.6406,-1.5864",Pylône tubulaire,32m,HIVORY,2019-12-19,SUP,,False,False
2060086,ORANGE,GSM 900,D 104 (EN BIANNE) 32260 ORNEZAN,32302,"43.5058,0.6111",Pylône autostable,39m,TOTEM,2007-03-03,SUP,,False,False
2061746,ORANGE,GSM 900, (MIRABEL) 46500 LAVERGNE,46165,"44.8119,1.7858",Pylône autostable,30m,TOTEM,1997-12-11,SUP,,False,False
2067560,BOUYGUES TELECOM,UMTS 2100,970 AV DE SUISSE NORMANDE 14123 FLEURY SUR ORNE,14271,"49.1458,-0.3644",Bâtiment,20m,Société Privée,2019-06-12,SUP,,False,False
2068215,ORANGE,"LTE 800, 5G NR 700",2-6 R FRANCOIS LEVEQUE 33800 BORDEAUX,33063,"44.8617,-0.5758",Immeuble,50m,"Copropriété, Syndic, SCI",2026-07-27,ALL,,False,True
2068215,SFR,GSM 900,2-6 R FRANCOIS LEVEQUE 33800 BORDEAUX,33063,"44.8617,-0.5758",Immeuble,50m,"Copropriété, Syndic, SCI",2020-07-09,SUP,,False,False
2068219,BOUYGUES TELECOM,LTE 2600,STATION DE SKI PEYRAGUDES RÉSIDENCES LES BALCONS DE PEYRASOURDECULAS (CULAS) 65240 GERM,65199,"42.7942,0.4422",Bâtiment,27m,"Copropriété, Syndic, SCI",2026-07-26,ALL,,False,False
2068219,ORANGE,GSM 900,STATION DE SKI PEYRAGUDES RÉSIDENCES LES BALCONS DE PEYRASOURDECULAS (CULAS) 65240 GERM,65199,"42.7942,0.4422",Bâtiment,27m,"Copropriété, Syndic, SCI",2015-01-08,SUP,,False,False
2068228,ORANGE,GSM 900,AV DES SPORTS 31170 TOURNEFEUILLE,31557,"43.5792,1.3461",Pylône tubulaire,30m,TOTEM,2004-10-09,SUP,,False,False
2074257,ORANGE,GSM 900,RUE DE LA POSTE 32400 RISCLE,32344,"43.6547,-0.0883",Pylône autostable,"27,5m",TOTEM,2007-01-30,SUP,,False,False
2074833,SFR,GSM 900,2-4 R DE LA SOLIDARITE 77410 CLAYE SOUILLY,77118,"48.9467,2.6947",Immeuble,"15,9m","Copropriété, Syndic, SCI",2018-12-21,SUP,,False,False
2081207,ORANGE,GSM 900,RUE DU FAUCON (LE RÉSERVOIR) 31240 L UNION,31561,"43.6631,1.4753",Pylône tubulaire,23m,TOTEM,1997-01-17,SUP,,False,False
2089557,ORANGE,GSM 900,ZONE D'ACTIVITÉ BOGUES 31750 ESCALQUENS,31169,"43.5264,1.5372",Pylône autostable,30m,TOTEM,2022-02-23,SUP,,False,False
2091172,FREE MOBILE,UMTS 2100,METRO DURANDY 06300 NICE,06088,"43.7014,7.2717",Tunnel,0m,"Commune, communauté de communes",2026-12-31,SUP,,False,False
2091176,FREE MOBILE,UMTS 2100,66 BOULEVARD RISSO 06300 NICE,06088,"43.7017,7.2789",Tunnel,0m,"Commune, communauté de communes",2026-12-31,SUP,,False,False
2106778,FREE MOBILE,"LTE 2100, 5G NR 700",LES ARCS 2000 TELESIEGE DES PLAGNETTES (COL DE LA CHAL) 73210 PEISEY NANCROIX,73197,"45.5508,6.8111",Bâtiment,"11,1m",Société Privée,2026-07-28,ALL,,False,False
2108602,ORANGE,GSM 900,RÉSERVOIR DE MARCIAC (LAUEILLOU) 32230 MARCIAC,32233,"43.5194,0.1522",Pylône haubané,25m,TOTEM,1997-06-06,SUP,,False,False
2109877,ORANGE,5G NR 2100,LE CHAMP DU CORMIER (LA GRENONNIÈRE) 72370 ARDENAY SUR MERIZE,72007,"48.0083,0.4344",Pylône autostable,40m,TOTEM,2026-07-21,ALL,,False,False
2109881,ORANGE,GSM 900,CHEM RURAL N°15 DIT DU CALVAIRE (CATIES) 82200 MOISSAC,82112,"44.1094,1.0733",Pylône autostable,34m,TOTEM,2011-06-21,SUP,,False,False
2112577,ONATI,5G NR 3500,ROUTE 471035 (MARCHE) 98722 TAIARAPU EST,98747,"-17.7281,-149.3122",Mât béton,22m,Onati,,AJO,,False,False
2123339,ORANGE,GSM 900,ROUTE DE SAINT-JULIEN (FONTARAILLE) 31310 RIEUX VOLVESTRE,31455,"43.2547,1.1922",Pylône tubulaire,30m,ATC FRANCE,2021-04-08,SUP,,False,False
2125218,ORANGE,GSM 900,RD 7 (LA AOUILLÉ) 47310 MONCAUT,47172,"44.1478,0.4994",Pylône autostable,36m,TOTEM,1997-09-05,SUP,,False,False
2127125,FREE MOBILE,5G NR 700,PLACE SAINT CHRISTOPHE 36000 CHATEAUROUX,36044,"46.8172,1.6844",Monument religieux,"37,1m","Commune, communauté de communes",2026-07-28,ALL,,False,False
2142242,ORANGE,5G NR 2100,RUE DES ANCIENS COMBATTANTS D'AFRIQUE DU NORD 36120 ETRECHET,36071,"46.7814,1.7894",Pylône autostable,24m,TOTEM,2026-07-23,ALL,,False,False
2151676,ORANGE,GSM 900,AÉROGARE AIMÉ CÉSAIRE (LAREINTY) 97232 LE LAMENTIN,97213,"14.5964,-60.9969",Pylône autostable,30m,ORANGE Services Fixes,2001-10-19,SUP,,False,False
2152501,ORANGE,GSM 900,ACAJOU SUD- D14 CENTRE COMMERCIAL LA GALLERIA 97232 LE LAMENTIN,97213,"14.6197,-61.0208",Intérieur galerie,4m,Société Privée,2025-09-15,SUP,,False,False
2152503,ORANGE,GSM 900,ACAJOU SUD- D14 CENTRE COMMERCIAL LA GALLERIA 97232 LE LAMENTIN,97213,"14.6197,-61.0211",Intérieur galerie,5m,Société Privée,2025-09-15,SUP,,False,False
2155977,ORANGE,GSM 900,6 RTE DE FRONTON CHÂTEAU D'EAU 31620 VILLAUDRIC,31581,"43.8306,1.4258",Château d'eau - réservoir,"23,8m","Commune, communauté de communes",2020-09-03,SUP,,False,False
2159267,ORANGE,5G NR 700,CHEMIN RURAL DE ST AUBIN À ST LOUP (LA GRANDE CORVÉE) 39410 ST AUBIN,39476,"47.0286,5.3203",Pylône autostable,30m,ATC FRANCE,2026-07-28,ALL,,False,False
2161943,ORANGE,GSM 900,98 RUE PAUL DANGLA RÉSIDENCE PONT DE LA GARDE 47000 AGEN,47001,"44.1947,0.6192",Immeuble,33m,Société Privée,2005-07-02,SUP,,False,False
2162303,FREE MOBILE,5G NR 3500,36_38 BOULEVARD DU MARÉCHAL LECLERC 94340 JOINVILLE LE PONT,94042,"48.8131,2.4683",Bâtiment,21m,"Copropriété, Syndic, SCI",2026-07-24,ALL,,False,False
2171536,FREE MOBILE,"LTE 900, LTE 1800, LTE 2100, LTE 2600, 5G NR 3500",RUE DE BRENESQUEN  D 75 (BRENESQUEN IZELLA) 29250 SANTEC,29273,"48.6942,-4.0347",Pylône autostable,30m,TOTEM,2026-07-24,ALL,,False,False
2177281,ORANGE,"LTE 700, LTE 800, LTE 1800, 5G NR 2100",LA MOUILLE (À L'ECHAUX) 74550 ORCIER,74206,"46.3075,6.505",Pylône autostable,23m,TDF,,AJO,,False,True
2177377,SFR,GSM 900,AV DE LA MER PARKING PORT GRIMAUD (QUAI DES FOSSES) 83310 GRIMAUD,83068,"43.2775,6.58",Pylône tubulaire,20m,BOUYGUES,2019-09-20,SUP,,False,False
2180933,ORANGE,GSM 900, (LA BOUSCARE) 09100 ST MARTIN D OYDES,09270,"43.1664,1.5033",Pylône tubulaire,20m,TOTEM,2007-06-14,SUP,,False,False
2186547,FREE MOBILE,5G NR 700,RUE DE FENITON PRÈS D212 14111 LOUVIGNY,14383,"49.1519,-0.4028",Pylône autostable,36m,TOTEM,2026-07-28,ALL,,False,False
2188166,FREE MOBILE,"LTE 2100, LTE 2600",PRÈS VOIE DE CHEMIN DE FER TOUL MIN (GOAZ NINON) 22420 LANVELLEC,22119,"48.5919,-3.525",Pylône autostable,36m,ATC FRANCE,,SUP,,False,False
2189988,ORANGE,GSM 900,CHEM DÉPARTEMENTAL D59 (LE PLO) 31570 VALLESVILLES,31567,"43.6006,1.6336",Pylône autostable,30m,TOTEM,2019-09-26,SUP,,False,False
2201744,SFR,GSM 900,RUE JACQUARD 33700 MERIGNAC,33281,"44.8514,-0.6722",Pylône autostable,30m,SFR,2020-03-27,SUP,,False,False
2202379,BOUYGUES TELECOM,"GSM 900, UMTS 900, LTE 800, LTE 1800",42 MONTÉE DU CRIÉ (LE BAS DU CRIÉ) 71420 PERRECY LES FORGES,71346,"46.6064,4.2242",Pylône autostable,"38,4m",TOTEM,,AJO,,False,True
2212171,ORANGE,5G NR 2100,CHEMIN RURAL DE COUBARON AUX GAZETTES LE TENEMENT DE COUBARON COMMUNE DE VELLUIRE SUR VENDEE (COUBARON) 85770 LES VELLUIRE SUR VENDEE,85177,"46.4167,-0.8853",Pylône autostable,"40,3m",ATC FRANCE,2026-07-21,ALL,,False,False
2214020,SFR,GSM 900,CHEMIN DES CRÈTES STATION TDF (LA GAUCHERIE) 38160 ST VERAND,38463,"45.1825,5.3228",Pylône autostable,28m,TDF,1993-11-26,SUP,,False,False
2216092,ORANGE,5G NR 2100,CHEMIN D'ARBALESSE (LES FOURNIERS) 63350 MARINGUES,63210,"45.93,3.3425",Pylône autostable,30m,ATC FRANCE,,AJO,,False,False
2223898,ORANGE,GSM 900,LE CREIL (SOURDES) 46100 CAPDENAC,46055,"44.5883,2.0542",Pylône autostable,24m,TOTEM,2021-02-18,SUP,,False,False
2224747,ORANGE,5G NR 2100,ROUTE D'ORNON DÉPARTEMENTALE 332 (LE MONTAT) 63350 CULHAT,63131,"45.8644,3.3475",Pylône autostable,30m,ATC FRANCE,,AJO,,False,False
2225191,FREE MOBILE,5G NR 3500,CHEMIN DE LA ROCHE A LA VOUTE (LA ROCHE PERCEE) 69250 POLEYMIEUX AU MONT D OR,69153,"45.8503,4.8058",Pylône autostable,22m,ON TOWER FRANCE,2026-07-24,ALL,,False,False
2234421,ORANGE,GSM 900,RTE DE BEAUZIAC CD 230 (MANGANE) 47700 CASTELJALOUX,47052,"44.3161,0.0767",Pylône autostable,35m,TOTEM,1997-06-06,SUP,,False,False
2236386,SFR,GSM 900,CHEMIN DES ECOLIERS 13140 MIRAMAS,13063,"43.5936,5.0092",Bâtiment,"37,2m","Copropriété, Syndic, SCI",2020-10-02,SUP,,False,False
2241802,ORANGE,GSM 900,RUE DE LA PLAGE (MILLIERES VIEILLES) 31150 FENOUILLET,31182,"43.6733,1.3908",Pylône autostable,38m,TOTEM,2012-09-17,SUP,,False,False
2246885,ORANGE,GSM 900,"27, R DE LA DIGUE 31500 TOULOUSE",31555,"43.5814,1.4272",Immeuble,"45,8m","Copropriété, Syndic, SCI",1993-11-05,SUP,,False,False
2247607,ORANGE,5G NR 2100,ROSTASSAC (TRIGODINA) 46150 ST MEDARD,46280,"44.5286,1.2789",Pylône autostable,30m,TDF,,AJO,,False,False
2253026,FREE MOBILE,"LTE 2100, LTE 2600",VC N° 3 DE HAUT BOURG (LE BORNAIS) 86380 ST MARTIN LA PALLU,86281,"46.6892,0.1978",Pylône autostable,"43,8m",ATC FRANCE,,SUP,,False,False
2271052,SFR,"GSM 900, UMTS 900, LTE 800, LTE 1800",CHEMIN DES SALARDS (LES SALARDS) 63190 ORLEAT,63265,"45.8539,3.4464",Pylône autostable,30m,ORANGE,2022-07-25,SUP,,False,False
2274328,FREE MOBILE,5G NR 3500,9 PLACE DE LA RÉSISTANCE 94500 CHAMPIGNY SUR MARNE,94017,"48.8136,2.5583",Immeuble,12m,Société Privée,2026-07-24,ALL,,False,False
2276384,SFR,5G NR 2100,LES HAUTS DE BRIERE ROUTE DE PRÉFONTAINE 45210 NARGIS,45222,"48.1069,2.735",Pylône autostable,"52,5m",BOUYGUES,2026-07-22,ALL,,False,False
2277513,BOUYGUES TELECOM,"LTE 700, 5G NR 3500",13 R PIERRE MAC ORLAN 29200 BREST,29019,"48.3867,-4.5247",Immeuble,50m,Société HLM,,AJO,,False,False
2279198,BOUYGUES TELECOM,"UMTS 900, LTE 700, LTE 800",QUARTIER CHATEAU 09500 LAPENNE,09153,"43.1569,1.7492",Pylône autostable,30m,SFR,2023-06-22,SUP,,True,False
2279198,FREE MOBILE,"UMTS 900, LTE 700",QUARTIER CHATEAU 09500 LAPENNE,09153,"43.1569,1.7492",Pylône autostable,30m,SFR,2022-06-13,SUP,,True,False
2287592,FREE MOBILE,5G NR 3500,N12 PROCHE ÉCHANGEUR DE PRAD PIP (FORESTIC) 29490 GUIPAVAS,29075,"48.4378,-4.4214",Pylône tubulaire,40m,ATC FRANCE,2026-07-24,ALL,,False,False
2290430,ORANGE,GSM 900,D802 (CAMBES) 46100 LISSAC ET MOURET,46175,"44.6217,1.9433",Pylône autostable,27m,TOTEM,1999-11-25,SUP,,False,False
2290837,ORANGE,GSM 900,CHEM DE LA MÉTAIRIE (CHEVALIER) 09500 MIREPOIX,09194,"43.0947,1.9078",Pylône autostable,32m,TOTEM,1997-05-09,SUP,,False,False
2295994,FREE MOBILE,5G NR 700,RUE DU GRAND LARGE PRÈS STADE MENOURY ZEACH GOAREM PELVED (MERLOT) 29730 TREFFIAGAT,29284,"47.8056,-4.2533",Pylône autostable,30m,TOTEM,2026-07-24,ALL,,False,False
2297629,BOUYGUES TELECOM,5G NR 3500,53B-57 R R DE CRIMEE 13003 MARSEILLE 03,13203,"43.3067,5.3808",Immeuble,28m,CELLNEX,,AJO,,False,False
2297629,BOUYGUES TELECOM,LTE 2100,53B-57 R R DE CRIMEE 13003 MARSEILLE 03,13203,"43.3067,5.3808",Immeuble,28m,CELLNEX,2020-12-28,SUP,,False,False
2306803,SFR,"LTE 700, LTE 1800, LTE 2100, 5G NR 2100",CHEMIN DE LA BETOULLE (LA BETOULLE) 23300 ST MAURICE LA SOUTERRAINE,23219,"46.2186,1.43",Pylône autostable,"42,2m",BOUYGUES,,AJO,,False,False
2308821,ORANGE,5G NR 2100,VOIE COMMUNALE N°3 DU CHÂTEAU D'EAU (LA LOUTIÈRE) 72510 MANSIGNE,72182,"47.74,0.1369",Pylône autostable,36m,ATC FRANCE,2026-07-23,ALL,,False,False
2311680,ORANGE,5G NR 700,CHEMIN DE LA MONTAGNE (LA MONTAGNE) 60162 VIGNEMONT,60675,"49.5072,2.7758",Pylône autostable,"40,6m",TDF,2026-07-27,ALL,,False,False
2311825,SFR,"LTE 700, LTE 1800, LTE 2100, 5G NR 2100",LA CROIX AUX LIÈVRES DEPARTEMENTALE 790 22320 LA HARMOYE,22073,"48.3539,-2.9667",Pylône autostable,"31,3m",BOUYGUES,,AJO,,False,False
2312083,ORANGE,GSM 900,"1, BOULEVARD VINCENT AURIOL 31130 BALMA",31044,"43.6231,1.4883",Immeuble,"33,3m",ORANGE,2021-12-02,SUP,,False,False
2313466,ORANGE,GSM 900,CHEMIN DE PALIS PRES CHATEAU D'EAU ROUTE DE REVEL (PALIS) 31450 FOURQUEVAUX,31192,"43.4981,1.6233",Pylône tubulaire,35m,SFR,2021-03-03,SUP,,False,False
2324663,ORANGE,GSM 900,64 BOULEVARD PIERRE SÉMARD GARE DE TOULOUSE 31500 TOULOUSE,31555,"43.6111,1.4536",Bâtiment,18m,SNCF,2011-10-20,SUP,,False,False
2329836,ORANGE,GSM 900,1740 ROUTE DU CHÂTEAU D'EAU (GAUBERE) 32460 LE HOUGA,32155,"43.7792,-0.2006",Château d'eau - réservoir,43m,"Syndicat des eaux, Adduction",2008-11-06,SUP,,False,False
2332502,BOUYGUES TELECOM,LTE 1800, (LES FREYDIES) 07210 ST SYMPHORIEN SOUS CHOMERAC,07298,"44.7267,4.7114",Pylône autostable,26m,BOUYGUES,,AJO,,True,False
2333050,FREE MOBILE,,CHEMIN DE CASSAN (VERLORONE) 34480 POUZOLLES,34214,"43.4919,3.2872",Pylône autostable,"32,1m",TOTEM,2025-05-13,CHI,2586718,False,True
2351209,ORANGE,GSM 900,STATION DE GAVARNIE GÈDRE LES ESPÉCIÈRES CENTRE D'ACCUEIL (LASLOUZÈRES) 65120 GAVARNIE GEDRE,65192,"42.7294,-0.0308",Bâtiment,18m,"Commune, communauté de communes",2011-09-24,SUP,,False,False
2354567,BOUYGUES TELECOM,LTE 2100,D16 (LA RIBIERE) 19300 EGLETONS,19073,"45.415,2.0394",Pylône autostable,"38,7m",HIVORY,2026-07-23,ALL,,False,False
2359893,BOUYGUES TELECOM,"LTE 700, LTE 800, LTE 1800, LTE 2100, 5G NR 2100",D7 (HAGET) 47600 MONTAGNAC SUR AUVIGNON,47180,"44.1561,0.4736",Pylône autostable,"57,4m",RTE,2026-07-29,ALL,,False,True
2364888,FREE MOBILE,,1117 RUE JACQUES BREL 87800 JOURGNAC,87081,"45.7328,1.2144",Pylône autostable,37m,ATC FRANCE,2023-08-25,CHI,2681751,False,True
2364888,ORANGE,,1117 RUE JACQUES BREL 87800 JOURGNAC,87081,"45.7328,1.2144",Pylône autostable,37m,ATC FRANCE,2026-03-11,CHH,30m,False,False
2365927,SFR,"LTE 2600, 5G NR 3500",RUE DES PERFONDERIES LA FOSSE TERRIÈRE (HAMEAU ES FRANCS) 50340 SIOUVILLE HAGUE,50576,"49.5661,-1.8233",Pylône autostable,24m,ATC FRANCE,2026-07-22,ALL,,False,False
2366823,FREE MOBILE,"LTE 700, LTE 900, LTE 1800, LTE 2100, LTE 2600, 5G NR 3500",60 COURS DE LA LIBERTE 69003 LYON 03,69383,"45.7572,4.8425",Immeuble,"25,5m",Établissement de soins,2026-07-24,ALL,,False,True
2369701,ORANGE,GSM 900,25 RUE DE NÉOUVIELLE 31120 PORTET SUR GARONNE,31433,"43.5372,1.3997",Pylône autostable,30m,TOTEM,2022-05-10,SUP,,False,False
2370182,BOUYGUES TELECOM,5G NR 3500,29 BD DE ROCHEPLATTE 45100 ORLEANS,45234,"47.9064,1.8983",Immeuble,33m,"Copropriété, Syndic, SCI",,AJO,,False,False
2376660,FREE MOBILE,5G NR 3500,6 ALLÉE PIERRE ROLLIN 80090 AMIENS,80021,"49.8764,2.3125",Immeuble,29m,Société HLM,2026-07-28,ALL,,False,False
2387433,BOUYGUES TELECOM,"GSM 900, LTE 2100",CHATEAU D EAU (LA VALLEE DES HEBREUX) 27820 ST CHRISTOPHE SUR AVRE,27521,"48.6986,0.815",Château d'eau - réservoir,"49,7m","Syndicat des eaux, Adduction",1998-06-26,SUP,,False,False
2397178,FREE MOBILE,UMTS 2100,18 PLACE DE LA GARE (MÉTRO STATION GARES) 35700 RENNES,35238,"48.1042,-1.6722",Intérieur sous-terrain,0m,"Commune, communauté de communes",2026-12-30,SUP,,False,False
2397860,FREE MOBILE,UMTS 2100,20 RUE DU PUITS MAUGER (METRO STATION COLOMBIER) 35700 RENNES,35238,"48.1058,-1.6819",Intérieur sous-terrain,0m,"Commune, communauté de communes",2026-12-31,SUP,,False,False
2397862,FREE MOBILE,UMTS 2100,PLACE SAINT GERMAIN (METRO STATION ST GERMAIN) 35700 RENNES,35238,"48.1106,-1.6761",Intérieur sous-terrain,0m,"Commune, communauté de communes",2026-12-31,SUP,,False,False
2402894,FREE MOBILE,UMTS 2100,CTR ST-AUBIN PLACE SAINTE ANNE (METRO STATION ST ANNE) 35700 RENNES,35238,"48.1147,-1.68",Intérieur sous-terrain,0m,"Commune, communauté de communes",2026-12-30,SUP,,False,False
2405160,SFR,LTE 700,CHE DE TRAUSANES RÉSERVOIR COMMUNAL D118 (TRAUSANES) 11260 CAMPAGNE SUR AUDE,11063,"42.9169,2.2003",Pylône autostable,24m,HIVORY,,AJO,,False,False
2406763,BOUYGUES TELECOM,"LTE 700, LTE 2100",CHEMIN RURAL LES PLANCHES DE VAUX 70000 ANDELARROT,70020,"47.5781,6.1106",Pylône haubané,38m,Société Privée,,AJO,,False,False
2410092,FREE MOBILE,UMTS 2100,50 RUE DE REDON (MÉTRO STATION MABILAIS) 35700 RENNES,35238,"48.1053,-1.6928",Intérieur sous-terrain,0m,"Commune, communauté de communes",2026-12-31,SUP,,False,False
2421975,ORANGE,5G NR 2100,RUE DU STADE STADE DE FOOT (LE BOIS) 49260 LE PUY NOTRE DAME,49253,"47.1217,-0.2292",Pylône autostable,39m,TOTEM,2026-07-20,ALL,,False,False
2424655,FREE MOBILE,"LTE 2100, LTE 2600",749 ROUTE DES ETOURNELLES A40 01200 VALSERHONE,01033,"46.1303,5.7994",Pylône autostable,"24,5m",PHOENIX FRANCE INFRASTRUCTURES,,SUP,,False,True
2425789,ORANGE,GSM 900,ROUTE DE GAVARRET  D 240 (MATISSERE) 32390 MONTESTRUC SUR GERS,32286,"43.7839,0.6408",Pylône autostable,31m,TOTEM,2010-08-06,SUP,,False,False
2431279,ORANGE,GSM 900,CHEMIN DE RONDE DU GAMAY NOIR (BELLEVUE) 47250 COCUMONT,47068,"44.4472,0.0247",Château d'eau - réservoir,56m,"Syndicat des eaux, Adduction",2007-10-06,SUP,,False,False
2435794,BOUYGUES TELECOM,"LTE 700, LTE 2100",ROUTE DE CASSOUA 40090 CAMPAGNE,40061,"43.8694,-0.6328",Pylône autostable,"44,9m",HIVORY,,AJO,,False,False
2438171,ORANGE,GSM 900,D54 - LE VILLAGE SUD 31570 STE FOY D AIGREFEUILLE,31480,"43.5372,1.6078",Pylône autostable,24m,ATC FRANCE,2022-02-27,SUP,,False,False
2441742,ORANGE,GSM 900,"3, CHEM DES MARAÎCHERS FACULTÉ DENTAIRE 31500 TOULOUSE",31555,"43.5658,1.4608",Bâtiment,33m,"État, Ministère",2013-07-12,SUP,,False,False
2442238,SFR,"GSM 900, UMTS 900, LTE 800, LTE 1800, LTE 2100",IMPASSE DES COTES D 104 07110 VINEZAC,07343,"44.5325,4.3464",Pylône autostable,42m,HIVORY,,SUP,,False,True
2447575,BOUYGUES TELECOM,LTE 700,LES ALEUX DEPARTEMENTALE 37 86400 LINAZAY,86134,"46.1708,0.17",Pylône autostable,"26,3m","Commune, communauté de communes",2026-08-03,AAV,,False,False
245066,ORANGE,GSM 900,4/6 R DE LA REINE ASTRID HOTEL ELISEO 65100 LOURDES,65286,"43.0953,-0.0564",Immeuble,40m,"Copropriété, Syndic, SCI",2004-06-26,SUP,,False,False
2459126,BOUYGUES TELECOM,"UMTS 900, LTE 700, LTE 800",ROUTE D ECROMAGNY (LE MONT GÉRARD) 70270 LA LANTERNE ET LES ARMONTS,70295,"47.7894,6.5261",Pylône autostable,30m,SFR,2023-05-24,SUP,,True,False
2459126,FREE MOBILE,"UMTS 900, LTE 700",ROUTE D ECROMAGNY (LE MONT GÉRARD) 70270 LA LANTERNE ET LES ARMONTS,70295,"47.7894,6.5261",Pylône autostable,30m,SFR,2023-03-06,SUP,,True,False
2460289,SFR,5G NR 2100,N21 (PEY) 32550 ST JEAN LE COMTAL,32381,"43.5694,0.5272",Pylône autostable,36m,HIVORY,2026-07-24,AJA,,False,False
2460552,BOUYGUES TELECOM,LTE 2100,RUE DE BIOROUGE A20 46200 SOUILLAC,46309,"44.8853,1.5019",Pylône autostable,50m,TDF,2026-07-24,ALL,,False,False
2464379,ORANGE,GSM 900,VOIE COMMUNALE DE BOIS-NEUF CHATEAU D'EAU RSMA 97232 LE LAMENTIN,97213,"14.6364,-61.0317",Château d'eau - réservoir,22m,"État, Ministère",2022-04-01,SUP,,False,False
2465067,FREE MOBILE,"LTE 700, LTE 1800, LTE 2600, 5G NR 3500",RUE DU PROFESSEUR MAURICE AUDI BASE DE LOISIRS DES GAYEULLES (BASE DE LOISIRS DES GAYEULLES) 35700 RENNES,35238,"48.1333,-1.6469",Pylône tubulaire,30m,TOTEM,2026-07-28,ALL,,False,True
2465548,ORANGE,GSM 900,1 CHE DE CASSELÈBRE CHÂTEAU D'EAU 31790 ST SAUVEUR,31516,"43.7425,1.4",Château d'eau - réservoir,42m,"Syndicat des eaux, Adduction",2011-12-15,SUP,,False,False
2465789,ORANGE,GSM 900, (LE CASTEL BIEL) 31320 REBIGUE,31448,"43.4897,1.4714",Pylône autostable,24m,ATC FRANCE,2022-10-11,SUP,,False,False
2467606,SFR,LTE 700, (TERRE DE BRAS) 38460 ST HILAIRE DE BRENS,38392,"45.6828,5.2911",Pylône autostable,42m,HIVORY,,AJO,,False,False
2470787,FREE MOBILE,"LTE 700, LTE 900, LTE 1800, 5G NR 700",CHEMIN D ABRAHAM 07330 BARNAS,07025,"44.6633,4.1722",Pylône autostable,42m,HIVORY,2026-07-24,ALL,,False,True
2470787,SFR,5G NR 2100,CHEMIN D ABRAHAM 07330 BARNAS,07025,"44.6633,4.1722",Pylône autostable,42m,HIVORY,2026-07-24,AJA,,False,False
2473878,SFR,"LTE 700, 5G NR 2100",1 COL DE LA SAVINE N5 39400 MORBIER,39367,"46.5642,6.0039",Pylône autostable,42m,HIVORY,,AJO,,False,False
2478677,ORANGE,GSM 900,98 AVENUE DE GAVARNIE 31240 L UNION,31561,"43.6525,1.4942",Pylône autostable,30m,CELLNEX,2022-04-10,SUP,,False,False
248102,ORANGE,GSM 900,CHÂTEAU D EAU (A LABARTHETE/RD 287) 32380 ST CLAR,32370,"43.8906,0.7553",Château d'eau - réservoir,30m,"Commune, communauté de communes",2002-02-08,SUP,,False,False
2482165,SFR,5G NR 2100,RUE JEAN MOULIN D930 (PERES) 32410 AYGUETINTE,32024,"43.8431,0.4156",Pylône autostable,"32,5m",HIVORY,2026-07-24,AJA,,False,False
2487267,BOUYGUES TELECOM,LTE 700,ROUTE DE L'OLME 07340 FELINES,07089,"45.3161,4.7408",Pylône autostable,"26,7m",PHOENIX FRANCE INFRASTRUCTURES,2026-07-30,ALL,,False,False
2493639,SFR,"LTE 700, LTE 1800, LTE 2100, 5G NR 2100",ROUTE DE LA BAUME (LA VALLEE) 12230 LAPANOUSE DE CERNON,12122,"44.0142,3.1131",Pylône autostable,"26,3m",PHOENIX FRANCE INFRASTRUCTURES,,AJO,,False,False
2499415,FREE MOBILE,5G NR 700,D994 (LA GARENNE) 05700 LA BATIE MONTSALEON,05016,"44.4606,5.7342",Pylône autostable,33m,ON TOWER FRANCE,2026-07-24,ALL,,False,False
2513355,ORANGE,GSM 900, (LESPIET) 32350 BARRAN,32029,"43.6144,0.4461",Pylône autostable,30m,ATC FRANCE,2020-06-08,SUP,,True,False
2514021,ORANGE,"LTE 700, LTE 2600, 5G NR 2100",ROUTE DE D31 VERS PETIT PARIS (LA COSTE) 24260 LE BUGUE,24067,"44.9256,0.9478",Pylône autostable,45m,ORANGE,,AJO,,False,False
2514021,ORANGE,"LTE 2100, 5G NR 700",ROUTE DE D31 VERS PETIT PARIS (LA COSTE) 24260 LE BUGUE,24067,"44.9256,0.9478",Pylône autostable,45m,ORANGE,2025-11-18,SUP,,False,False
2515442,ORANGE,"LTE 800, LTE 1800, LTE 2100, LTE 2600, 5G NR 700, 5G NR 3500",3 RUE FERDINAND BUISSON 95190 GOUSSAINVILLE,95280,"49.0303,2.4761",Château d'eau - réservoir,38m,Société Privée,,AJO,,False,True
2515563,SFR,LTE 700,CHEMIN DE LA CHANOURDIE 19270 USSAC,19274,"45.1833,1.4819",Pylône autostable,44m,HIVORY,,AJO,,False,False
2521469,SFR,LTE 700, (LE BOIS DES CHASES) 07340 ST ETIENNE DE VALOUX,07234,"45.2369,4.7828",Pylône autostable,"42,1m",SFR,2026-07-24,AJA,,False,False
2522180,ORANGE,GSM 900,TUNNEL DE FOIX / TÊTE SUD (LA GRAOUSSE) 09000 FOIX,09122,"42.9558,1.6247",Pylône autostable,"41,2m",TDF,2021-12-29,SUP,,True,False
2522554,ORANGE,5G NR 2100,IMPASSE DES MASSOTTES (LA CROIX BLANCHE OUEST) 39700 ROCHEFORT SUR NENON,39462,"47.1264,5.5553",Pylône autostable,38m,TDF,,AJO,,False,False
2522558,SFR,GSM 900,16 RUE VICTOR HUGO 94220 CHARENTON LE PONT,94018,"48.8194,2.4122",Immeuble,51m,Société Privée,2022-06-13,SUP,,False,False
2527762,BOUYGUES TELECOM,LTE 700,A71 LA VERGNE (LES PETTES BEAUX) 18340 ST GERMAIN DES BOIS,18212,"46.8953,2.4183",Pylône autostable,30m,BOUYGUES,2026-08-03,AAV,,False,False
2528767,ORANGE,GSM 900,ALLÉE DES SCIENCES APPLIQUÉES ADM 135 AVENUE DE RANGUEIL 31500 TOULOUSE,31555,"43.5736,1.4667",Pylône autostable,24m,ATC FRANCE,2022-06-13,SUP,,False,False
2535349,SFR,GSM 900,50 QUAI VENDEUVRE 14000 CAEN,14118,"49.1817,-0.3536",Bâtiment,26m,BOUYGUES,2022-03-04,SUP,,False,False
2536190,ORANGE,5G NR 700,LA VOIE GUILLEMETTE (CHEMIN RURAL DIT D'ARLEUX) 62580 NEUVIREUIL,62612,"50.3528,2.9028",Pylône autostable,36m,ATC FRANCE,2026-08-06,AAV,,False,False
2536215,FREE MOBILE,"LTE 900, LTE 1800, 5G NR 700, 5G NR 3500",17 BELLEVUE PRÈS D768 TALVA (LE FOUGERAY) 22130 CREHEN,22049,"48.5458,-2.2036",Pylône autostable,24m,TOTEM,2026-07-24,ALL,,False,False
2537635,ORANGE,5G NR 2100,CHEMIN DE LA PLAINE LES COUDRAIS (LES TROIS MOULINS) 85200 SERIGNE,85281,"46.4978,-0.8544",Pylône autostable,32m,ATC FRANCE,2026-07-21,ALL,,False,False
2547174,ORANGE,GSM 900,CHEM RURAL PRÈS A.62 - SENS TOULOUSE-BORDEAUX (MAZÈRES ) 47130 BRUCH,47041,"44.2142,0.3986",Pylône autostable,36m,TOTEM,1997-12-26,SUP,,False,False
2547578,SFR,LTE 700,DRAYE DU PERTUIS (LES TOUCHES) 38220 LAFFREY,38203,"45.0394,5.755",Pylône autostable,"42,1m",HIVORY,2026-07-27,AJA,,False,False
2559206,ORANGE,GSM 900,STATION D'ÉPURATION (BOURNEAU) 47160 BUZET SUR BAISE,47043,"44.2631,0.2956",Pylône autostable,51m,TOTEM,1994-04-01,SUP,,False,False
2559724,SFR,"GSM 900, UMTS 900, LTE 700, LTE 800, LTE 1800, LTE 2100, LTE 2600, 5G NR 3500",3 RUELLE DU PORT NEUF 64100 BAYONNE,64102,"43.4919,-1.4756",Bâtiment,"21,5m","Commune, communauté de communes",,SUP,,False,True
2564358,ORANGE,5G NR 700,RUE WALDECK ROUSSEAU D118 D114 (MALVAU) 59277 RIEUX EN CAMBRESIS,59502,"50.2058,3.3531",Pylône tubulaire,26m,ORANGE,2026-07-28,ALL,,False,False
2566696,BOUYGUES TELECOM,LTE 1800,A89 (BARDEJOIS) 19250 MEYMAC,19136,"45.5014,2.1844",Pylône autostable,"44,9m",HIVORY,2026-07-25,ALL,,False,False
2582868,ORANGE,GSM 900,CHEM DE MONT CALBECH - SOULEILLA (MONT CALBECH) 09290 LE MAS D AZIL,09181,"43.0911,1.3453",Pylône autostable,30m,TOTEM,2010-11-08,SUP,,False,False
2597381,FREE MOBILE,"LTE 700, LTE 900, LTE 1800, 5G NR 700",7 R DES FORGES 53440 ARON,53008,"48.2953,-0.5597",Pylône autostable,"23,4m",PHOENIX FRANCE INFRASTRUCTURES,,AJO,,False,True
2598473,SFR,LTE 700, (LA VERNEAU) 39700 EVANS,39219,"47.1911,5.7517",Pylône autostable,"42,1m",SFR,2026-07-27,AJA,,False,False
2605913,SFR,LTE 700, (LA COIGNEE) 60480 PUITS LA VALLEE,60518,"49.5889,2.1922",Pylône autostable,42m,HIVORY,2026-07-24,AJA,,False,False
2610269,ORANGE,5G NR 2100, (RUE LA BRUYÈRE) 50410 MONTBRAY,50338,"48.8919,-1.1236",Pylône autostable,45m,ORANGE Services Fixes,,AJO,,False,False
2614441,ORANGE,5G NR 2100,VC N°455 (LA SAPINIÈRE DE LA TOUCHE) 72110 TORCE EN VALLEE,72359,"48.1303,0.4061",Pylône autostable,43m,ORANGE,2026-07-21,ALL,,False,False
2616466,BOUYGUES TELECOM,"UMTS 900, LTE 700, LTE 800",RUE DU BERVAL 60123 BONNEUIL EN VALOIS,60083,"49.2828,2.9867",Pylône autostable,30m,SFR,2026-07-29,ALL,,True,True
2618879,SFR,GSM 900,161 BD JEAN-JAURÈS 83600 FREJUS,83061,"43.4336,6.7361",Immeuble,18m,"Copropriété, Syndic, SCI",1997-01-31,SUP,,False,False
2621275,ORANGE,"LTE 2100, 5G NR 700, 5G NR 3500",141 LA VIEILLE ROUTE 38150 BOUGE CHAMBALUD,38051,"45.3322,4.8903",Pylône autostable,24m,ORANGE,,AJO,,False,False
2621275,ORANGE,LTE 700,141 LA VIEILLE ROUTE 38150 BOUGE CHAMBALUD,38051,"45.3322,4.8903",Pylône autostable,24m,ORANGE,2024-08-16,SUP,,False,False
2623111,ORANGE,5G NR 2100,LE GRAND BOIS 25660 LES MONTS RONDS,25375,"47.1606,6.0614",Pylône autostable,42m,SFR,,AJO,,False,False
2624521,ORANGE,GSM 900,CHEMIN DE PALANQUE (LA FOUGERE) 32110 LUPPE VIOLLES,32220,"43.7303,-0.1442",Pylône autostable,30m,TOTEM,1998-11-13,SUP,,False,False
2629888,BOUYGUES TELECOM,"5G NR 2100, 5G NR 3500",5 CHEMIN DU VERDON 31500 TOULOUSE,31555,"43.625,1.4789",Pylône tubulaire,"37,8m",CELLNEX,2026-07-30,ALL,,False,False
2634062,SFR,"LTE 700, LTE 800, LTE 1800, LTE 2600, 5G NR 2100, 5G NR 3500", (RUE DU ROCHER) 57800 FREYMING MERLEBACH,57240,"49.1575,6.8094",Pylône autostable,32m,TOWEO,2026-07-24,ALL,,False,True
2635897,SFR,LTE 700,AVENUE JEAN MOULIN 63910 VERTAIZON,63453,"45.7836,3.3017",Pylône autostable,36m,SFR,2026-07-24,AJA,,False,False
2636226,SFR,GSM 900,42 CHEMIN DU MORILLON HLM LES HARPES 74200 THONON LES BAINS,74281,"46.3592,6.4822",Immeuble,29m,Société Privée,2022-07-29,SUP,,False,False
2636993,ORANGE,GSM 900,4 AVENUE MARCEL DASSAULT 31500 TOULOUSE,31555,"43.5736,1.4947",Pylône autostable,30m,Sociétés d'Autoroutes,2024-03-05,SUP,,False,False
2637924,SFR,GSM 900,BOULEVARD DES PRINCES DES BAUX - HLM LES LAUNES 13300 SALON DE PROVENCE,13103,"43.6442,5.0886",Immeuble,18m,Société HLM,2023-10-12,SUP,,False,False
2638059,FREE MOBILE,"LTE 700, LTE 1800, LTE 2600, 5G NR 3500",1 ALLEE DE COCTEAU A20 (LE PUY IMBERT) 87280 LIMOGES,87085,"45.8408,1.2825",Immeuble,"31,6m",Société HLM,2026-07-28,ALL,,False,True
2641943,FREE MOBILE,"LTE 700, LTE 900, LTE 1800, LTE 2100, LTE 2600, 5G NR 700, 5G NR 3500",PL. DE LA GARE RUE DU CHEMIN VERT 50700 VALOGNES,50615,"49.5067,-1.4817",Pylône autostable,36m,TOTEM,,AJO,,False,True
265349,ORANGE,GSM 900,D209 - MARIGOT (ANSE DU GRAND CUL DE SAC) 97133 ST BARTHELEMY,97701,"17.9114,-62.805",Pylône arbre,12m,ORANGE,2005-01-21,SUP,,False,False
2659804,ORANGE,"LTE 700, LTE 800",RTE DE CHAMPDENIERS (LA FAUGERE) 79220 GERMOND ROUVRE,79133,"46.4375,-0.4019",Pylône autostable,"24,5m",PHOENIX FRANCE INFRASTRUCTURES,2026-07-27,ALL,,False,True
2660493,ORANGE,GSM 900, (LABAT) 46100 LENTILLAC ST BLAISE,46168,"44.5847,2.1325",Pylône autostable,24m,ATC FRANCE,2021-04-08,SUP,,False,False
2661706,SFR,LTE 700,A89 (LE COUDERT) 19800 ST PRIEST DE GIMEL,19236,"45.3217,1.8931",Pylône autostable,"44,4m",HIVORY,,AJO,,False,False
2670495,FREE MOBILE,"LTE 700, LTE 1800, LTE 2600, 5G NR 3500",20 R GERMAIN PILON RÉSIDENCE CASSSENDE 59800 LILLE,59350,"50.6478,3.0919",Bâtiment,29m,"Copropriété, Syndic, SCI",2026-07-28,ALL,,False,True
2670533,ORANGE,5G NR 2100,RUE DES PATURES PRÈS DU CIMETIÈRE 76340 REALCAMP,76520,"49.845,1.6183",Pylône autostable,30m,ATC FRANCE,,AJO,,False,False
2672721,ORANGE,5G NR 2100,D106.2 (LA GARENNE) 28320 BAILLEAU ARMENONVILLE,28023,"48.5314,1.6375",Pylône autostable,36m,TOTEM,2026-07-21,ALL,,False,False
2678970,BOUYGUES TELECOM,5G NR 2100,RTE DES HAUTS DU CAMP  83330 LE CASTELLET,83035,"43.255,5.7611",Pylône autostable,24m,CELLNEX,2026-06-16,ART,,False,False
2680706,SFR,LTE 700,RTE DE LA MADELAINE DÉCHETTERIE (BRANDES DE L'ESPIS) 17600 LE GUA,17185,"45.7503,-0.9558",Pylône autostable,"42,5m",HIVORY,,AJO,,False,False
2684323,ORANGE,GSM 900,IMP CLOS DU LAC A20 ECHANGEUR MONTAUBAN SUD 82710 BRESSOLS,82025,"43.9294,1.3169",Pylône autostable,40m,ORANGE,2008-02-27,SUP,,False,False
2685582,TELCO OI,5G NR 3500,5 RUE DU BASSIN (VAHIBENI) 97605 MAMOUDZOU,97611,"-12.7883,45.1772",Immeuble,16m,Particulier,2025-06-03,ART,,False,False
2690713,BOUYGUES TELECOM,5G NR 2100,RUE D HERICOURT D18 (LES PERRIERES) 90800 BANVILLARS,90007,"47.5944,6.8072",Pylône autostable,"30,6m",TDF,,AJO,,False,False
2691347,SFR,LTE 700,CHEMIN D'EXPLOITATION N°13 (BIERREVERY) 70240 SAULX,70478,"47.6789,6.2581",Pylône autostable,"41,4m",TDF,2026-07-24,AJA,,False,False
2692060,SFR,LTE 700,D288 AU POMMIER 25170 JALLERANGE,25317,"47.2533,5.7331",Pylône autostable,"42,2m",HIVORY,2026-07-27,AJA,,False,False
269569,SFR,GSM 900,R DES MARNIÈRES PARC DES EXPOSITIONS 64140 BILLERE,64129,"43.3036,-0.3811",Pylône tubulaire,25m,HIVORY,2017-09-22,SUP,,False,False
2700077,SFR,"LTE 2600, 5G NR 3500",CHE DE LA BLANCHARDIERE 85300 FROIDFOND,85095,"46.8725,-1.7558",Pylône autostable,"26,5m",PHOENIX FRANCE INFRASTRUCTURES,2026-07-22,ALL,,False,False
2703796,SFR,LTE 700,ROUTE DE CORCONDRAY D11 (LA POMMERADE) 25410 CORCONDRAY,25164,"47.23,5.8397",Pylône autostable,44m,SFR,2026-07-27,AJA,,False,False
2704141,SFR,LTE 700,VOIE ROMAINE (LES FOSSES) 25170 PELOUSEY,25448,"47.2817,5.9222",Pylône autostable,"42,3m",HIVORY,2026-07-27,AJA,,False,False
2710837,OUTREMER TELECOM,5G NR 3500,HABITATION BEAUREGARD ROUTE HABITATION MADET 97227 STE ANNE,97226,"14.4303,-60.8731",Pylône autostable,24m,Outremer Telecom,2026-07-24,ALL,,False,False
2715195,SFR,GSM 900,27 R MICHELET IMM BELLEDONNE 27000 EVREUX,27229,"49.0097,1.1653",Immeuble,28m,Société HLM,2022-12-23,SUP,,False,False
2715844,SFR,"LTE 2600, 5G NR 3500",LA SOUCHAIS 85500 BEAUREPAIRE,85017,"46.8986,-1.0792",Pylône autostable,32m,TDF,,AJO,,False,False
2720792,ORANGE,"LTE 800, LTE 1800, LTE 2100, LTE 2600, 5G NR 700, 5G NR 3500",CHE DES LOUPS LA COUTURE DE MERCHIN (LA COUTURE DE MERCHIN) 59262 SAINGHIN EN MELANTOIS,59523,"50.5939,3.1467",Pylône autostable,32m,CELLNEX,,AJO,,False,True
2725066,ORANGE,GSM 900,245 RUE DE LA BERGERO (LE CLOS) 31660 BESSIERES,31066,"43.7967,1.6061",Pylône tubulaire,"21,5m",TOTEM,2004-10-09,SUP,,False,False
2734913,FREE MOBILE,5G NR 3500,ROUTE DE CHARTREUSE (AU PARCHET) 38700 CORENC,38126,"45.2256,5.7614",Pylône autostable,39m,FREE-MOBILE,2026-07-24,ALL,,False,False
2738952,ORANGE,GSM 900,RTE DE LOMBEZ BORDURE DE D632 (TAMBOURIN) 32130 SEYSSES SAVES,32432,"43.4875,1.0514",Pylône autostable,30m,TOTEM,1997-10-10,SUP,,False,False
2742635,FREE MOBILE,"LTE 700, LTE 900, LTE 1800, LTE 2100, LTE 2600, 5G NR 700, 5G NR 3500",367 RUE DE TOMBELAINE 50380 ST PAIR SUR MER,50532,"48.7919,-1.5617",Pylône autostable,"26,3m",PHOENIX FRANCE INFRASTRUCTURES,,AJO,,False,True
2745327,BOUYGUES TELECOM,"UMTS 900, LTE 700, LTE 800, LTE 1800, LTE 2100, 5G NR 2100",60 RUE PRINCIPALE (KATSTENWALD OBERWALD) 68600 WOLFGANTZEN,68379,"48.035,7.4861",Pylône autostable,42m,HIVORY,,AJO,,False,True
2746475,ORANGE,GSM 900,RUE DES ANCIENS (COSTO BERO) 09100 LA TOUR DU CRIEU,09312,"43.0992,1.6867",Château d'eau - réservoir,38m,"Syndicat des eaux, Adduction",1997-03-21,SUP,,False,False
2748491,SFR,GSM 900,ZONE CHERINE RÉSIDENCE DE TOURISME LES MÉLÈZES BATIMENT D (LES CHALPS) 05600 RISOUL,05119,"44.6211,6.6306",Immeuble,33m,"Copropriété, Syndic, SCI",2025-08-08,SUP,,False,False
2755568,ORANGE,GSM 900,10 LOUIS MAUROUX (AU CHATEAU DU GARROS) 32000 AUCH,32013,"43.6325,0.5936",Immeuble,"26,5m",TOTEM,2023-08-16,SUP,,False,False
2784861,ORANGE,GSM 900,195 AVENUE DE CASTELNAU (BUGUET-NORD) 31620 FRONTON,31202,"43.8328,1.3903",Château d'eau - réservoir,27m,"Syndicat des eaux, Adduction",1998-08-28,SUP,,False,False
2789391,FREE MOBILE,"LTE 700, LTE 900, LTE 1800, LTE 2100, LTE 2600, 5G NR 700, 5G NR 3500",6 R JEAN DE VIENNE 87280 LIMOGES,87085,"45.8381,1.1956",Pylône autostable,"38,3m",PHOENIX FRANCE INFRASTRUCTURES,,AJO,,False,True
2796706,ORANGE,GSM 900,AV DU COMMINGES (LES ORMEAUX) 31350 BOULOGNE SUR GESSE,31080,"43.2878,0.6492",Pylône autostable,25m,TOTEM,1997-06-20,SUP,,False,False
2804921,SFR,"UMTS 900, LTE 700, LTE 800, LTE 1800, LTE 2100, LTE 2600, 5G NR 3500",AVENUE INDUSTRIELLE RUE COLETTE 59320 HALLENNES LEZ HAUBOURDIN,59278,"50.6053,2.9519",Pylône tubulaire,43m,CELLNEX,,SUP,,False,True
2819167,BOUYGUES TELECOM,5G NR 3500,18 R PIERRE PAUL DE RIQUET 33610 CANEJAN,33090,"44.7772,-0.6622",Pylône tubulaire,"42,1m",CELLNEX,2026-07-13,ALL,,False,False
2819167,BOUYGUES TELECOM,LTE 2100,18 R PIERRE PAUL DE RIQUET 33610 CANEJAN,33090,"44.7772,-0.6622",Pylône tubulaire,"42,1m",CELLNEX,2024-03-11,SUP,,False,False
2825280,SFR,GSM 900,AV GENERAL HARRIS SERVICE DES URGENCES (CHU COTE DE NACRE) 14000 CAEN,14118,"49.2056,-0.3564",Bâtiment,"23,5m","État, Ministère",2024-04-19,SUP,,False,False
2826087,BOUYGUES TELECOM,5G NR 2100,CORNICHE JACQUES CHIRAC ZONE CARENAGE DU PORT (ZONE CARENAGE DU PORT) 13960 SAUSSET LES PINS,13104,"43.3297,5.1075",Pylône tubulaire,22m,CELLNEX,2026-07-30,ALL,,False,False
2826874,ORANGE,"LTE 700, 5G NR 2100",RÉS LES MYRTILLES (LA PIERRE ST-MARTIN) 64570 ARETTE,64040,"42.9767,-0.7447",Immeuble,39m,"Copropriété, Syndic, SCI",,AJO,,False,False
2826874,ORANGE,LTE 2100,RÉS LES MYRTILLES (LA PIERRE ST-MARTIN) 64570 ARETTE,64040,"42.9767,-0.7447",Immeuble,39m,"Copropriété, Syndic, SCI",2020-11-12,SUP,,False,False
2827470,ORANGE,5G NR 2100,RUE DU BOURG (LE HAMEAU JEANNE) 50110 LE MESNIL AU VAL,50305,"49.6083,-1.5311",Pylône autostable,31m,ATC FRANCE,2026-07-20,ALL,,False,False
2843179,BOUYGUES TELECOM,5G NR 3500,35 RUE DU CHATEAU D ORGEMONT 49100 ANGERS,49007,"47.4486,-0.5431",Bâtiment,33m,ATC FRANCE,,AJO,,False,False
2844715,BOUYGUES TELECOM,LTE 2100,1523 ROUTE DU CHATEAU D'EAU (JEAN DE LA FONT) 33750 NERIGEAN,33303,"44.8417,-0.2725",Château d'eau - réservoir,"46,7m","Syndicat des eaux, Adduction",2025-11-10,SUP,,False,False
2847857,ORANGE,5G NR 2100,RD 131 (LES CHAMPS - LE BECQUET) 50270 SENOVILLE,50572,"49.4283,-1.7967",Pylône autostable,36m,ORANGE Services Fixes,2026-07-20,ALL,,False,False
2849941,SFR,GSM 900,8-12 AV ADRIEN RAYNAL 94310 ORLY,94054,"48.7431,2.4028",Immeuble,"34,7m","Copropriété, Syndic, SCI",1999-08-02,SUP,,False,False
2850244,FREE MOBILE,"LTE 2100, LTE 2600",ROUTE DE MONTFORT (LES MORTIERS) 72160 BEILLE,72031,"48.0767,0.4872",Pylône autostable,"44,6m",TDF,,SUP,,False,False
2851815,SFR,"UMTS 900, LTE 700, LTE 800, LTE 1800, LTE 2100, LTE 2600, 5G NR 3500",58 ROUTE DES ROMAINS 67200 STRASBOURG,67482,"48.58,7.7164",Immeuble,"35,8m","Copropriété, Syndic, SCI",,SUP,,False,True
2856802,ORANGE,GSM 900, (CLOTS DE ROQUES) 47440 CASSENEUIL,47049,"44.4261,0.6506",Pylône autostable,33m,TOTEM,2005-12-24,SUP,,False,False
2857021,SFR,LTE 1800,RUE MENAGE (LES COTES) 62990 CONTES,62236,"50.4108,1.9636",Pylône autostable,"33,3m",CELLNEX,,AJO,,True,False
2861213,SFR,5G NR 3500,CHEMIN DE L'ESPERANCE 49750 CHEMILLE EN ANJOU,49092,"47.2147,-0.7344",Pylône autostable,30m,CELLNEX,,AJO,,False,False
2863132,ORANGE,GSM 900,10 RUE PAULE  RAYMONDIS (BOUAYSETTO) 31500 TOULOUSE,31555,"43.6394,1.4853",Pylône tubulaire,35m,TOTEM,2024-03-29,SUP,,False,False
2873125,ORANGE,GSM 900,R NOTRE-DAME (LE BOURG) 82120 LAVIT,82097,"43.9589,0.9211",Pylône autostable,25m,ORANGE Services Fixes,2002-01-15,SUP,,False,False
2873684,SFR,GSM 900, (BOIS DE NOE) 89320 NOE,89278,"48.1394,3.4131",Pylône autostable,"35,1m",ATC FRANCE,2024-04-19,SUP,,False,False
2877584,SFR,UMTS 900,SENTIER DU MARAIS DE PONTCELLES STADE OMNISPORTS DES FAUVETTES 95330 DOMONT,95199,"49.0242,2.3417",Pylône arbre,25m,SFR,,SUP,,False,True
2878781,SFR,5G NR 2100,ROUTE DE LA TETE RICHARD (LA TETE RICHARD) 95350 PISCOP,95489,"49.0256,2.3575",Pylône autostable,20m,SNCF Réseau,,SUP,,False,False
2879941,FREE MOBILE,"LTE 700, LTE 900, LTE 1800, LTE 2100, LTE 2600, 5G NR 3500",64 RUE SALVADOR ALLENDE 92000 NANTERRE,92050,"48.895,2.2222",Immeuble,"35,3m",Société HLM,2026-07-24,ALL,,False,True
2881877,SFR,5G NR 3500,CHEM DE SAINT-MACAIRE (LE PERUSSAS) 34120 TOURBES,34311,"43.4419,3.3728",Pylône autostable,"24,2m",ORANGE,2026-07-22,ALL,,False,False
2884277,ORANGE,GSM 900,PRÈS D933 (GRAND CROIX) 47800 MIRAMONT DE GUYENNE,47168,"44.5911,0.3453",Pylône autostable,42m,TOTEM,1997-06-20,SUP,,False,False
2885194,FREE MOBILE,LTE 1800,CHEMIN DE VIVOUR 87260 ST HILAIRE BONNEVAL,87148,"45.7283,1.3492",Pylône autostable,"44,6m",TDF,2026-07-28,ALL,,False,True
2885698,SFR,"UMTS 900, LTE 700, LTE 800, LTE 1800, LTE 2100, LTE 2600, 5G NR 2100, 5G NR 3500",INTERSECTION A16 ET N1 (LE BON ECU) 80470 ARGOEUVES,80024,"49.935,2.2456",Pylône autostable,40m,SFR,,SUP,,False,True
2887386,ORANGE,GSM 900,CHEMIN DE BAILLOT 82000 MONTAUBAN,82121,"44.035,1.3819",Pylône autostable,32m,TOTEM,2005-06-11,SUP,,False,False
2888405,FREE MOBILE,"LTE 700, LTE 900, LTE 1800, 5G NR 700",ROUTE DE LA VERGNE BABOUIN 85000 LA ROCHE SUR YON,85191,"46.635,-1.4122",Pylône autostable,64m,RTE,2026-07-24,ALL,,False,True
2889142,FREE MOBILE,UMTS 2100,11 AVENUE RAYMOND BADIOU 31500 TOULOUSE,31555,"43.5983,1.4092",Bâtiment,"24,6m",Société Privée,2026-12-31,SUP,,False,False
2891352,FREE MOBILE,"LTE 700, LTE 900, LTE 1800, 5G NR 700",TOREZZA 20233 SISCO,2B281,"42.8083,9.4431",Pylône autostable,"19,9m",FREE-MOBILE,2026-07-24,ALL,,False,True
2893689,SFR,5G NR 3500,6 ZONE ARTISANALE DE KERGADIC RTE DE PLEUMEUR BODOU 22700 PERROS GUIREC,22168,"48.805,-3.4711",Pylône autostable,"32,6m",CELLNEX,,AJO,,False,False
2893879,BOUYGUES TELECOM,"UMTS 900, LTE 700, LTE 800",ROUTE DE FOURQUES D615 TRA DE PASSA 66300 TORDERES,66211,"42.5653,2.7686",Pylône autostable,42m,HIVORY,,SUP,,True,True
2894135,FREE MOBILE,"LTE 700, LTE 1800, LTE 2600, 5G NR 3500",301 RUE DE WALHALLA 34090 MONTPELLIER,34172,"43.6181,3.9172",Pylône tubulaire,"19,8m",FREE-MOBILE,2026-07-28,ALL,,False,True
2894596,BOUYGUES TELECOM,UMTS 900,PROCHE D134 GRANDE RUE (LE CHAROUPIER) 25470 COURTEFONTAINE,25174,"47.3172,6.9017",Pylône autostable,37m,FREE-MOBILE,2026-07-22,ALL,,True,True
2894596,FREE MOBILE,UMTS 900,PROCHE D134 GRANDE RUE (LE CHAROUPIER) 25470 COURTEFONTAINE,25174,"47.3172,6.9017",Pylône autostable,37m,FREE-MOBILE,2026-07-24,ALL,,True,False
2896418,ORANGE,GSM 900, (PLAINE DU MOULIN) 47110 STE LIVRADE SUR LOT,47252,"44.4119,0.5903",Château d'eau - réservoir,32m,"Commune, communauté de communes",1998-12-11,SUP,,False,False
2898575,BOUYGUES TELECOM,5G NR 3500,D141 (DELLE DE LA VALLEE) 14550 BLAINVILLE SUR ORNE,14076,"49.2331,-0.3103",Pylône autostable,"26,7m",PHOENIX FRANCE INFRASTRUCTURES,,AJO,,False,False
2899392,FREE MOBILE,"LTE 900, LTE 2100, 5G NR 700",37 RUE MAC ORLAN 76620 LE HAVRE,76351,"49.5025,0.1286",Immeuble,"44,7m","Copropriété, Syndic, SCI",2026-07-24,ALL,,False,False
2902361,ORANGE,GSM 900,ROUTE DU FOUSSERET CHÂTEAU D'EAU 31430 ST ELIX LE CHATEAU,31476,"43.2803,1.125",Château d'eau - réservoir,52m,"Syndicat des eaux, Adduction",1997-07-11,SUP,,False,False
2903215,ORANGE,GSM 900,PROCHE INTERSECTION VC5 DE COUBÉ  (GALAUBON) 32400 BERNEDE,32046,"43.6714,-0.2086",Pylône autostable,30m,TOTEM,2013-01-30,SUP,,False,False
2903713,SFR,"UMTS 900, LTE 700, LTE 800, LTE 1800, LTE 2100, LTE 2600, 5G NR 2100, 5G NR 3500",24 RUE FEUTRIER 75018 PARIS 18,75118,"48.8869,2.3461",Immeuble,"22,6m","Copropriété, Syndic, SCI",,SUP,,False,True
2905562,BOUYGUES TELECOM,LTE 700,211 BD DE TOURNAI HOTEL PARK INN 59650 VILLENEUVE D ASCQ,59009,"50.6131,3.1333",Bâtiment,33m,Société Privée,2026-07-30,ALL,,False,False
2908875,SFR,"UMTS 900, LTE 700, LTE 800, LTE 1800, LTE 2100, 5G NR 2100",AVENUE DE LA CHENERAIE 40310 GABARRET,40102,"43.9858,0.0158",Pylône autostable,36m,HIVORY,,SUP,,False,True
2909332,ORANGE,GSM 900,PRÈS DE LA ROUTE DU PIN (PETITE LAUBIE) 47350 PUYMICLAN,47216,"44.5283,0.3036",Pylône autostable,32m,TOTEM,1998-12-30,SUP,,False,False
2911162,SFR,UMTS 900,9007 CHEMIN LATÉRAL (LE BAS DES GROUX) 91320 WISSOUS,91689,"48.74,2.3447",Pylône autostable,35m,ON TOWER FRANCE,,SUP,,False,True
2913091,FREE MOBILE,"LTE 900, LTE 2100",ROUTE DE GRATENTOUR (LE DELPHI) 31620 LABASTIDE ST SERNIN,31252,"43.7319,1.4625",Pylône autostable,"32,8m",FREE-MOBILE,2026-07-24,ALL,,False,False
2914226,SFR,LTE 2600,CHEMIN DE NONAIN ROUTE  DEPARTEMENTALE N°88 DE VALENCIENNES À CAMBRAI 59188 VILLERS EN CAUCHIES,59622,"50.2386,3.3881",Pylône autostable,32m,TDF,2026-07-24,AJA,,False,False
2914450,SFR,"UMTS 900, LTE 700, LTE 800, LTE 1800, LTE 2100, LTE 2600, 5G NR 3500",5 RUE JACQUES DUCLOS 94800 VILLEJUIF,94076,"48.7856,2.3647",Immeuble,33m,"Copropriété, Syndic, SCI",,SUP,,False,True
2917548,ORANGE,GSM 900,CHEMIN RURAL DE LA FORÊT (NEGRET) 82290 LACOURT ST PIERRE,82085,"43.9658,1.2742",Pylône autostable,34m,TOTEM,2009-06-04,SUP,,False,False
2918081,FREE MOBILE,"LTE 700, LTE 900, LTE 1800, 5G NR 700",RUE DE KERROC'H 29510 LANDREVARZEC,29106,"48.0919,-4.0544",Pylône autostable,"37,9m",FREE-MOBILE,2026-07-24,ALL,,False,True
2922326,SFR,UMTS 900,RUE DU CLOS GARNIER ROUTE DARGENTEUIL 95240 CORMEILLES EN PARISIS,95176,"48.9669,2.2103",Bâtiment,28m,Société Privée,,SUP,,False,True
2923462,BOUYGUES TELECOM,"UMTS 900, LTE 700, LTE 800",MONTAGNE DE SAINTE-CROIX ROUTE D14E17 (LES ISSARTS) 34390 OLARGUES,34187,"43.5439,2.9072",Pylône autostable,24m,TDF,,AJO,,True,True
2923705,SFR,UMTS 900,3 RUE DES CLAVIZIS 94380 BONNEUIL SUR MARNE,94011,"48.7719,2.4817",Immeuble,48m,"Copropriété, Syndic, SCI",,SUP,,False,True
2924095,FREE MOBILE,"LTE 900, LTE 1800, LTE 2100, LTE 2600, 5G NR 3500",RUE DU VIEUX COLLÈGE 21000 DIJON,21231,"47.3197,5.0456",Immeuble,"21,6m","Copropriété, Syndic, SCI",2026-07-24,ALL,,False,False
2928426,ORANGE,GSM 900,RUE DE L'EGLISE 65100 BARTRES,65070,"43.1244,-0.0483",Monument religieux,32m,"Commune, communauté de communes",2015-05-13,SUP,,False,False
2930648,BOUYGUES TELECOM,LTE 2600,AVENUE DU GÉNÉRAL LECLERC 76530 GRAND COURONNE,76319,"49.3658,1.0147",Pylône tubulaire,38m,ON TOWER FRANCE,2026-07-21,ALL,,False,False
2930688,SFR,UMTS 900,64 RUE DES NOISETIERS AVENUE DU GROS CHENE 95220 HERBLAY SUR SEINE,95306,"49.0222,2.1208",Pylône autostable,24m,CELLNEX,,SUP,,False,False
29321,BOUYGUES TELECOM,LTE 2100,PRÈS RÉSERVOIR (DUFFARD) 32170 LAGUIAN MAZOUS,32181,"43.4233,0.2397",Pylône autostable,42m,HIVORY,2026-07-23,ALL,,False,False
2934662,FREE MOBILE,5G NR 700,ROUTE DES ILES SANGUINAIRES HOTEL CALA DI SOLE 20167 AJACCIO,2A004,"41.9061,8.6686",Immeuble,"10,5m",Société Privée,2026-07-24,ALL,,False,False
2934910,ORANGE,GSM 900,RUE DES FRÈRES LUMIÈRE 31520 RAMONVILLE ST AGNE,31446,"43.5533,1.48",Pylône tubulaire,30m,TOTEM,2007-08-20,SUP,,False,False
2934963,SFR,"UMTS 900, LTE 700, LTE 800",A STADE ECOLE NAVALE 29160 LANVEOC,29120,"48.2758,-4.4106",Pylône autostable,"26,3m",BOUYGUES,,AJO,,True,True
2936917,ORANGE,GSM 900,39 BOULEVARD DE L'EUROPE 31600 MURET,31395,"43.4714,1.3314",Immeuble,40m,TOTEM,2007-04-28,SUP,,False,False
2942014,SFR,UMTS 900,3 CHEMIN DE MONTIGNY 95220 HERBLAY SUR SEINE,95306,"48.9914,2.1733",Immeuble,13m,"Copropriété, Syndic, SCI",,SUP,,False,True
2943341,FREE MOBILE,"LTE 900, LTE 1800, LTE 2600, 5G NR 3500",6 RUE AMÉDÉE DORMOY 76100 ROUEN,76540,"49.4458,1.0653",Bâtiment,6m,Société Privée,2026-07-24,ALL,,False,False
2946043,FREE MOBILE,"LTE 900, 5G NR 700",6 CHEMIN DE TOULGUERI CHEMIN DES VIGNES (BODERHARF) 56370 LE TOUR DU PARC,56252,"47.5275,-2.6417",Pylône autostable,36m,TOTEM,2026-07-24,ALL,,False,False
2949266,FREE MOBILE,"LTE 1800, LTE 2600, 5G NR 3500",CHEMIN DE LA HIGONNIERE (LES MILLOTS) 44640 ST JEAN DE BOISEAU,44166,"47.1964,-1.7097",Pylône autostable,36m,CELLNEX,2026-07-24,ALL,,False,False
2949278,SFR,GSM 900,7 RUE HENRI DUNANT 28100 DREUX,28134,"48.7367,1.3847",Immeuble,"21,6m",Société Privée,2020-02-06,SUP,,False,False
2950253,SFR,UMTS 900,7 AVENUE DU FIEF 95310 ST OUEN L AUMONE,95572,"49.045,2.1461",Pylône autostable,26m,BOUYGUES,,SUP,,False,False
2953070,FREE MOBILE,"LTE 900, LTE 2100, 5G NR 3500",CHEMIN DE LA FENASSE LE PRÉ CORNETIÈRE (LA FENASSE) 85360 LA TRANCHE SUR MER,85294,"46.3569,-1.4522",Pylône tubulaire,31m,TOTEM,2026-07-24,ALL,,False,False
2954824,SFR,UMTS 900,2 RUE DE MONTSERVON 95500 GONESSE,95277,"48.9692,2.4633",Immeuble,19m,"Copropriété, Syndic, SCI",,SUP,,False,True
2956471,FREE MOBILE,"LTE 2100, LTE 2600",ROUTE DE SAINT ELIX (SEIGLANE) 31390 SALLES SUR GARONNE,31525,"43.2781,1.1706",Pylône autostable,"38,8m",FREE-MOBILE,,SUP,,False,False
2956924,SFR,"GSM 900, UMTS 2100, LTE 700, LTE 800, LTE 1800, LTE 2100, LTE 2600",PROCHE DE ROUTE DU ROHRSCHOLLEN (BAUERNGRUND) 67200 STRASBOURG,67482,"48.5142,7.7847",Pylône autostable,45m,TOTEM,,SUP,,False,True
2962101,FREE MOBILE,5G NR 700,8 RUE DE LA RABALETTE STADE DE LA RABALETTE 85800 ST GILLES CROIX DE VIE,85222,"46.7033,-1.9453",Pylône tubulaire,25m,ON TOWER FRANCE,2026-07-24,ALL,,False,False
2963408,SFR,"UMTS 900, LTE 700, LTE 800, LTE 1800, LTE 2100, LTE 2600, 5G NR 2100, 5G NR 3500",92 RUE GEORGES CLEMENCEAU 57700 HAYANGE,57306,"49.3222,6.0589",Pylône tubulaire,25m,SFR,,SUP,,False,True
2964376,SFR,"UMTS 900, LTE 700, LTE 800, LTE 1800, LTE 2100, LTE 2600, 5G NR 3500",2 RUE CHARLES-FRANÇOIS DUPUIS 75003 PARIS 03,75103,"48.865,2.3628",Immeuble,"22,5m","Copropriété, Syndic, SCI",,SUP,,False,True
2965210,SFR,"LTE 700, LTE 800, LTE 1800, LTE 2100, LTE 2600, 5G NR 3500",IMPASSE DE LA PETITE VENISE PARC DU CHÂTEAU DE VERSAILLES 78000 VERSAILLES,78646,"48.8094,2.11",Pylône tubulaire,25m,SFR,,SUP,,False,True
2965520,SFR,UMTS 900,37 RUE DES LOGES 95110 SANNOIS,95582,"48.9831,2.2428",Pylône tubulaire,31m,ON TOWER FRANCE,,SUP,,False,True
2965524,BOUYGUES TELECOM,UMTS 900,ROUTE DE CASTELNAU STATION POMPAGE (LES BARREYRES) 33160 ST AUBIN DE MEDOC,33376,"44.9406,-0.7656",Pylône autostable,47m,TOTEM,2026-07-29,ALL,,False,False
2967888,FREE MOBILE,"LTE 700, LTE 900, LTE 1800, LTE 2100, LTE 2600, 5G NR 3500",CHEMIN D'EXPLOTATION (LE PÉNOSANT) 01600 ST DIDIER DE FORMANS,01347,"45.9533,4.7944",Pylône autostable,30m,TOTEM,2026-07-24,ALL,,False,True
2969068,FREE MOBILE,"LTE 700, LTE 900, LTE 1800, LTE 2100, LTE 2600, 5G NR 3500",1 RUE DE PEN AN ERO PROCHE ROND-POINT DU POTEAU (CLOUCHOURENN) 29160 LANVEOC,29120,"48.2767,-4.4958",Pylône autostable,"30,7m",PHOENIX FRANCE INFRASTRUCTURES,2026-07-24,ALL,,False,True
2970012,ORANGE,GSM 900,16 RTE DE DURAN (BETBÈZE) 32000 AUCH,32013,"43.6569,0.5603",Pylône tubulaire,27m,TOTEM,2015-02-26,SUP,,False,False
2971330,BOUYGUES TELECOM,"LTE 700, LTE 800",3200 RTE D'AGDE (CHATEAU DE VILLEROY) 34200 SETE,34301,"43.3792,3.6289",Pylône autostable,10m,CELLNEX,2026-07-30,ALL,,False,False
2972432,FREE MOBILE,"LTE 900, LTE 1800, 5G NR 700",287 AV SAINT-JACQUES DE COMPOSTELLE RN 10 (LE PUCH OUEST) 33610 CESTAS,33122,"44.6842,-0.7228",Pylône autostable,35m,TOTEM,2026-07-24,ALL,,False,False
2972444,FREE MOBILE,5G NR 700,4 RUE TERME REDOUN 81090 LAGARRIGUE,81130,"43.5794,2.2736",Pylône autostable,36m,TOTEM,2026-07-24,ALL,,False,False
2972828,SFR,UMTS 900,6 RUE DES CLAVISIS RUE GABRIEL DE RONNE 94000 CRETEIL,94028,"48.7806,2.4714",Immeuble,"19,8m","Copropriété, Syndic, SCI",,SUP,,False,True
2974810,ORANGE,GSM 900,63 AVENUE JEAN JAURES 47200 MARMANDE,47157,"44.5019,0.155",Pylône autostable,34m,TOTEM,1995-07-07,SUP,,False,False
2980683,ORANGE,GSM 900,5600 CHEMIN DU CLAUZIER ZI CTRE KENNEDY (BERNADE) 65430 SOUES,65433,"43.2161,0.0919",Pylône autostable,29m,TOTEM,2005-10-01,SUP,,False,False
2980710,FREE MOBILE,5G NR 700,ROUTE DE MONTFERRAT (LES SALLES) 83300 DRAGUIGNAN,83050,"43.5492,6.4458",Bâtiment,32m,Établissement de soins,2026-07-28,ALL,,False,False
2980879,FREE MOBILE,5G NR 700,ROUTE DE POLLESTRES (LES CLOTES) 66680 CANOHES,66038,"42.6433,2.8444",Pylône autostable,21m,FREE-MOBILE,2026-07-28,ALL,,False,False
2990152,FREE MOBILE,5G NR 700,59 CHEMIN DES ISCLES RÉSIDENCE LES ISCLES 83700 ST RAPHAEL,83118,"43.4267,6.7664",Immeuble,"24,1m",Société HLM,2026-07-28,ALL,,False,False
2991300,ORANGE,GSM 900,21 FAUBOURG DU PRIEURE (LE SUQUET) 82230 MONCLAR DE QUERCY,82115,"43.9683,1.585",Pylône autostable,41m,TOTEM,2000-09-22,SUP,,False,False
2992437,FREE MOBILE,"LTE 700, LTE 900, LTE 1800, LTE 2100, LTE 2600, 5G NR 3500",480 ROUTE DE REYRIEUX (LES EPINASSES) 69730 GENAY,69278,"45.895,4.8289",Pylône tubulaire,24m,TOTEM,2026-07-24,ALL,,False,True
2993334,FREE MOBILE,"LTE 900, LTE 1800, LTE 2100, LTE 2600, 5G NR 3500",CHEM COMMUNAL (LES GRANDES GARNAUDIÈRES) 85340 LES SABLES D OLONNE,85194,"46.5317,-1.785",Pylône autostable,35m,TOTEM,2026-07-24,ALL,,False,False
2995104,ORANGE,GSM 900,ROUTES DES GRAVES STADE DU MARQUISAT (ICHIS) 65290 LOUEY,65284,"43.1844,0.0214",Pylône autostable,33m,TOTEM,2005-05-14,SUP,,False,False
2995769,FREE MOBILE,"LTE 700, LTE 900, LTE 1800, LTE 2100, LTE 2600, 5G NR 3500",325 AVENUE PIERRE DE COUBERTIN (BAUMES) 13160 CHATEAURENARD,13027,"43.8842,4.8664",Pylône autostable,32m,CELLNEX,2026-07-24,ALL,,False,True
2996243,FREE MOBILE,"LTE 700, LTE 900, LTE 1800, LTE 2100, LTE 2600, 5G NR 3500",35 RUE ROGER LANDINI LA POSTE 83700 ST RAPHAEL,83118,"43.4231,6.7706",Bâtiment,31m,TOTEM,2026-07-24,ALL,,False,True
2996682,FREE MOBILE,5G NR 700,8 BIS RUE DENIS PAPIN YLS LOGISTIQUE 8 (QUARTIER JEAN MACE) 78190 TRAPPES,78621,"48.7667,1.9972",Pylône tubulaire,30m,FREE-MOBILE,2026-07-24,ALL,,False,False
2998638,ORANGE,LTE 1800,CHEMIN DES PRÉS APRÈS LE MOULIN DE LA MOUCHE (LE PONT JOLY) 27290 ST PHILBERT SUR RISLE,27587,"49.2903,0.6589",Pylône autostable,36m,TOTEM,2026-07-21,ALL,,False,False
3000484,SFR,"UMTS 900, LTE 700, LTE 800",ROUTE DE PIRON (POUY) 40190 BOURDALAT,40052,"43.8397,-0.2164",Pylône autostable,"42,5m",HIVORY,,SUP,,True,True
3000960,FREE MOBILE,"LTE 1800, LTE 2600, 5G NR 3500",339 CHEMIN DES ROCHONS (LES ROCHONS) 01090 MONTMERLE SUR SAONE,01263,"46.0919,4.7631",Pylône autostable,29m,TOTEM,2026-07-28,ALL,,False,True
3002872,FREE MOBILE,5G NR 700,2 RUE RAVIER 74100 AMBILLY,74008,"46.1992,6.2261",Immeuble,19m,"Copropriété, Syndic, SCI",2026-07-28,ALL,,False,False
3003557,ORANGE,"LTE 800, 5G NR 700",60  RUE DU 8 MAI 1945 59293 NEUVILLE SUR ESCAUT,59429,"50.2903,3.3569",Pylône autostable,"36,5m",CELLNEX,2026-08-05,AAV,,False,True
3004089,BOUYGUES TELECOM,LTE 1800,2 RUE NORVINS 75018 PARIS 18,75118,"48.8867,2.3411",Immeuble,"17,7m",Société HLM,2026-07-21,ALL,,False,True
3004091,SFR,"UMTS 900, LTE 700, LTE 800, LTE 1800, LTE 2100, 5G NR 2100", (LE CHATELARD) 87200 ST JUNIEN,87154,"45.9008,0.9025",Pylône autostable,"38,5m",CELLNEX,,SUP,,False,True
3004093,BOUYGUES TELECOM,LTE 2100,2 CHEMIN DU MUGRON (CHARDAVOINE) 33360 CAMBLANES ET MEYNAC,33085,"44.7622,-0.4542",Pylône autostable,"32,4m",CELLNEX,2025-11-11,SUP,,False,False
3004392,FREE MOBILE,"LTE 700, LTE 900, LTE 1800, 5G NR 700",126 RUE DE TIVOLI (BARATET) 47130 BAZENS,47022,"44.2478,0.4153",Pylône autostable,44m,ATC FRANCE,2026-07-24,ALL,,False,True
3004458,FREE MOBILE,"LTE 700, LTE 900, LTE 1800, LTE 2100, LTE 2600, 5G NR 3500",IMP PABLO NERUDA (LA MOTTE) 44550 MONTOIR DE BRETAGNE,44103,"47.3317,-2.1519",Pylône tubulaire,36m,FREE-MOBILE,2026-07-24,ALL,,False,True
3004769,SFR,UMTS 900,181  BOULVARD ANDRE BREMONT 95320 ST LEU LA FORET,95563,"49.0053,2.2486",Pylône tubulaire,21m,SFR,,SUP,,False,True
3007101,BOUYGUES TELECOM,"LTE 700, LTE 800, LTE 1800, LTE 2600, 5G NR 2100",CHEMIN DU PRESSOIR (LES OSCHES) 10120 ST GERMAIN,10340,"48.26,3.99",Pylône autostable,"42,5m",TDF,2026-07-25,ALL,,False,True
3010861,BOUYGUES TELECOM,"UMTS 900, LTE 700, LTE 800",CHEMIN COMMUNAL N°3 (BOIS DE LA LECHE) 54450 REPAIX,54458,"48.6044,6.8358",Pylône autostable,42m,SFR,,SUP,,True,True
3010861,FREE MOBILE,"UMTS 900, LTE 700",CHEMIN COMMUNAL N°3 (BOIS DE LA LECHE) 54450 REPAIX,54458,"48.6044,6.8358",Pylône autostable,42m,SFR,,SUP,,True,True
3013006,SFR,UMTS 900,RUE BOILEAU RUE GUTENBERG 94190 VILLENEUVE ST GEORGES,94078,"48.7619,2.4436",Pylône tubulaire,25m,SFR,,SUP,,False,True
3017843,FREE MOBILE,5G NR 700,4 RUE AMPÈRE (LE MOULIN GASTOU) 65100 LOURDES,65286,"43.1278,-0.03",Pylône autostable,34m,TOTEM,2026-07-24,ALL,,False,False
3017843,ORANGE,GSM 900,4 RUE AMPÈRE (LE MOULIN GASTOU) 65100 LOURDES,65286,"43.1278,-0.03",Pylône autostable,34m,TOTEM,2005-01-29,SUP,,False,False
3019251,ORANGE,GSM 900,IMPASSE DES GENÊTS 46120 LEYME,46170,"44.7803,1.8967",Pylône tubulaire,31m,ATC FRANCE,2022-06-16,SUP,,False,False
3019329,FREE MOBILE,"LTE 700, LTE 1800, LTE 2600, 5G NR 3500",53 RUE DE RENNES 75006 PARIS 06,75106,"48.8528,2.3325",Immeuble,27m,"Copropriété, Syndic, SCI",2026-07-28,ALL,,False,True
3021398,FREE MOBILE,"LTE 700, LTE 900, LTE 1800, LTE 2100, LTE 2600, 5G NR 3500",52 RUE DE BRANLY 34500 BEZIERS,34032,"43.3542,3.2208",Immeuble,"19,3m",Société HLM,2026-07-24,ALL,,False,True
3023065,SFR,"UMTS 900, LTE 2100",D275 (BALBRONNFELD) 67310 BERGBIETEN,67030,"48.5794,7.4456",Pylône autostable,36m,SFR,,SUP,,False,True
3023202,FREE MOBILE,"LTE 700, LTE 900, LTE 1800, 5G NR 700",ROUTE DE NIMES D127 CENTRAL TÉLÉLPHONIQUE ORANGE 30320 POULX,30206,"43.8961,4.4225",Pylône autostable,"18,3m",TOTEM,2026-07-24,ALL,,False,True
3029468,SFR,5G NR 3500,RTE DES VARENNES (LE BOURRAS) 07340 CHARNAS,07056,"45.335,4.7297",Pylône autostable,25m,CELLNEX,,AJO,,False,False
3032815,ORANGE,GSM 900,AVENUE DE L'EURO ZI EURONORD (CAPDEJOUAN) 31150 BRUGUIERES,31091,"43.7231,1.3975",Pylône tubulaire,33m,TOTEM,2003-08-16,SUP,,False,False
3033178,ORANGE,"LTE 700, 5G NR 2100",14 LA CHESNAIS 35850 ROMILLE,35245,"48.2378,-1.9031",Pylône autostable,37m,TOTEM,,AJO,,False,False
3033178,ORANGE,LTE 2100,14 LA CHESNAIS 35850 ROMILLE,35245,"48.2378,-1.9031",Pylône autostable,37m,TOTEM,2019-10-31,SUP,,False,False
3035708,BOUYGUES TELECOM,"LTE 700, LTE 800",RTE DU BOIS DES TRÉANS PRÉ DU BOIS SAUVIN (LE GÂT PELLERIN) 44760 LES MOUTIERS EN RETZ,44106,"47.0719,-2.0092",Pylône tubulaire,28m,TOTEM,2026-07-30,ALL,,False,True
3039869,FREE MOBILE,"LTE 700, LTE 900, LTE 1800, LTE 2100, LTE 2600, 5G NR 3500",RUE JULES VERNE 69800 ST PRIEST,69290,"45.6986,4.9664",Pylône autostable,"31,2m",FREE-MOBILE,2026-07-24,ALL,,False,True
3040214,FREE MOBILE,"LTE 700, LTE 900, LTE 1800, 5G NR 700",TAILLIS DES TURPINIERES 72800 LUCHE PRINGE,72175,"47.7256,0.0733",Pylône autostable,"36,6m",FREE-MOBILE,2026-07-24,ALL,,False,True
3044279,FREE MOBILE,"LTE 2100, 5G NR 700",41 AVENUE DU GÉNÉRAL LECLERC 93500 PANTIN,93055,"48.8956,2.4006",Bâtiment,23m,"Copropriété, Syndic, SCI",2026-07-24,ALL,,False,False
3044575,ORANGE,"LTE 700, LTE 800",D129 LE CHEMIN DE MAILLY ROUTE DE MAILLY 80300 ENGLEBELMER,80266,"50.0653,2.6108",Pylône autostable,"35,7m",TOTEM,2026-08-07,AAV,,False,True
3045507,ORANGE,GSM 900,RTE DE VIGUIE (COMBELOU) 46170 CASTELNAU MONTRATIER,46063,"44.2569,1.3347",Pylône autostable,32m,TOTEM,2001-09-07,SUP,,False,False
3045542,BOUYGUES TELECOM,"UMTS 900, LTE 700, LTE 800, LTE 1800, LTE 2100, LTE 2600, 5G NR 2100",ROUTE DÉPARTEMENTALE D 107 (LE CHAMP ST-ANTOINE) 18500 MARMAGNE,18138,"47.1192,2.2347",Pylône autostable,31m,ON TOWER FRANCE,2026-07-23,ALL,,False,True
3049256,FREE MOBILE,"LTE 900, 5G NR 700",CHEMIN DE LA COLONIE (LE BAURE) 38660 PLATEAU DES PETITES ROCHES,38395,"45.2864,5.8439",Mât,12m,TOTEM,2026-07-24,ALL,,False,False
3050403,FREE MOBILE,5G NR 700,3830 ROUTE DES SANGUINAIRES RESIDENCE LES CALANQUES 20167 AJACCIO,2A004,"41.9086,8.6578",Immeuble,"24,2m","Copropriété, Syndic, SCI",2026-07-24,ALL,,False,False
3050446,BOUYGUES TELECOM,"LTE 2600, 5G NR 2100",R DES MARAÎCHÈRES (LA GAGNERIE DU ROLLY) 44340 BOUGUENAIS,44020,"47.1675,-1.62",Pylône tubulaire,18m,CELLNEX,2026-07-10,ALL,,False,False
3050776,ORANGE,GSM 900,5 R MAGRESSOLLES 31780 CASTELGINEST,31116,"43.6928,1.4294",Immeuble,"13,7m","Copropriété, Syndic, SCI",2017-08-10,SUP,,False,False
305327,SFR,GSM 900,15 R LOUIS ARMANT IMM SNCF 95120 ERMONT,95219,"48.9808,2.2661",Immeuble,21m,SNCF Réseau,2020-12-29,SUP,,False,False
3053352,FREE MOBILE,"LTE 700, LTE 900, LTE 1800, 5G NR 700",CHEMIN RURAL DE LA GARE (PIÈCE DE CHICHENY) 91690 GUILLERVAL,91294,"48.3772,2.0619",Pylône autostable,24m,ATC FRANCE,2026-07-24,ALL,,False,True
3054703,FREE MOBILE,"LTE 900, LTE 1800, LTE 2100, LTE 2600, 5G NR 3500",1432 CHEMIN LE LANÇON (LE LANÇON) 83110 SANARY SUR MER,83123,"43.1431,5.8244",Pylône arbre,12m,FREE-MOBILE,2026-07-24,ALL,,False,False
3055853,FREE MOBILE,"LTE 900, 5G NR 700",CHEMIN DE LA COLONIE (LE BAURE) 38660 PLATEAU DES PETITES ROCHES,38395,"45.2864,5.8439",Mât,12m,TOTEM,2026-07-24,ALL,,False,False
3055980,BOUYGUES TELECOM,"5G NR 2100, 5G NR 3500",7 R ALBERTO SANTOS DUMONT (PARC MARCEL DASSAULT) 34430 ST JEAN DE VEDAS,34270,"43.5575,3.8481",Pylône autostable,12m,BOUYGUES,2026-08-03,AAV,,False,False
3056102,SFR,"UMTS 900, LTE 2100",D212A (LA FOSSE DE MEAUX) 77290 COMPANS,77123,"48.9775,2.6597",Pylône autostable,42m,SFR,,SUP,,False,True
3056401,FREE MOBILE,"LTE 900, LTE 1800, LTE 2100, LTE 2600, 5G NR 3500",1B RUE DE COLMAR (OPHOVE) 62510 ARQUES,62040,"50.7294,2.2919",Pylône autostable,"42,7m",FREE-MOBILE,2026-07-24,ALL,,False,False
3058484,BOUYGUES TELECOM,"LTE 700, LTE 800",R DU MOUTIER 93240 STAINS,93072,"48.9575,2.3853",Pylône autostable,24m,BOUYGUES,2026-07-22,ALL,,False,True
3062012,FREE MOBILE,"LTE 700, LTE 1800, LTE 2600",3 BIS RUE CLÉMENT ADER 85500 LES HERBIERS,85109,"46.8622,-1.0042",Pylône tubulaire,30m,TOTEM,2026-07-28,ALL,,False,True
3065904,ORANGE,GSM 900,CHEMIN DÉPARTEMENTALE N°23 STATION D ÉPURATION (LA JURASSO) 31800 VALENTINE,31565,"43.0947,0.7108",Pylône autostable,30m,TOTEM,2011-02-17,SUP,,False,False
3065918,FREE MOBILE,5G NR 700,949 AVENUE JEAN MOULIN 33930 VENDAYS MONTALIVET,33540,"45.3858,-1.1483",Pylône autostable,45m,TOTEM,2026-07-24,ALL,,False,False
3067308,FREE MOBILE,"LTE 700, LTE 1800, LTE 2600, 5G NR 3500",5 RUE ANTONIO VIVALDI 31500 TOULOUSE,31555,"43.6053,1.4147",Immeuble,"16,8m",Société HLM,2026-07-28,ALL,,False,True
3072120,FREE MOBILE,"UMTS 900, LTE 700",RUE DU CHÂTEAU D'EAU RUE DU PARC 11230 VAL DE LAMBRONNE,11080,"43.0731,1.9744",Pylône autostable,"24,4m",FREE-MOBILE,2026-07-30,ALL,,True,True
3072120,SFR,"UMTS 900, LTE 700",RUE DU CHÂTEAU D'EAU RUE DU PARC 11230 VAL DE LAMBRONNE,11080,"43.0731,1.9744",Pylône autostable,"24,4m",FREE-MOBILE,2026-07-15,ALL,,True,False
307221,ORANGE,GSM 900,VC (LA OUEYTE) 32550 HAULIES,32153,"43.5617,0.6811",Pylône autostable,35m,Conseil Départemental,2007-08-02,SUP,,True,False
307225,ORANGE,GSM 900,D.129 CHÂTEAU D'EAU (CAZENEUVE) 32260 MONFERRAN PLAVES,32267,"43.48,0.63",Château d'eau - réservoir,51m,"Syndicat des eaux, Adduction",2006-03-11,SUP,,True,False
3073764,ORANGE,"5G NR 700, 5G NR 3500",RUE DE L'ORIETTE RUE DE GUINEFOLLE STADE MUNICIPAL 53230 COSSE LE VIVIEN,53077,"47.9419,-0.9081",Pylône tubulaire,30m,TOTEM,,AJO,,False,False
3073764,ORANGE,"UMTS 900, LTE 700",RUE DE L'ORIETTE RUE DE GUINEFOLLE STADE MUNICIPAL 53230 COSSE LE VIVIEN,53077,"47.9419,-0.9081",Pylône tubulaire,30m,TOTEM,2026-01-26,SUP,,False,False
3074530,ORANGE,GSM 900, (PECH BAHUT) 46340 SALVIAC,46297,"44.6897,1.2606",Pylône autostable,40m,TOTEM,2020-01-27,SUP,,False,False
3074789,ORANGE,"LTE 1800, LTE 2100, LTE 2600, 5G NR 3500",25 BIS RUE LAMARTINE 76100 ROUEN,76540,"49.4506,1.11",Immeuble,"15,9m","Copropriété, Syndic, SCI",2026-07-20,ALL,,False,False
3075508,ORANGE,5G NR 2100,CHEMIN DE GOELLE 63190 MOISSAT,63229,"45.7825,3.365",Pylône autostable,35m,ATC FRANCE,,AJO,,False,False
3075523,PMT-VODAFONE,5G NR 3500,PK3.5 EST (DOMAINE LABBE) 98716 PIRAE,98736,"-17.5383,-149.5306",Pylône autostable,32m,Pacific Mobile Telecom,,AJO,,False,False
3076127,BOUYGUES TELECOM,5G NR 3500,CHEM DE LA BRÈCHE 30190 ST GENIES DE MALGOIRES,30255,"43.9464,4.2253",Pylône autostable,18m,CELLNEX,,AJO,,False,False
3076213,BOUYGUES TELECOM,"LTE 700, LTE 800, LTE 1800, LTE 2600, 5G NR 2100",22 RUE DES VERGEOIS (LA COTE DE VERGEOIS) 51300 SOULANGES,51557,"48.7972,4.5317",Pylône autostable,"36,4m",HIVORY,2026-07-25,ALL,,False,True
307655,ORANGE,GSM 900,PRÈS D.235 CHÂTEAU D'EAU DE LASSERRE (LA FONT DU ROI) 09230 LASSERRE,09158,"43.0658,1.1708",Château d'eau - réservoir,21m,"Syndicat des eaux, Adduction",2006-03-18,SUP,,True,False
3077844,BOUYGUES TELECOM,"LTE 700, LTE 800",COTE DES RUS 22130 LANGUENAN,22105,"48.5081,-2.1347",Pylône autostable,"30,5m",CELLNEX,2026-08-03,AAV,,False,True
3078231,FREE MOBILE,"LTE 900, LTE 1800, LTE 2100, LTE 2600, 5G NR 3500",RUE DES MANOUVRIERS 77176 SAVIGNY LE TEMPLE,77445,"48.6019,2.5603",Pylône arbre,"26,5m",FREE-MOBILE,2026-07-24,ALL,,False,False
3087511,SFR,"UMTS 900, LTE 700, LTE 800",PROCHE DE ROUTE DÉPARTEMENTALE N°69 (COL DE VERDE) 20227 GHISONI,2B124,"42.0294,9.1939",Pylône autostable,36m,SFR,2026-07-23,ALL,,True,True
3091009,SFR,"LTE 700, LTE 800, LTE 1800, LTE 2100, LTE 2600, 5G NR 2100, 5G NR 3500",1 RUE JEAN GIRAUDOUX 32 RUE MARTIN LUTHER KING 71100 CHALON SUR SAONE,71076,"46.7944,4.8403",Bâtiment,48m,"Commune, communauté de communes",2026-07-17,ALL,,False,True
3091243,BOUYGUES TELECOM,"UMTS 900, LTE 700, LTE 800",RUE DE CRECY D135 (LE CHEM DE DOMPIERRE) 62140 CAPELLE LES HESDIN,62212,"50.3339,1.9925",Pylône autostable,42m,HIVORY,,AJO,,True,True
3091243,FREE MOBILE,,RUE DE CRECY D135 (LE CHEM DE DOMPIERRE) 62140 CAPELLE LES HESDIN,62212,"50.3339,1.9925",Pylône autostable,42m,HIVORY,2026-07-20,CHH,"36,3m",True,False
3091243,ORANGE,,RUE DE CRECY D135 (LE CHEM DE DOMPIERRE) 62140 CAPELLE LES HESDIN,62212,"50.3339,1.9925",Pylône autostable,42m,HIVORY,2026-03-10,CHH,"36,3m",True,False
3091243,SFR,,RUE DE CRECY D135 (LE CHEM DE DOMPIERRE) 62140 CAPELLE LES HESDIN,62212,"50.3339,1.9925",Pylône autostable,42m,HIVORY,2026-03-10,CHH,"36,3m",True,False
3092297,BOUYGUES TELECOM,"LTE 700, LTE 800",20 R JEAN COCTEAU 75018 PARIS 18,75118,"48.9,2.3489",Pylône tubulaire,26m,BOUYGUES,2026-07-22,ALL,,False,True
3092301,BOUYGUES TELECOM,"LTE 700, LTE 800",1 ALLEE DU CHATEAU 3 AVENUE DU DOCTEUR MICHAUX 93300 AUBERVILLIERS,93001,"48.9133,2.3911",Immeuble,20m,"Copropriété, Syndic, SCI",2026-07-22,ALL,,False,True
3095459,FREE MOBILE,"LTE 700, LTE 900, LTE 1800, LTE 2100, LTE 2600, 5G NR 3500",19 AVENUE DE MONTCY NOTRE DAME (PARC DEVILLE) 08000 CHARLEVILLE MEZIERES,08105,"49.7739,4.7397",Pylône tubulaire,"25,1m",FREE-MOBILE,2026-07-24,ALL,,False,True
3095677,ORANGE,GSM 900,ROUTE DE LAVAUR (LES FENOUILLÉS) 31590 VERFEIL,31573,"43.665,1.6956",Pylône autostable,30m,TOTEM,2006-12-13,SUP,,False,False
3096319,SFR,"LTE 1800, LTE 2100",174 ROUTE DE LA FEUILLADE 24200 CARSAC AILLAC,24082,"44.8647,1.2661",Pylône autostable,30m,TOWEO,2026-06-08,ART,,False,True
3097896,FREE MOBILE,"LTE 700, LTE 900, LTE 1800, LTE 2100, LTE 2600, 5G NR 3500",1 RUE DE LA GRANGE QUILLET 37700 ST PIERRE DES CORPS,37233,"47.3811,0.7128",Pylône autostable,36m,NEXT TOWER,2026-07-24,ALL,,False,True
3098553,ORANGE,GSM 900,3 RUE DE L'ADOUR RÉSIDENCE BEL ADOUR 65000 TARBES,65440,"43.2322,0.0892",Immeuble,24m,Société HLM,2012-08-30,SUP,,False,False
3100270,FREE MOBILE,"LTE 700, LTE 1800, LTE 2600, 5G NR 3500",24 ROUTE DE CUZON CHAMBRE DES MÉTIERS 29000 QUIMPER,29232,"48.0061,-4.0775",Pylône tubulaire,25m,TOTEM,2026-07-28,ALL,,False,True
3104526,SFR,5G NR 3500,15 AV DE LA GARE DU MIDI 34120 PEZENAS,34199,"43.4533,3.4233",Pylône tubulaire,24m,CELLNEX,2026-07-23,ALL,,False,False
3105129,ORANGE,GSM 900,PLACE DU DOCTEUR BAYLAC BÂTIMENT PIERRE-PAUL RIQUET (CHU PURPAN) 31500 TOULOUSE,31555,"43.6097,1.4",Bâtiment,16m,Établissement de soins,2017-11-27,SUP,,False,False
3105554,FREE MOBILE,"LTE 900, LTE 1800, LTE 2100, LTE 2600, 5G NR 3500",35 AV DE L'ALBATROS RÉSIDENCE LE CONSTELLATION BÂTIMENT E 85270 ST HILAIRE DE RIEZ,85226,"46.7581,-2.0308",Immeuble,31m,"Copropriété, Syndic, SCI",2026-07-24,ALL,,False,False
3107675,FREE MOBILE,LTE 2600,14/20 RUE DES GRAVIERS 92200 NEUILLY SUR SEINE,92051,"48.8819,2.2625",Bâtiment,"30,8m",Établissement de soins,2026-07-24,ALL,,False,True
3107690,SFR,"UMTS 900, LTE 700, LTE 800",378 RTE D'AUGIORS STATION D'ÉPURATION (EN CROUPET) 01560 ST JEAN SUR REYSSOUZE,01364,"46.4031,5.0661",Pylône autostable,"48,4m",FREE-MOBILE,2026-07-24,AJA,,True,True
3108370,FREE MOBILE,5G NR 700,37 RUE GUSTAVE NOBLEMAIRE 01500 AMBERIEU EN BUGEY,01004,"45.9544,5.3472",Immeuble,"29,5m",Société HLM,2026-07-28,ALL,,False,False
3108400,FREE MOBILE,"LTE 700, LTE 1800, LTE 2600",ROUTE DE LA LANDETTE (LA LANDETTE) 85310 NESMY,85160,"46.5897,-1.4119",Pylône autostable,30m,FREE-MOBILE,2026-07-28,ALL,,False,True
3109837,FREE MOBILE,5G NR 700,21 RUE DU GRAND CHEMIN PRÈS D.137 33240 ST GERVAIS,33415,"45.0167,-0.445",Pylône autostable,36m,TOTEM,2026-07-24,ALL,,False,False
3112186,BOUYGUES TELECOM,"LTE 700, LTE 800",PROCHE ROUTE DES CHARABOTTES (A BUCHEZOU) 19190 SERILHAC,19257,"45.0992,1.7269",Pylône autostable,30m,FREE-MOBILE,2026-07-21,ALL,,True,True
3112186,FREE MOBILE,"UMTS 900, LTE 700",PROCHE ROUTE DES CHARABOTTES (A BUCHEZOU) 19190 SERILHAC,19257,"45.0992,1.7269",Pylône autostable,30m,FREE-MOBILE,2026-07-30,ALL,,True,True
3112192,BOUYGUES TELECOM,UMTS 900,ROUTE D808 AIRE DE PIQUE-NIQUE 48100 GREZES,48072,"44.5039,3.3489",Pylône autostable,"18,3m",FREE-MOBILE,2026-07-23,ALL,,True,True
3112192,FREE MOBILE,"UMTS 900, LTE 700",ROUTE D808 AIRE DE PIQUE-NIQUE 48100 GREZES,48072,"44.5039,3.3489",Pylône autostable,"18,3m",FREE-MOBILE,2026-07-24,ALL,,True,True
3112192,SFR,"UMTS 900, LTE 700, LTE 800",ROUTE D808 AIRE DE PIQUE-NIQUE 48100 GREZES,48072,"44.5039,3.3489",Pylône autostable,"18,3m",FREE-MOBILE,2026-07-10,ALL,,True,True
3114226,FREE MOBILE,5G NR 700,PÔLE MÉCANIQUE ALES CEVENNES (VALLON FONTANES) 30520 ST MARTIN DE VALGALGUES,30284,"44.155,4.0711",Bâtiment,"16,7m","Commune, communauté de communes",2026-07-28,ALL,,False,False
3114317,SFR,"UMTS 900, LTE 700, LTE 800",386 CHEMIN DU PIGEONNIER (EN DURAND) 81500 CABANES,81044,"43.7231,1.9464",Pylône autostable,30m,FREE-MOBILE,2026-07-15,ALL,,True,True
3115793,SFR,5G NR 3500,1140 AV EDGAR FAURE 34410 SERIGNAN,34299,"43.2619,3.2839",Pylône tubulaire,16m,BOUYGUES,2026-07-24,AJA,,False,False
3115793,SFR,UMTS 900,1140 AV EDGAR FAURE 34410 SERIGNAN,34299,"43.2619,3.2839",Pylône tubulaire,16m,BOUYGUES,,SUP,,False,False
3115936,BOUYGUES TELECOM,5G NR 3500,9 ALLEE DU PARC 37270 LARCAY,37124,"47.3531,0.7647",Pylône autostable,36m,ON TOWER FRANCE,2026-07-29,ALL,,False,False
3116366,SFR,UMTS 900,VOIE COMMUNALE LA BORIE (LOU ROUQUET) 48000 ST ETIENNE DU VALDONNEZ,48147,"44.4303,3.5833",Pylône autostable,12m,TOTEM,2026-07-10,ALL,,True,True
3116483,FREE MOBILE,"LTE 700, LTE 900, LTE 1800, LTE 2100, LTE 2600, 5G NR 700",VOIE COMMUNALE N°21 - SAINT ROCH TERTRE DE MÉLO (BELIN) 44160 PONTCHATEAU,44129,"47.4042,-2.0647",Pylône autostable,30m,ATC FRANCE,2026-07-24,ALL,,False,True
3116820,FREE MOBILE,"LTE 700, LTE 900, LTE 1800, LTE 2100, LTE 2600, 5G NR 3500",3 ALLÉE DES LAURIERS RÉSIDENCE LES LAURIERS 92420 VAUCRESSON,92076,"48.8333,2.1522",Immeuble,"15,5m","Copropriété, Syndic, SCI",2026-07-24,ALL,,False,True
3117780,SFR,"LTE 800, LTE 1800, LTE 2100, 5G NR 2100, 5G NR 3500",15 IMPASSE DES TECHNICITES ZI LA GUIDE 43200 YSSINGEAUX,43268,"45.1561,4.1331",Mât,"12,5m",SFR,2026-07-23,ALL,,False,True
3118504,ORANGE,GSM 900,ENTRÉE TUNNEL (PONT CERDA) 09390 L HOSPITALET PRES L ANDORRE,09139,"42.5769,1.7917",Pylône autostable,40m,Sociétés d'Autoroutes,2006-11-25,SUP,,False,False
3119034,FREE MOBILE,5G NR 700,11 AVENUE ANDRE ITHURRALDE PIERRE ET VACANCES 64500 ST JEAN DE LUZ,64483,"43.3917,-1.6556",Immeuble,"17,7m","Copropriété, Syndic, SCI",2026-07-24,ALL,,False,False
3119422,BOUYGUES TELECOM,"LTE 700, LTE 800",STATION D'EPURATION (LE PRE GATEL) 14130 PONT L EVEQUE,14514,"49.29,0.1725",Pylône tubulaire,"24,5m",CELLNEX,2026-07-30,ALL,,False,True
3120877,FREE MOBILE,5G NR 700,AV ERIC TABARLY ZONE TECHNIQUE DU PORT 66700 ARGELES SUR MER,66008,"42.5389,3.0475",Pylône tubulaire,21m,FREE-MOBILE,2026-07-28,ALL,,False,False
3124805,ORANGE,GSM 900,PRÈS D.632 (PEYREMALE) 32220 SAUVETERRE,32418,"43.4356,0.8417",Pylône autostable,"31,2m",TOTEM,2007-01-19,SUP,,False,False
3124863,FREE MOBILE,"LTE 900, LTE 1800, LTE 2100, LTE 2600, 5G NR 3500",123 BOULEVARD DE VALMY 92700 COLOMBES,92025,"48.9311,2.2536",Immeuble,"33,1m",Société HLM,2026-07-24,ALL,,False,False
3125937,SFR,"LTE 700, LTE 800, LTE 1800, LTE 2600, 5G NR 2100",CHEMIN DE SAINT THIEBAUT 54850 MEREVILLE,54364,"48.5836,6.1519",Pylône autostable,36m,SFR,2026-07-23,ALL,,False,True
3126236,FREE MOBILE,5G NR 700,BOIS LA GRANGE 60210 GAUDECHART,60269,"49.6072,1.9569",Pylône autostable,"36,6m",TDF,2026-07-24,ALL,,False,False
3126857,BOUYGUES TELECOM,5G NR 2100,89 R SABLIÈRES 33800 BORDEAUX,33063,"44.8242,-0.5753",Immeuble,"29,4m",BOUYGUES,2026-07-01,ART,,False,False
3127060,BOUYGUES TELECOM,5G NR 2100,CHEM DU LAC (SUR LES GARENNES) 69740 GENAS,69277,"45.7469,5.0142",Château d'eau - réservoir,24m,"Syndicat des eaux, Adduction",2026-06-22,ART,,False,False
3128326,SFR,"LTE 700, LTE 800, LTE 1800, LTE 2100, LTE 2600",RUE EN MOINS 71960 SOLOGNY,71525,"46.3689,4.6767",Pylône autostable,30m,TDF,2026-07-24,ALL,,False,True
3129258,BOUYGUES TELECOM,"LTE 700, LTE 800",34 R STE-HELENE 69002 LYON 02,69382,"45.7536,4.8322",Immeuble,29m,Société Privée,2026-08-03,AAV,,False,True
3129424,ORANGE,GSM 900,ROUTE DES PYRENEES D89 (BARRAC) 65350 BOUILH PEREUILH,65103,"43.2931,0.1911",Pylône autostable,30m,TOTEM,2010-12-06,SUP,,False,False
3132420,FREE MOBILE,"LTE 900, LTE 2100","2, RUE DU GÉNÉRAL NIESSEL 75020 PARIS 20",75120,"48.8478,2.4092",Immeuble,"36,8m",Société HLM,2026-07-24,ALL,,False,False
3135914,BOUYGUES TELECOM,"LTE 700, LTE 800",385 AVENUE LES BARONNES 34730 PRADES LE LEZ,34217,"43.6906,3.8714",Immeuble,"12,4m","Copropriété, Syndic, SCI",2026-07-30,ALL,,False,True
3138143,ORANGE,"UMTS 900, LTE 700, LTE 800",RUE DE L ECOLE (LE HAUT DE CHERRIER) 54450 BARBAS,54044,"48.5725,6.8428",Pylône autostable,"36,3m",FREE-MOBILE,,AJO,,True,True
3138835,ORANGE,GSM 900,CHEM DE ST PAOURÉ (LES VERGÉS) 09120 CRAMPAGNA,09103,"43.015,1.6044",Pylône autostable,"24,5m",TOTEM,1997-06-06,SUP,,False,False
3138909,SFR,"UMTS 900, LTE 700, LTE 800",5223 ROUTE DE VIDAUBAN (LES BERTRANDS) 83340 LE THORONET,83136,"43.4406,6.3625",Pylône autostable,"25,5m",BOUYGUES,,AJO,,True,True
3139561,BOUYGUES TELECOM,"UMTS 900, LTE 700, LTE 800",CHEMIN DE MAUREGNY (LA ROUTE DE COUCY) 02350 MARCHAIS,02457,"49.5775,3.8144",Pylône autostable,"36,3m",FREE-MOBILE,,AJO,,True,True
3139589,FREE MOBILE,5G NR 700,14 ALLEE DE MAISON ROUGE 87410 LE PALAIS SUR VIENNE,87113,"45.8525,1.305",Pylône autostable,"37,3m",FREE-MOBILE,2026-07-24,ALL,,False,False
3139591,FREE MOBILE,"LTE 700, LTE 900, LTE 1800, LTE 2100, LTE 2600, 5G NR 3500",22 RUE HENRI POINCARE 92600 ASNIERES SUR SEINE,92004,"48.9319,2.2747",Immeuble,"41,9m",Société HLM,2026-07-24,ALL,,False,True
3141232,BOUYGUES TELECOM,"LTE 700, LTE 800",CHEMIN COMMUNAL (BOIS DE VILLETUBOEUF) 41310 HUISSEAU EN BEAUCE,41103,"47.7267,0.9978",Pylône autostable,"18,1m",CELLNEX,2026-07-30,ALL,,False,True
3141902,FREE MOBILE,"UMTS 900, LTE 700",ROUTE DE ROUQUETTE (PECH CALVEL - FLOURENT) 46250 CAZALS,46066,"44.6603,1.2239",Pylône autostable,36m,FREE-MOBILE,2026-07-30,ALL,,True,True
3145102,FREE MOBILE,"LTE 700, LTE 900, LTE 1800, LTE 2100, LTE 2600, 5G NR 3500",2_16 ALLEE DES ALIZES 91150 ETAMPES,91223,"48.4353,2.1431",Immeuble,"19,1m",Société HLM,2026-07-24,ALL,,False,True
3145420,SFR,LTE 700,CHEMIN D EXPLOITATION DES SARRES (LES SARRES) 01800 RIGNIEUX LE FRANC,01325,"45.9472,5.1944",Pylône autostable,"36,2m",CELLNEX,2026-07-13,ALL,,False,False
3145976,BOUYGUES TELECOM,"LTE 2100, 5G NR 2100",ENTRÉE TUNNEL PONT CERDA (PONT CERDA) 09390 L HOSPITALET PRES L ANDORRE,09139,"42.5769,1.7917",Mât,13m,BOUYGUES,2026-07-22,ALL,,False,False
3147993,BOUYGUES TELECOM,LTE 2600,1632 AV DE L'EUROPE 34170 CASTELNAU LE LEZ,34057,"43.6325,3.9156",Immeuble,"18,4m","Copropriété, Syndic, SCI",2026-07-20,ALL,,False,False
3149643,BOUYGUES TELECOM,"LTE 700, LTE 800",2 R DU MOULIN DE CASTERA 64100 BAYONNE,64102,"43.4886,-1.4608",Pylône tubulaire,30m,BOUYGUES,2026-07-30,ALL,,False,True
3153083,FREE MOBILE,"LTE 700, LTE 900, LTE 1800, LTE 2100, LTE 2600, 5G NR 3500",3 RUE LALANDE 69006 LYON 06,69386,"45.7658,4.8597",Immeuble,"19,9m",Société HLM,2026-07-24,ALL,,False,True
3155032,FREE MOBILE,"LTE 700, LTE 1800, LTE 2600",LE BAS TERTRE (LE TERTRE) 72270 DUREIL,72123,"47.8344,-0.1369",Pylône autostable,"36,3m",FREE-MOBILE,2026-07-28,ALL,,False,True
3158349,BOUYGUES TELECOM,"UMTS 900, LTE 700, LTE 800",RUE DES USAGES (LES USAGES) 51270 BANNAY,51034,"48.8586,3.7175",Pylône autostable,"42,3m",FREE-MOBILE,,AJO,,True,True
3161153,FREE MOBILE,5G NR 700,RUE DOCTEUR MISES R DU GUÉ VERTHAMONT 87280 LIMOGES,87085,"45.8153,1.2233",Pylône tubulaire,24m,TOTEM,2026-07-24,ALL,,False,False
3161523,FREE MOBILE,LTE 700,71 RUE DU COL DE LA LUNE RÉSERVOIR D'EAU (BÉRANGER) 73600 LES BELLEVILLE,73257,"45.41,6.5081",Château d'eau - réservoir,"8,4m","Commune, communauté de communes",2026-07-30,ALL,,True,True
3161555,BOUYGUES TELECOM,"LTE 700, LTE 800, LTE 1800, LTE 2600, 5G NR 2100",RUE PRINCIPALE D32A PROCHE DE D30C (AM BEMRENER KREUZ) 57460 ETZLING,57202,"49.1731,6.9525",Pylône autostable,42m,SFR,2026-07-25,ALL,,False,True
3162143,ORANGE,GSM 900,1 IMPASSE HUGUES PANASSIÉ AVENUE DES ARÊNES ROMAINES 31500 TOULOUSE,31555,"43.6133,1.3967",Bâtiment,"16,4m","Copropriété, Syndic, SCI",2012-07-24,SUP,,False,False
3162826,BOUYGUES TELECOM,LTE 2600,29B R PASTEUR LA FONTAINE DU VAISSEAU 93360 NEUILLY PLAISANCE,93049,"48.8578,2.4997",Immeuble,13m,"Copropriété, Syndic, SCI",2026-07-20,ALL,,False,False
3170175,SFR,"UMTS 900, LTE 700, LTE 800",ROUTE DE LA BOUYSSIERE (TONASSE) 81340 ST CIRGUE,81247,"43.9453,2.3553",Pylône autostable,36m,FREE-MOBILE,,AJO,,True,True
3172606,BOUYGUES TELECOM,"UMTS 900, LTE 700, LTE 800",CAMPSERET 34260 CEILHES ET ROCOZELS,34071,"43.8133,3.0906",Pylône autostable,30m,BOUYGUES,2026-07-24,ALL,,True,True
3176060,ORANGE,GSM 900,ROUTE DU MOULIN À VENT (RIGOU) 46300 ST PROJET,46290,"44.7536,1.5033",Pylône autostable,30m,TOTEM,1996-10-31,SUP,,False,False
3182927,BOUYGUES TELECOM,"UMTS 900, LTE 700, LTE 800",ROUTE DÉPARTEMENTALE N°3 (IMMENSTEIN) 67510 OBERSTEINBACH,67353,"49.0406,7.6664",Pylône autostable,42m,SFR,2026-07-29,ALL,,True,True
3189049,FREE MOBILE,"LTE 700, LTE 900, LTE 1800, LTE 2100, LTE 2600, 5G NR 700",ACCESSIBLE DEPUIS LA DÉPARTEMENTALE 887 SITE EN BORD DE ROUTE (COAT COCHON) 29150 DINEAULT,29044,"48.1869,-4.1603",Pylône autostable,30m,TOTEM,2026-07-24,ALL,,False,True
3189256,ORANGE,"LTE 800, LTE 1800, 5G NR 700, 5G NR 3500",ROUTE DE SAINT-TROJAN D402 CHEMIN DE LA RIVIÈRE (SUR BOUTIERS) 16100 BOUTIERS ST TROJAN,16058,"45.7081,-0.2958",Pylône autostable,36m,TDF,,AJO,,False,True
3189264,BOUYGUES TELECOM,"LTE 700, LTE 800, LTE 1800, LTE 2100, LTE 2600, 5G NR 2100",124 AVENUE DE RODEZ PROCHE CIMETIÈRE 81400 CARMAUX,81060,"44.0556,2.1672",Pylône autostable,30m,TDF,2026-07-25,ALL,,False,True
3189424,ORANGE,GSM 900,3 BIS RUE CLÉMENT ADER CSE POMPONNE 82000 MONTAUBAN,82121,"44.0258,1.3619",Pylône autostable,20m,TOTEM,2002-11-15,SUP,,False,False
3189899,ORANGE,GSM 900,52 R GALIANE RÉSIDENCE ORLY 65000 TARBES,65440,"43.2325,0.0608",Immeuble,62m,Société HLM,2006-02-27,SUP,,False,False
3190718,SFR,"UMTS 900, LTE 700, LTE 800",CHEMIN DU GRAND ROMBACH (CHAMPS HAUTE FAITE) 68160 STE CROIX AUX MINES,68294,"48.2833,7.2089",Pylône autostable,48m,CELLNEX,,AJO,,True,True
3190768,FREE MOBILE,"LTE 700, LTE 900, LTE 1800, LTE 2100, LTE 2600, 5G NR 3500",IMPASSE DE LA PÉPINIÈRE 79100 LOUZY,79157,"47.0114,-0.2003",Pylône autostable,"31,4m",FREE-MOBILE,2026-07-24,ALL,,False,True
3194525,BOUYGUES TELECOM,"LTE 700, LTE 800",RUE DE DE LA RENARDIÈRE 35850 PARTHENAY DE BRETAGNE,35216,"48.1842,-1.8342",Pylône autostable,"24,3m",BOUYGUES,2026-08-03,AAV,,False,True
3194806,FREE MOBILE,"LTE 900, LTE 2100",60 RUE DES TROIS RÉGIMENTS (LES POMMERAIES) 53000 LAVAL,53130,"48.0753,-0.7558",Bâtiment,23m,"Copropriété, Syndic, SCI",2026-07-24,ALL,,False,False
3195357,SFR,"UMTS 900, LTE 700, LTE 800",BOIS DES GLANDS PROCHE D158 45220 DOUCHY MONTCORBON,45129,"47.9731,3.0825",Pylône autostable,42m,FREE-MOBILE,,AJO,,True,True
3195361,FREE MOBILE,"LTE 900, LTE 2100",9 RUE ADOLPHE MARC DUFOUR 91100 CORBEIL ESSONNES,91174,"48.5914,2.4764",Immeuble,"15,2m",Société HLM,2026-07-24,ALL,,False,False
3196175,FREE MOBILE,"LTE 700, LTE 1800, LTE 2600, 5G NR 3500",ROUTE LES FRETTES LE GRAND PARC 61420 ST DENIS SUR SARTHON,61382,"48.4625,-0.0369",Pylône autostable,42m,ATC FRANCE,2026-07-28,ALL,,False,True
3197357,ORANGE,GSM 900,PLATEAU DE BEILLE 09310 ALBIES,09004,"42.7233,1.6967",Pylône autostable,30m,TOTEM,2020-02-20,SUP,,False,False
3199194,ORANGE,LTE 800,969 RUE DE LA PAIX (PETIT BARITEAU) 17550 DOLUS D OLERON,17140,"45.935,-1.2586",Pylône tubulaire,30m,TOTEM,2026-07-27,ALL,,False,False
3200009,FREE MOBILE,UMTS 900,LE PEU LONG ROUTE CACAUD 87290 CHATEAUPONSAC,87041,"46.1056,1.2242",Pylône autostable,"36,5m",BOUYGUES,2026-07-24,ALL,,True,False
3202184,BOUYGUES TELECOM,"LTE 700, LTE 800, LTE 1800, LTE 2100, LTE 2600, 5G NR 2100",LA VALL. DE LA SEULLES (LE TREILLOUX) 14400 NONANT,14465,"49.2356,-0.64",Pylône autostable,"24,2m",CELLNEX,2026-07-23,ALL,,False,True
3202184,SFR,"LTE 700, LTE 800, LTE 1800, LTE 2600, 5G NR 2100",LA VALL. DE LA SEULLES (LE TREILLOUX) 14400 NONANT,14465,"49.2356,-0.64",Pylône autostable,"24,2m",CELLNEX,2026-07-23,ALL,,False,True
320262,ORANGE,GSM 900,VOIE COMMUNALE N°2 (LES TUILERIES) 32420 BETCAVE AGUIN,32048,"43.4439,0.6742",Pylône autostable,23m,Conseil Départemental,2006-07-22,SUP,,True,False
3203391,SFR,"UMTS 900, LTE 700, LTE 800",CHEMIN DE GROSPEAUX 88520 WISEMBACH,88526,"48.2586,7.1158",Pylône autostable,"30,3m",CELLNEX,,AJO,,True,True
3204182,BOUYGUES TELECOM,"UMTS 900, LTE 700, LTE 800",CHEM DE LA CHARME (CHAPLAY) 69490 SARCEY,69173,"45.8978,4.5436",Pylône autostable,"18,5m",CELLNEX,2026-07-22,ALL,,True,True
3204714,FREE MOBILE,5G NR 700,13 PROM DE LA COTE 17630 LA FLOTTE,17161,"46.1914,-1.3317",Bâtiment,11m,"Commune, communauté de communes",2026-07-24,ALL,,False,False
3205076,ORANGE,"UMTS 900, LTE 700, LTE 800",ROUTE DARGENTAT (PUY CHAUD) 19320 ST MARTIN LA MEANNE,19222,"45.1622,1.9858",Pylône autostable,42m,FREE-MOBILE,,AJO,,True,True
3205287,BOUYGUES TELECOM,"LTE 700, LTE 800",ROUTE DE LA PLANCHE CHEVRIER CROISEMENT DEPARTEMENTALE 76 ET 100 (LE PUITS DE L'HERMITE) 18150 APREMONT SUR ALLIER,18007,"46.9097,3.0397",Pylône tubulaire,42m,PHOENIX FRANCE INFRASTRUCTURES,2026-08-03,AAV,,True,True
3205287,BOUYGUES TELECOM,UMTS 900,ROUTE DE LA PLANCHE CHEVRIER CROISEMENT DEPARTEMENTALE 76 ET 100 (LE PUITS DE L'HERMITE) 18150 APREMONT SUR ALLIER,18007,"46.9097,3.0397",Pylône tubulaire,42m,PHOENIX FRANCE INFRASTRUCTURES,2026-07-21,ALL,,True,True
3205287,ORANGE,"UMTS 900, LTE 700, LTE 800",ROUTE DE LA PLANCHE CHEVRIER CROISEMENT DEPARTEMENTALE 76 ET 100 (LE PUITS DE L'HERMITE) 18150 APREMONT SUR ALLIER,18007,"46.9097,3.0397",Pylône tubulaire,42m,PHOENIX FRANCE INFRASTRUCTURES,,AJO,,True,True
3206476,BOUYGUES TELECOM,5G NR 2100,2-4 SQ BERTHIER (LA GROGNARDE) 13011 MARSEILLE 11,13211,"43.2942,5.4344",Immeuble,"45,7m","Copropriété, Syndic, SCI",2026-07-30,ALL,,False,False
3216350,BOUYGUES TELECOM,"LTE 700, LTE 800",3 RUE CHARLES DURAND 18000 BOURGES,18033,"47.0617,2.3636",Pylône tubulaire,15m,CELLNEX,2026-07-30,ALL,,False,True
3217045,BOUYGUES TELECOM,"LTE 1800, LTE 2600, 5G NR 2100",14 RUE ROBERT ESCARPIT 33600 PESSAC,33318,"44.8014,-0.61",Immeuble,"32,5m","Copropriété, Syndic, SCI",2026-07-10,ALL,,False,False
3228214,BOUYGUES TELECOM,5G NR 2100,14 ALLÉE DU MARÉCHAL GÉRARD 93270 SEVRAN,93071,"48.9297,2.5164",Immeuble,"18,9m",Particulier,2026-07-03,ALL,,False,False
3228393,BOUYGUES TELECOM,5G NR 2100,35 BD DE BRIANÇON 13003 MARSEILLE 03,13203,"43.3189,5.3706",Immeuble,"16,3m","Copropriété, Syndic, SCI",2026-07-08,ALL,,False,False
3228555,BOUYGUES TELECOM,"UMTS 900, LTE 700, LTE 800",220  STRADA DI A CHJESA VECHJA 20166 PIETROSELLA,2A228,"41.8381,8.8439",Pylône autostable,21m,SFR,,AJO,,True,True
3229037,BOUYGUES TELECOM,"LTE 1800, LTE 2600",8 AV RAOUL NORDLING 77330 OZOIR LA FERRIERE,77350,"48.7706,2.6889",Immeuble,19m,Société HLM,2026-07-20,ALL,,False,False
3236473,SFR,"LTE 700, LTE 800, LTE 1800, LTE 2100, LTE 2600",1 RUE DE STALINGRAD STADE MUNUCIPAL LEON BIANCOTTO 78700 CONFLANS STE HONORINE,78172,"48.9936,2.1",Pylône tubulaire,30m,SFR,2026-07-24,ALL,,False,True
3236780,FREE MOBILE,"LTE 700, LTE 900, LTE 1800, LTE 2100, LTE 2600, 5G NR 3500",CHEMIN PEU BERNARD 17580 LE BOIS PLAGE EN RE,17051,"46.1867,-1.4064",Pylône tubulaire,"27,6m",TOTEM,2026-07-24,ALL,,False,True
3237688,FREE MOBILE,"LTE 700, LTE 1800, LTE 2600, 5G NR 3500",12 RUE DE LA CROIX BERGER 38370 ST CLAIR DU RHONE,38378,"45.4478,4.7794",Pylône autostable,33m,TDF,2026-07-28,ALL,,False,True
3238359,FREE MOBILE,5G NR 700,130 RUE DE LA BOUCLE (VAL THORENS) 73600 LES BELLEVILLE,73257,"45.2992,6.5836",Bâtiment,"14,5m","Commune, communauté de communes",2026-07-28,ALL,,False,False
3238815,ORANGE,GSM 900,ROUTE DU VERT PRÃ BELLE ISLE 97232 LE LAMENTIN,97213,"14.6792,-60.9839",Pylône autostable,20m,ORANGE,2020-03-11,SUP,,False,False
3238987,BOUYGUES TELECOM,"LTE 700, LTE 800",ROUTE DE PARIS (LES BOULEAUX) 28130 ST MARTIN DE NIGELLES,28352,"48.5964,1.6064",Pylône autostable,"36,5m",BOUYGUES,2026-07-30,ALL,,False,True
3239640,BOUYGUES TELECOM,"LTE 700, LTE 800, LTE 1800, LTE 2100, LTE 2600, 5G NR 2100",ROUTE DES MARINES DE BORGO (PINETO) 20290 BORGO,2B042,"42.5953,9.5011",Pylône arbre,30m,SFR,2026-07-25,ALL,,False,True
3239829,ORANGE,"LTE 700, LTE 800",LE RAVEL (LE DESSUS DE LA COTE) 88240 LA VOGE LES BAINS,88029,"47.9875,6.2614",Pylône autostable,42m,TDF,2026-07-27,ALL,,False,True
3239886,BOUYGUES TELECOM,"LTE 700, LTE 800",49 B ALLEE FRANCOIS ARAGO 93190 LIVRY GARGAN,93046,"48.9158,2.5231",Immeuble,"14,1m","Copropriété, Syndic, SCI",2026-07-30,ALL,,False,True
3240222,BOUYGUES TELECOM,5G NR 2100,4 ALL PHILIBERT DELORME 93150 LE BLANC MESNIL,93007,"48.9461,2.4533",Immeuble,19m,Société HLM,2026-07-30,ALL,,False,False
3244368,BOUYGUES TELECOM,"LTE 700, LTE 800",GRANDE RUE (LES POTIÈRES) 45190 VILLORCEAU,45344,"47.8058,1.5894",Pylône autostable,24m,PHOENIX FRANCE INFRASTRUCTURES,2026-08-03,AAV,,False,True
3244378,BOUYGUES TELECOM,"LTE 700, LTE 800",40 RUE DU TERTRE GRIS (LES CHAMPS DU BOIS) 35320 PANCE,35212,"47.8839,-1.6664",Pylône tubulaire,30m,BOUYGUES,2026-07-30,ALL,,False,True
3244419,BOUYGUES TELECOM,"LTE 700, LTE 800",ROTONDE ROUTE DE MENGNÉ 61150 TANQUES,61479,"48.6983,-0.0789",Pylône autostable,36m,BOUYGUES,2026-08-03,AAV,,False,True
3244835,BOUYGUES TELECOM,,CHEMIN DES GETTIERS (LE CHARMIEUX) 74450 LE GRAND BORNAND,74136,"45.9672,6.4653",Pylône autostable,36m,HIVORY,,CHA,LES GETTIERS CHEMIN DES GETTIERS,False,True
3244835,FREE MOBILE,,CHEMIN DES GETTIERS (LE CHARMIEUX) 74450 LE GRAND BORNAND,74136,"45.9672,6.4653",Pylône autostable,36m,HIVORY,,CHA,LES GETTIERS CHEMIN DES GETTIERS,False,True
3244835,SFR,,CHEMIN DES GETTIERS (LE CHARMIEUX) 74450 LE GRAND BORNAND,74136,"45.9672,6.4653",Pylône autostable,36m,HIVORY,,CHA,LES GETTIERS CHEMIN DES GETTIERS,False,True
3247810,BOUYGUES TELECOM,5G NR 2100,6-40 RUE JUST VIEL 76620 LE HAVRE,76351,"49.4972,0.115",Immeuble,15m,Société HLM,2026-07-30,ALL,,False,False
3247995,BOUYGUES TELECOM,5G NR 3500,8 R DES FOSSES ROUGES 85340 LES SABLES D OLONNE,85194,"46.4792,-1.7414",Pylône tubulaire,17m,BOUYGUES,2026-07-23,ALL,,False,False
3248299,BOUYGUES TELECOM,"LTE 700, LTE 800",125 RUE DE STALINGRAD 93000 BOBIGNY,93008,"48.9136,2.4233",Immeuble,"24,8m","Copropriété, Syndic, SCI",2026-07-22,ALL,,False,True
3249282,BOUYGUES TELECOM,"LTE 700, LTE 800",22 - 24 RUE ROBERT SCHUMANN 77000 MELUN,77288,"48.555,2.6403",Immeuble,20m,"Copropriété, Syndic, SCI",2026-07-22,ALL,,False,True
3249427,FREE MOBILE,"LTE 700, LTE 900, LTE 1800, LTE 2100, LTE 2600, 5G NR 3500",9000 ROUTE DES ESSARTS (FORÊT DE LA LONDE ROUVRAY) 76350 OISSEL SUR SEINE,76484,"49.3533,1.0503",Château d'eau - réservoir,"31,2m","État, Ministère",2026-07-24,ALL,,False,True
3255481,ORANGE,"LTE 700, LTE 800",CHEMIN DE BARAQUE (BARAQUE) 47120 LEVIGNAC DE GUYENNE,47147,"44.6225,0.2033",Pylône autostable,36m,ATC FRANCE,2026-07-27,ALL,,False,True
3255581,BOUYGUES TELECOM,"UMTS 900, LTE 700, LTE 800",CHEMIN DE BOURBEREAU (BOIS MAUDRU) 10210 VANLAY,10395,"48.0311,4.0258",Pylône autostable,"30,5m",SFR,2026-07-29,ALL,,True,True
3255716,BOUYGUES TELECOM,"LTE 1800, LTE 2100, LTE 2600",CHEMIN DE LANDE LONGUE CHEMIN D'EXPLOITATION 228 PROCHE DEPARTEMENTALE 24 (LANDE LONGUE) 35500 ST M HERVE,35300,"48.1922,-1.1308",Pylône autostable,"36,5m",CELLNEX,2026-07-23,ALL,,False,False
3255716,SFR,"LTE 700, LTE 800, LTE 1800, LTE 2100, LTE 2600, 5G NR 2100",CHEMIN DE LANDE LONGUE CHEMIN D'EXPLOITATION 228 PROCHE DEPARTEMENTALE 24 (LANDE LONGUE) 35500 ST M HERVE,35300,"48.1922,-1.1308",Pylône autostable,"36,5m",CELLNEX,2026-07-23,ALL,,False,True
3258657,FREE MOBILE,5G NR 700,CHEMIN DES JARDINS (LES BOSIGUES) 66420 LE BARCARES,66017,"42.79,3.0253",Pylône autostable,36m,TOTEM,2026-07-28,ALL,,False,False
3270978,BOUYGUES TELECOM,"UMTS 900, LTE 700, LTE 800",CHEMIN COMMUNAL (LE LAC) 30570 ST ANDRE DE MAJENCOULES,30229,"44.0167,3.6717",Pylône autostable,18m,BOUYGUES,2026-07-30,ALL,,True,True
3270978,SFR,"UMTS 900, LTE 700, LTE 800",CHEMIN COMMUNAL (LE LAC) 30570 ST ANDRE DE MAJENCOULES,30229,"44.0167,3.6717",Pylône autostable,18m,BOUYGUES,,AJO,,True,True
3271267,BOUYGUES TELECOM,"LTE 700, LTE 800",CHEMIN DES PRES GUILLAUMETS (LES PRÉS GUILLAUMETS) 89100 ST CLEMENT,89338,"48.2222,3.2978",Pylône autostable,"30,5m",PHOENIX FRANCE INFRASTRUCTURES,2026-07-30,ALL,,False,True
3272322,BOUYGUES TELECOM,"LTE 700, LTE 800",CHEMIN DE CHALANDRIER (CHALENDRIER) 38330 ST NAZAIRE LES EYMES,38431,"45.2619,5.8522",Pylône autostable,30m,TOTEM,2026-07-30,ALL,,False,True
3272407,BOUYGUES TELECOM,"LTE 700, LTE 800, LTE 1800, LTE 2100, LTE 2600, 5G NR 2100",ROUTE DU DOURON (KERDEUNNET) 29650 PLOUIGNEAU,29199,"48.545,-3.6592",Pylône autostable,"36,5m",PHOENIX FRANCE INFRASTRUCTURES,2026-07-23,ALL,,False,True
3272407,SFR,"LTE 700, LTE 800, LTE 1800, LTE 2600, 5G NR 2100",ROUTE DU DOURON (KERDEUNNET) 29650 PLOUIGNEAU,29199,"48.545,-3.6592",Pylône autostable,"36,5m",PHOENIX FRANCE INFRASTRUCTURES,2026-07-23,ALL,,False,True
3272780,BOUYGUES TELECOM,UMTS 900,ROUTE DEPARTEMENTALE 5 4 ROUTE DE CARREYRE (LE MOULIN VIEUX) 33680 SAUMOS,33503,"44.8875,-0.9917",Pylône autostable,"42,5m",TDF,2026-07-25,ALL,,False,True
3272780,SFR,"UMTS 900, LTE 700, LTE 800, LTE 1800, LTE 2100, LTE 2600, 5G NR 2100",ROUTE DEPARTEMENTALE 5 4 ROUTE DE CARREYRE (LE MOULIN VIEUX) 33680 SAUMOS,33503,"44.8875,-0.9917",Pylône autostable,"42,5m",TDF,2026-07-23,ALL,,False,True
3273337,Gouv Nelle Calédonie (OPT),"UMTS 2100, LTE 800, LTE 1800",BOULARI SENTIER DE LA THY (LES MANDARINIERS) 98876 LE MONT DORE,98817,"-22.2217,166.5272",Mât béton,12m,Office des Postes et Télécom,2026-06-30,ART,,False,True
3273485,ORANGE,GSM 900,"AUTOCOMMUTATEUR FT, 1310 ROUTE DE LOMBEZ D634 32600 ENDOUFIELLE",32121,"43.5658,1.0286",Pylône autostable,24m,TOTEM,1997-06-20,SUP,,False,False
3274120,SFR,"UMTS 900, LTE 700, LTE 800",CHEMIN DU PUECH ROUGE (PUECH LAMADE) 81120 FAUCH,81088,"43.8328,2.2672",Pylône autostable,30m,SFR,2026-07-27,ALL,,True,True
3274687,ORANGE,"LTE 1800, LTE 2100, 5G NR 3500",RUE DU 8 MAI (LES PETITES BARRES) 36200 ST MARCEL,36200,"46.5928,1.5322",Pylône autostable,36m,TOTEM,2026-07-22,ALL,,False,False
3276963,BOUYGUES TELECOM,"LTE 700, LTE 800, LTE 1800, LTE 2100, LTE 2600, 5G NR 2100",4 ROUTE DE VARANGES CHEMIN RURAL N°8 (LES HERBUES) 21110 ROUVRES EN PLAINE,21532,"47.2383,5.1611",Pylône autostable,36m,TDF,2026-07-25,ALL,,False,True
3278371,FREE MOBILE,5G NR 700,ROUTE DU SAZ (LA MAISON NEUVE) 44240 LA CHAPELLE SUR ERDRE,44035,"47.3094,-1.5733",Pylône autostable,36m,FREE-MOBILE,2026-07-24,ALL,,False,False
3280281,ORANGE,"LTE 700, LTE 800",ROUTE DE BOS FOULU (BOS FOULU) 87800 BURGNAC,87025,"45.7375,1.1572",Pylône autostable,36m,TOTEM,2026-07-27,ALL,,False,True
3281595,BOUYGUES TELECOM,"UMTS 900, LTE 700, LTE 800",ROUTE DES MOULINS (LE PETIT MOULIN) 24140 QUEYSSAC,24345,"44.9114,0.5336",Pylône autostable,42m,TDF,2026-07-29,ALL,,True,True
3282750,SFR,"UMTS 900, LTE 700, LTE 800",CHEM DES MIAUX (LA CHARGE) 26410 BOULC,26055,"44.6264,5.6025",Pylône autostable,"30,3m",CELLNEX,,AJO,,True,True
328337,ORANGE,GSM 900, (BOURBON) 47150 LACAPELLE BIRON,47123,"44.5903,0.8997",Pylône autostable,30m,Conseil Départemental,2006-09-23,SUP,,True,False
3283566,BOUYGUES TELECOM,"UMTS 900, LTE 700, LTE 800",LOT DE LA FORÊT BECKERHOLZ (PETITE KALENHOVEN) 57320 FILSTROFF,57213,"49.3228,6.5156",Pylône autostable,36m,SFR,2026-07-29,ALL,,True,True
328357,ORANGE,GSM 900,PRÉS D74_CHATEAU D'EAU (GRAND ROGER) 82400 GASQUES,82065,"44.1594,0.9319",Château d'eau - réservoir,30m,"Syndicat des eaux, Adduction",2006-09-23,SUP,,True,False
3284031,BOUYGUES TELECOM,"UMTS 900, LTE 700, LTE 800",CHEMIN RURAL DIT ROSSBERGWEG (SCHWIEBACH) 68690 MOOSCH,68217,"47.8475,7.0244",Pylône autostable,42m,HIVORY,2026-07-29,ALL,,True,True
3287311,BOUYGUES TELECOM,"UMTS 900, LTE 700, LTE 800",CHEMIN DE LA CROIX (AU MURAT) 42220 COLOMBIER,42067,"45.3481,4.5811",Pylône autostable,24m,PHOENIX FRANCE INFRASTRUCTURES,2026-08-10,AAV,,True,True
3288033,SFR,"UMTS 900, LTE 700, LTE 800",LE CLUOT VILLARS LA CROIX 06260 LA CROIX SUR ROUDOULE,06051,"43.9856,6.8581",Pylône autostable,18m,BOUYGUES,,AJO,,True,True
3288509,BOUYGUES TELECOM,LTE 2100,CHEMIN DES SPORTS 31140 LAUNAGUET,31282,"43.6689,1.4606",Pylône tubulaire,"30,5m",CELLNEX,,SUP,,False,True
3288530,BOUYGUES TELECOM,"UMTS 900, LTE 700, LTE 800",CHEMIN  RURAL DIT TERRADE (LASSERE) 65670 BAZORDAN,65074,"43.2231,0.5397",Pylône autostable,"35,3m",SFR,2026-07-29,ALL,,True,True
3288671,FREE MOBILE,"LTE 1800, 5G NR 700",ROUTE D'ANOST CHEMIN RURAL DIT DES PALLUETTES (LES PETITES CHEINTRES) 58430 ARLEUF,58010,"47.0492,4.0411",Pylône autostable,"42,3m",ATC FRANCE,2026-07-24,ALL,,False,False
3290384,SFR,"UMTS 900, LTE 700, LTE 800",ROUTE DES ALPES DEPARTEMENTALE 994 (CHAMP ROURE) 05150 MOYDANS,05091,"44.4036,5.5081",Pylône autostable,"12,6m",BOUYGUES,,AJO,,True,True
3290462,BOUYGUES TELECOM,"LTE 700, LTE 800, LTE 1800, LTE 2100, LTE 2600, 5G NR 2100",CHEMIN DE LA CROIX (LA CROIX) 42560 BOISSET ST PRIEST,42021,"45.5206,4.1017",Pylône autostable,"24,5m",PHOENIX FRANCE INFRASTRUCTURES,,SUP,,False,True
329207,ORANGE,GSM 900, (LA BOUZIGUE) 09000 BRASSAC,09066,"42.9436,1.5378",Pylône autostable,24m,TOTEM,2006-09-30,SUP,,True,False
3292344,TELCO OI,LTE 2100,8 IMPASSE COCO MZOURI 97600 KOUNGOU,97610,"-12.7453,45.2225",Pylône autostable,20m,Telco OI,2025-06-03,ART,,False,False
3294012,BOUYGUES TELECOM,5G NR 2100,14 AV CHARLES DE GAULLE RÉSIDENCE PAUL CLAUDEL 69800 ST PRIEST,69290,"45.7033,4.9331",Immeuble,22m,"Copropriété, Syndic, SCI",2026-07-30,ALL,,False,False
3295928,ORANGE,"LTE 700, LTE 800",CÔTE DE CAPSUS (SARRABÈRE) 64530 LIVRON,64344,"43.23,-0.1222",Pylône autostable,36m,ATC FRANCE,2026-07-27,ALL,,False,True
3296381,BOUYGUES TELECOM,LTE 2100,ROUTE DE HUNON (VILLEFOLLET) 49490 NOYANT VILLAGES,49228,"47.5083,0.1872",Pylône autostable,24m,BOUYGUES,2026-07-23,ALL,,False,False
3297289,BOUYGUES TELECOM,"LTE 700, LTE 800, LTE 1800, LTE 2600, 5G NR 2100, 5G NR 3500",60 ALLÉE DE LA CARAFIOLE 55100 VERDUN,55545,"49.1544,5.4044",Bâtiment,15m,"Copropriété, Syndic, SCI",2026-07-25,ALL,,False,True
3297289,SFR,"LTE 800, LTE 1800, LTE 2600, 5G NR 2100",60 ALLÉE DE LA CARAFIOLE 55100 VERDUN,55545,"49.1544,5.4044",Bâtiment,15m,"Copropriété, Syndic, SCI",2026-07-13,ALL,,False,False
3297858,BOUYGUES TELECOM,"UMTS 900, LTE 700, LTE 800",CHEMIN DU BON-MICHEL À LA LAIRE (LES NOISETTES) 63160 EGLISENEUVE PRES BILLOM,63146,"45.7128,3.405",Pylône autostable,45m,SFR,2026-07-29,ALL,,True,True
3299515,SFR,LTE 2100,2 RUE GEORGES GAUDOT 25000 BESANCON,25056,"47.2494,5.9958",Bâtiment,"24,8m",Société Privée,,SUP,,False,True
3301787,BOUYGUES TELECOM,"LTE 700, LTE 800",29 RTE D'ORGON 13810 EYGALIERES,13034,"43.7611,4.9542",Pylône arbre,20m,BOUYGUES,2026-07-30,ALL,,False,True
3302383,BOUYGUES TELECOM,"UMTS 900, LTE 700, LTE 800",RUE DE LA BAGUE (LA FARGUE NOVA) 66360 NYER,66123,"42.5333,2.2733",Pylône autostable,"24,3m",SFR,2026-07-29,ALL,,True,True
3304242,ORANGE,"LTE 2100, LTE 2600, 5G NR 700, 5G NR 3500","21, CHEMIN DE DEVEZE 31220 CAZERES",31135,"43.2172,1.09",Château d'eau - réservoir,"44,3m","Commune, communauté de communes",,AJO,,False,False
3304242,ORANGE,LTE 700,"21, CHEMIN DE DEVEZE 31220 CAZERES",31135,"43.2172,1.09",Château d'eau - réservoir,"44,3m","Commune, communauté de communes",2020-11-16,SUP,,False,False
3305061,ORANGE,"LTE 800, 5G NR 700",5 AVENUE DE L'EUROPE (CIT DE RONCQ) 59223 RONCQ,59508,"50.7522,3.1397",Pylône tubulaire,30m,ORANGE,2026-08-03,AAV,,False,True
3306018,ORANGE,"LTE 1800, LTE 2100",32 IMPASSE DU CHEMIN BLEU 35540 MINIAC MORVAN,35179,"48.5225,-1.915",Pylône autostable,42m,TOTEM,2026-07-23,ALL,,False,False
3311596,SFR,"UMTS 900, LTE 700, LTE 800",GENNETEIL ROUTE DE BOIS LANFRAY (LA GLINIÈRE) 49490 NOYANT VILLAGES,49228,"47.5856,0.0231",Pylône autostable,"30,5m",BOUYGUES,,AJO,,True,True
3312584,SFR,"LTE 700, LTE 800, LTE 1800, LTE 2600, 5G NR 2100", (BRAS DE LA CANELLE) 28190 ST LUPERCE,28350,"48.4394,1.3064",Pylône autostable,"30,5m",BOUYGUES,,AJO,,False,True
3313129,BOUYGUES TELECOM,"LTE 700, LTE 800, LTE 1800, LTE 2600, 5G NR 2100",CHEMIN DE DOM LE MESNIL (FOSSE ROLLESSON) 08160 FLIZE,08173,"49.6914,4.7814",Pylône autostable,12m,SFR,,AJO,,False,True
3313802,SFR,"UMTS 900, LTE 700, LTE 800, LTE 1800, LTE 2100, LTE 2600, 5G NR 3500",75 RUE  BONAPARTE 75006 PARIS 06,75106,"48.8494,2.3331",Immeuble,29m,"État, Ministère",2026-06-05,ART,,False,True
3314621,SFR,"LTE 700, LTE 800, LTE 1800, LTE 2600, 5G NR 2100, 5G NR 3500",43 R ARAGO 42300 ROANNE,42187,"46.0294,4.0692",Immeuble,"18,9m","Copropriété, Syndic, SCI",,AJO,,False,True
3314848,SFR,"LTE 700, LTE 800, LTE 1800, LTE 2600, 5G NR 2100", (CLOS CLOCHET) 22120 POMMERET,22246,"48.4675,-2.6403",Pylône autostable,"36,5m",BOUYGUES,,AJO,,False,True
3314913,SFR,"LTE 700, LTE 800, LTE 1800, LTE 2600, 5G NR 2100",55 R DE NORMANDIE 50000 ST LO,50502,"49.1008,-1.0858",Pylône tubulaire,"18,5m",BOUYGUES,,AJO,,False,True
3316176,BOUYGUES TELECOM,"LTE 700, LTE 800, LTE 1800, LTE 2600, 5G NR 2100",RUE DU CHÂTEAU-D'EAU (HESS) 57660 GROSTENQUIN,57262,"48.9819,6.7425",Pylône autostable,30m,SFR,,AJO,,False,True
3316207,BOUYGUES TELECOM,"LTE 700, LTE 800, LTE 1800, LTE 2100, LTE 2600, 5G NR 2100",ROUTE DES CRETES (LES SAISIES) 73620 HAUTELUCE,73132,"45.7608,6.5406",Pylône autostable,"24,4m",CELLNEX,,AJO,,False,True
3321225,ORANGE,"LTE 700, LTE 800",33 RUE D'ANJOU (L'HOTELLERIE DE FLÉE) 49520 SEGRE EN ANJOU BLEU,49331,"47.7456,-0.8889",Pylône autostable,30m,TOTEM,2026-07-27,ALL,,False,True
3322336,FREE MOBILE,"LTE 900, LTE 1800, LTE 2100, LTE 2600, 5G NR 3500",ROUTE DE LA CORNICHE (ASCOUBIA) 64700 HENDAYE,64260,"43.3772,-1.7442",Pylône tubulaire,"24,6m",FREE-MOBILE,2026-07-24,ALL,,False,False
3322408,ORANGE,"LTE 800, 5G NR 700",5 RUE DE PARIS 94450 LIMEIL BREVANNES,94044,"48.7461,2.4739",Immeuble,"32,5m",Société HLM,2026-07-29,ALL,,False,True
3322506,ORANGE,GSM 900,ZONE PYRENE AEROPOLE 65380 LANNE,65257,"43.1728,-0.0028",Pylône tubulaire,30m,TOTEM,2007-10-31,SUP,,False,False
3325388,ORANGE,"UMTS 900, LTE 800, LTE 1800, LTE 2100, LTE 2600, 5G NR 700, 5G NR 3500",2 AVENUE DE LA MARECHAL DE LATTERE DE TASSIGHNY 69330 MEYZIEU,69282,"45.7792,5.0236",Pylône tubulaire,34m,ATC FRANCE,,AJO,,False,True
3325551,DIGICEL,"UMTS 900, UMTS 2100, LTE 700, LTE 900, LTE 1800, LTE 2100, LTE 2600",STADE MONNERVILLE 97111 MORNE A L EAU,97116,"16.3331,-61.4572",Pylône autostable,18m,Inconnu,,AJO,,False,True
3325580,FREE MOBILE,"LTE 700, LTE 1800, LTE 2600",17 RUE DE VIGNOLLES 21200 BEAUNE,21054,"47.0267,4.8511",Pylône autostable,25m,ON TOWER FRANCE,2026-07-28,ALL,,False,True
3328740,ORANGE,"LTE 700, LTE 800",2239 CHEMIN DE SAINT-MICHEL (LE GAILLOU) 32360 JEGUN,32162,"43.7672,0.4442",Pylône autostable,30m,TOTEM,2026-07-27,ALL,,False,True
3328784,DIGICEL,"UMTS 900, UMTS 2100, LTE 700, LTE 900, LTE 1800, LTE 2100, LTE 2600",RUE DE L'EPINGLE (RUE DE L'EPINGLE) 97142 LES ABYMES,97101,"16.2667,-61.5139",Pylône autostable,30m,Inconnu,,AJO,,False,True
3329903,FREE MOBILE,"LTE 700, LTE 900, LTE 1800, LTE 2100, LTE 2600",55 AVENUE OUEST 33970 LEGE CAP FERRET,33236,"44.6233,-1.2478",Pylône tubulaire,"12,9m",FREE-MOBILE,2026-07-24,ALL,,False,True
3331407,SFR,UMTS 900,CHEMIN DES GRANDS BOIS (LES CREUX) 52310 ORMOY LES SEXFONTAINES,52367,"48.2214,5.0583",Pylône autostable,42m,SFR,2026-07-23,ALL,,True,True
3331498,Gouv Nelle Calédonie (OPT),"UMTS 900, LTE 800","ROUTE DE POABOAUDIFINGUE RM 28, LOT 25 (POINLOCHE) 98883 VOH",98831,"-20.8819,164.6233",Pylône treillis,6m,Office des Postes et Télécom,,AJO,,False,True
3331696,FREE MOBILE,"LTE 700, LTE 900, LTE 1800, LTE 2100, LTE 2600, 5G NR 700, 5G NR 3500",STADE CHASSELOUP-LAUBAT AVENUE DE BEAULIEU (PARC DES SPORTS) 17320 MARENNES HIERS BROUAGE,17219,"45.83,-1.1025",Pylône tubulaire,36m,TOTEM,,AJO,,False,True
3331698,FREE MOBILE,"LTE 700, LTE 900, LTE 1800, LTE 2100, 5G NR 700",CHEMIN DE DECROZO (LES CHAPELLES) 38280 VILLETTE D ANTHON,38557,"45.7872,5.0786",Pylône autostable,24m,FREE-MOBILE,,AJO,,False,True
3331948,FREE MOBILE,"LTE 700, LTE 900, LTE 1800, LTE 2100, LTE 2600, 5G NR 700, 5G NR 3500",37 RUE JEAN MARIE DE LA MENNAIS 44300 NANTES,44109,"47.2058,-1.5983",Immeuble,"16,3m",Particulier,,AJO,,False,True
3332003,TELCO OI,"GSM 900, UMTS 900, UMTS 2100, LTE 800, LTE 1800, LTE 2100, LTE 2600, 5G NR 700, 5G NR 3500",CHEMIN SARDA GARRIGA 97432 ST PIERRE,97416,"-21.2925,55.5106",Pylône arbre,20m,Telco OI,,AJO,,False,True
3332008,BOUYGUES TELECOM,"LTE 700, LTE 800, LTE 1800, LTE 2600, 5G NR 2100",CHEM DES GRANGES (LA PINEE) 05100 BRIANCON,05023,"44.9069,6.6189",Pylône autostable,24m,PHOENIX FRANCE INFRASTRUCTURES,,AJO,,False,True
3332067,SFR,"LTE 700, LTE 800, LTE 1800, LTE 2100, LTE 2600, 5G NR 2100",ROUTE DE GRAY (LES GRANDES NOUES) 21490 VAROIS ET CHAIGNOT,21657,"47.3433,5.1175",Pylône autostable,36m,SFR,,AJO,,False,True
3332619,BOUYGUES TELECOM,"LTE 700, LTE 800, LTE 1800, LTE 2600, 5G NR 2100",11 R DE LA GRANDE VOIE 95100 ARGENTEUIL,95018,"48.9608,2.2367",Immeuble,11m,"Copropriété, Syndic, SCI",,AJO,,False,True
3332729,SFR,"LTE 700, LTE 800, LTE 1800, LTE 2100, LTE 2600, 5G NR 2100", (CROUX DE LA CURE) 48170 ARZENC DE RANDON,48008,"44.6322,3.6686",Pylône autostable,24m,TDF,,AJO,,False,True
3332773,ORANGE,"UMTS 900, LTE 800, LTE 1800, 5G NR 700, 5G NR 3500",RÉSERVOIR (LES TONNELLES) 79130 SECONDIGNY,79311,"46.6192,-0.4072",Pylône autostable,36m,TOTEM,,AJO,,False,True
3332778,BOUYGUES TELECOM,"LTE 700, LTE 800, LTE 1800, LTE 2600, 5G NR 2100",COULOMBET CHEMIN D ANDU 30350 MOULEZAN,30183,"43.9317,4.12",Pylône autostable,"14,9m",PHOENIX FRANCE INFRASTRUCTURES,,AJO,,False,True
3332794,BOUYGUES TELECOM,"LTE 700, LTE 800, LTE 1800, LTE 2600, 5G NR 2100",5 CHEM RAY CHARLES 59650 VILLENEUVE D ASCQ,59009,"50.6325,3.1394",Immeuble,"25,2m","Copropriété, Syndic, SCI",,AJO,,False,True
3332799,BOUYGUES TELECOM,"LTE 700, LTE 800, LTE 1800, LTE 2600, 5G NR 2100",15 R CHARLES MARTEL 54250 CHAMPIGNEULLES,54115,"48.725,6.1475",Immeuble,"17,9m",Société HLM,,AJO,,False,True
3332801,BOUYGUES TELECOM,"LTE 700, LTE 800, LTE 1800, LTE 2600, 5G NR 2100",4 AV GAL TOUZET DU VIGIER 21000 DIJON,21231,"47.3489,5.0444",Immeuble,"15,8m","Copropriété, Syndic, SCI",,AJO,,False,True
3332805,BOUYGUES TELECOM,"LTE 700, LTE 800, LTE 1800, LTE 2600, 5G NR 2100",CHEMIN DE CEINTURE (LES PIECES DE LA RECETTE) 28310 FRESNAY L EVEQUE,28164,"48.2594,1.8258",Pylône tubulaire,24m,BOUYGUES,,AJO,,False,True
3332810,SFR,"LTE 700, LTE 800, LTE 1800, LTE 2600, 5G NR 2100",RUE RITTI (HERRENFELD) 67290 WIMMENAU,67535,"48.9072,7.4172",Pylône autostable,42m,HIVORY,,AJO,,False,True
3332814,BOUYGUES TELECOM,"LTE 700, LTE 800, LTE 1800, LTE 2600, 5G NR 2100",5 R CHEVREUL 94600 CHOISY LE ROI,94022,"48.7669,2.4164",Immeuble,19m,BOUYGUES,,AJO,,False,True
3332856,BOUYGUES TELECOM,"LTE 700, LTE 800, LTE 1800, LTE 2600, 5G NR 2100",169 R DE LA MAIRIE CHATEAU D'EAU 34980 ST CLEMENT DE RIVIERE,34247,"43.6825,3.8458",Château d'eau - réservoir,15m,"Commune, communauté de communes",,AJO,,False,True
3332910,ORANGE,"GSM 900, UMTS 900, UMTS 2100, LTE 700, LTE 800, LTE 1800, LTE 2100, LTE 2600, 5G NR 3500",RUE BOIS NOIR KATRENDRE 97620 CHIRONGUI,97606,"-12.9028,45.155",Pylône autostable,30m,ORANGE,,AJO,,False,True
3332921,SFR,"LTE 700, LTE 800, LTE 1800, LTE 2100, LTE 2600, 5G NR 2100, 5G NR 3500",CHEMIN DES CHATAIGNIERS (CHAPELIÈRE) 38110 LA BATIE MONTGASCON,38029,"45.5839,5.5364",Pylône autostable,36m,SFR,,AJO,,False,True
3332924,SFR,"LTE 700, LTE 800",5163  ROUTE DE HOUIEILLES 47700 FARGUES SUR OURBISE,47093,"44.2053,0.1297",Pylône autostable,36m,HIVORY,2026-07-24,AJA,,True,True
3332924,SFR,UMTS 900,5163  ROUTE DE HOUIEILLES 47700 FARGUES SUR OURBISE,47093,"44.2053,0.1297",Pylône autostable,36m,HIVORY,,AJO,,True,True
3333243,SFR,"LTE 700, LTE 800, LTE 1800, LTE 2600, 5G NR 2100",RUE DE BELLEVUE (DERRIERE SAINT-PIERRE) 54700 MAIDIERES,54332,"48.8981,6.0331",Pylône arbre,24m,SFR,,AJO,,False,True
3333281,SFR,"LTE 700, LTE 800, LTE 1800, LTE 2100, LTE 2600, 5G NR 3500",5 PLACE STALINGRAD 33800 BORDEAUX,33063,"44.8397,-0.5592",Immeuble,"14,7m","Copropriété, Syndic, SCI",,AJO,,False,True
3333284,SFR,"UMTS 900, LTE 700, LTE 800",ROUTE DE CAPSUS (QUARTIER CAPSUS) 40410 MOUSTEY,40200,"44.4236,-0.7256",Pylône autostable,42m,SFR,,AJO,,True,True
3333290,SFR,"LTE 700, LTE 800, LTE 1800, LTE 2100, LTE 2600, 5G NR 2100",IMPASSE DE GALINREY (GALINREY) 81200 AIGUEFONDE,81002,"43.5083,2.3397",Pylône autostable,42m,TDF,,AJO,,False,True
3333362,ORANGE,"LTE 700, LTE 800, LTE 1800, 5G NR 2100",LES QUEUDRES (LES VIGNES BLANCHES) 58490 ST PARIZE LE CHATEL,58260,"46.8469,3.1411",Pylône autostable,"42,8m",ON TOWER FRANCE,,AJO,,False,True
3333374,BOUYGUES TELECOM,"UMTS 900, LTE 700, LTE 800, LTE 1800, LTE 2600, 5G NR 2100",ROUTE DU POTEAU (HEREL) 14350 SOULEUVRE EN BOCAGE,14061,"48.9614,-0.9533",Pylône autostable,48m,TDF,,AJO,,False,True
3333407,TELCO OI,"GSM 900, UMTS 900, UMTS 2100, LTE 800, LTE 1800, LTE 2100, LTE 2600, 5G NR 700, 5G NR 3500",100 RUE LAFAYETTE 97470 ST BENOIT,97410,"-21.0508,55.7153",Pylône autostable,20m,Telco OI,,AJO,,False,True
3333417,FREE MOBILE,"LTE 700, LTE 900, LTE 1800, LTE 2100, LTE 2600, 5G NR 700, 5G NR 3500",301 AVENUE SAINT EXUPÉRY HLM LES FAUVETTES BÂTIMENT B 83500 LA SEYNE SUR MER,83126,"43.1125,5.8733",Bâtiment,"17,5m",Société HLM,,AJO,,False,True
3333436,BOUYGUES TELECOM,"LTE 700, LTE 800, LTE 1800, LTE 2600, 5G NR 2100",33 R EDOUARD BRANLY 35170 BRUZ,35047,"48.0356,-1.725",Pylône autostable,"34,5m",CELLNEX,,AJO,,False,True
3333490,BOUYGUES TELECOM,"LTE 700, LTE 800, LTE 1800, LTE 2600, 5G NR 2100, 5G NR 3500",17 RUE DES ROSIERS 14000 CAEN,14118,"49.1867,-0.3739",Immeuble,"33,2m",Société HLM,,AJO,,False,True
3333613,SFR,"LTE 700, LTE 800, LTE 1800, LTE 2100, LTE 2600, 5G NR 2100", (LA RAZ) 38690 CHABONS,38065,"45.4431,5.4089",Pylône autostable,36m,SFR,,AJO,,False,True
3333616,SFR,"LTE 700, LTE 800, LTE 1800, LTE 2600, 5G NR 2100",D906 CHEMIN D'EXPLOITATION N°5 (LA SAISON DE BAN) 54150 AVRIL,54036,"49.2931,5.9589",Pylône autostable,30m,TDF,,AJO,,False,True
3333625,SFR,"LTE 700, LTE 800, LTE 1800, LTE 2100, LTE 2600, 5G NR 2100",5 BOULEVARD ORATORI 66200 THEZA,66208,"42.6408,2.9489",Immeuble,"10,8m","Copropriété, Syndic, SCI",,AJO,,False,True
3333644,BOUYGUES TELECOM,"LTE 700, LTE 800, LTE 1800, LTE 2600, 5G NR 2100", (LE FOND DES CHEMS) 22410 LANTIC,22117,"48.5986,-2.8831",Pylône autostable,36m,PHOENIX FRANCE INFRASTRUCTURES,,AJO,,False,True
3333741,ORANGE,"LTE 800, LTE 1800, LTE 2100, 5G NR 700, 5G NR 3500",RUE VERTE 62360 CONDETTE,62235,"50.6483,1.6322",Pylône tubulaire,36m,ORANGE,,AJO,,False,True
3333743,ORANGE,"LTE 800, LTE 1800, LTE 2100, LTE 2600, 5G NR 700, 5G NR 3500",2  R LÉO LAGRANGE RÉSIDENCE FONTAINEBLEAU 59580 ANICHE,59008,"50.3256,3.2561",Bâtiment,"16,9m",Société Privée,,AJO,,False,True
3333785,ORANGE,"LTE 800, LTE 1800, LTE 2100, LTE 2600, 5G NR 700, 5G NR 3500",12 AVENUE DU GUÉ LANGLOIS ZONE D'ACTIVITÉS DU GUÉ LANGLOIS 77600 BUSSY ST MARTIN,77059,"48.845,2.6653",Bâtiment,"12,9m",Société Privée,,AJO,,False,True
3333847,FREE MOBILE,"LTE 700, LTE 900, LTE 1800, LTE 2100, LTE 2600, 5G NR 700, 5G NR 3500",13 AVENUE PORTE DE VINCENNES 75020 PARIS 20,75120,"48.8475,2.4133",Bâtiment,36m,Société Privée,,AJO,,False,True
3333854,FREE MOBILE,"LTE 700, LTE 900, LTE 1800, LTE 2100, LTE 2600, 5G NR 700, 5G NR 3500",2 RUE PIERRE MENDÈS FRANCE 44230 ST SEBASTIEN SUR LOIRE,44190,"47.1925,-1.4936",Pylône autostable,"31,8m",CELLNEX,,AJO,,False,True
3333858,BOUYGUES TELECOM,UMTS 2100,18 ROUTE DU BASSIN N°6 92230 GENNEVILLIERS,92036,"48.9486,2.2953",Pylône tubulaire,27m,CELLNEX,2018-05-30,SUP,,False,False
3333858,FREE MOBILE,"LTE 700, LTE 900, LTE 1800, LTE 2100, LTE 2600, 5G NR 700, 5G NR 3500",18 ROUTE DU BASSIN N°6 92230 GENNEVILLIERS,92036,"48.9486,2.2953",Pylône tubulaire,27m,CELLNEX,,AJO,,False,True
3335402,SFR,"LTE 700, LTE 800, LTE 1800, LTE 2100, LTE 2600, 5G NR 2100","44, IMPASSE VIEUX CHEMIN DE ST CYPRIEN 66200 ELNE",66065,"42.6144,2.985",Pylône arbre,25m,TOWEO,,AJO,,False,True
3336149,ORANGE,"UMTS 900, LTE 700, LTE 800, LTE 1800, 5G NR 2100",1801 ROUTE DE CHASSAC CHEMIN DES VIGNES 19120 BEAULIEU SUR DORDOGNE,19019,"45.0325,1.8381",Pylône autostable,30m,TDF,,AJO,,False,True
3336647,ORANGE,"UMTS 900, LTE 700, LTE 800, LTE 1800, 5G NR 2100",CHEMIN DU BOUCHET	 (PATURE DU CHAMP VALET) 18340 LAPAN,18122,"46.9253,2.3025",Pylône autostable,36m,TOTEM,2026-07-21,ALL,,False,True
3342449,SFR,,ROUTE LE PETIT FONTAINE (LE PETIT FONTAINE) 14400 RYES,14552,"49.3247,-0.6239",Pylône autostable,45m,HIVORY,2024-01-19,CHI,1690801,False,True
3342464,BOUYGUES TELECOM,,RUE DE LA MINE (LE ROUERGAS) 34980 ST GELY DU FESC,34255,"43.7022,3.8128",Pylône autostable,24m,CELLNEX,2026-07-15,CHI,3164765,False,True
3342857,FREE MOBILE,,ROUTE DEPARTEMENTALE 906 (LES VIARDS) 71570 LA CHAPELLE DE GUINCHAY,71090,"46.2231,4.7819",Pylône autostable,36m,TDF,2022-10-17,CHI,2526120,False,True
3342857,ORANGE,,ROUTE DEPARTEMENTALE 906 (LES VIARDS) 71570 LA CHAPELLE DE GUINCHAY,71090,"46.2231,4.7819",Pylône autostable,36m,TDF,2021-11-16,CHI,2298053,False,True
3343026,ORANGE,,7 ALLÉE DANIEL DE COSNAC 19100 BRIVE LA GAILLARDE,19031,"45.1575,1.5556",Immeuble,35m,TOTEM,2022-06-27,CHI,767917,False,True
3343031,ORANGE,,RUE DES DENTELLIÈRES STADE JACQUES ROUÉ (LES GARENNES) 14470 REVIERS,14535,"49.2989,-0.4628",Pylône tubulaire,35m,TOTEM,2025-09-22,CHI,2845100,False,True
3343042,ORANGE,,6 RUE DE BALZAC 19100 BRIVE LA GAILLARDE,19031,"45.1561,1.5419",Immeuble,"18,6m","Copropriété, Syndic, SCI",2023-07-10,CHI,226443,False,True
3343048,ORANGE,,"2, PARKING DU ROUERGUE 34300 AGDE",34003,"43.2892,3.5242",Pylône tubulaire,"25,5m",TOTEM,2022-06-27,CHI,949217,False,True
3343052,SFR,,4-6 RUE PIERRE CHEVALDONNE 45100 ORLEANS,45234,"47.9092,1.9161",Immeuble,"18,8m",Société HLM,2020-12-16,CHI,857231,False,True
3343056,ORANGE,,RUE SIMON DAUPHINOT STADE LECRINIER 51350 CORMONTREUIL,51172,"49.225,4.0475",Pylône autostable,19m,TOTEM,2021-05-31,CHI,872334,False,True
3343060,SFR,,5 AVENUE MUNSTER 45100 ORLEANS,45234,"47.9122,1.9064",Bâtiment,57m,Société HLM,2020-12-16,CHI,468032,False,True
3343064,ORANGE,,AVENUE DE LA FOSSE 10 62420 BILLY MONTIGNY,62133,"50.4131,2.9053",Pylône autostable,"30,1m",TOTEM,2024-02-07,CHI,2009380,False,True
3343070,ORANGE,,14 RUE DE LA COLLINE 57200 SARREGUEMINES,57631,"49.1094,7.0539",Immeuble,"22,7m",Société Privée,2024-02-14,CHI,804219,False,True
3343074,ORANGE,,28 AVENUE DE FRANCE 74960 ANNECY,74010,"45.91,6.1386",Bâtiment,"29,7m","CCI, Ch Métier, Port Aut, Aéroport",2012-08-02,CHI,1003962,False,True
3343123,BOUYGUES TELECOM,,30 BOULEVARD ADOLPHE THIERS 78250 MEULAN EN YVELINES,78401,"49.0058,1.9261",Pylône tubulaire,"37,4m",CELLNEX,2021-12-30,CHI,2305976,False,True
3343127,ORANGE,,92 RUE DES FOSS?S SOUS S?MINAIRE 63100 CLERMONT FERRAND,63113,"45.795,3.1133",Immeuble,"19,4m",TOTEM,2022-11-16,CHI,2302720,False,True
3343227,ORANGE,,VAUTENDRE 1995 CHEMIN DES POISSONNIERS 13600 CEYRESTE,13023,"43.2094,5.6256",Pylône autostable,"20,4m",SNCF Réseau,2024-08-20,CHI,2137291,False,True
3343233,ORANGE,,CHEMIN DE PARADIS 39290 CHEVIGNY,39141,"47.1822,5.4878",Pylône autostable,36m,TOTEM,,CHI,3284828,False,True
3343237,ORANGE,,CHEMIN DE LA VIERGE (LES JOUPRANGES) 39290 MENOTEY,39323,"47.1553,5.4967",Pylône autostable,36m,ORANGE,2023-12-29,CHI,2783876,False,True
3343524,ORANGE,,2 CHEMIN DE VENTENAC 31320 VIEILLE TOULOUSE,31575,"43.5289,1.4425",Pylône autostable,18m,TOTEM,2025-07-15,CHI,3129233,False,True
3343539,BOUYGUES TELECOM,,38 RUE DE LA BURELLE 45800 ST JEAN DE BRAYE,45284,"47.9125,1.9453",Pylône autostable,30m,CELLNEX,2023-04-21,CHI,2818369,False,True
3343570,ORANGE,,CHEMIN VAUX FOUGARNIERS (LES CHÂGNES AUX LOUPS) 89270 VERMENTON,89441,"47.6639,3.7569",Pylône autostable,27m,TOTEM,2025-04-03,CHI,665747,False,True
3343578,SFR,,3 BOULEVARD DU GÉNÉRAL GALLIENI 94360 BRY SUR MARNE,94015,"48.8403,2.5219",Immeuble,18m,Société Privée,2022-03-17,CHI,581806,False,True
3343659,FREE MOBILE,,FERME NEUHOF 57910 HAMBACH,57289,"49.0383,7.0506",Pylône tubulaire,40m,TDF,2020-12-15,CHI,1432659,False,True
3343663,FREE MOBILE,,ROUTE DE DOMPIERRE (LE PETIT DOMPIERRE) 18320 JOUET SUR L AUBOIS,18118,"47.0344,3.0294",Pylône autostable,40m,ATC FRANCE,2023-11-30,CHI,2683930,False,True
3343944,FREE MOBILE,,2 MOB CHEMIN DES PERRETTES 18200 ORCENAIS,18171,"46.7203,2.4219",Pylône autostable,"31,8m",ON TOWER FRANCE,2021-05-21,CHI,1942390,False,True
3343958,BOUYGUES TELECOM,,RUE JEAN LOUIS SCIALLOUX 78200 BUCHELAY,78118,"48.9833,1.6786",Pylône autostable,31m,CELLNEX,2021-09-06,CHI,2415080,False,True
3343958,SFR,,RUE JEAN LOUIS SCIALLOUX 78200 BUCHELAY,78118,"48.9833,1.6786",Pylône autostable,31m,CELLNEX,2024-03-19,CHI,2505948,False,True
3344088,FREE MOBILE,,45 RUE EMILE ZOLA (LE CALVAIRE) 59252 MARQUETTE EN OSTREVANT,59387,"50.2919,3.2642",Pylône tubulaire,33m,ON TOWER FRANCE,2020-12-15,CHI,1924095,False,True
341577,ORANGE,GSM 900,CHEM RURAL PRÉS D122 (BREL HAUT) 82190 BOURG DE VISA,82022,"44.2583,0.9439",Château d'eau - réservoir,32m,"Syndicat des eaux, Adduction",2006-12-23,SUP,,True,False
343117,ORANGE,GSM 900,PRÉS D66 FERME DU BEL AIR (SOULEILLA DE BELER) 31460 PRUNET,31441,"43.5761,1.7328",Pylône autostable,33m,TOTEM,2007-01-06,SUP,,False,False
347794,ORANGE,GSM 900,VC N°2 DE BETCHAT PRÈS RÉSERVOIR ET D 335 (SÈRE) 09230 BAGERT,09033,"43.0811,1.0694",Pylône autostable,25m,Conseil Départemental,2007-02-03,SUP,,True,False
347806,ORANGE,GSM 900, (HAILLOUÉ) 32420 PELLEFIGUE,32309,"43.4797,0.7892",Pylône autostable,25m,Conseil Départemental,2007-02-17,SUP,,True,False
348275,ORANGE,GSM 900,310 AV DE MURET 31500 TOULOUSE,31555,"43.5922,1.4342",Immeuble,37m,"Copropriété, Syndic, SCI",2007-02-17,SUP,,False,False
349276,ORANGE,GSM 900,D 295 CHEM DE MOMY (LE BESIAU) 65500 VILLENAVE PRES BEARN,65476,"43.3733,-0.1003",Pylône autostable,24m,TOTEM,2007-04-17,SUP,,True,False
349476,ORANGE,GSM 900, (TIBART) 09600 DUN,09107,"43.0569,1.8056",Pylône autostable,24m,TOTEM,2007-12-14,SUP,,True,False
349485,ORANGE,GSM 900,CHEM RURAL DE SARAMON À LOMBEZ 32220 MONTAMAT,32277,"43.4978,0.8397",Château d'eau - réservoir,30m,"Syndicat des eaux, Adduction",2007-02-27,SUP,,True,False
350417,ORANGE,GSM 900,VOIE COMMUNALE (LA SOULEILLE DE LANNES) 09140 SEIX,09285,"42.8719,1.1886",Pylône autostable,33m,TOTEM,2008-01-16,SUP,,True,False
363841,ORANGE,GSM 900,CHEM RURAL DE ST GERMAIN À COUTENS (MIN RNÉ) 46310 FRAYSSINET,46113,"44.6492,1.4708",Pylône autostable,30m,TOTEM,2007-10-12,SUP,,False,False
392176,SFR,GSM 900,"3, AV DE CARRAS IMM LE NEVADA 06300 NICE",06088,"43.6814,7.2306",Immeuble,"31,8m","Copropriété, Syndic, SCI",1995-07-20,SUP,,False,False
397754,ORANGE,GSM 900,CHEM RURAL (LA COURRÈGE) 65190 CAHARET,65118,"43.1508,0.3125",Pylône haubané,25m,TOTEM,2007-09-03,SUP,,False,False
400455,ORANGE,GSM 900,CHEM RURAL (PEYREGUDE) 09320 LE PORT,09231,"42.8775,1.3706",Mât,10m,TOTEM,2007-12-20,SUP,,True,False
400652,ORANGE,"5G NR 700, 5G NR 3500",R RENÉ GILLARDIE PL DE LA GARE 16600 RUELLE SUR TOUVRE,16291,"45.6761,0.2217",Pylône tubulaire,20m,TOTEM,,AJO,,False,False
407684,SFR,GSM 900,53 R DE LA TALAUDIÈRE 42230 ST ETIENNE,42218,"45.4558,4.4131",Pylône autostable,23m,HIVORY,2017-12-13,SUP,,False,False
415169,FREE MOBILE,"LTE 2100, 5G NR 700",CHEM RURAL PRÈS D.36 (LES BOUQUINS) 45210 LA SELLE SUR LE BIED,45307,"48.0467,2.8875",Pylône autostable,35m,TOTEM,2026-07-24,ALL,,False,False
41517,SFR,GSM 900,BD  E.D SEILLON 83270 ST CYR SUR MER,83112,"43.185,5.7103",Bâtiment,13m,SFR,2000-12-06,SUP,,False,False
417371,ORANGE,GSM 900, (LE CHÂTEAU D'AYMARE) 46300 LE VIGAN EN QUERCY,46334,"44.7178,1.4722",Pylône autostable,32m,TOTEM,2008-02-01,SUP,,False,False
429217,ORANGE,"LTE 700, 5G NR 2100",AV DE LA RÉSISTANCE PRÈS DU CHÂTEAU D'EAU 28480 BEAUMONT LES AUTELS,28031,"48.2583,0.9606",Pylône autostable,33m,TOTEM,2026-07-24,ALL,,False,False
431492,ORANGE,GSM 900,CHEM RURAL  PRÈS D.943 (LASBATS) 65700 LAHITTE TOUPIERE,65248,"43.4539,-0.0192",Château d'eau - réservoir,25m,"Commune, communauté de communes",2008-03-17,SUP,,False,False
435326,FREE MOBILE,5G NR 700,CITÉ DES PAPETERIES (DUNE D'UDOS) 40200 MIMIZAN,40184,"44.2067,-1.2603",Pylône autostable,60m,TOTEM,2026-07-24,ALL,,False,False
435326,SFR,GSM 900,CITÉ DES PAPETERIES (DUNE D'UDOS) 40200 MIMIZAN,40184,"44.2067,-1.2603",Pylône autostable,60m,TOTEM,2002-01-09,SUP,,False,False
435617,ORANGE,GSM 900,CHEM DE MANSÈDRE (JASSE DE MANSÈDRE) 09110 AX LES THERMES,09032,"42.6811,1.8117",Pylône autostable,"30,6m","Commune, communauté de communes",2008-02-04,SUP,,False,False
435649,BOUYGUES TELECOM,LTE 700,2 R BARROUIN 56 R BERGSON 42230 ST ETIENNE,42218,"45.4539,4.3836",Immeuble,34m,Société HLM,2026-07-30,ALL,,False,False
436548,ORANGE,GSM 900,COL DE BES (PLAGNE D'EROS) 09200 ERP,09114,"42.9289,1.2025",Pylône autostable,32m,TOTEM,2004-11-04,SUP,,False,False
436585,ORANGE,GSM 900,RN 21 (LA TUQUETTE) 47480 PONT DU CASSE,47209,"44.2556,0.6594",Pylône autostable,"92,8m",TDF,1994-04-01,SUP,,False,False
436647,ORANGE,GSM 900,PRÈS D 918 RÉSIDENCE TOURMALET (LA MONGIE TOURMALET) 65710 BAGNERES DE BIGORRE,65059,"42.9092,0.1683",Immeuble,"32,1m","Copropriété, Syndic, SCI",2000-12-01,SUP,,False,False
436973,ORANGE,GSM 900,26 CHEM DE LA GLACIÈRE (LA GLACIÈRE) 31500 TOULOUSE,31555,"43.6442,1.4211",Mât,20m,"Copropriété, Syndic, SCI",2008-05-14,SUP,,False,False
436982,ORANGE,GSM 900, (PRAT DE REDON) 09000 PRAYOLS,09236,"42.9278,1.5919",Pylône autostable,70m,TDF,2004-09-05,SUP,,False,False
437294,ORANGE,GSM 900,D.37 - ROUTE DE DAUX (AU TUCOL) 31330 MERVILLE,31341,"43.7092,1.2797",Pylône autostable,35m,ATC FRANCE,2008-02-19,SUP,,False,False
437294,SFR,GSM 900,D.37 - ROUTE DE DAUX (AU TUCOL) 31330 MERVILLE,31341,"43.7092,1.2797",Pylône autostable,35m,ATC FRANCE,2012-10-29,SUP,,False,False
437509,ORANGE,GSM 900,R COLISSON HÔPITAL TONNEINS 47400 TONNEINS,47310,"44.3931,0.3039",Pylône autostable,36m,Établissement de soins,2003-09-20,SUP,,False,False
437716,FREE MOBILE,5G NR 3500,LA MARE AUX BOEUFS 76170 ST ANTOINE LA FORET,76556,"49.5492,0.4831",Pylône autostable,44m,TDF,2026-07-24,ALL,,False,False
438120,ORANGE,GSM 900,ENTRE D1 ET RTE DE LA FORÊT DE BOUCONNE PRÈS DU CHÂTEAU D'EAU (CANNONGE) 31700 MONDONVILLE,31351,"43.6725,1.28",Pylône tubulaire,45m,HIVORY,2008-02-18,SUP,,False,False
438127,BOUYGUES TELECOM,LTE 2600, (LA GARDETTE DE DESSUS) 31550 CINTEGABELLE,31145,"43.3261,1.5192",Pylône autostable,20m,SFR,2026-07-25,ALL,,False,False
438511,ORANGE,GSM 900,AVE DES PALOMBIÈRES (BOIS DE REBISCOU) 65690 BARBAZAN DEBAT,65062,"43.2078,0.1303",Pylône autostable,78m,TDF,1992-12-04,SUP,,False,False
438823,ORANGE,GSM 900,R LOUIS SABATIÉ PROCHE SNCF (VILLEBOURBON) 82000 MONTAUBAN,82121,"44.0142,1.3397",Pylône autostable,39m,CELLNEX,2000-09-22,SUP,,False,False
439240,SFR,GSM 900,ROND POINT DU MOULIN  PRES DE L'A5 ECH RN 105/RD 402 77166 EVRY GREGY SUR YERRE,77175,"48.6314,2.6303",Pylône autostable,35m,ATC FRANCE,2000-01-17,SUP,,False,False
439267,ORANGE,GSM 900, (LA CAROLE) 09300 VILLENEUVE D OLMES,09336,"42.9108,1.8136",Pylône autostable,36m,TOTEM,2007-05-19,SUP,,False,False
439481,ORANGE,GSM 900,550 AV DE TOULOUSE 31600 SEYSSES,31547,"43.5017,1.3194",Château d'eau - réservoir,50m,"Commune, communauté de communes",1997-01-31,SUP,,False,False
439909,SFR,GSM 900,CHEM RURAL DES HAUTES PERRUCHES 78710 ROSNY SUR SEINE,78531,"48.9936,1.625",Pylône autostable,31m,TOTEM,2018-12-11,SUP,,False,False
439919,SFR,LTE 700,11 R DES MINES ANCIENNE USINE 67330 BOUXWILLER,67061,"48.8228,7.4808",Bâtiment,40m,Société Privée,,AJO,,False,False
440785,ORANGE,GSM 900,BORDENEUVE D'EN BAS (MOURELOU) 31410 MONTAUT,31361,"43.3422,1.2881",Pylône autostable,42m,TOTEM,2007-04-21,SUP,,False,False
440837,ORANGE,5G NR 700,16 CHEM DE LUZANCY (LES HOULEBERTS) 77410 VILLEVAUDE,77517,"48.9075,2.6811",Pylône autostable,45m,TOTEM,2026-07-29,ALL,,False,False
440929,SFR,GSM 900,4 R DE LA SAMMARITAINE 59640 DUNKERQUE,59183,"51.0353,2.3561",Pylône autostable,35m,ATC FRANCE,2016-12-06,SUP,,False,False
441477,BOUYGUES TELECOM,LTE 2100,CHEM HENRI IV (LAGUES) 65100 POUEYFERRE,65366,"43.1097,-0.0753",Pylône autostable,39m,TOTEM,2026-07-24,ALL,,False,False
441477,ORANGE,GSM 900,CHEM HENRI IV (LAGUES) 65100 POUEYFERRE,65366,"43.1097,-0.0753",Pylône autostable,39m,TOTEM,1997-07-11,SUP,,False,False
442160,ORANGE,GSM 900,LA GARENNE (AU SAULOU) 47500 FUMEL,47106,"44.5,0.9742",Pylône autostable,31m,TOTEM,1996-06-19,SUP,,False,False
442472,ORANGE,GSM 900, (CAMUS) 65270 PEYROUSE,65360,"43.1014,-0.0956",Pylône autostable,"36,4m",TOTEM,1997-06-27,SUP,,False,False
442716,ORANGE,"5G NR 700, 5G NR 3500",BEL AIR (LA BORDETTE) 09110 AX LES THERMES,09032,"42.7236,1.8408",Pylône autostable,37m,TDF,,AJO,,False,False
442716,ORANGE,GSM 900,BEL AIR (LA BORDETTE) 09110 AX LES THERMES,09032,"42.7236,1.8408",Pylône autostable,37m,TDF,1997-06-20,SUP,,False,False
442752,ORANGE,GSM 900,LA GRAVIERE (SABATOUSE) 31410 LONGAGES,31303,"43.3633,1.255",Pylône autostable,43m,ATC FRANCE,2005-03-16,SUP,,False,False
443166,FREE MOBILE,"LTE 2100, 5G NR 700",LA PLAINE DE LA R MARGUET (BOIS DES 7 FONTAINES) 62610 LOUCHES,62531,"50.8189,2.0008",Pylône autostable,33m,HIVORY,2026-07-24,ALL,,False,False
443253,SFR,GSM 900,RTE DE ROUFFACH SNCF FRET 68000 COLMAR,68066,"48.0667,7.3428",Pylône tubulaire,"24,2m",TOTEM,2020-05-20,SUP,,False,False
443323,BOUYGUES TELECOM,LTE 2100,26 AV DOMAINE DE VIALLE TDF CENTRE EMETTEUR DE BOULIAC (LESPARRE) 33270 BOULIAC,33065,"44.82,-0.5056",Pylône haubané,250m,TDF,2017-12-20,SUP,,False,False
443704,ORANGE,GSM 900,20 AV DU GÉNÉRAL DE GAULLE ESPACE OLIVIER CAROL 09000 FOIX,09122,"42.9608,1.61",Bâtiment,35m,"Commune, communauté de communes",2006-08-01,SUP,,False,False
443776,ORANGE,GSM 900,RUE DU PAPE JEAN XXIII STATION TDF DE CAHORS 2 (LE FAILHAL) 46000 CAHORS,46042,"44.4694,1.4411",Pylône autostable,45m,TDF,2012-12-07,SUP,,False,False
445417,ORANGE,GSM 900,4 CHE DE LABASTIDOLE 31140 PECHBONNIEU,31410,"43.7042,1.4653",Tour hertzienne,52m,TDF,1994-07-01,SUP,,False,False
445906,ORANGE,GSM 900,CHEMIN DU BARTHAC VOIE COM PRÈS CHEM DE FER (CADOSSANG) 82200 MOISSAC,82112,"44.1014,1.1056",Pylône autostable,30m,TOTEM,2005-01-07,SUP,,False,False
446615,ORANGE,GSM 900, (MAIL LONG) 31440 BEZINS GARRAUX,31067,"42.9367,0.6667",Pylône autostable,48m,TDF,1997-01-24,SUP,,False,False
447056,ORANGE,GSM 900,QUARTIER BOSC (SIGNAL DE LE FAU) 82000 MONTAUBAN,82121,"43.9675,1.3742",Tour hertzienne,90m,TDF,2005-12-24,SUP,,False,False
447962,SFR,GSM 900,5 R DES GLIÈRES 74960 ANNECY,74010,"45.9003,6.1222",Immeuble,34m,Société Privée,1999-08-06,SUP,,False,False
448328,ORANGE,GSM 900, (SOUBRIE) 46500 GRAMAT,46128,"44.7747,1.7308",Pylône autostable,45m,TDF,1997-02-07,SUP,,False,False
448746,ORANGE,GSM 900,NEGRIE (EN SOUQUET) 32000 AUCH,32013,"43.6581,0.5361",Château d'eau - réservoir,53m,"Syndicat des eaux, Adduction",1997-07-11,SUP,,False,False
448792,SFR,GSM 900,5 RUE GUTENBERG (CHAMP CHAILLOT) 79000 NIORT,79191,"46.3364,-0.4025",Pylône autostable,47m,HIVORY,1997-06-13,SUP,,False,False
449147,ORANGE,GSM 900,EGLISE ST MICHEL PL LUCIEN LAMARQUE 32100 CONDOM,32107,"43.9544,0.3711",Monument religieux,34m,"Commune, communauté de communes",2002-12-07,SUP,,False,False
450091,SFR,GSM 900,CHEM D'EXPLOITATION N° 6 (LA SAVARIÈRE) 89420 MARMEAUX,89244,"47.5994,4.1283",Pylône autostable,"40,2m",HIVORY,1999-02-11,SUP,,False,False
450105,ORANGE,GSM 900,CHÂTEAU D'EAU (SANSOT) 32400 VIELLA,32463,"43.5983,-0.1481",Château d'eau - réservoir,54m,"Commune, communauté de communes",1998-12-11,SUP,,False,False
450539,SFR,GSM 900,6 BD VOLTAIRE 75011 PARIS 11,75111,"48.8661,2.3656",Immeuble,34m,"Copropriété, Syndic, SCI",2016-03-30,SUP,,False,False
451306,SFR,GSM 900,"178, CH DE LA COSTIÈRE 06300 NICE",06088,"43.7156,7.2297",Pylône tubulaire,15m,TOTEM,2009-05-25,SUP,,False,False
451638,ORANGE,GSM 900,CR SUD DE SAILHAN (TRASSENS) 65170 SAILHAN,65384,"42.8186,0.3325",Pylône autostable,30m,TDF,2005-02-12,SUP,,False,False
452057,SFR,GSM 900,79-83 R DE STRASBOURG 93380 ST DENIS,93066,"48.9367,2.3703",Immeuble,"45,8m","Copropriété, Syndic, SCI",2000-01-19,SUP,,False,False
452473,SFR,GSM 900,AV DE BOUFFLERS IMM P. DUKAS 54100 NANCY,54395,"48.6931,6.1392",Immeuble,48m,"Copropriété, Syndic, SCI",1998-10-23,SUP,,False,False
452531,ORANGE,GSM 900, (PECH DE MONFABES) 47300 VILLENEUVE SUR LOT,47323,"44.4333,0.7222",Pylône autostable,42m,TDF,2001-02-22,SUP,,False,False
452952,BOUYGUES TELECOM,LTE 2600,LA CIOTAT 32810 ROQUELAURE,32348,"43.7189,0.5839",Château d'eau - réservoir,60m,"Syndicat des eaux, Adduction",2026-07-25,ALL,,False,False
452952,ORANGE,GSM 900,LA CIOTAT 32810 ROQUELAURE,32348,"43.7189,0.5839",Château d'eau - réservoir,60m,"Syndicat des eaux, Adduction",1997-01-06,SUP,,False,False
453090,BOUYGUES TELECOM,LTE 2100,D92 - D92B PRÈS DE LA D33E (CAP DE LA OUREST) 31360 ST MEDARD,31504,"43.13,0.815",Pylône autostable,48m,Sociétés d'Autoroutes,2026-07-23,ALL,,False,False
453090,ORANGE,GSM 900,D92 - D92B PRÈS DE LA D33E (CAP DE LA OUREST) 31360 ST MEDARD,31504,"43.13,0.815",Pylône autostable,48m,Sociétés d'Autoroutes,2007-03-27,SUP,,False,False
453791,ORANGE,GSM 900,GR65 (LE CINGLE) 46100 FIGEAC,46102,"44.6036,2.0253",Pylône autostable,35m,TDF,1995-12-01,SUP,,False,False
453898,BOUYGUES TELECOM,"5G NR 2100, 5G NR 3500",63 AV CARNOT 52000 CHAUMONT,52121,"48.1194,5.1383",Immeuble,34m,Établissement de soins,,SUP,,False,False
454487,ORANGE,GSM 900,D 820 (BOIS DES PLANES) 09110 AX LES THERMES,09032,"42.7122,1.8242",Pylône autostable,35m,TOTEM,2008-12-11,SUP,,False,False
454493,ORANGE,GSM 900,STATION TDF D'AUCH (LA RÉTOURIE) 32000 AUCH,32013,"43.6406,0.6164",Pylône autostable,42m,TDF,1993-11-05,SUP,,False,False
455138,ORANGE,GSM 900,PL JEAN MOULIN RUE DU MAL JOFFRE 65110 CAUTERETS,65138,"42.8875,-0.1128",Monument religieux,49m,"Commune, communauté de communes",2001-07-06,SUP,,False,False
455358,ORANGE,GSM 900,PYLONE TDF LES BRUGES (PIPOU) 46200 LANZAC,46153,"44.8728,1.4647",Pylône autostable,57m,TDF,1993-09-03,SUP,,False,False
455874,ORANGE,GSM 900, (CUREILLE) 65120 GRUST,65210,"42.8975,-0.0417",Pylône autostable,28m,EDF ou GDF,1998-12-11,SUP,,False,False
455988,ORANGE,GSM 900, (LAURIE) 47510 FOULAYRONNES,47100,"44.2228,0.6114",Pylône autostable,"18,6m",TOTEM,1997-06-06,SUP,,False,False
456241,ORANGE,GSM 900,"AV DES PYRÉNÉES HLM ROCHEBRUNE,BAT C (TOUNIS) 47520 LE PASSAGE",47201,"44.1822,0.6036",Immeuble,31m,Société HLM,2005-09-24,SUP,,False,False
456484,ORANGE,GSM 900,AIRE DE REPOS DE CAMPSAS BOIS DE SIOULAYRE (JOUBY) 82370 CAMPSAS,82027,"43.8886,1.3206",Pylône autostable,41m,HIVORY,2012-11-08,SUP,,False,False
456886,ORANGE,GSM 900, (ST-RAYMOND) 09100 PAMIERS,09225,"43.0961,1.6056",Pylône autostable,44m,TDF,2004-11-06,SUP,,False,False
456922,ORANGE,GSM 900,CHEM DE LA CÔTE (BELLECAVE) 65140 RABASTENS DE BIGORRE,65375,"43.3933,0.1608",Pylône autostable,35m,TOTEM,2007-02-17,SUP,,False,False
457704,ORANGE,GSM 900,20-22 R DES ARBUSTES 31500 TOULOUSE,31555,"43.6031,1.4764",Immeuble,"25,3m",Société HLM,2013-07-12,SUP,,False,False
457921,BOUYGUES TELECOM,"LTE 2100, 5G NR 2100",ROC DU TRAUCADOU (TAOUSSOMALO) 09000 MONTOULIEU,09210,"42.8933,1.5872",Pylône haubané,63m,TDF,2026-07-25,ALL,,False,False
457921,ORANGE,GSM 900,ROC DU TRAUCADOU (TAOUSSOMALO) 09000 MONTOULIEU,09210,"42.8933,1.5872",Pylône haubané,63m,TDF,1993-09-03,SUP,,False,False
457921,SFR,5G NR 2100,ROC DU TRAUCADOU (TAOUSSOMALO) 09000 MONTOULIEU,09210,"42.8933,1.5872",Pylône haubané,63m,TDF,2027-02-01,ALL,,False,False
458591,SFR,GSM 900, (RUÉJOULS) 12500 ESPALION,12096,"44.5158,2.7625",Pylône autostable,29m,TDF,2018-12-21,SUP,,False,False
458731,ORANGE,GSM 900,8 - 8BIS AV PIERRE COUPEAU 31130 BALMA,31044,"43.6106,1.4981",Immeuble,21m,"Copropriété, Syndic, SCI",2011-09-28,SUP,,False,False
459157,ORANGE,GSM 900, (SAUDECH) 09200 ST GIRONS,09261,"42.9633,1.1278",Pylône autostable,32m,TDF,1995-06-02,SUP,,False,False
459523,ORANGE,GSM 900,35 B  AV DU 11 NOVEMBRE 09600 LAROQUE D OLMES,09157,"42.9644,1.8653",Pylône autostable,"31,6m",TOTEM,1997-05-09,SUP,,False,False
460180,ORANGE,GSM 900, (ESPITALIS) 31840 SEILH,31541,"43.6975,1.3567",Pylône tubulaire,"40,9m",SFR,1998-02-13,SUP,,False,False
460297,ORANGE,GSM 900,CHEM DE PAYOLLE (CAP DE LAS COUMES) 65710 CAMPAN,65123,"42.9425,0.2719",Pylône tubulaire,9m,TOTEM,2008-09-22,SUP,,False,False
460461,SFR,GSM 900,PRÈS RÉSERVOIR (LE HAUT DU CHÊNE) 88220 HADOL,88225,"48.105,6.4672",Pylône autostable,30m,HIVORY,2001-06-22,SUP,,False,False
460511,SFR,GSM 900,LA LOGE GARAGES MUNICIPAUX (LE JAS VIEUX) 13620 CARRY LE ROUET,13021,"43.3372,5.1536",Pylône autostable,43m,TDF,1998-07-15,SUP,,False,False
460740,ORANGE,GSM 900,D.49 - C.R. LA MOISSAGUAISE ADM : LE TILLEUL (VILLASSE) 82170 GRISOLLES,82075,"43.8347,1.3064",Pylône autostable,28m,TOTEM,1992-08-07,SUP,,False,False
461533,ORANGE,GSM 900,4 IMP DES VIOLETTES 31140 AUCAMVILLE,31022,"43.6664,1.4281",Immeuble,42m,ORANGE Services Fixes,1994-06-03,SUP,,False,False
462371,SFR,GSM 900, (CHAMPS MONSIEUR) 16120 CHATEAUNEUF SUR CHARENTE,16090,"45.6053,-0.0667",Pylône autostable,37m,TDF,2018-06-27,SUP,,False,False
462697,SFR,GSM 900,ROUTE FORESTIÈRE DU MOENKALB (GUTLEUTRAIN) 67140 BARR,67021,"48.4142,7.4439",Pylône autostable,32m,TDF,2001-07-11,SUP,,False,False
463562,SFR,GSM 900, (LE CHENOIS) 25490 ALLENJOIE,25011,"47.5336,6.8939",Pylône tubulaire,30m,ATC FRANCE,2018-06-29,SUP,,False,False
463672,SFR,GSM 900, (WALDREBEN) 67270 WILWISHEIM,67534,"48.7531,7.4833",Pylône autostable,38m,TDF,2013-07-12,SUP,,False,False
464101,SFR,"LTE 700, LTE 2600", (PORS AN NEY) 22300 LANNION,22113,"48.7706,-3.4733",Pylône autostable,43m,ATC FRANCE,,AJO,,False,False
464809,FREE MOBILE,5G NR 3500,2 R THOMAS BECKETT 76130 MONT ST AIGNAN,76451,"49.4619,1.07",Immeuble,62m,Société HLM,2026-07-24,ALL,,False,False
465178,SFR,GSM 900,R DU GRAND SECOURS HOTEL DE POLICE DE CHESSY PÉRIMÈTRE EURODISNEY 77700 CHESSY,77111,"48.8614,2.7858",Bâtiment,31m,"État, Ministère",1995-01-17,SUP,,False,False
465351,ORANGE,GSM 900,D.10 - 346 RTE DE CLARENS (LA GALAVE DÉBAT) 65300 LANNEMEZAN,65258,"43.1231,0.3972",Pylône autostable,47m,TOTEM,2006-02-25,SUP,,False,False
466394,ORANGE,GSM 900, (LE PICON) 31160 RAZECUEILLE,31447,"42.9731,0.8117",Pylône autostable,"33,8m",TDF,2003-07-26,SUP,,True,False
466398,ORANGE,GSM 900,LE PUECH 09240 LA BASTIDE DE SEROU,09042,"43.0194,1.4756",Pylône autostable,53m,TDF,1996-12-21,SUP,,False,False
466642,ORANGE,GSM 900,CHEM RURAL PRÈS D.926 (MARTY) 82160 CAYLUS,82038,"44.2072,1.7194",Pylône autostable,24m,TOTEM,2009-05-15,SUP,,False,False
466880,ORANGE,GSM 900,N 124 CHÂTEAU D'EAU (AU PADOUENETOT) 32370 ESPAS,32125,"43.7789,0.1219",Château d'eau - réservoir,43m,"Syndicat des eaux, Adduction",1996-09-06,SUP,,False,False
467180,ORANGE,GSM 900, (BOS NÉGRE) 46090 FLAUJAC POUJOLS,46105,"44.4083,1.5181",Pylône autostable,45m,HIVORY,2000-05-26,SUP,,False,False
467959,ORANGE,GSM 900,15 AV DU DR MAURICE GRYNFOGEL CHEM DE GAILLARDIE 31500 TOULOUSE,31555,"43.5778,1.3686",Pylône tubulaire,21m,TOTEM,2009-01-19,SUP,,False,False
468046,ORANGE,GSM 900,CHEM DE PEYRE-D'ESCALE-POUZO (LA CORNASSE) 31520 RAMONVILLE ST AGNE,31446,"43.5397,1.4564",Tour hertzienne,"81,2m",TDF,1994-07-01,SUP,,False,False
468544,ORANGE,GSM 900,22 AV ARISTIDE BRIAND RÉSIDENCE LA TOUR - IMM RAYBAUD 65000 TARBES,65440,"43.2261,0.0669",Immeuble,53m,"Copropriété, Syndic, SCI",2013-08-26,SUP,,False,False
468915,SFR,LTE 700,CHEM DÉPARTEMENTAL N° 704 (LA CROIX DE L'ARBRE) 87110 LE VIGEN,87205,"45.7783,1.2886",Pylône autostable,56m,TDF,,AJO,,False,False
470408,SFR,"LTE 700, LTE 1800, LTE 2100, 5G NR 2100", (LA PLAINE) 42590 NEULISE,42156,"45.8711,4.1719",Pylône autostable,28m,HIVORY,,AJO,,False,False
470408,SFR,UMTS 2100, (LA PLAINE) 42590 NEULISE,42156,"45.8711,4.1719",Pylône autostable,28m,HIVORY,2011-02-25,SUP,,False,False
470622,ORANGE,GSM 900, (PECH ROUDÉ) 46350 CALES,46047,"44.7811,1.5447",Pylône autostable,38m,TOTEM,1997-01-12,SUP,,True,False
470705,ORANGE,GSM 900,CHEM DE CANTECOR 82100 CASTELSARRASIN,82033,"44.04,1.1167",Pylône autostable,30m,TOTEM,2004-01-15,SUP,,False,False
470908,ORANGE,GSM 900,PLAINE DE CISAROL 31130 FLOURENS,31184,"43.5853,1.5697",Château d'eau - réservoir,32m,"Syndicat des eaux, Adduction",1994-08-05,SUP,,False,False
470933,FREE MOBILE,5G NR 3500,ESPLANADE MARCEL PAGNOL STADE STE ROSALIE 13580 LA FARE LES OLIVIERS,13037,"43.5553,5.1958",Pylône tubulaire,23m,TDF,2026-07-24,ALL,,False,False
473260,SFR,GSM 900, (HAMEAU ET PLAINE DE CAUMONT) 76170 LA FRENAYE,76281,"49.5256,0.5808",Pylône autostable,"62,7m",TDF,2011-06-30,SUP,,False,False
473305,SFR,GSM 900,RUE D'ARGENTINE RÉSIDENCE JEAN GIONO 62480 LE PORTEL,62667,"50.71,1.5847",Immeuble,35m,Société Privée,2018-12-21,SUP,,False,False
473777,ORANGE,5G NR 700,R DES BIENVENUES LES3 MURGERS (MONTFLIX) 91530 SERMAISE,91593,"48.5164,2.1061",Tour hertzienne,105m,TDF,,AJO,,False,False
473777,ORANGE,"GSM 900, UMTS 900, LTE 800, LTE 1800, LTE 2100, LTE 2600, 5G NR 3500",R DES BIENVENUES LES3 MURGERS (MONTFLIX) 91530 SERMAISE,91593,"48.5164,2.1061",Tour hertzienne,105m,TDF,2024-05-16,AJR,,False,False
473777,ORANGE,"GSM 900, UMTS 900, LTE 800, LTE 1800, LTE 2100, LTE 2600, 5G NR 700, 5G NR 3500",R DES BIENVENUES LES3 MURGERS (MONTFLIX) 91530 SERMAISE,91593,"48.5167,2.1061",Tour hertzienne,105m,TDF,2024-05-16,SUP,,False,False
474253,SFR,GSM 900,1 AVENUE D'ORADOUR SUR GLANE 94380 BONNEUIL SUR MARNE,94011,"48.7686,2.4819",Immeuble,55m,Société HLM,2002-08-09,SUP,,False,False
474716,SFR,GSM 900,8 R GAY LUSSAC STATION TDF D'ECKBOLSHEIM 67201 ECKBOLSHEIM,67118,"48.5892,7.6842",Pylône autostable,69m,TDF,1999-11-02,SUP,,False,False
475639,BOUYGUES TELECOM,LTE 2100, (LA PLANE) 46160 CAJARC,46045,"44.4817,1.835",Pylône autostable,43m,TDF,2026-07-24,ALL,,False,False
475639,ORANGE,GSM 900, (LA PLANE) 46160 CAJARC,46045,"44.4817,1.835",Pylône autostable,43m,TDF,2006-12-09,SUP,,False,False
475799,ORANGE,GSM 900,176 ROUTE DE BAYONNE AIRPORT HOTEL 31500 TOULOUSE,31555,"43.6086,1.3789",Bâtiment,"22,3m",Société Privée,2004-06-19,SUP,,False,False
475799,SFR,GSM 900,176 ROUTE DE BAYONNE AIRPORT HOTEL 31500 TOULOUSE,31555,"43.6086,1.3789",Bâtiment,"22,3m",Société Privée,2017-11-17,SUP,,False,False
476197,SFR,GSM 900,1 R HENRI RENAUDIN TOUR LAMARTINE 08000 CHARLEVILLE MEZIERES,08105,"49.7736,4.7083",Immeuble,47m,"Copropriété, Syndic, SCI",2001-07-16,SUP,,False,False
476735,SFR,GSM 900,CHEM DES BALMES STATION TDF (MONTRAY-LA-BACHASSE) 69110 STE FOY LES LYON,69202,"45.7256,4.7864",Pylône autostable,25m,TDF,2008-08-29,SUP,,False,False
477382,BOUYGUES TELECOM,"UMTS 900, 5G NR 3500",PRÈS D.16B (LA HOUTTE) 57390 RUSSANGE,57603,"49.4825,5.9494",Pylône autostable,43m,TDF,,AJO,,False,False
477382,BOUYGUES TELECOM,UMTS 2100,PRÈS D.16B (LA HOUTTE) 57390 RUSSANGE,57603,"49.4825,5.9494",Pylône autostable,43m,TDF,2008-06-27,SUP,,False,False
477796,ORANGE,5G NR 700,R DE GRÉVAUX CHÂTEAU D'EAU 59600 MAUBEUGE,59392,"50.2675,3.9219",Château d'eau - réservoir,56m,"Syndicat des eaux, Adduction",2026-07-30,ALL,,False,False
477838,SFR,5G NR 3500,R DE L'ETANCHET (LES ÉTANGS) 35780 LA RICHARDAIS,35241,"48.6044,-2.0414",Pylône autostable,39m,RTE,2026-07-22,ALL,,False,False
479037,ORANGE,"5G NR 700, 5G NR 3500",16 RUE DU BOIS DE LA REMISE ZONE ARTISANALE ROUTE DE TREMBLAY 91480 VARENNES JARCY,91631,"48.6881,2.5731",Pylône autostable,34m,HIVORY,,AJO,,False,False
479037,ORANGE,LTE 700,16 RUE DU BOIS DE LA REMISE ZONE ARTISANALE ROUTE DE TREMBLAY 91480 VARENNES JARCY,91631,"48.6881,2.5731",Pylône autostable,34m,HIVORY,2024-10-03,SUP,,False,False
479713,ORANGE,GSM 900, (LA BOUERO) 31530 ST PAUL SUR SAVE,31507,"43.7033,1.2147",Pylône autostable,"26,3m",HIVORY,1999-09-03,SUP,,False,False
480757,ORANGE,GSM 900, (TOURNAI) 32240 MAUPAS,32246,"43.8536,-0.1331",Pylône autostable,44m,Conseil Départemental,2006-04-29,SUP,,True,False
480883,BOUYGUES TELECOM,5G NR 3500,12 R JACQUARD 85340 LES SABLES D OLONNE,85194,"46.4911,-1.7364",Pylône autostable,85m,Autres,2026-07-08,ALL,,False,False
480883,SFR,LTE 700,12 R JACQUARD 85340 LES SABLES D OLONNE,85194,"46.4911,-1.7364",Pylône autostable,85m,Autres,2026-07-22,ALL,,False,False
481166,FREE MOBILE,LTE 2100,R DU CHATEAU D'EAU 37500 CHINON,37072,"47.1719,0.2547",Château d'eau - réservoir,53m,"Syndicat des eaux, Adduction",2026-07-24,ALL,,False,False
481214,ORANGE,GSM 900, (BOUILLARD) 47600 NERAC,47195,"44.1467,0.3453",Pylône autostable,53m,TDF,2006-05-12,SUP,,False,False
481308,FREE MOBILE,5G NR 3500,AV AUGUSTE INGRES/DE LATTRE DE TASSIGNY OPAC SUD (LE MUSSUGUET) 13470 CARNOUX EN PROVENCE,13119,"43.2517,5.5522",Immeuble,15m,Société HLM,2026-07-24,ALL,,False,False
481580,ORANGE,GSM 900, (PIAU ENGALY) 65170 ARAGNOUET,65017,"42.7833,0.1603",Immeuble,14m,Particulier,2007-02-27,SUP,,False,False
481926,ORANGE,GSM 900,MAROU CHEM DES PEYROTS (BOUDON) 31620 BOULOC,31079,"43.7908,1.425",Pylône autostable,34m,TOTEM,2007-01-16,SUP,,False,False
482217,ORANGE,GSM 900,G.R. 46 - CHEM RURAL COUCHIRLE (STE CROIX) 46330 ST CIRQ LAPOPIE,46256,"44.4617,1.6739",Pylône autostable,24m,TDF,2006-06-24,SUP,,False,False
483258,FREE MOBILE,5G NR 700,RTE DE MENEHAM (RUDOLOC) 29890 KERLOUAN,29091,"48.6531,-4.3694",Château d'eau - réservoir,"47,6m","Commune, communauté de communes",2026-07-24,ALL,,False,False
483373,BOUYGUES TELECOM,LTE 2600,RUE DE LA MARE À TOUQUES CHÂTEAU D'EAU DU MONT CANISY (LES MONTS VOLANTS) 14800 TOURGEVILLE,14701,"49.3344,0.0686",Château d'eau - réservoir,36m,"Syndicat des eaux, Adduction",2026-06-25,ART,,False,False
484044,ORANGE,GSM 900,D 24 TOUR TÉLÉCOM (CORNAC) 31530 BELLEGARDE STE MARIE,31061,"43.6853,1.1028",Tour hertzienne,64m,TDF,1993-11-05,SUP,,False,False
484078,ORANGE,GSM 900,IDRAC (ENTRILLOT) 32300 MIRANDE,32256,"43.5203,0.4325",Château d'eau - réservoir,58m,"Syndicat des eaux, Adduction",1996-12-06,SUP,,False,False
484665,ORANGE,GSM 900,STATION DE SKI POSTE DE SECOURS DE LA TOURETTE (LA TOURETTE) 65170 ST LARY SOULAN,65388,"42.8292,0.2378",Pylône autostable,15m,"Commune, communauté de communes",2005-03-19,SUP,,False,False
485589,ORANGE,GSM 900,IMP DU CHATEAU D'EAU (LES TRAVERSES) 82700 MONTECH,82125,"43.9533,1.2339",Château d'eau - réservoir,"31,5m","Syndicat des eaux, Adduction",1997-11-21,SUP,,False,False
485914,SFR,LTE 700,LE PETIT ROCHER (LE BREIL) 35210 CHATILLON EN VENDELAIS,35072,"48.2078,-1.1617",Pylône autostable,34m,ATC FRANCE,,AJO,,False,False
487727,SFR,"LTE 700, LTE 2600, 5G NR 3500","6,8 R DE RIBISCIA CHÂTEAU D'EAU 22610 PLEUBIAN",22195,"48.8408,-3.1383",Château d'eau - réservoir,48m,"Syndicat des eaux, Adduction",2026-07-22,ALL,,False,False
487739,ORANGE,GSM 900,CHEM DE JOULIOU PYLONE FT (LA FERRANE) 31600 MURET,31395,"43.4194,1.3261",Pylône autostable,44m,TOTEM,2012-01-11,SUP,,False,False
490245,SFR,GSM 900,14 CHEM DE VELAUX 13170 LES PENNES MIRABEAU,13071,"43.4156,5.3494",Pylône autostable,15m,HIVORY,1999-03-09,SUP,,False,False
493032,SFR,GSM 900,R DE VERDUN CENTRAL TÉLÉPHONIQUE PROCHE RN 59 ET DE LA GARE 54120 BACCARAT,54039,"48.4553,6.7422",Pylône autostable,34m,TOTEM,2018-05-25,SUP,,False,False
493534,FREE MOBILE,"LTE 2100, 5G NR 700",CHEM DE LA FIÉE (TÊTE DES CERFS) 88250 LA BRESSE,88075,"48.0433,6.9653",Pylône autostable,41m,TOTEM,2026-07-24,ALL,,False,False
493881,ORANGE,GSM 900,R DU PÉRIÉ STADE DE FOOTBALL (LE PÉRIÉ) 31860 PINS JUSTARET,31421,"43.4783,1.3906",Pylône tubulaire,25m,TOTEM,2010-04-20,SUP,,False,False
493963,ORANGE,GSM 900,271 ROUTE DE NARBONNE RES HERMES 31500 TOULOUSE,31555,"43.5533,1.4681",Immeuble,"18,4m","Copropriété, Syndic, SCI",2003-10-18,SUP,,False,False
494075,SFR,GSM 900,PRÉS DU CANAL DE DUNKERQUE À FURNES (USINE DES DUNES) 59495 LEFFRINCKOUCKE,59340,"51.0494,2.4625",Château d'eau - réservoir,"41,7m",Société Privée,2016-10-07,SUP,,False,False
494735,ORANGE,GSM 900,PYLONE ASF DE MOIRAX A 62 (ARCHES) 47310 MOIRAX,47169,"44.1439,0.6308",Pylône autostable,42m,Sociétés d'Autoroutes,2005-05-24,SUP,,False,False
495105,FREE MOBILE,5G NR 700,D.24 - RTE DE ST-MAUDET (KERANQUERNAT) 29360 CLOHARS CARNOET,29031,"47.7736,-3.5433",Château d'eau - réservoir,31m,"Syndicat des eaux, Adduction",2026-07-24,ALL,,False,False
496718,ORANGE,GSM 900,ROUTE DU MOULIN (CLERC) 47400 GONTAUD DE NOGARET,47110,"44.4433,0.3125",Pylône autostable,30m,TOTEM,2009-06-15,SUP,,False,False
497286,FREE MOBILE,"LTE 1800, LTE 2600, 5G NR 3500",R CHAMPOLLION ZAC DE KEREBARS 29820 GUILERS,29069,"48.4297,-4.5717",Pylône autostable,39m,TOTEM,2026-07-24,ALL,,False,False
497493,FREE MOBILE,LTE 2100, (ANDAGNE) 73480 BONNEVAL SUR ARC,73047,"45.3633,7.0522",Pylône autostable,"20,7m",TDF,2026-07-28,ALL,,False,False
497898,FREE MOBILE,5G NR 700,18 R JEAN MERMOZ 08000 CHARLEVILLE MEZIERES,08105,"49.7808,4.7117",Immeuble,36m,Société HLM,2026-07-28,ALL,,False,False
498423,FREE MOBILE,5G NR 700,PL DE L'EGLISE 65100 LOURDES,65286,"43.0964,-0.0447",Monument religieux,57m,"Commune, communauté de communes",2026-07-24,ALL,,False,False
498655,BOUYGUES TELECOM,LTE 1800, (LA ROCHE SAUTERRE) 63410 MANZAT,63206,"45.9161,2.93",Pylône autostable,47m,Sociétés d'Autoroutes,,AJO,,False,False
498793,SFR,GSM 900,RUE DE LA CARLETTE (LES CHAMPS NIGAUDS) 76170 ST JEAN DE FOLLEVILLE,76592,"49.5142,0.5261",Pylône autostable,45m,TDF,2003-02-10,SUP,,False,False
499273,ORANGE,GSM 900,R JULES FERRY (LE GUINLET) 47190 AIGUILLON,47004,"44.3003,0.3414",Château d'eau - réservoir,31m,"Commune, communauté de communes",1997-12-19,SUP,,False,False
499544,BOUYGUES TELECOM,5G NR 2100,33 BD  THIBAULT DE CHAMPAGNE NOTRE DAME DU VAL 77600 BUSSY ST GEORGES,77058,"48.8397,2.7164",Monument religieux,"41,7m",Association,,AJO,,False,False
499544,BOUYGUES TELECOM,5G NR 3500,33 BD  THIBAULT DE CHAMPAGNE NOTRE DAME DU VAL 77600 BUSSY ST GEORGES,77058,"48.8397,2.7164",Monument religieux,"41,7m",Association,2026-06-22,ART,,False,False
499544,BOUYGUES TELECOM,LTE 2100,33 BD  THIBAULT DE CHAMPAGNE NOTRE DAME DU VAL 77600 BUSSY ST GEORGES,77058,"48.8397,2.7164",Monument religieux,"41,7m",Association,,SUP,,False,False
500160,ORANGE,GSM 900, (AU MERCADIOL) 46230 LALBENQUE,46148,"44.3417,1.5428",Pylône autostable,"31,8m",TOTEM,2003-12-20,SUP,,False,False
500488,ORANGE,GSM 900,COMBE NEGRE CHEM RURAL DU SALVAGE FACE AU RÉSERVOIR (CHAMP DE GAULE) 46500 PADIRAC,46213,"44.8386,1.7383",Pylône autostable,37m,TOTEM,1996-04-16,SUP,,False,False
501234,BOUYGUES TELECOM,"LTE 700, LTE 2600",ROUTE DE ROQUELAURE ZONE COMMERCIALE DE CLARAC (MOUROUSSIN) 32000 AUCH,32013,"43.6667,0.595",Pylône tubulaire,30m,TOTEM,2026-07-26,ALL,,False,False
501261,FREE MOBILE,5G NR 3500,ALL D'HALVER IMM SEQUOIA 59330 HAUTMONT,59291,"50.2558,3.9025",Immeuble,"28,3m",Société HLM,2026-07-24,ALL,,False,False
501706,SFR,GSM 900,345 ALL DES QUATRE VENTS CITÉ BEL AIR (TRÉMARIA) 29800 LANDERNEAU,29103,"48.4592,-4.2625",Pylône autostable,37m,TDF,2017-09-15,SUP,,False,False
502172,ORANGE,GSM 900,D65.C (LES MULATIERS) 31490 LEGUEVIN,31291,"43.5986,1.2706",Pylône autostable,42m,HIVORY,2008-03-14,SUP,,False,False
502958,SFR,GSM 900,D31 DE PFETTISHEIM À PFULGRIESHEIM (GOEHREN) 67370 PFULGRIESHEIM,67375,"48.6522,7.6633",Pylône autostable,44m,HIVORY,1998-06-26,SUP,,False,False
503670,ORANGE,GSM 900,LA COUME R MIRABEAU 09300 LAVELANET,09160,"42.9436,1.8503",Pylône autostable,32m,TDF,2006-12-16,SUP,,False,False
504125,ORANGE,GSM 900,CHEM RURAL DE MÉLIS (MÉLIS) 47500 CUZORN,47077,"44.5678,0.9506",Pylône autostable,"34,7m",TDF,1998-03-27,SUP,,False,False
504184,ORANGE,GSM 900, (LA TRILLIÈRE) 46130 GLANES,46124,"44.9258,1.8731",Pylône autostable,"45,7m",TDF,1997-04-11,SUP,,False,False
505515,ORANGE,GSM 900,CHEM DE LA CROIX DE MITRAC (LE FORT) 31860 LABARTHE SUR LEZE,31248,"43.4508,1.3992",Château d'eau - réservoir,31m,"Commune, communauté de communes",2002-10-19,SUP,,False,False
506211,ORANGE,GSM 900,R D'OREILLE AUTOCOM 47180 STE BAZEILLE,47233,"44.5306,0.095",Pylône autostable,25m,TOTEM,1997-12-19,SUP,,False,False
507119,BOUYGUES TELECOM,"5G NR 2100, 5G NR 3500",R DU POILU 68600 VOLGELSHEIM,68352,"48.0122,7.5386",Château d'eau - réservoir,51m,"Syndicat des eaux, Adduction",,AJO,,False,False
507177,ORANGE,GSM 900,R DES QUATRE VENTS (CALES ST FERREOL) 31250 REVEL,31451,"43.4414,2.0089",Pylône autostable,23m,TOTEM,1996-06-19,SUP,,False,False
507193,ORANGE,LTE 700,LES MÊLIERS PRÈS D 978 (MONT MIGIN) 58270 ST BENIN D AZY,58232,"47.0033,3.4331",Pylône autostable,46m,HIVORY,2026-07-30,ALL,,False,False
508728,ORANGE,GSM 900,COMPLEXE SPORTIF MUNICIPAL (GIRBET) 09700 SAVERDUN,09282,"43.2419,1.5742",Pylône tubulaire,34m,ATC FRANCE,2002-09-28,SUP,,False,False
508734,ORANGE,GSM 900,PICON ET PÈRE (PÉRÉ) 31360 ROQUEFORT SUR GARONNE,31457,"43.1603,1.0131",Pylône autostable,30m,TOTEM,1993-03-05,SUP,,False,False
509541,BOUYGUES TELECOM,LTE 1800,SITE TDF (TUNON DE L'EGLISE) 65120 GAVARNIE GEDRE,65192,"42.7342,-0.0108",Pylône autostable,25m,TDF,2026-07-22,ALL,,False,False
509541,ORANGE,GSM 900,SITE TDF (TUNON DE L'EGLISE) 65120 GAVARNIE GEDRE,65192,"42.7342,-0.0108",Pylône autostable,25m,TDF,1998-03-27,SUP,,False,False
510283,BOUYGUES TELECOM,LTE 2600,CHEMIN DU CHATEAU D'EAU (PUY NACHET) 19320 MARCILLAC LA CROISILLE,19125,"45.265,2.01",Château d'eau - réservoir,33m,"Commune, communauté de communes",2026-07-25,ALL,,False,False
511180,SFR,LTE 700,LES VAUVAINES 79170 BRIOUX SUR BOUTONNE,79057,"46.1564,-0.2139",Pylône autostable,43m,TDF,,AJO,,False,False
511203,ORANGE,5G NR 700,L'HUBAC PISTE DFCI COLLINE DU MIRAILLET (LE MIRAILLET) 84530 VILLELAURE,84147,"43.7219,5.4586",Pylône autostable,45m,HIVORY,2026-07-29,ALL,,False,False
511871,BOUYGUES TELECOM,UMTS 900,TATTOUENIA RELAIS TDF (MOUSSIOU) 64220 ARNEGUY,64047,"43.1183,-1.2664",Pylône autostable,25m,TDF,2026-07-22,ALL,,False,False
512163,ORANGE,GSM 900, (BRAMOFAM) 31600 EAUNES,31165,"43.4269,1.3717",Pylône autostable,34m,HIVORY,2012-02-06,SUP,,False,False
512346,BOUYGUES TELECOM,LTE 1800,C.R 35 DE LA CORVÉE À LA MALADRERIE (LA MALADRERIE) 58290 MOULINS ENGILBERT,58182,"46.9814,3.8203",Pylône autostable,22m,TOTEM,2026-07-20,ALL,,False,False
512822,FREE MOBILE,5G NR 3500,6-7 BD CHANZY 08200 SEDAN,08409,"49.7011,4.9267",Immeuble,36m,Société HLM,2026-07-28,ALL,,False,False
513253,SFR,GSM 900, (LA CROISETTE) 57420 VIGNY,57715,"48.9728,6.2503",Pylône autostable,20m,HIVORY,2003-08-14,SUP,,False,False
513658,ORANGE,GSM 900,GARE TÉLÉPHÉRIQUE PLA D'ADET (PLAT D'ADET) 65170 ST LARY SOULAN,65388,"42.8133,0.2972",Pylône autostable,44m,TDF,1999-04-16,SUP,,False,False
513700,ORANGE,GSM 900,RTE DE BOULOC (LES HEBRAILS) 31620 CASTELNAU D ESTRETEFONDS,31118,"43.7933,1.3756",Pylône autostable,"46,5m",ATC FRANCE,2004-11-23,SUP,,False,False
514313,ORANGE,GSM 900,PL DE LA POSTE CHÂTEAU D'EAU 31650 ST ORENS DE GAMEVILLE,31506,"43.555,1.5331",Château d'eau - réservoir,34m,"Commune, communauté de communes",2005-08-13,SUP,,False,False
514335,FREE MOBILE,"LTE 2100, 5G NR 700", (A LABORIE) 47270 PUYMIROL,47217,"44.1839,0.8197",Pylône autostable,36m,TOTEM,2026-07-28,ALL,,False,False
514335,ORANGE,GSM 900, (A LABORIE) 47270 PUYMIROL,47217,"44.1839,0.8197",Pylône autostable,36m,TOTEM,2001-01-19,SUP,,False,False
514751,ORANGE,GSM 900,PYLÔNE TDF (PECH-DE-MIEY) 09000 FOIX,09122,"42.9689,1.6206",Pylône autostable,43m,TDF,2012-09-15,SUP,,True,False
515181,ORANGE,GSM 900,PL DU MARCADIEU RTE D'AGEN CHATEAU D'EAU 47310 LAPLUME,47137,"44.1131,0.5306",Château d'eau - réservoir,48m,"Syndicat des eaux, Adduction",1998-02-06,SUP,,False,False
515697,ORANGE,GSM 900,PRÈS DE LA D 64 (PLAINE DE LALIE) 31130 FLOURENS,31184,"43.5889,1.5561",Pylône autostable,51m,HIVORY,2007-12-26,SUP,,False,False
516139,ORANGE,GSM 900,24 RUE DU 11 NOVEMBRE (LE MOULIN) 31470 FONTENILLES,31188,"43.5492,1.1922",Château d'eau - réservoir,34m,"Syndicat des eaux, Adduction",2004-10-16,SUP,,False,False
516574,ORANGE,GSM 900,RTE DU CLOS DU LOUP - D.77F (LES CANCÈRES) 31180 CASTELMAUROU,31117,"43.6733,1.5083",Pylône tubulaire,24m,HIVORY,2012-01-30,SUP,,False,False
517058,ORANGE,GSM 900,CHEM DE MOULIAS CHATEAU D'EAU (LES GRASSES) 32200 GIMONT,32147,"43.6167,0.88",Château d'eau - réservoir,38m,"Commune, communauté de communes",2005-10-08,SUP,,False,False
517078,ORANGE,GSM 900, (PUJOL GRAND) 09130 PAILHES,09224,"43.1,1.4397",Pylône autostable,28m,TDF,1997-01-31,SUP,,False,False
517251,ORANGE,GSM 900,7 R DE L ÉGALITÉ CENTRAL TÉLÉPHONIQUE 65710 BAGNERES DE BIGORRE,65059,"43.07,0.1469",Pylône autostable,32m,TOTEM,1996-06-06,SUP,,False,False
517271,BOUYGUES TELECOM,LTE 2600,RTE ANGLE LA GARENNE ET FONTANARIÉ (CAP DE L'HOMME) 81990 PUYGOUZON,81218,"43.8694,2.1897",Pylône autostable,39m,TDF,2026-07-26,ALL,,False,False
517514,ORANGE,LTE 800,R DU 4ÈME RÉGIMENT DE DRAGONS PORTÉS - EGLISE MONT ST ELOI 62144 MONT ST ELOI,62589,"50.3514,2.6919",Monument religieux,30m,"Commune, communauté de communes",2019-03-12,EXT,,False,False
518078,ORANGE,LTE 700,MONTAIGUT EN COMBRAILLE (LA BROSSE) 63700 MONTAIGUT EN COMBRAILLE,63233,"46.1739,2.7975",Pylône autostable,33m,TDF,2026-07-30,ALL,,False,False
518749,BOUYGUES TELECOM,LTE 2100,CHEMIN DE LA LANDE (PERIGAL) 82170 CANALS,82028,"43.8681,1.3092",Pylône autostable,44m,TDF,2026-07-25,ALL,,False,False
519002,SFR,GSM 900,RTE DE NOIDANT ST GEOSMES PRES DE RN 74 (ZI LA BELLE CHAPELLE) 52200 SAINTS GEOSMES,52449,"47.8447,5.3347",Pylône autostable,"34,4m",BOUYGUES,2002-11-29,SUP,,False,False
519321,ORANGE,GSM 900,2 AV DES PYRÉNÉES 31320 VIGOULET AUZIL,31578,"43.5081,1.4503",Pylône autostable,24m,RTE,2008-12-15,SUP,,False,False
519823,ORANGE,GSM 900,890 R DES CHALETS V.V.F. - IMM LE TARBESOU D 820 (PLATEAU DE BONASCRE) 09110 AX LES THERMES,09032,"42.7033,1.8175",Immeuble,"32,4m","Copropriété, Syndic, SCI",1997-03-28,SUP,,False,False
520025,SRR,LTE 2100,R THEODORE DROUET ZAC 2000 97420 LE PORT,97407,"-20.9469,55.3172",Pylône autostable,45m,Société Réunionnaise de Radiotéléphonie,2025-05-12,ART,,False,False
520371,ORANGE,"LTE 2100, 5G NR 700, 5G NR 3500",R D'UBERHERRN CH D'EAU (CITÉ LA COLLINE) 57490 L HOPITAL,57336,"49.1642,6.7422",Château d'eau - réservoir,43m,"Syndicat des eaux, Adduction",,AJO,,False,False
520780,BOUYGUES TELECOM,LTE 2100,CHEM DE CARRETS (PATER) 31220 MONDAVEZAN,31349,"43.2333,1.0631",Pylône autostable,46m,BOUYGUES,2026-07-23,ALL,,False,False
520897,ORANGE,GSM 900,24 CHEM DE LARRIEU (LINDETTES) 31600 LHERM,31299,"43.4239,1.2194",Château d'eau - réservoir,"48,5m","Syndicat des eaux, Adduction",2003-08-09,SUP,,False,False
520979,ORANGE,GSM 900,R FRESCATY (NOGAYE) 82600 VERDUN SUR GARONNE,82190,"43.8478,1.2403",Château d'eau - réservoir,"38,3m","Syndicat des eaux, Adduction",2004-04-10,SUP,,False,False
521861,FREE MOBILE,5G NR 3500, (OBER SOLBERG) 68140 ESCHBACH AU VAL,68083,"48.0222,7.1342",Pylône autostable,43m,TDF,2026-07-24,ALL,,False,False
522207,ORANGE,GSM 900,19/20 PL DES FAONS 31500 TOULOUSE,31555,"43.6397,1.4431",Immeuble,35m,Société HLM,2008-11-20,SUP,,False,False
522250,ORANGE,GSM 900, (LA COUME ESQUIRO) 32360 ST LARY,32384,"43.7197,0.5072",Pylône autostable,36m,TOTEM,1997-10-03,SUP,,False,False
522315,ORANGE,GSM 900, (LES VIGNES) 46120 THEMINES,46318,"44.7444,1.8269",Pylône autostable,30m,TOTEM,1998-02-12,SUP,,True,False
522347,ORANGE,GSM 900,CD 41 PYLÔNE FT  (SECULI) 32100 CONDOM,32107,"43.9708,0.4044",Pylône autostable,52m,TOTEM,1997-12-05,SUP,,False,False
522353,ORANGE,GSM 900,5005 AV DES LANDES (GARROUSSET) 47310 BRAX,47040,"44.205,0.5378",Pylône autostable,35m,TOTEM,1995-08-04,SUP,,False,False
522907,ORANGE,GSM 900,D.77 - RTE DE CASTELMAUROU (QUAXOUS) 31180 ST GENIES BELLEVUE,31484,"43.6897,1.4994",Pylône tubulaire,30m,TOTEM,2011-12-16,SUP,,False,False
522989,BOUYGUES TELECOM,LTE 700,BOIS DE CHAVAN (LA PIERRE AU CHAT) 89320 VAUMORT,89434,"48.1339,3.4286",Pylône autostable,"37,5m",HIVORY,2026-07-23,ALL,,False,False
523682,ORANGE,"LTE 700, 5G NR 2100",TDF PYL OUEST ET EST (MONT AIGOUAL) 30570 VAL D AIGOUAL,30339,"44.1211,3.575",Pylône autostable,50m,TDF,,AJO,,False,False
524047,ORANGE,GSM 900, (PECH D'AUSSEL) 46600 MONTVALENT,46208,"44.8731,1.605",Pylône autostable,"26,7m",TDF,2006-02-11,SUP,,False,False
525284,SFR,GSM 900,CHAMP CHARON D 334 (LES COMTES) 89144 LIGNY LE CHATEL,89227,"47.9514,3.7439",Pylône autostable,40m,HIVORY,2016-08-31,SUP,,False,False
525490,ORANGE,5G NR 700,GARE DU TELECABINE (POINTE DE LA MASSE) 73600 LES BELLEVILLE,73257,"45.2972,6.5089",Pylône autostable,45m,TDF,2026-07-30,ALL,,False,False
525695,FREE MOBILE,"LTE 700, LTE 900, LTE 1800, 5G NR 700",R MOUSSY (LA CORNOUILLE) 95750 CHARS,95142,"49.1544,1.9319",Château d'eau - réservoir,"28,2m","Syndicat des eaux, Adduction",2026-07-24,ALL,,False,True
526189,SFR,GSM 900,21 R PLANTIER RÉS. LE BELVÉDÈRE 31500 TOULOUSE,31555,"43.6003,1.4764",Immeuble,"15,9m","Copropriété, Syndic, SCI",2009-01-12,SUP,,False,False
526219,ORANGE,GSM 900,CHEMIN IC N°47 (LA TOUR) 31460 BEAUVILLE,31055,"43.4686,1.7733",Pylône autostable,19m,TOTEM,2011-12-01,SUP,,False,False
526258,ORANGE,GSM 900,216 RTE DE ST-SIMON IMM LE TERTIAL 31500 TOULOUSE,31555,"43.5792,1.3939",Immeuble,28m,"Copropriété, Syndic, SCI",2020-01-20,SUP,,False,False
526339,SFR,GSM 900, (BEIM WASSERTURM) 67120 KOLBSHEIM,67247,"48.5642,7.6",Pylône autostable,15m,TOTEM,2018-12-19,SUP,,False,False
526349,ORANGE,GSM 900,RTE DE VALLESVILLES DÉPARTEMENTALE N° 59 (LES OULIERS) 31460 CARAMAN,31106,"43.5419,1.7406",Pylône autostable,33m,TOTEM,2006-10-21,SUP,,False,False
526360,ORANGE,GSM 900, (SERRECAUTE) 65420 IBOS,65226,"43.245,-0.0222",Pylône autostable,35m,TOTEM,2006-02-11,SUP,,False,False
527467,BOUYGUES TELECOM,LTE 700,CD 134 (LA MAINGOT) 28300 BERCHERES ST GERMAIN,28034,"48.5333,1.4564",Pylône autostable,43m,ATC FRANCE,,AJO,,False,False
528897,SFR,GSM 900,9 BD DUTASTA 83200 TOULON,83137,"43.1189,5.9353",Immeuble,"26,6m",Société Privée,1998-03-18,SUP,,False,False
529850,ORANGE,GSM 900,D.713 (LE BUALA) 65100 GER,65197,"43.055,-0.035",Pylône autostable,29m,TDF,1996-06-07,SUP,,False,False
529895,BOUYGUES TELECOM,LTE 700,PRÈS DU CHÂTEAU D'EAU (STOCKPLATZ) 67230 ROSSFELD,67412,"48.3344,7.6231",Pylône autostable,"40,2m",TOTEM,,AJO,,False,False
530091,ORANGE,GSM 900,GRICHET CHEM RURAL (LES GRANDES CHATAIGNERAIES) 47150 GAVAUDUN,47109,"44.5728,0.9039",Pylône autostable,26m,Conseil Départemental,2006-11-11,SUP,,True,False
530103,SFR,"LTE 700, LTE 2600",PL JOSEPH ROUMANILLE BAT MEDICAL 13210 ST REMY DE PROVENCE,13100,"43.7886,4.8269",Bâtiment,"18,7m",Établissement de soins,2026-07-22,ALL,,False,False
530143,ORANGE,GSM 900, (TOUR DE VILLE) 47150 MONFLANQUIN,47175,"44.5336,0.7686",Château d'eau - réservoir,23m,"Syndicat des eaux, Adduction",1998-12-11,SUP,,False,False
530255,ORANGE,GSM 900,CHEM RURAL PRÈS D.245 (MENDOUSE) 47360 LUSIGNAN PETIT,47154,"44.2581,0.4978",Château d'eau - réservoir,34m,"Syndicat des eaux, Adduction",2006-09-05,SUP,,False,False
531506,ORANGE,GSM 900,RD 117 CHATEAU D'EAU DE SAINT PIERRE (BELLEVUE) 47170 MEZIN,47167,"44.0503,0.2781",Château d'eau - réservoir,51m,"Syndicat des eaux, Adduction",1998-12-11,SUP,,False,False
531981,ORANGE,GSM 900, (LA BURLADE) 47500 BLANQUEFORT SUR BRIOLANCE,47029,"44.6156,0.9508",Château d'eau - réservoir,36m,"Syndicat des eaux, Adduction",2006-11-11,SUP,,True,False
532057,ORANGE,LTE 1800,D. 572 - RTE DE ST CANNAT (LES POINTES) 13330 LA BARBEN,13009,"43.6253,5.18",Pylône tubulaire,25m,TOTEM,,AJO,,False,False
532210,ORANGE,GSM 900,IMP DU PICHARRET 32600 PUJAUDRAN,32334,"43.5919,1.1478",Pylône autostable,34m,TOTEM,2001-10-12,SUP,,False,False
532540,FREE MOBILE,"LTE 900, LTE 1800, LTE 2100, LTE 2600, 5G NR 3500",17 R AUGUSTE ROMAGNE 78700 CONFLANS STE HONORINE,78172,"48.9981,2.0975",Immeuble,25m,Société HLM,2026-07-24,ALL,,False,False
533096,ORANGE,GSM 900,VC N° 101 (LA CONCADE NORD) 47250 LABASTIDE CASTEL AMOUROUX,47121,"44.3572,0.1247",Pylône autostable,30m,TOTEM,2009-06-22,SUP,,False,False
533507,ORANGE,GSM 900, (PLAINE DU CHÂTEAU) 82340 SISTELS,82181,"44.0617,0.7839",Château d'eau - réservoir,30m,"Syndicat des eaux, Adduction",2004-05-15,SUP,,False,False
533527,SFR,GSM 900,Z.A. DES GRILLONS (BRANGET) 33810 AMBES,33004,"45.0225,-0.5519",Pylône autostable,43m,ATC FRANCE,2002-12-26,SUP,,False,False
533954,SFR,GSM 900,"11, R HENRI MOISSAN ZI REPUBLIQUE 2 86000 POITIERS",86194,"46.6117,0.3367",Pylône tubulaire,"61,4m",BOUYGUES,2002-12-24,SUP,,False,False
533964,BOUYGUES TELECOM,LTE 2100, (LE PUCH) 09400 MERCUS GARRABET,09188,"42.8717,1.6306",Pylône autostable,15m,TDF,2026-07-22,ALL,,False,False
534740,ORANGE,5G NR 700,CHEM VICINAL N° 4 R ROGER RENARD 95270 BELLOY EN FRANCE,95056,"49.1047,2.3625",Pylône autostable,35m,HIVORY,,AJO,,False,False
534740,ORANGE,LTE 700,CHEM VICINAL N° 4 R ROGER RENARD 95270 BELLOY EN FRANCE,95056,"49.1047,2.3625",Pylône autostable,35m,HIVORY,2025-02-12,SUP,,False,False
535991,ORANGE,LTE 700,CHEM RURAL DE LA HAIE LE LOUP BOIS DE PLÉFÉ (LE GROS CHÊNE) 54260 FRESNOIS LA MONTAGNE,54212,"49.4981,5.6269",Pylône autostable,40m,TDF,2026-08-07,AAV,,False,False
536018,ORANGE,GSM 900,69 RTE DE TOULOUSE (LE ROUAT) 31190 AUTERIVE,31033,"43.3597,1.4636",Château d'eau - réservoir,45m,"Syndicat des eaux, Adduction",1994-01-07,SUP,,False,False
536334,TELCO OI,"GSM 900, UMTS 900, UMTS 2100, LTE 800, LTE 1800, LTE 2100, LTE 2600, 5G NR 700, 5G NR 3500", (PITON TEXTOR) 97430 LE TAMPON,97422,"-21.1878,55.635",Pylône haubané,43m,TDF,,AJO,,False,True
538463,FREE MOBILE,5G NR 700,CHEM RURAL N°8 (CHANTEMERLE) 38260 ORNACIEUX BALBINS,38284,"45.4017,5.2236",Pylône autostable,27m,ATC FRANCE,2026-07-28,ALL,,False,False
538677,ORANGE,5G NR 700,CHEM VICINAL DES SAGNÈS AUX AIGAUX (LES AIGAUX) 38250 LANS EN VERCORS,38205,"45.1625,5.5969",Pylône autostable,24m,TDF,2026-07-31,AAV,,False,False
538973,FREE MOBILE,5G NR 3500, (LA TANCANIÈRE) 38250 VILLARD DE LANS,38548,"45.0689,5.5431",Pylône autostable,29m,TDF,2026-07-24,ALL,,False,False
539017,ORANGE,GSM 900,PYL FT (MONT GAILLARD) 65240 LANCON,65255,"42.8894,0.3647",Pylône autostable,28m,TOTEM,1997-04-18,SUP,,False,False
540102,BOUYGUES TELECOM,"LTE 700, LTE 1800, 5G NR 2100", (LES SAGNES) 34360 BABEAU BOULDOUX,34021,"43.4456,2.9036",Pylône autostable,20m,HIVORY,,AJO,,False,False
540149,ORANGE,GSM 900,R DES CHÊNES D74 PYLÔNE RTE N°172 65250 ESCALA,65159,"43.1003,0.4147",Pylône autostable,44m,RTE,2009-10-13,SUP,,False,False
540772,ORANGE,GSM 900,10 AV MARCONI D.12 ROUTE DE MURET (ZAC DU BOUTET) 31470 ST LYS,31499,"43.5125,1.1986",Pylône autostable,35m,TOTEM,1997-04-18,SUP,,False,False
541339,ORANGE,GSM 900,10 CHEM DE GARRABOT 31770 COLOMIERS,31149,"43.5992,1.3056",Pylône tubulaire,24m,TOTEM,2013-07-12,SUP,,False,False
542191,ORANGE,GSM 900,CD 926 (MOULIN À VENT) 82160 PARISOT,82137,"44.2678,1.8556",Pylône autostable,36m,TOTEM,1997-07-15,SUP,,False,False
542216,SFR,GSM 900,5 R LOUIS BREGUET 77100 MEAUX,77284,"48.9525,2.9167",Immeuble,53m,Société HLM,2000-08-18,SUP,,False,False
542232,ORANGE,GSM 900,AVENUE LUCIE AUBRAC TERRAIN DE SPORT 31470 FONSORBES,31187,"43.5294,1.2058",Pylône tubulaire,32m,TOTEM,2009-11-02,SUP,,False,False
542797,FREE MOBILE,5G NR 700,R HENRI 4 ÉGLISE ST MARTIN 64000 PAU,64445,"43.2944,-0.3725",Monument religieux,70m,"Commune, communauté de communes",2026-07-24,ALL,,False,False
542892,SFR,GSM 900,RD 405 (LE HAUT DE BEAUVAL) 77440 CONGIS SUR THEROUANNE,77126,"49.0306,2.9778",Pylône autostable,38m,SNCF Réseau,2006-12-22,SUP,,False,False
544526,SFR,5G NR 2100,LA TOURNELLE CHEM COMMUNAL (PUITS DE L'ETANG) 21460 TOUTRY,21642,"47.5078,4.1286",Pylône autostable,38m,ATC FRANCE,2024-11-27,SUP,,False,False
545193,ORANGE,GSM 900,STATION DE SKI VAL LOURON IMM LE LUSTOU (VAL LOURON) 65240 GENOS,65195,"42.7906,0.3917",Immeuble,27m,REGIE HTES PYRENEES HAUT DEBIT,2009-11-30,SUP,,False,False
545412,FREE MOBILE,"LTE 700, LTE 900, LTE 1800, LTE 2100, LTE 2600, 5G NR 700, 5G NR 3500",ANGLE NORD/EST CROISEMENT D98 ET A13 (RTE DE ST GERMAIN) 78860 ST NOM LA BRETECHE,78571,"48.8664,2.0356",Pylône autostable,44m,HIVORY,,AJO,,False,True
545802,ORANGE,GSM 900,1343 AV DE BEAUSOLEIL RÉSERVOIR 82000 MONTAUBAN,82121,"44.0044,1.3753",Château d'eau - réservoir,31m,"Syndicat des eaux, Adduction",2009-10-01,SUP,,False,False
546292,ORANGE,GSM 900,IMPASSE DE BOURNAZEL (BOURNAZEL) 46300 GOURDON,46127,"44.7294,1.3953",Pylône autostable,40m,TDF,1998-03-27,SUP,,False,False
547784,ORANGE,LTE 700,D928 (LES CÔTES DE FERMAINCOURT) 28410 ABONDANT,28001,"48.7717,1.4033",Pylône autostable,30m,TOTEM,2026-07-30,ALL,,False,False
547867,ORANGE,GSM 900,CHEM DU BANQUÉ (LAS MARGALIDES) 31600 LABASTIDETTE,31253,"43.4633,1.26",Pylône autostable,28m,TOTEM,2007-11-19,SUP,,False,False
548317,SFR,"UMTS 2100, 5G NR 2100",DÉPARTEMENTALE 405 (LE HAUT MONTGAGNANT) 77910 VARREDDES,77483,"49.0114,2.9392",Pylône autostable,"40,3m","Commune, communauté de communes",2024-11-29,SUP,,False,False
548733,SFR,GSM 900,VC VARENNES À VILLIERS-VINEUX (LES GUERLURETTES) 89144 MERE,89250,"47.9297,3.81",Pylône autostable,38m,HIVORY,1998-11-26,SUP,,False,False
549112,SFR,"LTE 700, LTE 1800, LTE 2100, 5G NR 2100",A 77 PK 81 SENS COSNE PARIS (LA NOUE) 45420 BONNY SUR LOIRE,45040,"47.5719,2.8756",Pylône autostable,50m,Sociétés d'Autoroutes,,AJO,,False,False
549213,ORANGE,GSM 900,R DES USINES 31150 FENOUILLET,31182,"43.685,1.4019",Pylône tubulaire,21m,TOTEM,2009-03-09,SUP,,False,False
549955,ORANGE,GSM 900,D44 (COSTE D'IOT) 82500 LARRAZET,82093,"43.9169,1.0939",Pylône autostable,42m,TOTEM,1997-12-11,SUP,,False,False
550591,FREE MOBILE,5G NR 700,PL DE L'EGLISE-EGLISE 26600 TAIN L HERMITAGE,26347,"45.0694,4.8386",Monument religieux,38m,"Commune, communauté de communes",2026-07-28,ALL,,False,False
550679,ORANGE,"LTE 2100, 5G NR 700, 5G NR 3500",MAISON DE GARDES FORÊT DE CRÉCY (LA CROIX ST FIACRE) 77610 CREVECOEUR EN BRIE,77144,"48.7747,2.8989",Pylône autostable,36m,HIVORY,,AJO,,False,False
550975,ORANGE,GSM 900,STATION DE SKI LE MOURTIS (LE MOURTIS) 31440 BOUTX,31085,"42.9106,0.7678",Pylône autostable,27m,ATC FRANCE,2002-09-21,SUP,,False,False
551596,ORANGE,GSM 900,VOIE COMMUNALE N° 204 (SALABEILLES) 47300 VILLENEUVE SUR LOT,47323,"44.3833,0.7386",Pylône autostable,27m,ORANGE Services Fixes,2009-05-28,SUP,,False,False
551726,ORANGE,GSM 900, (LA TUQUE NEUVE) 47600 ESPIENS,47090,"44.1725,0.3436",Pylône autostable,16m,TOTEM,2009-07-27,SUP,,False,False
551797,ORANGE,"LTE 2600, 5G NR 700, 5G NR 3500",CHEM DE BEL-AIR (TORTRON) 85400 LUCON,85128,"46.4714,-1.1492",Pylône autostable,52m,TOTEM,2026-07-21,ALL,,False,False
551797,ORANGE,LTE 2100,CHEM DE BEL-AIR (TORTRON) 85400 LUCON,85128,"46.4714,-1.1492",Pylône autostable,52m,TOTEM,2019-06-21,ART,,False,False
553793,SFR,GSM 900,3100 RTE DES HAUTS DU CAMPS CIRCUIT AUTOMOBILE DU CASTELLET 83330 LE CASTELLET,83035,"43.2517,5.7986",Pylône tubulaire,24m,TOTEM,2008-03-14,SUP,,False,False
554013,SFR,"LTE 2100, 5G NR 3500",ESPLANADE GEORGES POMPIDOU PALAIS DES FESTIVALS 06400 CANNES,06029,"43.5506,7.0175",Bâtiment,33m,Société Privée,2025-09-12,ART,,False,False
554552,ORANGE,"5G NR 700, 5G NR 3500",8 DOMAINE DES SEPT ILES RTE DU 19 MARS 1962 93220 GAGNY,93032,"48.8978,2.5444",Immeuble,19m,Société HLM,,AJO,,False,False
554552,ORANGE,LTE 700,8 DOMAINE DES SEPT ILES RTE DU 19 MARS 1962 93220 GAGNY,93032,"48.8978,2.5444",Immeuble,19m,Société HLM,2025-10-22,SUP,,False,False
554552,SFR,GSM 900,8 DOMAINE DES SEPT ILES RTE DU 19 MARS 1962 93220 GAGNY,93032,"48.8978,2.5444",Immeuble,19m,Société HLM,2000-12-18,SUP,,False,False
555057,ORANGE,GSM 900,CHEM DE MOUNDRAN 31470 FONSORBES,31187,"43.5442,1.2414",Pylône tubulaire,26m,TOTEM,2009-11-02,SUP,,False,False
555131,FREE MOBILE,5G NR 700,67 R DU FOUR D770 CENTRAL TÉLÉPHONIQUE (STREAT VEUR) 29260 LESNEVEN,29124,"48.5789,-4.3261",Pylône haubané,52m,TOTEM,2026-07-24,ALL,,False,False
555576,SFR,GSM 900,84-86 RUE DE SILLY ENTRÉE 176 RUE GALLIENI IMMEUBLE 3F 92100 BOULOGNE BILLANCOURT,92012,"48.8361,2.2319",Immeuble,"40,9m",Société HLM,1997-08-25,SUP,,False,False
555889,SFR,GSM 900,D. 64 (LES LONGLETS) 01140 ST DIDIER SUR CHALARONNE,01348,"46.1711,4.8519",Pylône autostable,"31,1m",HIVORY,2009-03-27,SUP,,False,False
555899,ORANGE,"5G NR 700, 5G NR 3500",VOIE COMMUNALE N°3 PRÈS DU RÉSERVOIR (BELLEVUE) 17430 MORAGNE,17246,"45.9661,-0.8008",Pylône autostable,18m,"Syndicat des eaux, Adduction",,AJO,,False,False
555899,ORANGE,LTE 700,VOIE COMMUNALE N°3 PRÈS DU RÉSERVOIR (BELLEVUE) 17430 MORAGNE,17246,"45.9661,-0.8008",Pylône autostable,18m,"Syndicat des eaux, Adduction",2020-08-26,SUP,,False,False
556543,ORANGE,GSM 900,A61 PEAGE TOULOUSE SUD (LABÈGE) 31520 RAMONVILLE ST AGNE,31446,"43.5494,1.4981",Pylône autostable,41m,Sociétés d'Autoroutes,2013-07-12,SUP,,False,False
556647,ORANGE,GSM 900,MORNE PAVILLON QUARTIER BRIÈRE DE LISLE 1ER RSMA 97232 LE LAMENTIN,97213,"14.6308,-61.0292",Pylône tubulaire,16m,ORANGE,2008-11-05,SUP,,False,False
557594,ORANGE,GSM 900, (PIC DE ST BRESSOU) 46120 ST BRESSOU,46249,"44.7053,1.9686",Pylône autostable,44m,TDF,1995-12-01,SUP,,False,False
558473,SFR,GSM 900,345 AV DE L'ARGONNE 33700 MERIGNAC,33281,"44.8147,-0.7144",Pylône autostable,"26,9m",TOTEM,2018-02-23,SUP,,False,False
558832,SRR,5G NR 3500,MADJABALINI 97630 MTSAMBORO,97612,"-12.7119,45.0597",Pylône autostable,30m,TDF,2026-06-17,ART,,False,False
559367,ORANGE,GSM 900,CHEM PRÈS D.8 STATION D'EPURATION (DARRE LAPOUTGE) 65200 ORDIZAN,65335,"43.1092,0.1239",Pylône autostable,25m,TOTEM,2011-01-21,SUP,,False,False
559905,ORANGE,GSM 900,LA SERRE DE CAZAUX 31800 ST GAUDENS,31483,"43.1386,0.735",Pylône autostable,52m,TOTEM,2006-04-22,SUP,,False,False
560051,ORANGE,GSM 900,D 52 (L'ALODEN) 31230 L ISLE EN DODON,31239,"43.3758,0.8406",Pylône autostable,36m,TOTEM,1997-06-20,SUP,,False,False
560563,ORANGE,GSM 900, (CATARRABE) 65110 CAUTERETS,65138,"42.8989,-0.1192",Pylône autostable,35m,HIVORY,2009-09-01,SUP,,False,False
561377,ORANGE,GSM 900,LE CAILLAU SERRE 09800 CESCAU,09095,"42.9203,1.0525",Pylône autostable,"39,5m",TDF,2006-12-16,SUP,,False,False
561401,ORANGE,GSM 900,CHEMIN DE MIREVAL (MIREVAL) 09600 LE PEYRAT,09229,"42.9608,1.9322",Pylône autostable,24m,TDF,2002-10-19,SUP,,False,False
561871,FREE MOBILE,"LTE 2100, 5G NR 700",NATIONALE 39 (L'ENCLOS L'HOMME) 62130 HUMIERES,62468,"50.3906,2.2078",Château d'eau - réservoir,"42,2m","Syndicat des eaux, Adduction",2026-07-24,ALL,,False,False
562554,ORANGE,GSM 900,CHEM DU MOUTET PAR LA BOULBÈNE STADE DE FOOTBALL (LE MOUTET) 82210 ST NICOLAS DE LA GRAVE,82169,"44.0517,1.0131",Pylône tubulaire,30m,TOTEM,2009-11-26,SUP,,False,False
563263,ORANGE,GSM 900,VOIE COMMUNALE N° 102 (CHEM DE BRAYES À GR6) (LE COLOMBIER) 46120 LE BOURG,46034,"44.7186,1.8972",Pylône autostable,30m,TOTEM,2013-10-03,SUP,,False,False
563335,ORANGE,GSM 900,STATION D'ÉPURATION (LESCOUBOUE) 31370 RIEUMES,31454,"43.4172,1.1281",Pylône tubulaire,30m,HIVORY,2012-01-30,SUP,,False,False
563449,ORANGE,GSM 900,AV PIERRE MENDÈS FRANCE PYLÔNE RTE N°26 31320 CASTANET TOLOSAN,31113,"43.5211,1.5128",Pylône autostable,27m,RTE,2009-11-20,SUP,,False,False
564219,SFR,LTE 700,CHÂTEAU D'EAU DE BOISMORAND RTE D'ADON (TERRES DE LA REMISE D'ADON) 45290 BOISMORAND,45036,"47.7875,2.7239",Château d'eau - réservoir,46m,"Commune, communauté de communes",2026-07-22,ALL,,False,False
565149,ORANGE,GSM 900,CHEM DE LA CROIX DE SUATIS (LA CROIX DE SUATIS) 65310 ODOS,65331,"43.2019,0.04",Pylône autostable,35m,HIVORY,2012-12-01,SUP,,False,False
565879,ORANGE,GSM 900,PRÈS DU RÉSERVOIR (CASTILLON) 31510 LABROQUERE,31255,"43.0464,0.6044",Pylône autostable,"33,5m",HIVORY,2009-09-07,SUP,,False,False
565891,SFR,5G NR 2100,"60, RTE DE MADORO COMPLEXE SPORTIF (LES HORMEAUX) 85520 JARD SUR MER",85114,"46.4175,-1.5858",Pylône autostable,36m,TOTEM,2026-07-22,ALL,,False,False
566411,ORANGE,5G NR 3500,R DES GRANDS MOUNTAINS ZA GARAGE MONNEREAU J. SARL 85110 ST PROUANT,85266,"46.7581,-0.9622",Pylône tubulaire,30m,TOTEM,2026-07-23,ALL,,False,False
566718,ORANGE,GSM 900,PRÈS DU RÉSERVOIR (ST NICOLAS) 32420 SIMORRE,32433,"43.4519,0.7269",Pylône autostable,20m,TOTEM,2002-08-10,SUP,,False,False
568095,ORANGE,GSM 900,D 654 (LA BOURDETTE) 32500 BRUGNENS,32066,"43.8436,0.7036",Pylône autostable,28m,TOTEM,1995-11-03,SUP,,False,False
568439,BOUYGUES TELECOM,LTE 700,CHEM RURAL DIT DE L'ARDOISE (LES TERRES BLANCHES - LE HÊTRE) 41000 ST SULPICE DE POMMERAY,41230,"47.6131,1.2631",Pylône autostable,26m,TOTEM,2026-08-03,AAV,,False,False
569010,ORANGE,GSM 900,IMP DE PARCHEROT STATION D' ÉPURATION (PRAT DU CASSE) 31410 LAVERNOSE LACASSE,31287,"43.4039,1.2694",Pylône autostable,35m,HIVORY,2009-04-24,SUP,,False,False
569060,ORANGE,GSM 900,C.V.O. N° 5 DE MONTALZAT À CAUSSADE (RICASSAC) 82300 CAUSSADE,82037,"44.1753,1.5236",Pylône autostable,32m,TOTEM,2009-04-27,SUP,,False,False
569271,ORANGE,GSM 900,AV DU CHÂTEAU D'EAU CHÂTEAU D'EAU 31470 FONSORBES,31187,"43.5331,1.2281",Château d'eau - réservoir,33m,"Syndicat des eaux, Adduction",1997-06-20,SUP,,False,False
569334,ORANGE,GSM 900,84 ALL JEAN JAURES HÔTEL SOFITEL 31500 TOULOUSE,31555,"43.6086,1.4536",Bâtiment,"59,8m",Société Privée,2013-07-12,SUP,,False,False
570373,ORANGE,GSM 900,27 AV DES TOURONDES Z.I. DES TOURONDES 82300 CAUSSADE,82037,"44.1528,1.5311",Pylône tubulaire,"24,6m",TOTEM,2006-07-01,SUP,,False,False
570388,SFR,GSM 900,ZI DE BIESHEIM RD 52 (BOIS BOULAY) 68600 BIESHEIM,68036,"48.0592,7.5572",Château d'eau - réservoir,50m,"Syndicat des eaux, Adduction",2000-11-07,SUP,,False,False
571309,ORANGE,GSM 900,PRÉS D911 (BEL AIR) 46260 LIMOGNE EN QUERCY,46173,"44.3956,1.7631",Pylône autostable,19m,TOTEM,2007-03-31,SUP,,False,False
571671,ORANGE,GSM 900,R DES FERRONNIERS R DES TONNELIERS 31700 BLAGNAC,31069,"43.6453,1.3833",Château d'eau - réservoir,49m,"Commune, communauté de communes",2012-02-23,SUP,,False,False
572032,ORANGE,GSM 900,CHEM RURAL DES ARTIGUES (LE HAILLA) 65710 CAMPAN,65123,"43.0172,0.1722",Pylône autostable,30m,TOTEM,2009-05-04,SUP,,False,False
572863,ORANGE,GSM 900,CHEM RURAL PYLÔNE FRANCE TELECOM ADM. : LA MAGDELEINE (JUVELIN) 47200 MARMANDE,47157,"44.5272,0.1906",Pylône autostable,30m,TOTEM,1992-10-02,SUP,,False,False
574213,ORANGE,GSM 900,RTE DE LARRA STADE MUNICIPAL 31330 LAUNAC,31281,"43.7433,1.1856",Pylône tubulaire,26m,TOTEM,2007-05-23,SUP,,False,False
574862,FREE MOBILE,5G NR 3500,"24-32, R CAMILLE BLANC 94400 VITRY SUR SEINE",94081,"48.785,2.3956",Immeuble,34m,Société HLM,2026-07-24,ALL,,False,False
574862,SFR,GSM 900,"24-32, R CAMILLE BLANC 94400 VITRY SUR SEINE",94081,"48.785,2.3956",Immeuble,34m,Société HLM,1996-12-19,SUP,,False,False
574869,ORANGE,GSM 900,VC N°6 (BOIS DE ST VICTOR) 31570 LANTA,31271,"43.5658,1.6519",Pylône autostable,40m,TOTEM,2006-01-18,SUP,,False,False
574880,SFR,GSM 900,"140, R VATEL HOTEL VATEL 30900 NIMES",30189,"43.8206,4.3194",Immeuble,"32,9m",Société Privée,1998-06-15,SUP,,False,False
575936,ORANGE,GSM 900,CR DE PONT DE RHODES À LA CROIX BLANCHE LIMITE COMMUNE DE BEAUMAT (REDOUILLIERES) 46310 FRAYSSINET,46113,"44.6594,1.5086",Mât,18m,TOTEM,2009-05-30,SUP,,False,False
576042,ORANGE,GSM 900, (FORT ST BERNARD) 31330 GRENADE,31232,"43.7681,1.29",Château d'eau - réservoir,44m,"Commune, communauté de communes",1999-05-21,SUP,,False,False
578958,ORANGE,GSM 900,GALDOU 46150 ST DENIS CATUS,46264,"44.5583,1.3831",Pylône autostable,44m,TDF,2006-12-02,SUP,,False,False
579011,ORANGE,GSM 900, (SAINT-CHIGNES) 46500 SAIGNES,46246,"44.7906,1.8289",Pylône autostable,45m,TDF,2022-03-07,SUP,,False,False
579960,SFR,GSM 900,36 R DES SOEURS JANIN 69009 LYON 09,69389,"45.7614,4.7986",Immeuble,47m,Société Privée,2004-10-04,SUP,,False,False
580209,ORANGE,GSM 900,MONDON (MOULIN DE BOURBON) 47220 FALS,47092,"44.0903,0.6736",Château d'eau - réservoir,39m,"Syndicat des eaux, Adduction",1996-08-02,SUP,,False,False
580511,ORANGE,GSM 900,ROUTE DE LA SERRETTE (LA SERRETTE) 47270 CLERMONT SOUBIRAN,47067,"44.1383,0.8692",Pylône autostable,"31,4m",TDF,1994-03-04,SUP,,False,False
58064,ORANGE,GSM 900,TÉLÉCABINE DU POUNTAS (PONT D'ESPAGNE) 65110 CAUTERETS,65138,"42.8522,-0.1419",Pylône tubulaire,12m,"Commune, communauté de communes",2002-12-07,SUP,,False,False
581254,ORANGE,GSM 900,VOIE COMMUNALE N° 16 (LE BREIL) 47500 BLANQUEFORT SUR BRIOLANCE,47029,"44.6039,0.9739",Mât,12m,TOTEM,2009-02-27,SUP,,True,False
581354,ORANGE,GSM 900,VC N°6 DE LARÉGNADE (LARÉGNADE) 47430 LE MAS D AGENAIS,47159,"44.4069,0.2117",Château d'eau - réservoir,42m,"Syndicat des eaux, Adduction",1995-05-05,SUP,,False,False
582487,BOUYGUES TELECOM,LTE 700,CHÂTEAU D'EAU (CHAMPEILLON OUEST) 01300 BELLEY,01034,"45.7353,5.6792",Pylône autostable,38m,BOUYGUES,2026-07-30,ALL,,False,False
582533,ORANGE,GSM 900,5 R DU STADE 31270 CUGNAUX,31157,"43.54,1.3478",Immeuble,18m,"Copropriété, Syndic, SCI",2010-06-02,SUP,,False,False
584419,ORANGE,GSM 900,BOUET (LES GUIGNES BASSES) 46800 BARGUELONNE EN QUERCY,46263,"44.3561,1.2031",Pylône autostable,30m,TOTEM,1999-06-30,SUP,,False,False
585916,ORANGE,GSM 900,PRÈS D 655 CHATEAU D'EAU (JACQUET) 47700 ANTAGNAC,47010,"44.3514,0.0225",Château d'eau - réservoir,32m,"Syndicat des eaux, Adduction",1998-02-20,SUP,,False,False
585939,ORANGE,GSM 900,220 AV DES PYRÉNÉES 31600 MURET,31395,"43.4406,1.3122",Pylône tubulaire,"32,7m",ATC FRANCE,2009-11-16,SUP,,False,False
585972,ORANGE,GSM 900, (MIRAMONT) 65100 JULOS,65236,"43.1269,-0.0033",Pylône autostable,39m,Towercast,1997-03-14,SUP,,False,False
585977,FREE MOBILE,"LTE 2100, 5G NR 700",SILO GROUPE CTRE ATLANTIQUE CD 2 DE TOURNON ST MARTIN (LA GÈRE) 86340 FLEURE,86099,"46.4703,0.5167",Pylône autostable,45m,HIVORY,2026-07-24,ALL,,False,False
586331,ORANGE,GSM 900,47 ROUTE DE MONS 31130 BALMA,31044,"43.6267,1.5181",Pylône tubulaire,26m,TOTEM,2011-12-09,SUP,,False,False
586356,FREE MOBILE,"LTE 2100, 5G NR 700",CHEM RURAL LE LONG DE LA VOIE FERRÉE PROCHE ANGLE D49 LORIEUX VILLEHERVIERS - VOIE FERR (CHAMPVIOUX) 41200 VILLEHERVIERS,41282,"47.3689,1.7936",Pylône autostable,30m,ATC FRANCE,2026-07-24,ALL,,False,False
587892,ORANGE,GSM 900,ROC DE LA GRENOUILLE 09300 BELESTA,09047,"42.8989,1.9564",Pylône autostable,16m,TOTEM,2007-08-21,SUP,,True,False
588967,ORANGE,GSM 900,A.62  - SENS BORDEAUX /TOULOUSE AIRES DE QUEYRAU (AIRES DE QUEYRAU) 47160 PUCH D AGENAIS,47214,"44.3439,0.2489",Pylône autostable,30m,Sociétés d'Autoroutes,2006-11-11,SUP,,False,False
589046,ORANGE,GSM 900,CHEM DES ROMAINS CENTRAL TÉLÉPHONIQUE (LE CIMETIÈRE) 31450 BAZIEGE,31048,"43.455,1.6108",Pylône tubulaire,19m,TOTEM,1996-04-05,SUP,,False,False
589065,ORANGE,GSM 900,ALLÉE DE LA GERBIÈRE (LE PRÉ ST-SÉVERIN) 31320 AUZEVILLE TOLOSANE,31035,"43.53,1.4847",Pylône tubulaire,24m,TOTEM,1996-12-06,SUP,,False,False
589067,ORANGE,GSM 900,R DE LA MAIRIE 31750 ESCALQUENS,31169,"43.5175,1.5589",Pylône tubulaire,18m,TOTEM,1997-01-17,SUP,,False,False
589077,ORANGE,GSM 900,CHEM DE LA BESTHOROLE STADE 31120 LACROIX FALGARDE,31259,"43.5017,1.4044",Pylône tubulaire,31m,TOTEM,2003-11-28,SUP,,False,False
589079,ORANGE,GSM 900,R MAX PLANK EN FACE DU 411 (POUCHALOU) 31670 LABEGE,31254,"43.5522,1.5111",Pylône autostable,"30,3m",RTE,2006-09-05,SUP,,False,False
589081,ORANGE,GSM 900,ALLÉE DES FONTAINES PYLONE EDF 31320 AUZEVILLE TOLOSANE,31035,"43.535,1.4831",Pylône autostable,35m,RTE,2007-05-05,SUP,,False,False
589083,ORANGE,GSM 900,D.24 ROUTE DE CORRONSAC (BEL AIR) 31450 MONTBRUN LAURAGAIS,31366,"43.46,1.5133",Château d'eau - réservoir,36m,"Syndicat des eaux, Adduction",2008-03-17,SUP,,False,False
589794,ORANGE,GSM 900, (PARRINOTS) 47290 CANCON,47048,"44.5208,0.6189",Château d'eau - réservoir,34m,"Syndicat des eaux, Adduction",1996-05-08,SUP,,False,False
590056,ORANGE,GSM 900, (POULVIGNAC) 47340 ST ANTOINE DE FICALBA,47228,"44.3411,0.7114",Château d'eau - réservoir,34m,"Syndicat des eaux, Adduction",1996-05-03,SUP,,False,False
590064,ORANGE,"5G NR 700, 5G NR 3500",43-45 R PLANTAGENET  49100 ANGERS,49007,"47.4722,-0.5544",Bâtiment,21m,Société Privée,,AJO,,False,False
591337,FREE MOBILE,5G NR 700,4 BD ALFRED DE VIGNY 79100 THOUARS,79329,"46.9778,-0.2106",Château d'eau - réservoir,44m,"Commune, communauté de communes",2026-07-24,ALL,,False,False
592007,ORANGE,GSM 900,N 113 CENTRAL TÉLÉPHONIQUE (TERRE BLANCHE) 82100 CASTELSARRASIN,82033,"44.0625,1.0967",Pylône autostable,"43,6m",TOTEM,1992-08-07,SUP,,False,False
593092,ORANGE,LTE 700, (MONT ANDRÉ) 71360 SULLY,71530,"46.9906,4.4706",Pylône autostable,36m,TOTEM,2026-08-06,AAV,,False,False
593128,ORANGE,GSM 900,ZAC LES PORTS (NAFINES) 82800 NEGREPELISSE,82134,"44.0694,1.5342",Pylône autostable,30m,TOTEM,2008-06-25,SUP,,False,False
593772,ORANGE,GSM 900,CHEM DU MOULIN À VENT 32190 VIC FEZENSAC,32462,"43.7539,0.3172",Pylône tubulaire,"9,9m",TOTEM,2007-11-27,SUP,,False,False
593781,ORANGE,GSM 900,R DES CAUSSADES CHÂTEAU D'EAU 31800 ST GAUDENS,31483,"43.1128,0.735",Château d'eau - réservoir,"37,2m","Syndicat des eaux, Adduction",2010-09-29,SUP,,False,False
594281,FREE MOBILE,5G NR 700, (LA RICHARDIÈRE) 38410 ST MARTIN D URIAGE,38422,"45.1433,5.8336",Pylône autostable,21m,TDF,2026-07-28,ALL,,False,False
595211,FREE MOBILE,"LTE 2100, 5G NR 700",LES TATTES RELAIS TDF LA FRASSE 74300 ARACHES LA FRASSE,74014,"46.0522,6.6358",Pylône autostable,25m,TDF,2026-07-24,ALL,,False,False
596896,BOUYGUES TELECOM,LTE 700,72 R DE LA HALLE 59800 LILLE,59350,"50.6442,3.0589",Immeuble,20m,Particulier,2026-07-30,ALL,,False,False
597229,SFR,,CHEM DE CORMEILLES LA REMISE DU VAL 78360 MONTESSON,78418,"48.9142,2.1311",Pylône tubulaire,35m,ATC FRANCE,2022-01-31,CHI,2430496,False,True
597567,ORANGE,GSM 900,AV DU CHÊNE VERT PL HOTEL DE VILLE 31270 FROUZINS,31203,"43.5147,1.3211",Pylône autostable,24m,TOTEM,2006-09-05,SUP,,False,False
598499,SFR,LTE 1800, (LE POTEAU) 24590 ST CREPIN ET CARLUCET,24392,"44.9706,1.2914",Pylône autostable,45m,Conseil Départemental,,AJO,,True,False
599004,ORANGE,"LTE 700, 5G NR 2100",VOIE COMMUNALE 128 (BRÉVIANDES) 36260 STE LIZAIGNE,36199,"47.0031,2.0325",Pylône autostable,30m,TOTEM,,AJO,,False,False
599004,ORANGE,LTE 2100,VOIE COMMUNALE 128 (BRÉVIANDES) 36260 STE LIZAIGNE,36199,"47.0031,2.0325",Pylône autostable,30m,TOTEM,2020-03-02,SUP,,False,False
599383,SFR,"LTE 700, LTE 1800, LTE 2100, 5G NR 2100",PRÉS D119 (LA TAILLE DU BOIS) 41130 BILLY,41016,"47.3425,1.5333",Pylône autostable,30m,TOTEM,,AJO,,False,False
601968,ORANGE,LTE 700,AREVA (LA HAGUE) 50690 LA HAGUE,50041,"49.68,-1.8819",Fût,109m,"État, Ministère",2023-06-30,SUP,,False,False
604343,SFR,GSM 900,20 R DE LA SAUSSAIE 93380 ST DENIS,93066,"48.9408,2.3742",Immeuble,"15,6m",Particulier,2016-04-13,SUP,,False,False
604662,FREE MOBILE,"LTE 2100, 5G NR 700",CHAMPS POTIERS CHEM DES GARENNES (CHAMBERTRAND) 79160 VILLIERS EN PLAINE,79351,"46.4369,-0.5647",Pylône autostable,39m,TOTEM,2026-07-24,ALL,,False,False
605013,ORANGE,GSM 900,D.11 - GARE DE PÉAGE DE NAILLOUX (ABETSENC D'ENGASC) 31560 NAILLOUX,31396,"43.3822,1.6169",Pylône tubulaire,25m,TOTEM,2007-11-16,SUP,,False,False
605331,SFR,LTE 700,R DE LA GARE 41150 VALLOIRE SUR CISSE,41055,"47.5211,1.2486",Pylône tubulaire,33m,CELLNEX,2026-07-22,ALL,,False,False
606015,SFR,GSM 900,R PASTEUR VALERY RADOT PARKING PALAIS DES SPORTS R. DUBRON - UNIVERSITÉ D 94000 CRETEIL,94028,"48.7886,2.4411",Pylône tubulaire,"26,4m",HIVORY,1998-12-02,SUP,,False,False
606221,BOUYGUES TELECOM,5G NR 2100,44 CHEM RURAL (BEAUREGARD) 37380 NOUZILLY,37175,"47.5386,0.7403",Château d'eau - réservoir,32m,"Commune, communauté de communes",2026-06-26,ART,,False,False
607242,ORANGE,GSM 900,CHEM COMMUNAL N°3 DE ST-MARTIN À POUPAS (LES GRAVES) 82120 MARSAC,82104,"43.9344,0.8419",Pylône autostable,38m,TOTEM,2007-04-23,SUP,,True,False
608603,ORANGE,GSM 900,PLAINE DE BROUELLE (PECH JOUAN) 47470 CAUZAC,47062,"44.2786,0.8228",Château d'eau - réservoir,56m,"Syndicat des eaux, Adduction",1999-01-29,SUP,,False,False
608618,ORANGE,GSM 900,AV DE LA REPUBLIQUE (PALFOURQUES) 47330 CASTILLONNES,47057,"44.6508,0.5917",Château d'eau - réservoir,42m,"Syndicat des eaux, Adduction",2003-07-26,SUP,,False,False
608668,SFR,GSM 900,2/4 R NICOLAS APPERT ZI DU MOULIN DE L'ÉCAILLE 51430 TINQUEUX,51573,"49.2417,3.9906",Pylône tubulaire,27m,HIVORY,1999-12-22,SUP,,False,False
608916,ORANGE,GSM 900,CHEM COMMUNAL PRÉS D315 (LES MENAUDES) 47350 ST BARTHELEMY D AGENAIS,47232,"44.54,0.3753",Pylône autostable,35m,Conseil Départemental,2007-03-26,SUP,,True,False
610350,ORANGE,GSM 900,CÉVENNES DE BÉARS GR 36 - GR 46 (PECH DE BÉARS) 46090 ARCAMBAL,46007,"44.4733,1.5569",Pylône autostable,"32,8m",TDF,2008-03-20,SUP,,True,False
610452,FREE MOBILE,5G NR 700,DE LA HIADÈRE D.100 ROCADE SUD EST (BOURDALAT) 64320 BIZANOS,64132,"43.2883,-0.3356",Pylône autostable,40m,HIVORY,2026-07-24,ALL,,False,False
611716,ORANGE,GSM 900,D.958 - CHEM RURAL (LA NAUZE) 82800 MONTRICOUX,82132,"44.0814,1.6283",Pylône autostable,23m,TOTEM,1998-07-17,SUP,,False,False
611764,ORANGE,GSM 900,RTE DE GEZ /D102 (CANERIE) 65400 ARGELES GAZOST,65025,"43.0061,-0.1042",Pylône autostable,15m,TOTEM,2005-01-29,SUP,,False,False
611967,ORANGE,GSM 900, (LANDIECH) 46700 TOUZAC,46321,"44.4861,1.065",Pylône autostable,26m,TOTEM,1997-11-28,SUP,,False,False
612553,ORANGE,GSM 900,RTE DU LAVET 31210 MONTREJEAU,31390,"43.0919,0.5689",Pylône autostable,24m,TOTEM,2007-02-05,SUP,,False,False
612761,ORANGE,GSM 900,R DE LA CÔTE VC N°12 31340 VILLEMUR SUR TARN,31584,"43.8617,1.5106",Pylône autostable,13m,TOTEM,1998-12-11,SUP,,False,False
614022,ORANGE,GSM 900,CHE DES ISLES (LES ESPIADES) 31260 MANE,31315,"43.0911,0.9572",Pylône autostable,33m,TOTEM,2003-07-24,SUP,,False,False
614065,ORANGE,GSM 900,GR 69 (LA FERRIÈRE) 47320 CLAIRAC,47065,"44.3608,0.3553",Pylône autostable,40m,HIVORY,2006-01-21,SUP,,False,False
614814,ORANGE,GSM 900,RELAIS HERTZIEN (VENTE FARINE) 31290 VILLEFRANCHE DE LAURAGAIS,31582,"43.4028,1.7247",Pylône autostable,"23,4m",TOTEM,1992-09-04,SUP,,False,False
616936,FREE MOBILE,5G NR 700,AV. DE L'ABBAYE D.10/N.90 (LES PALISSES) 38920 CROLLES,38140,"45.2761,5.8731",Pylône autostable,24m,TOTEM,2026-07-28,ALL,,False,False
617311,ORANGE,GSM 900, (BARBUT) 47340 LAROQUE TIMBAUT,47138,"44.2639,0.7322",Pylône autostable,38m,TOTEM,1999-01-29,SUP,,False,False
617418,SFR,GSM 900,32 AV JEAN JAURÈS 93700 DRANCY,93029,"48.9217,2.4483",Immeuble,18m,"Copropriété, Syndic, SCI",1999-12-02,SUP,,False,False
618009,BOUYGUES TELECOM,5G NR 3500,14 AV YVES THÉPOT 29000 QUIMPER,29232,"47.9869,-4.095",Immeuble,"54,7m",Établissement de soins,2026-07-30,ALL,,False,False
618292,SFR,5G NR 2100,CH DU BOIS DE CALMONT 60480 ST ANDRE FARIVILLERS,60565,"49.5958,2.2908",Château d'eau - réservoir,"53,5m","Syndicat des eaux, Adduction",,AJO,,False,False
619923,ORANGE,GSM 900,D.43I - CHEM DE LASSÈRE (MENJOUNE ET GALINAT) 31560 CALMONT,31100,"43.2936,1.6336",Pylône autostable,33m,TOTEM,1996-01-12,SUP,,False,False
620251,ORANGE,GSM 900,340 RTE DE PAULHAC PRÈS CHATEAU D'EAU (CHÂTEAU CAMPAGNE) 31380 MONTASTRUC LA CONSEILLERE,31358,"43.7256,1.5844",Pylône autostable,46m,CELLNEX,2012-10-03,SUP,,False,False
620300,ORANGE,GSM 900,Z.I DU PARANT 46400 ST CERE,46251,"44.8569,1.88",Pylône autostable,27m,TOTEM,1997-05-30,SUP,,False,False
620306,SFR,GSM 900,PARKING P2 SERVICE  ADP BRETELLE DE SERVICE SODEXA 94390 PARAY VIEILLE POSTE,91479,"48.7294,2.3628",Pylône autostable,"29,9m","CCI, Ch Métier, Port Aut, Aéroport",2002-08-09,SUP,,False,False
620395,SFR,GSM 900,"2,4 R PIERRE SEMARD CITÉ DE LA SABLIERE 94310 ORLY",94054,"48.7436,2.4183",Immeuble,19m,Société HLM,2016-03-01,SUP,,False,False
622064,BOUYGUES TELECOM,LTE 700,CHEM RURAL N° 28 (BELLE-VUE) 72300 JUIGNE SUR SARTHE,72151,"47.8592,-0.3142",Pylône autostable,30m,TOTEM,2026-08-03,AAV,,False,False
622504,ORANGE,GSM 900,R JEANNE PENENT 31220 CAZERES,31135,"43.2058,1.0822",Bâtiment,19m,ORANGE Services Fixes,2001-09-28,SUP,,False,False
622547,FREE MOBILE,"LTE 2100, 5G NR 700",CHEM DÉPARTEMENTAL N°23 (LE CHÂTENET) 86140 SCORBE CLAIRVAUX,86258,"46.8236,0.4078",Pylône autostable,"37,6m",TOTEM,2026-07-24,ALL,,False,False
622665,ORANGE,GSM 900,14 B  PL PRAX PARIS RÉS OCCITAN 82000 MONTAUBAN,82121,"44.0186,1.3572",Immeuble,34m,Particulier,1997-06-06,SUP,,False,False
622667,FREE MOBILE,5G NR 700,2 RUE JEAN GABRIEL GOULINEAT 82000 MONTAUBAN,82121,"44.0186,1.3675",Pylône autostable,52m,TOTEM,2026-07-24,ALL,,False,False
622667,ORANGE,GSM 900,2 RUE JEAN GABRIEL GOULINEAT 82000 MONTAUBAN,82121,"44.0186,1.3675",Pylône autostable,52m,TOTEM,1995-04-07,SUP,,False,False
622680,ORANGE,GSM 900,130 IMP BEAU DE ROCHAS ZI ALBASUD A 20 82000 MONTAUBAN,82121,"43.9822,1.3339",Pylône tubulaire,25m,TOTEM,2005-02-19,SUP,,False,False
622694,ORANGE,GSM 900,CHEM DE MÉNESCAL (FIGUÉRY) 82290 MONTBETON,82124,"44.0111,1.2453",Pylône autostable,30m,TOTEM,2008-01-21,SUP,,False,False
623213,FREE MOBILE,"LTE 2100, 5G NR 700",D.135 - ZI (LA PLAINE DE SEILLEREAU) 79330 ST VARENT,79299,"46.9008,-0.2336",Pylône autostable,30m,TOTEM,2026-07-28,ALL,,False,False
623448,ORANGE,GSM 900,80 ALLÉES DE BARCELONE 31500 TOULOUSE,31555,"43.6083,1.4267",Immeuble,37m,"Copropriété, Syndic, SCI",2013-07-12,SUP,,False,False
631917,ORANGE,GSM 900,88 R DES AUGUSTINS RÉSIDENCE LES THERMES 46000 CAHORS,46042,"44.4503,1.4389",Immeuble,31m,"Copropriété, Syndic, SCI",2006-06-13,SUP,,False,False
631959,ORANGE,GSM 900,SALESSOUS CHEM RURAL  (LEZ) 82250 LAGUEPIE,82088,"44.1681,1.9483",Château d'eau - réservoir,36m,"Syndicat des eaux, Adduction",2006-09-05,SUP,,False,False
631989,SFR,"LTE 700, LTE 2100, 5G NR 2100",CHEM RURAL N°21 (COURTEMICHE) 41500 MAVES,41130,"47.7589,1.3286",Tour hertzienne,107m,TDF,,AJO,,False,False
634335,ORANGE,5G NR 700,VC N° 11 (VALBURGE) 88220 XERTIGNY,88530,"48.04,6.4011",Pylône autostable,36m,TOTEM,2026-07-30,ALL,,False,False
636098,ORANGE,GSM 900,RTE DE MONDAVEZAN 31220 MARTRES TOLOSANE,31324,"43.2097,1.0214",Pylône autostable,24m,ORANGE,1998-02-13,SUP,,False,False
636942,ORANGE,GSM 900,CHEM RURAL (LE PORTAIL DE ROME) 46110 VAYRAC,46330,"44.9561,1.6797",Pylône autostable,26m,TOTEM,1997-06-13,SUP,,False,False
637056,SFR,GSM 900,6A R ELISÉE RECLUS IMM SAFC (QUARTIER ST CLAUDE) 25000 BESANCON,25056,"47.26,6.0114",Immeuble,23m,Société Privée,2000-05-02,SUP,,False,False
637511,ORANGE,"GSM 900, LTE 2100, 5G NR 3500",PRÈS D2 CHEM RURAL (BONFILS) 97122 BAIE MAHAULT,97103,"16.2467,-61.6294",Pylône autostable,25m,ORANGE,,AJO,,False,False
637511,ORANGE,LTE 2600,PRÈS D2 CHEM RURAL (BONFILS) 97122 BAIE MAHAULT,97103,"16.2467,-61.6294",Pylône autostable,25m,ORANGE,,SUP,,False,False
637829,ORANGE,GSM 900,PLANTAUREL (LIEURAC) 09300 ROQUEFORT LES CASCADES,09250,"42.9664,1.7536",Pylône autostable,24m,TDF,2005-06-11,SUP,,True,False
637848,ORANGE,GSM 900,PRÈS D.626 PYLÔNE F.T. (LE DURET) 32800 EAUZE,32119,"43.8575,0.0694",Pylône autostable,53m,TOTEM,1997-11-07,SUP,,False,False
639083,ORANGE,"5G NR 700, 5G NR 3500",ATELIERS MUNICIPAUX  (Z.I.LES SABOTIERS) 49350 GENNES VAL DE LOIRE,49261,"47.33,-0.2381",Pylône autostable,36m,TOTEM,2026-07-21,ALL,,False,False
639604,ORANGE,GSM 900,CHEM DE COURTY 82130 LAMOTHE CAPDEVILLE,82090,"44.0836,1.3642",Pylône autostable,"36,5m",TOTEM,2011-07-05,SUP,,False,False
642932,BOUYGUES TELECOM,LTE 700,PRÈS D5 STADE MUNICIPAL (LES GRÈS) 83136 LA ROQUEBRUSSANNE,83108,"43.3497,5.9692",Pylône arbre,20m,HIVORY,2026-08-03,AAV,,False,False
644697,SFR,"LTE 700, LTE 2600",KERBIGUET D 773 (L'ABBAYE) 56380 GUER,56075,"47.9158,-2.1231",Pylône autostable,48m,TDF,2026-07-22,ALL,,False,False
644751,ORANGE,LTE 1800, (PENTREZ-PLAGE) 29550 ST NIC,29256,"48.1992,-4.3047",Château d'eau - réservoir,35m,"Syndicat des eaux, Adduction",,AJO,,True,False
644751,SFR,LTE 1800, (PENTREZ-PLAGE) 29550 ST NIC,29256,"48.1992,-4.3047",Château d'eau - réservoir,35m,"Syndicat des eaux, Adduction",,AJO,,True,False
646219,ORANGE,GSM 900, (MONTSEC) 09300 LAVELANET,09160,"42.92,1.8608",Pylône autostable,24m,TOTEM,1997-09-05,SUP,,False,False
648065,FREE MOBILE,5G NR 700,STE BAUME CSEC 83640 PLAN D AUPS STE BAUME,83093,"43.3303,5.7144",Pylône autostable,21m,TOTEM,2026-07-28,ALL,,False,False
648383,BOUYGUES TELECOM,LTE 2600,CHEM RURAL N° 34 DIT DU RELAIS (PUECH CLERGUE) 12420 ARGENCES EN AUBRAC,12223,"44.7989,2.7458",Pylône autostable,"31,5m",TOTEM,2026-07-25,ALL,,False,False
651875,SFR,"LTE 700, LTE 2600, 5G NR 3500",PROMENADE MARCEL PROUST GRAND HÔTEL JARDIN DU CASINO 14390 CABOURG,14117,"49.2939,-0.1156",Immeuble,25m,"Commune, communauté de communes",,AJO,,False,False
653335,ORANGE,GSM 900,CHEMIN DE VIELLE AURE STADE 65170 ST LARY SOULAN,65388,"42.8214,0.3231",Pylône autostable,23m,TOTEM,1997-04-18,SUP,,False,False
654989,FREE MOBILE,5G NR 700,ROUTE DE SAINT-SAUVEUR CENTRAL TÉLÉPHONIQUE PRÈS GYMNASE 00404 ERR CONV INSEE,49069,"47.2658,-1.2447",Pylône autostable,36m,TOTEM,2026-07-24,ALL,,False,False
655507,ORANGE,"LTE 700, 5G NR 2100",8B R NONGESSER ET COLI (R DE TERCIS) 40100 DAX,40088,"43.6931,-1.0678",Pylône tubulaire,27m,TOTEM,,AJO,,False,False
655507,ORANGE,"LTE 2100, 5G NR 700, 5G NR 3500",8B R NONGESSER ET COLI (R DE TERCIS) 40100 DAX,40088,"43.6931,-1.0678",Pylône tubulaire,27m,TOTEM,2022-11-04,SUP,,False,False
656484,ORANGE,GSM 900,AV. DU CASSOU DE HERRE 32110 NOGARO,32296,"43.7572,-0.0417",Pylône autostable,33m,TOTEM,2012-08-22,SUP,,False,False
657146,ORANGE,GSM 900,1 PL CARNOT 46100 FIGEAC,46102,"44.6092,2.0342",Bâtiment,17m,"Copropriété, Syndic, SCI",2010-01-26,SUP,,False,False
657282,ORANGE,GSM 900,CHÂTEAU D'EAU DE MIELAN (MAJESTÉ DESSUS) 32170 MIELAN,32252,"43.425,0.3061",Château d'eau - réservoir,28m,"Syndicat des eaux, Adduction",1996-09-06,SUP,,False,False
657310,ORANGE,GSM 900,CHEM RURAL (COMBES PLEINES BOIS LOZIER) 46240 LAMOTHE CASSEL,46151,"44.6156,1.4911",Pylône autostable,36m,HIVORY,2009-12-23,SUP,,False,False
657314,ORANGE,GSM 900,VC N° 503 (RAYNE) 47430 STE MARTHE,47253,"44.4239,0.1511",Pylône autostable,30m,TOTEM,1997-12-16,SUP,,False,False
657998,ORANGE,GSM 900,VIEUX CHEM DE CALIFORNIE (ACAJOU) 97232 LE LAMENTIN,97213,"14.6197,-61.0131",Pylône haubané,15m,ORANGE,1997-05-01,SUP,,False,False
660092,ORANGE,GSM 900,PRÈS RN1 (PELLETIER) 97232 LE LAMENTIN,97213,"14.6547,-60.9731",Pylône autostable,30m,ORANGE,2004-09-06,SUP,,False,False
660101,ORANGE,GSM 900,LES HAUTS DE CALIFORNIE POINT MAT_PRÉS D14A (CALIFORNIE) 97232 LE LAMENTIN,97213,"14.6206,-61.0322",Pylône autostable,20m,ORANGE,1999-03-24,SUP,,False,False
660107,ORANGE,"LTE 700, LTE 2100, 5G NR 3500",AU SOMMET DU CHEM DU CALVAIRE PROCHE EGLISE DE STE ANNE 97227 STE ANNE,97226,"14.4344,-60.8792",Pylône haubané,17m,ORANGE,,AJO,,False,False
660107,ORANGE,GSM 900,AU SOMMET DU CHEM DU CALVAIRE PROCHE EGLISE DE STE ANNE 97227 STE ANNE,97226,"14.4344,-60.8792",Pylône haubané,17m,ORANGE,2006-03-17,SUP,,False,False
660735,ORANGE,"LTE 2100, 5G NR 3500",CHEM COMMUNAL (GUEYDON) 97270 ST ESPRIT,97223,"14.5656,-60.9325",Pylône autostable,22m,ORANGE,,AJO,,False,False
661161,ORANGE,GSM 900,CHEM DU CALMONTAIS A CÔTÉ DU RÉSERVOIR DE MAUVAISIN (SICARDOU) 31190 AUTERIVE,31033,"43.3578,1.5167",Pylône autostable,33m,TOTEM,2007-02-17,SUP,,False,False
662282,SFR,GSM 900,"90/94, R DES SAULES 76620 LE HAVRE",76351,"49.5117,0.1553",Immeuble,22m,Société HLM,1997-09-15,SUP,,False,False
663340,ORANGE,GSM 900,D.15 LOT LA MAUGÉE (LA MAUGÉE) 97232 LE LAMENTIN,97213,"14.6417,-61.0114",Pylône autostable,30m,ORANGE,2006-02-03,SUP,,False,False
663346,ORANGE,GSM 900,BD FERNAND GUILON STADE YVES ADÈLE 97232 LE LAMENTIN,97213,"14.615,-60.9981",Pylône autostable,22m,ORANGE,2000-04-20,SUP,,False,False
663606,ORANGE,LTE 700, (LE PAS LOUGEAU) 28800 TRIZAY LES BONNEVAL,28396,"48.2003,1.3286",Château d'eau - réservoir,34m,"Commune, communauté de communes",2026-07-29,ALL,,False,False
663651,FREE MOBILE,"LTE 2100, 5G NR 700",CHEM COMUNAL N°212 (LES COMBETTES) 24480 LE BUISSON DE CADOUIN,24068,"44.8347,0.8494",Pylône autostable,38m,TOTEM,2026-07-24,ALL,,False,False
663751,ORANGE,GSM 900,PRÉS D3 PYLONETDF (MANGOT VULCIN) 97232 LE LAMENTIN,97213,"14.6269,-60.9886",Pylône autostable,"75,4m",TDF,1998-01-01,SUP,,False,False
664914,ORANGE,GSM 900,7 AV EDOUARD BELIN 31500 TOULOUSE,31555,"43.5636,1.4844",Pylône tubulaire,"26,7m",TOTEM,2010-02-01,SUP,,False,False
665020,ORANGE,GSM 900,MORNE BALATA D.28 (ROCHES CARRÉES) 97232 LE LAMENTIN,97213,"14.6333,-60.9539",Immeuble,16m,Inconnu,2006-02-17,SUP,,False,False
665726,BOUYGUES TELECOM,LTE 2100,CHEM DE CARBONNEL (LE TARDA) 31190 MAURESSAC,31330,"43.3122,1.4381",Pylône autostable,30m,SFR,2026-07-23,ALL,,False,False
665844,ORANGE,"LTE 700, LTE 2100",N. 4 (LABROUSSE) 97190 LE GOSIER,97113,"16.2208,-61.5175",Pylône autostable,20m,ORANGE,,AJO,,False,False
665844,ORANGE,LTE 2600,N. 4 (LABROUSSE) 97190 LE GOSIER,97113,"16.2208,-61.5175",Pylône autostable,20m,ORANGE,2019-07-11,SUP,,False,False
667180,BOUYGUES TELECOM,LTE 2100, (FOND DE CESSEAUX) 19430 GOULLES,19086,"45.0161,2.0553",Pylône autostable,35m,HIVORY,2026-07-22,ALL,,False,False
667947,ORANGE,GSM 900, (FORT CÉPÉROU) 97300 CAYENNE,97302,"4.9372,-52.3367",Pylône autostable,30m,Autres,1999-05-30,SUP,,False,False
667965,SFR,LTE 1800,LAFAGE RTE DU SOURBIER (TRÉMOUILH) 24150 COUZE ET ST FRONT,24143,"44.8181,0.6969",Pylône autostable,43m,Conseil Départemental,,AJO,,True,False
668018,ORANGE,GSM 900,CANAL LEBLOND  PRÈS STADE (ILET MALOUIN) 97300 CAYENNE,97302,"4.9317,-52.3342",Pylône autostable,41m,ORANGE,2006-02-15,SUP,,False,False
668060,ORANGE,GSM 900,65 CHEM D'EN SIGAL CENTRAL TÉLÉPHONIQUE 31770 COLOMIERS,31149,"43.6064,1.3272",Pylône autostable,38m,TOTEM,1992-09-04,SUP,,False,False
668064,ORANGE,GSM 900,108 CHEMIN DE PÉRIOLE CPE JOLIMONT 31500 TOULOUSE,31555,"43.6175,1.4614",Immeuble,30m,ORANGE Services Fixes,2013-07-19,SUP,,False,False
668068,ORANGE,GSM 900,6 AV ALBERT DURAND 31700 BLAGNAC,31069,"43.6353,1.3747",Immeuble,25m,ORANGE,2013-07-12,SUP,,False,False
668076,ORANGE,GSM 900,16 ALL DE BARCELONE CITE UNIVERSITAIRE 31500 TOULOUSE,31555,"43.6058,1.4344",Immeuble,48m,"Copropriété, Syndic, SCI",2011-10-21,SUP,,False,False
668078,ORANGE,GSM 900,"165, AV DES MINIMES CU 31500 TOULOUSE",31555,"43.6258,1.4336",Immeuble,40m,La Poste,2011-09-20,SUP,,False,False
668084,ORANGE,GSM 900,AV. DU CHÂTEAU D'EAU CHÂTEAU D'EAU 31490 BRAX,31088,"43.6186,1.2356",Château d'eau - réservoir,34m,"Commune, communauté de communes",2011-12-20,SUP,,False,False
668089,ORANGE,GSM 900,48 CHEM DE TOURNEFEUILLE 31500 TOULOUSE,31555,"43.5922,1.3628",Pylône tubulaire,19m,TOTEM,2013-07-12,SUP,,False,False
668091,ORANGE,GSM 900,"10, CHEM DE COURNAUDIS CLINIQUE DES PYRÉNÉES 31770 COLOMIERS",31149,"43.5981,1.3389",Immeuble,30m,Établissement de soins,1996-01-12,SUP,,False,False
668114,ORANGE,GSM 900,RUE DE LA CADENE 31500 TOULOUSE,31555,"43.6553,1.4258",Pylône tubulaire,25m,TOTEM,1996-05-03,SUP,,False,False
668127,ORANGE,GSM 900,256 AV. DE GRANDE BRETAGNE 31500 TOULOUSE,31555,"43.6033,1.4083",Immeuble,"20,1m","Copropriété, Syndic, SCI",2013-07-12,SUP,,False,False
668130,ORANGE,GSM 900,"5, RENÉ NELLI 31500 TOULOUSE",31555,"43.6464,1.4389",Bâtiment,28m,Société Privée,2004-04-19,SUP,,False,False
668134,ORANGE,GSM 900,1 AV DE LA MARQUEILLE 31650 ST ORENS DE GAMEVILLE,31506,"43.5631,1.5211",Pylône tubulaire,18m,TOTEM,2013-07-12,SUP,,False,False
668136,ORANGE,GSM 900,CHEM DE LA LOGE - D.4D LA SNPE (PONTS D'EMPALOT) 31500 TOULOUSE,31555,"43.5706,1.4358",Pylône autostable,25m,TOTEM,2013-08-09,SUP,,False,False
668143,ORANGE,GSM 900,60 R DES 36 PONTS 31500 TOULOUSE,31555,"43.59,1.4486",Immeuble,"25,5m","Copropriété, Syndic, SCI",1996-09-06,SUP,,False,False
668394,ORANGE,GSM 900,44 CHEM DUROUX 31500 TOULOUSE,31555,"43.5936,1.4775",Tour hertzienne,71m,ORANGE Services Fixes,2013-07-12,SUP,,False,False
668496,ORANGE,GSM 900,CHEM RURAL PRÈS D.17 (LA BESSE) 46240 COEUR DE CAUSSE,46138,"44.6458,1.5714",Pylône autostable,52m,TOTEM,2007-02-03,SUP,,False,False
668923,ORANGE,GSM 900,D.210 (LE PALIDOR - COLOMBIER) 97133 ST BARTHELEMY,97701,"17.9111,-62.8511",Pylône autostable,21m,TDF,2009-01-15,SUP,,False,False
669169,ORANGE,GSM 900,D.40 (LE GRAND BALÈS) 31310 MONTESQUIEU VOLVESTRE,31375,"43.205,1.1856",Pylône autostable,36m,TOTEM,1998-02-13,SUP,,False,False
669179,ORANGE,GSM 900,CD 1 DE LECTOURE À SORÈZE (EN VIÉ) 31460 AURIAC SUR VENDINELLE,31026,"43.525,1.8433",Pylône autostable,35m,HIVORY,2010-09-16,SUP,,False,False
669750,ORANGE,GSM 900,2 R CAMBOULIVES (BASSO CAMBO) 31500 TOULOUSE,31555,"43.5703,1.3892",Immeuble,23m,Société Privée,2013-07-12,SUP,,False,False
669752,ORANGE,GSM 900,"10, IMP SAUDRUNE 31140 LAUNAGUET",31282,"43.6747,1.445",Mât,20m,TOTEM,2013-07-12,SUP,,False,False
669779,ORANGE,GSM 900,"37, BD  JEAN BRUNHES 31500 TOULOUSE",31555,"43.6017,1.4206",Immeuble,30m,"Copropriété, Syndic, SCI",1996-10-31,SUP,,False,False
669813,ORANGE,GSM 900,1 IMP LAURENT GUERRERO 31500 TOULOUSE,31555,"43.5758,1.4839",Immeuble,25m,Société HLM,2011-11-09,SUP,,False,False
669820,ORANGE,GSM 900,7 R DU VIVIER 31270 CUGNAUX,31157,"43.5369,1.3372",Immeuble,28m,"Copropriété, Syndic, SCI",1996-12-21,SUP,,False,False
669828,ORANGE,GSM 900,"5, PL PERGOLA 31500 TOULOUSE",31555,"43.585,1.4731",Immeuble,17m,Société HLM,2013-07-12,SUP,,False,False
669849,ORANGE,GSM 900,"87, R JEAN GAYRAL EDF 31500 TOULOUSE",31555,"43.6167,1.4181",Immeuble,39m,EDF ou GDF,1996-12-06,SUP,,False,False
671255,ORANGE,"LTE 700, LTE 1800, 5G NR 2100",CHEM RURAL DES CHAMPS DU THEIL (LES CHAUMES) 86700 VALENCE EN POITOU,86082,"46.2792,0.2461",Pylône autostable,33m,ATC FRANCE,,AJO,,False,False
671290,ORANGE,GSM 900, (A MONS) 32130 SAMATAN,32410,"43.4828,0.9444",Pylône autostable,"24,9m",TOTEM,1997-07-18,SUP,,False,False
671894,ORANGE,GSM 900, (BLAZY) 31390 CARBONNE,31107,"43.2939,1.235",Pylône tubulaire,"19,3m",HIVORY,2010-12-16,SUP,,False,False
672305,TELCO OI,LTE 2100,"R DE L'ARCHIPEL, IMM BURHANELEC KAWENI 97605 MAMOUDZOU",97611,"-12.7747,45.2244",Bâtiment,14m,Société Privée,2025-06-03,ART,,False,False
672311,TELCO OI,LTE 2100,1 R KOUAKOUA BONOVO (MTSAPERE) 97605 MAMOUDZOU,97611,"-12.79,45.2192",Mât béton,16m,Telco OI,2025-06-03,ART,,False,False
672687,FREE MOBILE,"LTE 2100, 5G NR 700",CHEM D'EXPLOITATION  LES FRÈRES JEAN (LES BOULARDS) 60850 ST PIERRE ES CHAMPS,60592,"49.4178,1.7367",Pylône autostable,45m,TDF,2026-07-28,ALL,,False,False
673308,ORANGE,GSM 900,A61 - AIRE DE SERVICE DE PORT LAURAGAIS 31290 AVIGNONET LAURAGAIS,31037,"43.3525,1.8106",Pylône autostable,40m,Sociétés d'Autoroutes,1996-09-06,SUP,,False,False
673330,ORANGE,GSM 900, (CABIROL) 31560 GIBEL,31220,"43.2964,1.6681",Pylône autostable,"42,6m",ATC FRANCE,2007-12-17,SUP,,False,False
673431,ORANGE,GSM 900, (BOUSQUET DE BARBE) 31360 LESTELLE DE ST MARTORY,31296,"43.125,0.895",Pylône autostable,30m,TOTEM,1997-11-07,SUP,,False,False
673458,ORANGE,GSM 900,CHEM DES GAMOTS (BOUDOU) 82410 ST ETIENNE DE TULMONT,82161,"44.0481,1.4772",Pylône autostable,30m,ORANGE,1997-12-29,SUP,,False,False
674098,ORANGE,GSM 900,CHEM PRÈS D.911 ZA LALANDETTE (LABESQUE) 47500 CONDEZAYGUES,47070,"44.4778,0.9342",Pylône autostable,26m,ORANGE,2011-02-16,SUP,,False,False
674230,FREE MOBILE,5G NR 700,VC N°4 IMP DE LA PERRIERE (LE MONT) 74450 LE GRAND BORNAND,74136,"45.9503,6.4267",Pylône autostable,"47,6m",TOTEM,2026-07-28,ALL,,False,False
674317,FREE MOBILE,5G NR 700,R DU 11 NOVEMBRE 1943 LE RELAIS D'AGAY 83700 ST RAPHAEL,83118,"43.4342,6.8586",Immeuble,17m,Société Privée,2026-07-28,ALL,,False,False
674960,SFR,GSM 900,LE PLANTRET (LES BRIGUES) 73120 COURCHEVEL,73227,"45.4256,6.6372",Pylône autostable,25m,TDF,2017-03-31,SUP,,False,False
675369,ORANGE,GSM 900,PL DU CHÂTEAU D'EAU 09700 MONTAUT,09199,"43.1875,1.6422",Château d'eau - réservoir,27m,"Commune, communauté de communes",2002-10-19,SUP,,False,False
675495,ORANGE,GSM 900,D. 14 (ACAJOU NORD - PAYS MELE) 97232 LE LAMENTIN,97213,"14.63,-61.0158",Pylône autostable,22m,ORANGE,2008-10-15,SUP,,False,False
677800,ORANGE,GSM 900,83 - 85 ROUTE DE TARBES 31170 TOURNEFEUILLE,31557,"43.5792,1.3294",Pylône tubulaire,"13,5m",TOTEM,2010-09-16,SUP,,False,False
678367,ORANGE,GSM 900,RÉSIDENCE GUIMAUVE BÂT. F (PALMISTE) 97232 LE LAMENTIN,97213,"14.6356,-61.0228",Immeuble,32m,Société HLM,2006-02-15,SUP,,False,False
678526,ORANGE,5G NR 700,CHEM DU ROND STADE DE FOOTBALL (LE ROND) 49360 MAULEVRIER,49192,"46.9939,-0.7464",Pylône tubulaire,37m,TOTEM,2026-07-30,ALL,,False,False
679395,ORANGE,GSM 900,D 19 (LABORIE) 31560 NAILLOUX,31396,"43.3475,1.6297",Château d'eau - réservoir,36m,"Syndicat des eaux, Adduction",1997-09-26,SUP,,False,False
681561,ORANGE,GSM 900,RTE DÉPARTEMENTALE 8 CHÂTEAU D'EAU BELLEGERDE (BOUDENNES) 82370 ST NAUPHARY,82167,"43.9769,1.47",Château d'eau - réservoir,53m,"Syndicat des eaux, Adduction",2005-05-28,SUP,,False,False
681947,ORANGE,GSM 900,RN 7 (MORNE VALOIS) 97150 ST MARTIN,97801,"18.0808,-63.0758",Pylône autostable,30m,ORANGE,2003-11-08,SUP,,False,False
681966,ORANGE,GSM 900, (PONT DE L'HERS) 31500 TOULOUSE,31555,"43.6428,1.4717",Pylône autostable,51m,Sociétés d'Autoroutes,2011-11-09,SUP,,False,False
683238,ORANGE,GSM 900,SUR LE TERRAIN DIJON ZI (PL D'ARMES) 97232 LE LAMENTIN,97213,"14.6114,-60.9897",Pylône autostable,35m,Particulier,2006-03-31,SUP,,False,False
683752,FREE MOBILE,"LTE 2100, 5G NR 700",ROCHERS DE MONTBRETON 24340 MAREUIL EN PERIGORD,24253,"45.4475,0.4567",Pylône haubané,77m,TDF,2026-07-28,ALL,,False,False
683762,FREE MOBILE,"LTE 2100, 5G NR 700",AV LÉON LAURENT D 76 26190 ST NAZAIRE EN ROYANS,26320,"45.0581,5.2522",Pylône autostable,29m,TOTEM,2026-07-24,ALL,,False,False
684050,ORANGE,GSM 900,ZI DE LA LÉZARDE VOIE N° 1 97232 LE LAMENTIN,97213,"14.6067,-61.0083",Pylône autostable,20m,ORANGE,2001-01-26,SUP,,False,False
684062,ORANGE,GSM 900,AÉROPORT AIMÉ CÉSAIRE LE LAMENTIN ZONE DE FRET (TROU MARINGOUINS) 97232 LE LAMENTIN,97213,"14.5975,-61.0028",Mât,23m,"CCI, Ch Métier, Port Aut, Aéroport",1998-06-18,SUP,,False,False
684438,BOUYGUES TELECOM,LTE 2100,CHEMIN DE VEIRIÉ LA FUSARIÉ (PAR OULES) 81260 BRASSAC,81037,"43.6336,2.5083",Pylône autostable,25m,HIVORY,2026-07-25,ALL,,False,False
686167,ORANGE,GSM 900,GRAND FONBEAUZARD (LES QUATRES SAISONS) 31140 FONBEAUZARD,31186,"43.6831,1.4394",Pylône autostable,42m,HIVORY,2020-11-16,SUP,,False,False
686605,ORANGE,GSM 900,1 R D'AGEN 47110 STE LIVRADE SUR LOT,47252,"44.3981,0.5894",Immeuble,19m,Particulier,2010-08-10,SUP,,False,False
687280,ORANGE,GSM 900,CHEM DU MOULIN BLANC (PÉREILLE) 31180 CASTELMAUROU,31117,"43.6767,1.5367",Château d'eau - réservoir,"43,6m","Syndicat des eaux, Adduction",2008-01-30,SUP,,False,False
687831,ORANGE,GSM 900,QUARTIER FONTANETTE (CABANAS) 09400 ORNOLAC USSAT LES BAINS,09221,"42.8156,1.6306",Pylône tubulaire,31m,TOTEM,1997-10-24,SUP,,False,False
687947,BOUYGUES TELECOM,LTE 2600, (LA BUTTE) 35190 ST DOMINEUC,35265,"48.3606,-1.8694",Pylône autostable,"45,9m",ATC FRANCE,2026-07-20,ALL,,False,False
688235,SFR,GSM 900,179 BD RENE CASSIN HÔTEL ARENAS 06300 NICE,06088,"43.6675,7.2092",Immeuble,33m,Société Privée,1999-04-09,SUP,,False,False
688373,ORANGE,GSM 900, (BOIS DU FOURMIGUÉ) 82500 FAUDOAS,82059,"43.8492,0.9625",Pylône autostable,33m,TOTEM,2006-08-12,SUP,,False,False
689782,SFR,GSM 900,321-323 AV BERTHELOT 69008 LYON 08,69388,"45.7372,4.8675",Immeuble,37m,Société HLM,2004-04-06,SUP,,False,False
690712,ORANGE,GSM 900, (BERBEZIEL D EN BAS) 09350 SABARAT,09253,"43.1069,1.3867",Pylône autostable,21m,TDF,2006-08-24,SUP,,False,False
691966,ORANGE,GSM 900,17 R DU GÉNÉRAL DE GAULLE CENTRAL TÉLÉPHONIQUE FRANCE TÉLÉCOM (MARIGOT) 97150 ST MARTIN,97801,"18.0667,-63.0856",Pylône autostable,26m,ORANGE Services Fixes,2009-01-13,SUP,,False,False
693128,ORANGE,"LTE 700, LTE 2100",RTE BELLEVUE SÈZE (SEZE) 97118 ST FRANCOIS,97125,"16.2508,-61.2883",Pylône tubulaire,20m,ORANGE Services Fixes,,AJO,,False,False
693868,ORANGE,"LTE 700, 5G NR 2100",RTE DE L'USINE D'AMIANTE STATION TDF DE OGLIASTRO 20217 OGLIASTRO,2B183,"42.8181,9.3303",Pylône autostable,24m,TDF,,AJO,,False,False
693868,ORANGE,LTE 2100,RTE DE L'USINE D'AMIANTE STATION TDF DE OGLIASTRO 20217 OGLIASTRO,2B183,"42.8181,9.3303",Pylône autostable,24m,TDF,2019-10-07,SUP,,False,False
694360,ORANGE,GSM 900,PRÉS D30 (LAPEYRE) 31380 PAULHAC,31407,"43.7486,1.54",Mât,15m,TOTEM,2010-04-20,SUP,,False,False
696094,SFR,GSM 900,4 R ERNEST LAVISSE 75012 PARIS 12,75112,"48.8417,2.4103",Immeuble,36m,"Copropriété, Syndic, SCI",2014-02-26,SUP,,False,False
697188,SFR,"LTE 700, LTE 2600",D.54 (DOMAINE DE LA MASSE) 35390 GRAND FOUGERAY,35124,"47.725,-1.7139",Pylône tubulaire,"42,5m",TDF,2026-07-22,ALL,,False,False
698402,FREE MOBILE,"LTE 2100, 5G NR 700",TERRAIN DE FOOTBALL DE BEAUQUESNE (L'ARBRISSET) 80600 BEAUQUESNE,80070,"50.0942,2.3967",Pylône autostable,33m,HIVORY,2026-07-24,ALL,,False,False
699043,ORANGE,LTE 700,LE CHAMP DU CARREFOUR (LA GRANDE VIEILLE ABBAYE) 72240 TENNIE,72351,"48.1369,-0.0567",Pylône autostable,30m,TOTEM,2026-07-30,ALL,,False,False
701017,SFR,GSM 900,D.920 - PLAINE DE GRÈGES (LES LONGS BOYAUX) 76370 MARTIN EGLISE,76414,"49.9206,1.1336",Pylône haubané,"73,5m",TDF,2018-04-18,SUP,,False,False
701616,SFR,GSM 900,75 AV. DU DR CHARCOT BD FRÉDÉRIC GARNIER RÉSIDENCE  LA GRANDE HUNE 17200 ROYAN,17306,"45.6139,-1.01",Immeuble,39m,"Copropriété, Syndic, SCI",2001-06-14,SUP,,False,False
702671,ORANGE,GSM 900,R LÉON CLADEL AUTOCOM 82130 LAFRANCAISE,82087,"44.1278,1.24",Pylône tubulaire,"27,3m",TOTEM,1998-10-11,SUP,,False,False
703234,ORANGE,GSM 900,AIRE DE LOISIRS PONT DU ROZE (LE BIAC CHATEAU) 09210 LEZAT SUR LEZE,09167,"43.2736,1.3481",Pylône tubulaire,29m,TOTEM,2000-03-17,SUP,,False,False
703939,ORANGE,GSM 900, (PECH DE BOURIANE) 46500 ROCAMADOUR,46240,"44.8172,1.6422",Château d'eau - réservoir,24m,"Syndicat des eaux, Adduction",2000-02-18,SUP,,False,False
704002,ORANGE,5G NR 700,R DE DIJON CHATEAU D'EAU 71100 CHALON SUR SAONE,71076,"46.7886,4.8531",Château d'eau - réservoir,57m,"Commune, communauté de communes",2026-08-06,AAV,,False,False
705293,BOUYGUES TELECOM,LTE 2100,RTE DE DURENQUE (MAYRAC) 12430 VILLEFRANCHE DE PANAT,12299,"44.0903,2.6925",Pylône autostable,45m,TDF,2026-07-23,ALL,,False,False
705317,ORANGE,GSM 900,GRAMONT (GADESSERRE) 46300 GINOUILLAC,46121,"44.7378,1.5481",Pylône autostable,36m,SFR,1997-11-15,SUP,,False,False
705366,ORANGE,GSM 900,MAS BARAS (PECH DELMOULY) 46330 LENTILLAC DU CAUSSE,46167,"44.5667,1.6492",Pylône autostable,36m,TOTEM,1999-10-29,SUP,,True,False
705375,BOUYGUES TELECOM,LTE 2600, (LES SALES) 46330 BLARS,46031,"44.5928,1.7367",Pylône autostable,41m,SFR,2026-07-26,ALL,,False,False
705375,ORANGE,GSM 900, (LES SALES) 46330 BLARS,46031,"44.5928,1.7367",Pylône autostable,41m,SFR,1999-10-29,SUP,,False,False
705419,ORANGE,GSM 900,CHEM DES RAMIERS STADE DE BLAGNAC 31700 BLAGNAC,31069,"43.6392,1.4008",Pylône tubulaire,25m,TOTEM,1999-08-06,SUP,,False,False
706086,ORANGE,GSM 900,AUTOROUTE A61 PYLÔNE ASF (BARDOU) 31450 DEYME,31161,"43.4875,1.5475",Pylône autostable,40m,Sociétés d'Autoroutes,2011-12-06,SUP,,False,False
707552,ORANGE,GSM 900, (LABADE) 09420 RIMONT,09246,"42.9967,1.2739",Pylône autostable,30m,TOTEM,2007-10-22,SUP,,False,False
707904,BOUYGUES TELECOM,"LTE 700, LTE 2100",A1 EMPRISE AUTOROUTIÈRE SANEF PR 74.3 (LE FOND DE LAGNY) 60190 MONTMARTIN,60424,"49.4658,2.7067",Pylône autostable,41m,Sociétés d'Autoroutes,,AJO,,False,False
708483,SFR,GSM 900,131 AV JEAN JAURES 95100 ARGENTEUIL,95018,"48.9397,2.2278",Immeuble,19m,Société HLM,2015-06-08,SUP,,False,False
709423,ORANGE,GSM 900,TIOUL DE LA GALINE VOIE COMMUNALE (LE ROC D'ANGLARS) 82140 ST ANTONIN NOBLE VAL,82155,"44.1453,1.7581",Mât béton,9m,TOTEM,2010-06-07,SUP,,False,False
710009,SFR,GSM 900, (A LA CROCHERE) 01250 CORVEISSIAT,01125,"46.2475,5.4636",Pylône autostable,32m,CELLNEX,2011-08-10,SUP,,False,False
710229,BOUYGUES TELECOM,"LTE 700, LTE 2600, 5G NR 3500",1 R MARCELLIN BERTHELOT 92170 VANVES,92075,"48.825,2.2875",Immeuble,27m,"Copropriété, Syndic, SCI",2026-07-23,ALL,,False,False
713207,ORANGE,GSM 900,CHEM DE PANEGANS (BEAUFORT) 31170 TOURNEFEUILLE,31557,"43.5894,1.3272",Château d'eau - réservoir,37m,"Syndicat des eaux, Adduction",1994-10-07,SUP,,False,False
713614,BOUYGUES TELECOM,LTE 700,EMPRISE LGV - PYLÔNE RFF PK 68.803 (AU CHARMEY) 70190 TRAITIEFONTAINE,70503,"47.4225,6.0928",Pylône autostable,30m,SNCF Réseau,,AJO,,False,False
713646,ORANGE,GSM 900, (LE CAUSSE) 46400 ST JEAN LESPINASSE,46271,"44.8497,1.8547",Pylône autostable,32m,TOTEM,1997-12-11,SUP,,False,False
713793,BOUYGUES TELECOM,LTE 700, (LES GRANDS BOIS) 70190 BEAUMOTTE AUBERTANS,70059,"47.4411,6.1469",Pylône autostable,30m,SNCF Réseau,,AJO,,False,False
714094,BOUYGUES TELECOM,"LTE 700, LTE 1800, LTE 2100, 5G NR 2100",RTE DE BELLEGARDE CHEM RURAL N°10 PRÈS RN 60 (DOMAINE DE LA GRILLE) 45110 CHATEAUNEUF SUR LOIRE,45082,"47.8972,2.2864",Pylône autostable,40m,TOTEM,2026-07-23,ALL,,False,False
715397,ORANGE,GSM 900,V C N°5 (PARENS) 32300 ST MAUR,32393,"43.49,0.3422",Pylône autostable,"31,4m",HIVORY,2000-05-26,SUP,,False,False
715431,ORANGE,GSM 900, (BELESTA) 31550 GAILLAC TOULZA,31206,"43.2511,1.4825",Pylône autostable,20m,TOTEM,2011-05-04,SUP,,False,False
717567,ORANGE,GSM 900, (BOIS DE FELZINS) 46100 VIAZAC,46332,"44.6386,2.0864",Pylône autostable,37m,TOTEM,1997-12-11,SUP,,False,False
717747,ORANGE,GSM 900,145 RTE DE PIBRAC (CALAOUÉ) 31700 CORNEBARRIEU,31150,"43.6361,1.3028",Pylône autostable,25m,HIVORY,2011-12-07,SUP,,False,False
717771,ORANGE,GSM 900, (PUY D'ARQUIÉ) 46600 MARTEL,46185,"44.9297,1.6358",Pylône autostable,44m,TOTEM,1999-10-29,SUP,,True,False
718679,ORANGE,GSM 900,PRÈS D. 103 (GRACHIES) 32190 VIC FEZENSAC,32462,"43.7533,0.3414",Pylône autostable,40m,TOTEM,2008-01-16,SUP,,False,False
719048,ORANGE,GSM 900,CHÂTEAU D'EAU (RAPINE) 32160 PLAISANCE,32319,"43.5956,0.0528",Château d'eau - réservoir,31m,"Commune, communauté de communes",1998-09-20,SUP,,False,False
719054,ORANGE,GSM 900,CHEM DE LA PROMENADE (CÔTE DE VALENTRÉ) 46000 CAHORS,46042,"44.4444,1.4183",Pylône autostable,14m,ORANGE,2000-05-01,SUP,,False,False
719107,ORANGE,GSM 900,PRÉS D2 (MOULIN DE GOUTS) 82150 MONTAIGU DE QUERCY,82117,"44.3536,1.0094",Pylône autostable,40m,TOTEM,2006-05-03,SUP,,False,False
720860,ORANGE,GSM 900,PRÈS D930 (PEBORDE) 47230 VIANNE,47318,"44.2017,0.3325",Pylône autostable,24m,TOTEM,2004-10-16,SUP,,False,False
720977,ORANGE,GSM 900,PIC DU MIDI DE BIGORRE PYLONE TDF ET BÂTIMENT TDF 65710 BAGNERES DE BIGORRE,65059,"42.9372,0.1411",Bâtiment,25m,TDF,2005-10-15,SUP,,False,False
722491,ORANGE,GSM 900,PRÉS GR36 (LE PIC) 46140 DOUELLE,46088,"44.4642,1.3672",Mât,15m,TOTEM,2011-04-06,SUP,,False,False
724271,BOUYGUES TELECOM,LTE 2100, (LE GAULIAU) 19260 TREIGNAC,19269,"45.5511,1.7856",Pylône autostable,38m,HIVORY,2026-07-22,ALL,,False,False
724294,BOUYGUES TELECOM,"LTE 700, LTE 1800, LTE 2100, 5G NR 2100", (CHARAMBLAS D'EN BAS) 23260 LA VILLETELLE,23266,"45.9183,2.3217",Pylône autostable,38m,HIVORY,2026-07-23,ALL,,False,False
725488,ORANGE,GSM 900,D.11 (LE MOULIN) 31450 MONTESQUIEU LAURAGAIS,31374,"43.4133,1.6253",Château d'eau - réservoir,22m,"Commune, communauté de communes",1997-11-14,SUP,,False,False
725921,BOUYGUES TELECOM,LTE 2100,LE CAP D'ARMAS (LES EXPLÉCHAUX D'EN HAUT) 31420 BOUSSAN,31083,"43.2233,0.8903",Pylône autostable,17m,SFR,2026-07-23,ALL,,False,False
727484,SFR,GSM 900,BD LÉON BOLLÉE 53000 LAVAL,53130,"48.0803,-0.7428",Pylône autostable,36m,HIVORY,1998-12-17,SUP,,False,False
728705,ORANGE,GSM 900, (LAGAZAILLE) 82230 LEOJAC,82098,"44.0094,1.4511",Pylône autostable,"30,3m",HIVORY,2011-07-05,SUP,,False,False
729130,ORANGE,GSM 900, (PRAT MATAOU) 09140 USTOU,09322,"42.7872,1.3011",Pylône autostable,30m,TDF,2006-03-18,SUP,,False,False
729303,ORANGE,GSM 900, (LES TURONS) 65460 BOURS,65108,"43.2678,0.0825",Pylône tubulaire,30m,TOTEM,2011-04-04,SUP,,False,False
730204,ORANGE,GSM 900, (LE NOT) 31620 LABASTIDE ST SERNIN,31252,"43.7403,1.4781",Pylône autostable,31m,HIVORY,2010-12-16,SUP,,False,False
730342,FREE MOBILE,"LTE 2100, 5G NR 700",INSTITUT MÉDICO-PÉDAGOGIQUE (LA GRANDE FÔRET) 83670 CHATEAUVERT,83039,"43.5156,6.0133",Pylône autostable,24m,Association,2026-07-24,ALL,,False,False
730948,ORANGE,GSM 900,RTE AYGUE LOUNGUE (LAS COSTE ET LA SERRE) 09310 PECH,09226,"42.7753,1.6861",Pylône autostable,45m,TDF,1993-09-03,SUP,,False,False
731009,ORANGE,"LTE 2100, LTE 2600, 5G NR 700, 5G NR 3500",PRÈS D652 (BELLEVUE) 40170 BIAS,40043,"44.1317,-1.2194",Pylône autostable,45m,HIVORY,,AJO,,False,False
731009,ORANGE,"LTE 700, 5G NR 2100",PRÈS D652 (BELLEVUE) 40170 BIAS,40043,"44.1317,-1.2194",Pylône autostable,45m,HIVORY,2024-12-24,SUP,,False,False
731639,SFR,GSM 900, (COMBE D'ENCHOSE) 24460 SORGES ET LIGUEUX EN PERIGORD,24540,"45.3186,0.8789",Pylône autostable,"39,5m",TDF,2004-06-23,SUP,,False,False
731693,ORANGE,GSM 900, (LA TOURETTE) 65270 ST PE DE BIGORRE,65395,"43.1103,-0.1753",Pylône tubulaire,34m,HIVORY,2011-12-12,SUP,,False,False
733695,ORANGE,GSM 900, (PEYREHITTE) 65300 LANNEMEZAN,65258,"43.0983,0.3881",Pylône autostable,44m,HIVORY,2014-03-04,SUP,,False,False
734059,ORANGE,GSM 900,28 R HENRI EBELOT 31500 TOULOUSE,31555,"43.6408,1.4597",Immeuble,"23,6m",Société HLM,2013-07-19,SUP,,False,False
735699,SFR,GSM 900,2 R DU DOCTEUR ALEXIS GIRY CITÉ RADIEUSE BOIS DE NAPATANT LE CORBUSIER 54790 VAL DE BRIEY,54099,"49.2606,5.9281",Immeuble,66m,"Copropriété, Syndic, SCI",2018-12-15,SUP,,False,False
738235,ORANGE,"5G NR 700, 5G NR 3500",R DE LA MAIRIE CENTRAL FT (LE BAS BEAUVAIS) 85660 ST PHILBERT DE BOUAINE,85262,"46.9839,-1.5222",Pylône autostable,36m,TOTEM,2026-07-23,ALL,,False,False
738271,BOUYGUES TELECOM,LTE 700,EMPRISE LGV PK 48.481 (LES GRANDS BUGNOZ) 25170 MONCLEY,25383,"47.2975,5.9108",Pylône autostable,30m,SNCF Réseau,,AJO,,False,False
738369,BOUYGUES TELECOM,LTE 700,EMPRISE LGV PK 42.102 (LES FOUCHÈRES) 25170 RUFFEY LE CHATEAU,25510,"47.2844,5.8292",Pylône autostable,25m,SNCF Réseau,,AJO,,False,False
739186,SFR,GSM 900,59 BD ULYSSE CASSE 47200 MARMANDE,47157,"44.5036,0.1647",Immeuble,"33,8m","Copropriété, Syndic, SCI",1997-09-26,SUP,,False,False
739725,ORANGE,GSM 900,VOIE COMMUNALE N°331 (LANGLARÈS) 46100 LISSAC ET MOURET,46175,"44.6247,1.9767",Pylône autostable,20m,TOTEM,2012-12-11,SUP,,False,False
740800,FREE MOBILE,"LTE 900, LTE 2100",AV DU GRAND SUD  (LES RENARDIÈRES) 37170 CHAMBRAY LES TOURS,37050,"47.3175,0.7117",Pylône autostable,26m,TOTEM,2026-07-24,ALL,,False,False
741338,ORANGE,GSM 900,CHEM CHICOT (LE JAULIN) 32440 CASTELNAU D AUZAN LABARRERE,32079,"43.9564,0.0672",Pylône autostable,35m,HIVORY,2011-04-19,SUP,,False,False
741519,ORANGE,GSM 900,D.15 - CHEM RURAL (PEYRUCAT) 32250 MONTREAL,32290,"43.9481,0.1575",Château d'eau - réservoir,33m,"Syndicat des eaux, Adduction",2000-03-22,SUP,,False,False
742099,ORANGE,GSM 900,D.509 (LES CLAUZETS) 32270 MARSAN,32237,"43.6542,0.7022",Château d'eau - réservoir,21m,"Commune, communauté de communes",1994-01-07,SUP,,False,False
742446,SFR,"LTE 700, LTE 2600, 5G NR 3500", (CHÂTEAU D'EAU DES GARENNES) 22370 PLENEUF VAL ANDRE,22186,"48.5856,-2.555",Pylône autostable,30m,TDF,2026-07-22,ALL,,False,False
743049,ORANGE,GSM 900, (THOMASS) 31310 MASSABRAC,31326,"43.2192,1.3683",Pylône autostable,24m,TOTEM,1997-12-19,SUP,,False,False
743800,BOUYGUES TELECOM,5G NR 3500,R JEAN BAPTISTE PREUX 94140 ALFORTVILLE,94002,"48.7769,2.4194",Château d'eau - réservoir,33m,Société Privée,2026-07-02,ALL,,False,False
746662,ORANGE,GSM 900,R AMANIEU-DUPUY 32500 FLEURANCE,32132,"43.8522,0.6539",Pylône tubulaire,"23,4m",TOTEM,2011-05-12,SUP,,False,False
747365,ORANGE,GSM 900,CHEM VICINAL N°2 (CAILLAOU EST) 47210 VILLEREAL,47324,"44.6308,0.7381",Pylône autostable,32m,TOTEM,1997-11-14,SUP,,False,False
747409,ORANGE,GSM 900,CHEMIN DE ST EYRARD VOIE COMMUNALE N°106 (LES BOUTÈRES) 47120 DURAS,47086,"44.6756,0.1886",Pylône autostable,31m,TOTEM,1997-11-28,SUP,,False,False
748073,ORANGE,GSM 900,R DU CHÂTEAU D'EAU CROISEMENT D162 (LE BOILA) 65150 ST LAURENT DE NESTE,65389,"43.0953,0.4828",Château d'eau - réservoir,42m,"Syndicat des eaux, Adduction",1997-07-11,SUP,,False,False
748095,ORANGE,"LTE 2100, 5G NR 700, 5G NR 3500", (LA CHAPELLE) 79360 GRANZAY GRIPT,79137,"46.2178,-0.4617",Château d'eau - réservoir,"44,5m","Commune, communauté de communes",,AJO,,False,False
748095,ORANGE,LTE 700, (LA CHAPELLE) 79360 GRANZAY GRIPT,79137,"46.2178,-0.4617",Château d'eau - réservoir,"44,5m","Commune, communauté de communes",2020-03-30,SUP,,False,False
748600,ORANGE,GSM 900,C.R DE N.D  DES MISÈRES (LES AUSSIÈRES) 82440 REALVILLE,82149,"44.1361,1.4464",Château d'eau - réservoir,"46,6m","Syndicat des eaux, Adduction",1997-08-08,SUP,,False,False
748935,ORANGE,GSM 900,1 R DE LA MANCHE 31500 TOULOUSE,31555,"43.5825,1.4081",Immeuble,77m,Société Privée,2005-01-07,SUP,,False,False
749370,BOUYGUES TELECOM,LTE 2100, (LE HAUT DES FOURASSES) 54290 BREMONCOURT,54098,"48.4981,6.3428",Pylône autostable,"35,6m",HIVORY,2026-06-18,ART,,False,False
749492,ORANGE,GSM 900,219 R DE JUNCASSA 31700 BEAUZELLE,31056,"43.6664,1.3678",Pylône autostable,34m,TOTEM,2000-01-14,SUP,,False,False
750971,ORANGE,GSM 900,AV DE LA FONDERIE LA GARE 65700 MAUBOURGUET,65304,"43.4628,0.0325",Pylône autostable,35m,ORANGE,2007-04-14,SUP,,False,False
751635,ORANGE,"LTE 700, LTE 1800, 5G NR 2100",AUX SAGNES - D8 (MONTÉE ST GUILLAUME) 38450 MIRIBEL LANCHATRE,38235,"44.9728,5.6158",Pylône autostable,21m,TOTEM,,AJO,,False,False
754436,SFR,GSM 900,40 BD DE STRASBOURG 31500 TOULOUSE,31555,"43.6083,1.4461",Immeuble,17m,Particulier,2011-12-08,SUP,,False,False
755083,SFR,5G NR 3500,3110 ROUTE DE LA MOYENNE CORNICHE RES MONEGHETTI -LOGIREM 06240 BEAUSOLEIL,06012,"43.7392,7.4131",Bâtiment,"23,6m","Copropriété, Syndic, SCI",2026-07-22,ALL,,False,False
755577,BOUYGUES TELECOM,LTE 700,EMPRISE LGV P.K 19.969 (CHAMP GOURI) 39290 MONTMIREY LE CHATEAU,39361,"47.2408,5.5517",Pylône autostable,30m,SNCF Réseau,,AJO,,False,False
756588,SFR,GSM 900,2 BD J. F. KENNEDY TRIBUNES (HIPPODROME DE LA CÔTE D'AZUR) 06800 CAGNES SUR MER,06027,"43.6481,7.1419",Bâtiment,24m,Société Privée,1999-02-26,SUP,,False,False
757367,SFR,GSM 900,NOUVEAU CIMETIÈRE (LES PÉDES) 07120 RUOMS,07201,"44.4619,4.3461",Pylône autostable,20m,ORANGE,2004-12-22,SUP,,False,False
757411,ORANGE,GSM 900, (ROC GARDIOLES) 09110 MERENS LES VALS,09189,"42.6119,1.8125",Pylône autostable,9m,TOTEM,1993-11-05,SUP,,False,False
757448,ORANGE,GSM 900,ROUTE DE LORDAT D 55 09250 VERNAUX,09330,"42.7731,1.7606",Pylône autostable,30m,TOTEM,1997-09-26,SUP,,False,False
757457,ORANGE,GSM 900,PECH DE LOUBENS CHEM DES MIOULS (PECH DE LIMOUZY) 09120 ARTIX,09021,"43.0558,1.545",Pylône autostable,39m,TOTEM,1998-11-06,SUP,,False,False
757461,ORANGE,GSM 900,CHEM RURAL (LA SERRE) 09460 LE PUCH,09237,"42.7211,2.0986",Pylône autostable,32m,TDF,2004-11-13,SUP,,True,False
757725,ORANGE,GSM 900,IMM CRISTAL RÉSID FRONT DE NEIGE (MONTS D'OLMES) 09300 MONTFERRIER,09206,"42.8436,1.7453",Immeuble,"31,7m","Copropriété, Syndic, SCI",1997-12-05,SUP,,False,False
757742,ORANGE,GSM 900,PYLÔNE TDF (EST SALEIX) 09220 VAL DE SOS,09334,"42.7708,1.4797",Pylône autostable,40m,TDF,2002-10-26,SUP,,False,False
758140,FREE MOBILE,"LTE 2100, 5G NR 700",CHEM DE ST MARTIN AUX CONDAMINES (COL DE MAURE) 04140 SEYNE,04205,"44.3178,6.4067",Pylône autostable,26m,BOUYGUES,2026-07-24,ALL,,False,False
758201,ORANGE,GSM 900,LA CHAPELLE BASSE (PECH REDON) 46200 LACHAPELLE AUZAC,46145,"44.9333,1.5019",Pylône autostable,45m,Société Privée,1997-11-14,SUP,,False,False
758238,ORANGE,"LTE 700, 5G NR 2100", (LA PLAINE DE CAZELLES) 11390 CUXAC CABARDES,11115,"43.3664,2.285",Château d'eau - réservoir,33m,"Commune, communauté de communes",,AJO,,False,False
758804,ORANGE,5G NR 2100,LE BOUSQUET (BELVEZET) 12780 ST LEONS,12238,"44.2561,2.9697",Pylône tubulaire,30m,TOTEM,,AJO,,False,False
760765,ORANGE,GSM 900, (ROUILLAN) 32190 DEMU,32115,"43.7639,0.1956",Château d'eau - réservoir,35m,"Syndicat des eaux, Adduction",1998-07-30,SUP,,False,False
761351,ORANGE,GSM 900, (BIDAUX) 09230 STE CROIX VOLVESTRE,09257,"43.1075,1.1958",Pylône autostable,25m,TDF,2005-06-18,SUP,,True,False
761426,ORANGE,GSM 900, (LA RUÈRE) 09320 MASSAT,09182,"42.895,1.3775",Pylône autostable,35m,TDF,2006-01-06,SUP,,True,False
762323,ORANGE,GSM 900,D.34D CHÂTEAU D'EAU (HOURG) 31210 CUGURON,31158,"43.0992,0.5325",Château d'eau - réservoir,44m,"Syndicat des eaux, Adduction",1995-06-02,SUP,,False,False
762896,SFR,GSM 900,2 ALLÉE SACOMAN CARRÉ SAUMATY 13016 MARSEILLE 16,13216,"43.3622,5.3183",Bâtiment,18m,Particulier,2001-09-27,SUP,,False,False
763548,SFR,GSM 900,CHEM DU ROUQUIER BÂTIMENT B2 13800 ISTRES,13047,"43.5089,4.9917",Immeuble,21m,Société HLM,1994-07-29,SUP,,False,False
764119,ORANGE,GSM 900,FORET DE TEILHET (CROIX DE STE TANOQUE) 09220 LERCOUL,09162,"42.7742,1.5433",Pylône autostable,44m,TDF,2005-08-02,SUP,,True,False
764645,ORANGE,"5G NR 700, 5G NR 3500",PL NOTRE DAME EGLISE N.D DES VICTOIRES 14360 TROUVILLE SUR MER,14715,"49.3653,0.0847",Monument religieux,40m,"Commune, communauté de communes",,AJO,,False,False
765807,ORANGE,GSM 900,LA DEBEZO DEL ROC DIRECTION CENTRES EXPERTISE ET ESSAIS DGA (LES VITARELLES) 46500 GRAMAT,46128,"44.7392,1.7283",Pylône autostable,24m,TOTEM,2006-09-22,SUP,,False,False
766055,FREE MOBILE,"LTE 2100, 5G NR 700",RTE DE MARTRET STADE MUNICIPAL 17610 CHERAC,17100,"45.7003,-0.4364",Pylône autostable,30m,TOTEM,2026-07-24,ALL,,False,False
766545,ORANGE,GSM 900,VOIE N°8 (A CATREILLE) 32410 AYGUETINTE,32024,"43.8192,0.4147",Pylône autostable,25m,TOTEM,1997-10-03,SUP,,False,False
767301,SFR,GSM 900,6 QUAI DE MARSEILLE IMM SRIEM 59100 ROUBAIX,59512,"50.7061,3.1817",Immeuble,"56,3m",Société HLM,1998-05-06,SUP,,False,False
767332,BOUYGUES TELECOM,LTE 2100, (ROCHER D'ANLARS) 82140 ST ANTONIN NOBLE VAL,82155,"44.1461,1.7536",Pylône autostable,18m,TDF,2026-07-22,ALL,,False,False
767806,ORANGE,GSM 900,CHEM DE SIEUCÈDE (SIEUCÈDE) 65410 ILHET,65228,"42.9725,0.3975",Pylône autostable,"45,2m",TDF,1998-03-27,SUP,,False,False
768455,ORANGE,GSM 900,SARROQUES - LE MAS D'AZIRAC 46600 MARTEL,46185,"44.9594,1.5731",Pylône autostable,26m,TOTEM,2000-02-18,SUP,,False,False
770269,ORANGE,GSM 900,CHEM DE RANDONNÉE DU BIROS (TUC DE PUECH) 09800 BALACET,09034,"42.8922,0.9847",Pylône tubulaire,13m,EDF ou GDF,2006-04-15,SUP,,True,False
770966,SFR,LTE 1800,PRÉS D704 (COMBENÉGRE) 24590 ST GENIES,24412,"44.9914,1.2408",Pylône autostable,43m,Conseil Départemental,,AJO,,True,False
771008,SFR,LTE 1800,CHEM RURAL (VIGNES DE FRANCE) 24350 GRAND BRASSAC,24200,"45.2792,0.5311",Pylône autostable,35m,Conseil Départemental,,AJO,,True,False
772340,ORANGE,5G NR 2100,EMETTEUR TDF (LES COUTURES) 27260 ST PIERRE DE CORMEILLES,27591,"49.2411,0.37",Pylône autostable,35m,TDF,2026-07-21,ALL,,False,False
773033,SFR,GSM 900,11 R DE LA CROIX JUMELIN 28000 CHARTRES,28085,"48.4539,1.485",Immeuble,18m,Société HLM,2000-06-23,SUP,,False,False
776360,ORANGE,GSM 900,"66, R EDOUARD LARTET 31500 TOULOUSE",31555,"43.5883,1.4781",Château d'eau - réservoir,"29,5m","Syndicat des eaux, Adduction",2013-07-12,SUP,,False,False
776366,ORANGE,GSM 900,"17, AV HONORÉ DE SERRES 31500 TOULOUSE",31555,"43.6122,1.4381",Immeuble,38m,"Copropriété, Syndic, SCI",2013-07-19,SUP,,False,False
776372,ORANGE,GSM 900,50 BLD DES RECOLLETS 31500 TOULOUSE,31555,"43.5839,1.4456",Immeuble,33m,"Copropriété, Syndic, SCI",2013-07-12,SUP,,False,False
776380,ORANGE,GSM 900,30 CHEM DES PINS 31130 BALMA,31044,"43.6156,1.5069",Pylône tubulaire,18m,TOTEM,2013-07-12,SUP,,False,False
776382,ORANGE,GSM 900,1-2 PL DES PAPYRUS CHEM DES CYTISES 31500 TOULOUSE,31555,"43.635,1.4333",Immeuble,20m,Société HLM,1996-12-21,SUP,,False,False
776386,ORANGE,GSM 900,3 R ROQUELAINE 31500 TOULOUSE,31555,"43.6103,1.4444",Immeuble,"26,8m","État, Ministère",1997-03-28,SUP,,False,False
776394,ORANGE,GSM 900,"119, IMP ROQUEMAUREL RES DE L'HIPPODROME 31500 TOULOUSE",31555,"43.5944,1.4064",Immeuble,40m,"Copropriété, Syndic, SCI",2013-08-09,SUP,,False,False
776400,ORANGE,GSM 900,57 CHE DU SANG DE SERP LYCÉE ET USINE AIRBUS - BÂT E50 31500 TOULOUSE,31555,"43.6158,1.4278",Bâtiment,22m,Société Privée,2013-07-19,SUP,,False,False
776416,ORANGE,GSM 900,58 BD  KOENINGS 31500 TOULOUSE,31555,"43.5964,1.4197",Immeuble,37m,"Copropriété, Syndic, SCI",2004-12-02,SUP,,False,False
776461,ORANGE,GSM 900,CHEM DE L'ARNAYS (LES ARRIOUS) 31350 PEGUILHAN,31412,"43.3406,0.6967",Pylône autostable,33m,TOTEM,1997-10-17,SUP,,False,False
776463,ORANGE,GSM 900,RUE DES USINES ZI DU TERROIR 31150 FENOUILLET,31182,"43.6972,1.3981",Pylône autostable,31m,TOTEM,1997-10-24,SUP,,False,False
777190,ORANGE,GSM 900,10 R ARISTIDE BERGES 31270 CUGNAUX,31157,"43.5547,1.3664",Pylône tubulaire,25m,TOTEM,1997-07-11,SUP,,False,False
777601,ORANGE,GSM 900,RN632 (CHARRET) 65220 PUYDARRIEUX,65374,"43.3031,0.3897",Pylône autostable,31m,TOTEM,2010-11-30,SUP,,False,False
777739,ORANGE,GSM 900,"CHEM DU CANAL ADM : 2, R DU MÉDOC 31170 TOURNEFEUILLE",31557,"43.5594,1.3511",Pylône autostable,20m,TOTEM,2005-07-23,SUP,,False,False
777741,ORANGE,GSM 900,R D'AVRANCHES R MOTO-VIDAL STADE CAZAL LAPUJADE 31500 TOULOUSE,31555,"43.6319,1.4644",Pylône tubulaire,25m,ORANGE,2005-01-17,SUP,,False,False
777746,ORANGE,GSM 900,ALLÉE DE FRAIXINET 31120 ROQUES,31458,"43.5128,1.3678",Château d'eau - réservoir,40m,"Syndicat des eaux, Adduction",2005-02-19,SUP,,False,False
777754,ORANGE,GSM 900,"CU 1, PL DES CARMES 31500 TOULOUSE",31555,"43.5978,1.4447",Bâtiment,36m,"Commune, communauté de communes",2005-03-19,SUP,,False,False
777756,ORANGE,GSM 900,"39, RTE DE TOULOUSE 31830 PLAISANCE DU TOUCH",31424,"43.5719,1.3122",Pylône tubulaire,18m,TOTEM,2005-03-19,SUP,,False,False
777764,ORANGE,GSM 900,AV CAPITOULS CIMETIÈRE 31880 LA SALVETAT ST GILLES,31526,"43.5817,1.2736",Pylône tubulaire,28m,TDF,2007-06-01,SUP,,False,False
777775,ORANGE,GSM 900,AV DE CUGNAUX R DU CHÂTEAU D'EAU CHÂTEAU D'EAU (IMP LEMOZI) 31270 VILLENEUVE TOLOSANE,31588,"43.5289,1.3431",Château d'eau - réservoir,47m,"Syndicat des eaux, Adduction",2005-07-23,SUP,,False,False
777781,ORANGE,GSM 900,1 R LOUIS PASTEUR R DÉODAT DE SÉVERAC 31140 ST ALBAN,31467,"43.6856,1.4133",Immeuble,19m,Société HLM,2006-01-21,SUP,,False,False
777785,ORANGE,GSM 900,R DES PYRÉNÉES CHATEAU D'EAU (LE SARRET SUD) 31120 ROQUETTES,31460,"43.4958,1.3722",Château d'eau - réservoir,31m,"Commune, communauté de communes",1998-06-05,SUP,,False,False
777798,ORANGE,GSM 900,D.42 (LES BRUGES) 31480 LE GRES,31234,"43.7253,1.105",Château d'eau - réservoir,48m,"Syndicat des eaux, Adduction",2000-01-14,SUP,,False,False
777805,ORANGE,GSM 900,102 AV DE LA GLOIRE 31500 TOULOUSE,31555,"43.6069,1.4672",Immeuble,36m,Société Privée,2018-04-09,SUP,,False,False
777809,ORANGE,GSM 900,RTE DU STADE STADE DE FOOTBALL (ST CLÉMENT) 31700 CORNEBARRIEU,31150,"43.6544,1.3231",Pylône tubulaire,27m,ATC FRANCE,2000-02-04,SUP,,False,False
777811,ORANGE,GSM 900,"41, ANCIENNE RTE IMPÉRIALE 31120 PORTET SUR GARONNE",31433,"43.5158,1.3933",Bâtiment,"20,7m",ORANGE Services Fixes,1992-07-03,SUP,,False,False
777814,ORANGE,GSM 900,17 R DE L'INDÉPENDANCE 31800 ST GAUDENS,31483,"43.1081,0.7189",Bâtiment,24m,ORANGE Services Fixes,1996-04-05,SUP,,False,False
777816,ORANGE,GSM 900,6 AVE ALEXANDRE DUMAS 31110 BAGNERES DE LUCHON,31042,"42.7914,0.5967",Bâtiment,20m,ORANGE Services Fixes,2003-09-06,SUP,,False,False
777818,ORANGE,GSM 900,5 BD VINCENT AURIOL 31170 TOURNEFEUILLE,31557,"43.585,1.3447",Immeuble,"17,4m","Copropriété, Syndic, SCI",2022-03-21,SUP,,False,False
777821,ORANGE,GSM 900,102 AV. DES MINIMES 31500 TOULOUSE,31555,"43.6214,1.4356",Immeuble,42m,"Copropriété, Syndic, SCI",2005-11-04,SUP,,False,False
777823,ORANGE,GSM 900,1/3 GUILLAUME IBOS 31600 MURET,31395,"43.4572,1.3231",Immeuble,22m,"Copropriété, Syndic, SCI",2013-07-12,SUP,,False,False
777827,ORANGE,GSM 900,9-13 AV DE TOULOUSE 31240 L UNION,31561,"43.6503,1.4706",Pylône tubulaire,20m,TOTEM,1996-09-06,SUP,,False,False
777829,ORANGE,GSM 900,38 AV DES BOURDIES PYLONE TDF 31880 LA SALVETAT ST GILLES,31526,"43.5711,1.2906",Pylône tubulaire,"22,5m",TDF,2004-09-25,SUP,,False,False
777834,ORANGE,GSM 900,3 R DE LA SAUDRUNE 31120 PORTET SUR GARONNE,31433,"43.5314,1.3828",Mât,27m,TOTEM,2017-11-09,SUP,,False,False
777840,ORANGE,GSM 900,8 ALLÉE DU POITOU 31770 COLOMIERS,31149,"43.6128,1.3339",Bâtiment,36m,Société HLM,2004-10-16,SUP,,False,False
777846,ORANGE,GSM 900,AV DE L'EGLISE - PL DE LA MAIRIE 31240 ST JEAN,31488,"43.665,1.5042",Immeuble,19m,"Commune, communauté de communes",2004-10-16,SUP,,False,False
777848,ORANGE,GSM 900,4 IMP DE LA FLAMBERE 31500 TOULOUSE,31555,"43.6131,1.3917",Pylône autostable,25m,TOTEM,2017-11-09,SUP,,False,False
778111,TELCO OI,5G NR 3500,ROUTE NATIONNAL HAMOUROU 97660 BANDRELE,97603,"-12.8853,45.2164",Mât béton,16m,Telco OI,2025-06-03,ART,,False,False
778471,ORANGE,GSM 900,D.35 ZONE NC        (JUSTET ) 31550 CINTEGABELLE,31145,"43.3203,1.5269",Pylône autostable,18m,TOTEM,2007-10-26,SUP,,False,False
778487,ORANGE,GSM 900,CHEM DU RÉSERVOIR (LES AGUDES VILLAGES) 31110 GOUAUX DE LARBOUST,31221,"42.7892,0.475",Pylône autostable,13m,ORANGE,2008-02-18,SUP,,False,False
778499,ORANGE,GSM 900,7B BLD GAMBETTA CREDIT AGRICOLE 32000 AUCH,32013,"43.6478,0.5847",Immeuble,30m,Société Privée,1996-06-19,SUP,,False,False
778507,ORANGE,GSM 900,AV DU BATAILLON DE L'ARMAGNAC 32310 VALENCE SUR BAISE,32459,"43.8769,0.3864",Château d'eau - réservoir,32m,"Commune, communauté de communes",1997-07-18,SUP,,False,False
778511,ORANGE,GSM 900,R DU COURBET EGLISE 31490 LEGUEVIN,31291,"43.5986,1.2339",Monument religieux,23m,"Commune, communauté de communes",2005-07-23,SUP,,False,False
778513,ORANGE,GSM 900,366 ROUTE DE LAUNAGUET 31500 TOULOUSE,31555,"43.6611,1.4397",Immeuble,17m,"Copropriété, Syndic, SCI",2006-08-19,SUP,,False,False
778515,ORANGE,GSM 900,CHEM DE LA CEPIERE 31500 TOULOUSE,31555,"43.5878,1.3978",Pylône autostable,"38,1m",TDF,2006-09-30,SUP,,False,False
778519,ORANGE,GSM 900,20 CHEMEMENT DU TINTORETS 31500 TOULOUSE,31555,"43.5617,1.3975",Immeuble,39m,Société HLM,2020-10-02,SUP,,False,False
778521,ORANGE,GSM 900, (AU MAJOURAN) 32270 ST SAUVY,32406,"43.6889,0.8097",Pylône autostable,34m,TOTEM,1998-07-30,SUP,,False,False
778529,ORANGE,GSM 900,AV DE TOULOUSE BAT FT 31240 L UNION,31561,"43.6594,1.4844",Bâtiment,11m,ORANGE Services Fixes,2007-05-24,SUP,,False,False
778538,ORANGE,GSM 900,26 AV DE CASTRES 31500 TOULOUSE,31555,"43.6006,1.47",Immeuble,22m,"Copropriété, Syndic, SCI",2017-11-09,SUP,,False,False
778544,ORANGE,GSM 900,CHEM DE LARRAMET 31170 TOURNEFEUILLE,31557,"43.5681,1.3353",Pylône tubulaire,22m,TOTEM,2006-04-29,SUP,,False,False
778550,ORANGE,GSM 900,30 AV. GUYNEMER AV. DIDIER DAURAT 31770 COLOMIERS,31149,"43.6192,1.3461",Pylône tubulaire,18m,TOTEM,2018-02-12,SUP,,False,False
778554,ORANGE,GSM 900,AV JEAN MONNET CENTRE SAUROUS - BÂTIMENT AIRBUS C91 31700 CORNEBARRIEU,31150,"43.6328,1.3461",Bâtiment,38m,Société Privée,2007-04-19,SUP,,False,False
778556,ORANGE,GSM 900,CHEM DE CASSELÈVRES 31790 ST JORY,31490,"43.7331,1.3789",Pylône tubulaire,24m,TOTEM,2007-05-05,SUP,,False,False
778565,ORANGE,GSM 900,CHE DES COTES DE PECH DAVID (LE MAS PERDU) 31500 TOULOUSE,31555,"43.5581,1.4478",Pylône autostable,45m,"État, Ministère",2007-08-09,SUP,,False,False
778567,ORANGE,GSM 900,70 CHEM DU SANG DE SERP 31500 TOULOUSE,31555,"43.625,1.4219",Pylône tubulaire,35m,TOTEM,2008-04-14,SUP,,False,False
778933,ORANGE,GSM 900,QUARTIER SOURIME G.R.10 (SÉRIAIL) 31440 MELLES,31337,"42.8636,0.7531",Pylône autostable,20m,TDF,2007-02-03,SUP,,False,False
778936,ORANGE,GSM 900,1 PL DE LA CHAMPAGNE 31770 COLOMIERS,31149,"43.6189,1.3294",Immeuble,"30,5m",Société HLM,2006-11-18,SUP,,False,False
778940,ORANGE,GSM 900,À LAS PLASTRERE 32120 BAJONNETTE,32026,"43.8083,0.7642",Pylône autostable,26m,TOTEM,2001-12-07,SUP,,False,False
778951,ORANGE,GSM 900,CHEM RURAL DE MONLEZUN À MONPARDIAC (CAILLAU) 32230 MONLEZUN,32273,"43.4775,0.23",Pylône autostable,38m,TOTEM,2007-02-27,SUP,,True,False
778975,ORANGE,GSM 900,CHEM RURAL DIT DU GRANJON (TEROULET) 32320 CASTELNAU D ANGLES,32077,"43.6214,0.3053",Pylône autostable,45m,TOTEM,2007-06-01,SUP,,True,False
778977,ORANGE,GSM 900,VOIE COMMUNALE  N°6 DITE DES TUILERIES (AUX PUGNEROTS - LAQUARRAU) 32140 SAMARAN,32409,"43.3981,0.5294",Pylône autostable,40m,TOTEM,2007-11-13,SUP,,True,False
779038,SFR,GSM 900, (PHARE DU CAP FERRET) 33970 LEGE CAP FERRET,33236,"44.6458,-1.2489",Phare,52m,Phares et balises,2017-06-05,SUP,,False,False
783824,FREE MOBILE,"LTE 2100, 5G NR 3500","2,4 R BENJAMIN FRANKLIN 37200 TOURS",37261,"47.4131,0.6936",Immeuble,30m,Société HLM,2026-07-24,ALL,,False,False
784008,ORANGE,GSM 900,CHEM VIEUX RN 20 (LA ROUARDE) 82350 ALBIAS,82002,"44.0878,1.4431",Château d'eau - réservoir,"32,2m","Commune, communauté de communes",1996-12-08,SUP,,False,False
785214,ORANGE,5G NR 2100,CHEM DES ETARPIERS (LES MONLAISSUTS) 39300 LENT,39292,"46.7497,5.9675",Pylône autostable,40m,TDF,,AJO,,False,False
785566,ORANGE,GSM 900, (CASTEL) 82270 MONTALZAT,82119,"44.2108,1.5022",Château d'eau - réservoir,"38,4m","Syndicat des eaux, Adduction",,SUP,,True,False
786826,ORANGE,GSM 900,D14 (LES MUTS) 82700 ST PORQUIER,82171,"44.0203,1.1861",Pylône autostable,39m,TOTEM,2001-12-17,SUP,,False,False
787071,ORANGE,GSM 900, (SUPERBAGNÈRES) 31110 ST AVENTIN,31470,"42.7697,0.5781",Pylône autostable,30m,TOTEM,2008-05-20,SUP,,False,False
787855,ORANGE,GSM 900, (PECH DE PAYRAT) 46090 LE MONTAT,46197,"44.3878,1.4561",Pylône autostable,38m,ORANGE,1996-09-06,SUP,,False,False
789553,ORANGE,GSM 900,LASTUQUE 47260 COULX,47071,"44.4583,0.4778",Pylône autostable,30m,TOTEM,2003-11-29,SUP,,False,False
790364,ORANGE,GSM 900,CHEM RURAL (BONNET) 46240 MONTFAUCON,46204,"44.6831,1.5806",Pylône autostable,24m,TOTEM,2006-09-18,SUP,,False,False
791006,ORANGE,GSM 900, (L'HOSPITALET) 46500 ROCAMADOUR,46240,"44.8025,1.6281",Mât béton,16m,TDF,1997-02-07,SUP,,False,False
791760,ORANGE,LTE 700,PRÈS D.155D PYLÔNE ORANGE FRANCE (HAIE DES FEMMES) 57530 ARS LAQUENEXY,57031,"49.0839,6.2636",Pylône autostable,33m,TOTEM,2026-08-05,AAV,,False,False
791760,SFR,GSM 900,PRÈS D.155D PYLÔNE ORANGE FRANCE (HAIE DES FEMMES) 57530 ARS LAQUENEXY,57031,"49.0839,6.2636",Pylône autostable,33m,TOTEM,2011-11-10,SUP,,False,False
791849,ORANGE,GSM 900,PL JEAN-BAPTISTE DURAND MARCHÉ PARKING 47000 AGEN,47001,"44.2044,0.6178",Immeuble,28m,"Commune, communauté de communes",2007-03-30,SUP,,False,False
791851,ORANGE,GSM 900, (GRIFFON) 47120 CAUBON ST SAUVEUR,47059,"44.5867,0.1861",Pylône autostable,37m,TOTEM,1997-12-05,SUP,,False,False
791855,ORANGE,GSM 900,VOIE COM N°101 (BAULENS OUEST) 47600 NOMDIEU,47197,"44.0642,0.4725",Pylône autostable,38m,TOTEM,1998-02-27,SUP,,False,False
791861,ORANGE,GSM 900,A COTÉ DU RÉSERVOIR D'EAU (SANSOT- FERRACAP) 47140 PENNE D AGENAIS,47203,"44.3903,0.8225",Pylône tubulaire,20m,TOTEM,1998-07-03,SUP,,False,False
791877,ORANGE,GSM 900,4 R DE GUYENNE HLM LOLYA 47200 MARMANDE,47157,"44.5122,0.1578",Immeuble,24m,Société HLM,2003-08-29,SUP,,False,False
791886,ORANGE,GSM 900,75 AV JEAN CLAUDE CAYREL 47300 VILLENEUVE SUR LOT,47323,"44.4167,0.6992",Pylône autostable,30m,ORANGE,2005-02-05,SUP,,False,False
791890,ORANGE,GSM 900,D446 / R DE MARQUÈS (SOUILLÈS) 47300 BIAS,47027,"44.4003,0.6842",Pylône autostable,30m,TOTEM,2005-04-09,SUP,,False,False
791896,ORANGE,GSM 900,281 R DE POMPEYRIE 47000 AGEN,47001,"44.2083,0.6286",Immeuble,"28,9m",Société HLM,2005-10-08,SUP,,False,False
791908,ORANGE,GSM 900,"18, R JEAN MOULIN SITE FT 47300 VILLENEUVE SUR LOT",47323,"44.405,0.7122",Bâtiment,38m,ORANGE Services Fixes,2006-03-25,SUP,,False,False
792169,ORANGE,GSM 900,CHEM RURAL (CARDOU) 47270 ST MAURIN,47260,"44.235,0.9058",Pylône autostable,38m,Conseil Départemental,2007-08-20,SUP,,True,False
792171,ORANGE,GSM 900,44 R PAGANEL CENTRE FRANCE TELECOM 47000 AGEN,47001,"44.1953,0.6347",Bâtiment,26m,ORANGE Services Fixes,2006-12-16,SUP,,False,False
792177,ORANGE,GSM 900,40 AV PIERRE BUFFIN 47200 MARMANDE,47157,"44.5025,0.175",Pylône autostable,"31,8m","SDIS, secours, incendie",2007-08-08,SUP,,False,False
793564,FREE MOBILE,5G NR 3500,RTE DES FOURCHES 50470 CHERBOURG EN COTENTIN,50129,"49.6411,-1.6469",Pylône autostable,35m,TOTEM,2026-07-24,ALL,,False,False
794588,BOUYGUES TELECOM,LTE 2100,CHEM VICINAL ORDINAIRE N°2 (LAS PUJOLLES) 65300 LUTILHOUS,65294,"43.1303,0.3233",Pylône autostable,"41,9m",SFR,2026-07-24,ALL,,False,False
794588,ORANGE,GSM 900,CHEM VICINAL ORDINAIRE N°2 (LAS PUJOLLES) 65300 LUTILHOUS,65294,"43.1303,0.3233",Pylône autostable,"41,9m",SFR,2013-08-05,SUP,,False,False
795351,BOUYGUES TELECOM,"LTE 700, LTE 1800, LTE 2100, 5G NR 2100",8 R DE LA GARE 03290 DIOU,03100,"46.5308,3.7503",Château d'eau - réservoir,21m,"Syndicat des eaux, Adduction",2026-07-23,ALL,,False,False
795457,FREE MOBILE,,ROUTE DE LIVERDY RD 96 PK 54 542 VR 1C LILLE LYON 77170 COUBERT,77127,"48.6864,2.7231",Pylône autostable,50m,SNCF Réseau,2022-06-27,CHI,2471831,False,True
796811,ORANGE,GSM 900, (BOUSSU DELA) 65260 SOULOM,65435,"42.9475,-0.0642",Pylône autostable,20m,HIVORY,2012-01-11,SUP,,False,False
797217,ORANGE,LTE 700,EMPRISE LGV - PYLONE RFF PK 98.066 (LE GRAND ETANG) 70110 LES MAGNY,70317,"47.5278,6.4378",Pylône autostable,30m,SNCF Réseau,2026-07-30,ALL,,False,False
797288,ORANGE,GSM 900, (LE BUELA) 65400 BOO SILHEN,65098,"43.0172,-0.0792",Pylône autostable,23m,ON TOWER FRANCE,1996-02-02,SUP,,False,False
798250,SFR,GSM 900,2 B  R RAYMOND BRUNOT 91100 CORBEIL ESSONNES,91174,"48.5875,2.4711",Immeuble,25m,Société Privée,2020-11-13,SUP,,False,False
798329,FREE MOBILE,"LTE 900, LTE 1800, LTE 2100, LTE 2600, 5G NR 3500",19 RUE VOLTAIRE 13140 MIRAMAS,13063,"43.5833,4.9989",Pylône tubulaire,"36,6m",TOTEM,2026-07-24,ALL,,False,False
798329,SFR,GSM 900,19 RUE VOLTAIRE 13140 MIRAMAS,13063,"43.5833,4.9989",Pylône tubulaire,"36,6m",TOTEM,2017-03-03,SUP,,False,False
798970,ORANGE,GSM 900,ZI LES MANGLES 97232 LE LAMENTIN,97213,"14.6144,-61.0131",Pylône autostable,27m,DIGICEL,2022-06-07,SUP,,False,False
799633,ORANGE,LTE 700,A.31 - SENS BETTEMBOURG-ENTRANGE CR.160 (GAERTCHEN) 57330 ZOUFFTGEN,57764,"49.4644,6.1211",Pylône autostable,43m,TOTEM,2026-08-06,AAV,,False,False
800219,ORANGE,GSM 900,"2, R ERNEST RENAN 31500 TOULOUSE",31555,"43.6281,1.4453",Pylône tubulaire,20m,TOTEM,2011-04-20,SUP,,False,False
800935,ORANGE,GSM 900,CHEM RURAL N°25 DE LAMARQUE À PEYREGUDE (GROUSSAN) 32700 LECTOURE,32208,"43.9236,0.6425",Pylône autostable,24m,TOTEM,2011-06-16,SUP,,False,False
801683,BOUYGUES TELECOM,,ECH N° 14 DE BONNIÈRES - A13A CHEM DE LA VILLENEUVE (BONNIÈRES) 78710 ROSNY SUR SEINE,78531,"49.015,1.5872",Pylône autostable,"30,5m",SFR,2018-07-31,CHH,30m,False,False
801683,SFR,,ECH N° 14 DE BONNIÈRES - A13A CHEM DE LA VILLENEUVE (BONNIÈRES) 78710 ROSNY SUR SEINE,78531,"49.015,1.5872",Pylône autostable,"30,5m",SFR,2004-01-30,CHH,30m,False,False
802335,ORANGE,GSM 900,CHEM DE LARROUZE (CLOS DE LA GARENE) 65330 RECURT,65376,"43.2056,0.4244",Pylône autostable,79m,ORANGE Services Fixes,2006-11-06,SUP,,False,False
802885,SFR,LTE 700,CHÂTEAU D'EAU (LE TERTRE) 53380 JUVIGNE,53123,"48.2211,-1.0372",Château d'eau - réservoir,35m,"Syndicat des eaux, Adduction",,AJO,,False,False
804245,ORANGE,"LTE 800, 5G NR 700",R DE LA GARE FACE AU PARKING N°42  57300 MONDELANGE,57474,"49.2581,6.165",Pylône tubulaire,27m,TOTEM,2026-07-30,ALL,,False,False
806167,FREE MOBILE,"LTE 700, LTE 900, LTE 1800, LTE 2100, LTE 2600, 5G NR 3500",24B R DU DRONKAERT CENTRAL TÉLÉPHONIQUE (LE DRONKAERT) 59223 RONCQ,59508,"50.7428,3.1336",Pylône autostable,41m,TOTEM,2026-07-24,ALL,,False,True
806233,FREE MOBILE,5G NR 3500,PLACE GÉNÉRAL DE GAULLE EGLISE ST VAAST 59118 WAMBRECHIES,59636,"50.6872,3.0531",Monument religieux,41m,"Commune, communauté de communes",2026-07-28,ALL,,False,False
806452,FREE MOBILE,"LTE 2100, 5G NR 700",R DE L'AVELON PARC D'ATTRACTION DE ST PAU 60650 ST PAUL,60591,"49.4233,1.9794",Pylône autostable,38m,HIVORY,2026-07-24,ALL,,False,False
807075,ORANGE,GSM 900,PRÈS D19 (LES BOUYSSIÈRES BASSES) 46230 FONTANES,46109,"44.3367,1.4964",Pylône autostable,18m,TOTEM,2015-09-10,SUP,,False,False
807897,ORANGE,5G NR 700,11 R MURATORE IMM AUVERGNE HABITAT 63500 ISSOIRE,63178,"45.5467,3.2569",Immeuble,"23,5m",Société HLM,2026-07-31,AAV,,False,False
808410,BOUYGUES TELECOM,UMTS 900,CALIFORNIA (SINSURCO HÉGUIA) 64430 UREPEL,64543,"43.0603,-1.4178",Pylône autostable,28m,TDF,2026-07-22,ALL,,False,False
808598,SFR,GSM 900,2 R MAURICE RAVEL RÉSIDENCE DES LILAS TORRANCE 64000 PAU,64445,"43.3156,-0.3425",Immeuble,28m,"Copropriété, Syndic, SCI",2005-07-19,SUP,,False,False
808681,ORANGE,GSM 900,BD ESPAGNE CITÉ OPHITE - BÂT. I30 (L'OPHITE) 65100 LOURDES,65286,"43.0881,-0.0417",Bâtiment,61m,Société HLM,1993-02-05,SUP,,False,False
808687,ORANGE,GSM 900,56 R LARREY 65000 TARBES,65440,"43.23,0.0769",Bâtiment,33m,ORANGE Services Fixes,2007-05-12,SUP,,False,False
808691,ORANGE,GSM 900,CHEM DE HAUTE SÈRE (LANNE) 65120 ESQUIEZE SERE,65168,"42.8828,-0.0081",Pylône tubulaire,15m,TOTEM,1996-06-12,SUP,,False,False
808695,ORANGE,GSM 900,R DE L'HIPPODROME CHÂTEAU D'EAU (LA PUYOLLE) 65310 LALOUBERE,65251,"43.1969,0.0697",Château d'eau - réservoir,33m,"Syndicat des eaux, Adduction",1997-06-20,SUP,,False,False
809085,ORANGE,GSM 900,R DE L'OURMÈDE (L'OURMÈDE) 31620 CASTELNAU D ESTRETEFONDS,31118,"43.765,1.3678",Pylône tubulaire,"21,7m",TOTEM,2012-01-11,SUP,,False,False
809246,ORANGE,GSM 900,RTE DE GOUAUX PRÈS D115 PYLONE TDF 65240 GREZIAN,65209,"42.8622,0.3547",Pylône autostable,48m,TDF,2005-07-02,SUP,,False,False
809250,ORANGE,GSM 900,CHEM RURAL N°25 (COURTAU) 65200 HIIS,65221,"43.1333,0.0933",Pylône tubulaire,23m,TOTEM,2008-09-24,SUP,,False,False
809273,ORANGE,GSM 900,RTE D 74 (CHÂTEAU D'EAU LAY) 65250 ESCALA,65159,"43.0958,0.4014",Château d'eau - réservoir,39m,"Commune, communauté de communes",1998-03-27,SUP,,False,False
809285,ORANGE,GSM 900,PYLÔNE TDF (LE TURON) 65120 GAVARNIE GEDRE,65192,"42.7906,0.0225",Pylône autostable,22m,TDF,1998-10-30,SUP,,True,False
809291,SFR,GSM 900,QUARTIER STE EUGÉNIE PYLÔNE SFR (LES CAPELLES) 66270 LE SOLER,66195,"42.6869,2.8139",Pylône autostable,"26,5m",HIVORY,2003-07-01,SUP,,False,False
809325,ORANGE,GSM 900,PASSAGE ST-LOUIS HÔTEL LA SOLITUDE 65100 LOURDES,65286,"43.0958,-0.0528",Immeuble,"30,8m",Particulier,2012-12-07,SUP,,False,False
809333,ORANGE,GSM 900,8 AV ANTOINE DE ST EXUPERY O.P.A.C. 65000 TARBES,65440,"43.2436,0.0631",Immeuble,"43,8m",Société HLM,2013-08-26,SUP,,False,False
809339,ORANGE,GSM 900,2 BD  PIERRE RENAUDET EGLISE ST ANTOINE 65000 TARBES,65440,"43.2444,0.0736",Monument religieux,22m,Association,2007-04-23,SUP,,False,False
809343,ORANGE,GSM 900,MONTAGNE DE PRAT (PIC D'AUGAS) 65170 ARAGNOUET,65017,"42.7708,0.2242",Pylône autostable,20m,TDF,2006-09-30,SUP,,False,False
809353,ORANGE,GSM 1800,4 R DES TOURTERELLES 65800 AUREILHAN,65047,"43.2378,0.0969",Immeuble,13m,"Copropriété, Syndic, SCI",2007-08-02,SUP,,False,False
810014,SFR,GSM 900,R DE PARIS CHATEAU D'EAU (HINTERE LAENDER) 68190 UNGERSHEIM,68343,"47.8778,7.3075",Château d'eau - réservoir,60m,"Syndicat des eaux, Adduction",2018-10-10,SUP,,False,False
810889,BOUYGUES TELECOM,LTE 700,LE CHAMP DE LA ROCHE (LES RETS) 86700 VOULON,86296,"46.3689,0.2572",Pylône autostable,40m,HIVORY,,AJO,,False,False
810969,BOUYGUES TELECOM,5G NR 3500,R DU PÈRE GEYMANN 68300 ST LOUIS,68297,"47.6103,7.535",Monument religieux,34m,"Commune, communauté de communes",2026-07-24,ALL,,False,False
817398,ORANGE,GSM 900,CHEM RURAL - D.7 (AL PECH) 82190 BRASSAC,82024,"44.2147,0.9697",Pylône autostable,21m,TOTEM,2007-01-09,SUP,,True,False
817400,ORANGE,GSM 900,BOIS DU PARC (LIMOUSI) 82190 MIRAMONT DE QUERCY,82111,"44.2458,1.0575",Château d'eau - réservoir,53m,"Syndicat des eaux, Adduction",2006-12-16,SUP,,True,False
817405,ORANGE,GSM 900,CHEM RURAL BOIS DES ARQUIES (TUCOL) 82600 COMBEROUGER,82043,"43.8542,1.1047",Pylône autostable,37m,TOTEM,2007-03-29,SUP,,True,False
817432,ORANGE,GSM 900,CHOURET EST RD88 (LE COLOMBIE HAUT) 82340 AUVILLAR,82008,"44.0578,0.8756",Pylône autostable,27m,TOTEM,1995-05-05,SUP,,False,False
817441,ORANGE,GSM 900,17 BD ALSACE LORRAINE 82200 MOISSAC,82112,"44.1025,1.0839",Immeuble,25m,La Poste,1996-07-15,SUP,,False,False
817458,ORANGE,GSM 900,PYLONE TDF (PECH DE GLORIO) 82160 CAYLUS,82038,"44.2306,1.7867",Pylône autostable,34m,TDF,2003-04-19,SUP,,False,False
819538,BOUYGUES TELECOM,LTE 2100,IMP DE LAS PUNTONS (LAS PUNTOS) 82700 MONTBARTIER,82123,"43.9244,1.2653",Pylône autostable,36m,TOTEM,2026-07-25,ALL,,False,False
819998,ORANGE,"5G NR 700, 5G NR 3500",R DE L'EGLISE GRANDE RUE EGLISE DE DOGNEVILLE 88000 DOGNEVILLE,88136,"48.2231,6.4597",Monument religieux,47m,"Commune, communauté de communes",,AJO,,False,False
820030,ORANGE,5G NR 700,R CHARLES BACH 87280 LIMOGES,87085,"45.8231,1.2833",Pylône tubulaire,30m,TOTEM,,AJO,,False,False
820030,ORANGE,LTE 700,R CHARLES BACH 87280 LIMOGES,87085,"45.8231,1.2833",Pylône tubulaire,30m,TOTEM,,SUP,,False,False
822055,ORANGE,GSM 900,QUARTIER LONG PRÉ CROISÉE JEANNE D'ARC 97232 LE LAMENTIN,97213,"14.63,-61.0053",Pylône arbre,32m,"Commune, communauté de communes",2006-09-05,SUP,,False,False
822608,ORANGE,"5G NR 700, 5G NR 3500",1-3 AV DES VILLES JUMELEES LOGEMENT DES FONCTIONNAIRES 92210 ST CLOUD,92064,"48.8486,2.2097",Immeuble,21m,"Copropriété, Syndic, SCI",,AJO,,False,False
822774,ORANGE,GSM 900,AV DU CHATEAU D'EAU (BOURDASSE) 31880 LA SALVETAT ST GILLES,31526,"43.5761,1.2758",Château d'eau - réservoir,26m,"Syndicat des eaux, Adduction",2011-12-21,SUP,,False,False
824860,SFR,UMTS 900,11 AV CHARLES DE GAULLE RÉSIDENCE HÉLOÏSE 95160 MONTMORENCY,95428,"48.9889,2.3278",Immeuble,21m,Société HLM,,SUP,,False,True
826406,BOUYGUES TELECOM,LTE 700,CARCOULT (VAURIBOU) 37360 NEUILLE PONT PIERRE,37167,"47.5358,0.5483",Pylône autostable,47m,HIVORY,2026-07-23,ALL,,False,False
827304,ORANGE,GSM 900,BD  DE LAMASQUÈRE 31600 MURET,31395,"43.4658,1.3122",Pylône autostable,31m,RTE,2012-09-04,SUP,,False,False
829144,BOUYGUES TELECOM,LTE 700,20 PL DU CAPITOLE 31500 TOULOUSE,31555,"43.605,1.4431",Immeuble,22m,Société Privée,2026-08-03,AAV,,False,False
829144,BOUYGUES TELECOM,5G NR 3500,20 PL DU CAPITOLE 31500 TOULOUSE,31555,"43.605,1.4431",Immeuble,22m,Société Privée,,AJO,,False,False
829822,ORANGE,GSM 900,ESPLANADE SAINTE GERMAINE 24 CHEM COMMUNAL N°40 R PRINCIPALE 31820 PIBRAC,31417,"43.6183,1.2831",Monument religieux,32m,Association,2014-01-29,SUP,,False,False
829836,SFR,GSM 900,R LE JARTEAU RÉSIDENCE LE JARTEAU (CRABEYRE EST) 33520 BRUGES,33075,"44.8783,-0.6131",Immeuble,"26,2m","Copropriété, Syndic, SCI",2007-12-21,SUP,,False,False
829912,ORANGE,GSM 900,"112, 114 AV DE LAVAUR 31500 TOULOUSE",31555,"43.6219,1.4647",Immeuble,26m,"Copropriété, Syndic, SCI",2024-05-23,SUP,,False,False
830319,SFR,"LTE 1800, 5G NR 2100",RD 766 CHATEAU D'EAU (MARTINET) 37110 SAUNAY,37240,"47.5969,0.9731",Château d'eau - réservoir,47m,"Syndicat des eaux, Adduction",2026-07-22,ALL,,False,False
830474,BOUYGUES TELECOM,LTE 2600,32 AV GRÉSIVAUDAN HÔTEL  LES 3 ROSES 38700 CORENC,38126,"45.2111,5.7622",Immeuble,18m,Société Privée,2026-07-23,ALL,,False,False
831863,SFR,GSM 900, (CANTON DES MONTS DE CORNON) 60320 NERY,60447,"49.2531,2.7569",Pylône autostable,38m,ATC FRANCE,2005-04-21,SUP,,False,False
834699,BOUYGUES TELECOM,UMTS 2100,CTRE CIAL CARRE SENART 77127 LIEUSAINT,77251,"48.615,2.5494",Bâtiment,20m,Société Privée,2018-05-30,SUP,,False,False
836214,BOUYGUES TELECOM,"LTE 700, LTE 800",7 R DENIS PAPIN 92230 GENNEVILLIERS,92036,"48.9467,2.3086",Bâtiment,22m,Société Privée,2026-08-05,AAV,,False,False
836330,ORANGE,"LTE 700, LTE 2100, 5G NR 3500", (MORNE VERT PRÉ) 97213 GROS MORNE,97212,"14.6978,-60.9797",Pylône autostable,55m,ORANGE Services Fixes,,AJO,,False,False
836330,ORANGE,LTE 2600, (MORNE VERT PRÉ) 97213 GROS MORNE,97212,"14.6978,-60.9797",Pylône autostable,55m,ORANGE Services Fixes,,SUP,,False,False
838391,ORANGE,GSM 900,9 R ST SERNIN 31600 MURET,31395,"43.4619,1.3308",Immeuble,17m,ORANGE,2018-01-10,SUP,,False,False
838897,ORANGE,GSM 900,14 R LOUIS BRÉGUET 31700 CORNEBARRIEU,31150,"43.6467,1.3389",Pylône tubulaire,15m,TOTEM,2011-06-21,SUP,,False,False
838909,ORANGE,GSM 900,CHEM DE GINESTY (GINESTY) 31450 POMPERTUZAT,31429,"43.4997,1.5258",Pylône autostable,30m,TOTEM,2012-03-05,SUP,,False,False
839070,ORANGE,GSM 900,D. 12 (LE RAT) 31470 BONREPOS SUR AUSSONNELLE,31075,"43.5547,1.1406",Pylône tubulaire,26m,TOTEM,2012-02-29,SUP,,False,False
83992,SFR,GSM 900,RD 50 (LA CROIX MENEAU) 72550 COULANS SUR GEE,72096,"47.9969,0.0203",Château d'eau - réservoir,"55,7m","Syndicat des eaux, Adduction",2018-04-13,SUP,,False,False
846623,BOUYGUES TELECOM,"LTE 1800, LTE 2100",IMP DE FONTANAS 87270 BONNAC LA COTE,87020,"45.9594,1.3181",Pylône autostable,"52,3m",CELLNEX,2026-07-20,ALL,,False,False
846623,SFR,5G NR 2100,IMP DE FONTANAS 87270 BONNAC LA COTE,87020,"45.9594,1.3181",Pylône autostable,"52,3m",CELLNEX,2026-07-22,ALL,,False,False
849650,ORANGE,GSM 900,AÉROPORT DE TOULOUSE BLAGNAC PARKING SILO 31700 BLAGNAC,31069,"43.6319,1.3742",Bâtiment,26m,"CCI, Ch Métier, Port Aut, Aéroport",2017-10-03,SUP,,False,False
849685,ORANGE,GSM 900,1 R DOMINIQUE PÉRIGNON CASERNE PÉRIGNON 31500 TOULOUSE,31555,"43.5992,1.4644",Pylône autostable,72m,Autres,2021-08-17,SUP,,False,False
849763,SFR,GSM 900,4 R JOACHIM GÉNARD 31500 TOULOUSE,31555,"43.6122,1.4658",Immeuble,18m,"Copropriété, Syndic, SCI",2000-03-31,SUP,,False,False
854409,ORANGE,GSM 900,8 IMP PIERRE DE COUBERTIN COMPLEXE SPORTIF 31150 BRUGUIERES,31091,"43.7181,1.4133",Pylône tubulaire,25m,HIVORY,2011-12-19,SUP,,False,False
854453,SFR,GSM 900,CHEM DE LA LOGE 31500 TOULOUSE,31555,"43.5664,1.4333",Pylône tubulaire,"30,1m",HIVORY,2008-04-18,SUP,,False,False
854475,ORANGE,GSM 900,60 CHE DU CDT JOËL LE GOFF 31500 TOULOUSE,31555,"43.5964,1.3811",Pylône autostable,"26,9m",HIVORY,2014-06-19,SUP,,False,False
856155,ORANGE,GSM 900, (LE TRICOU) 31670 LABEGE,31254,"43.5381,1.5417",Pylône autostable,33m,ATC FRANCE,2013-09-11,SUP,,False,False
860060,SFR,GSM 900,31 COURS DE LA JUSTICE 57500 ST AVOLD,57606,"49.1139,6.7186",Immeuble,23m,SFR,2000-09-05,SUP,,False,False
864615,ORANGE,LTE 700,RTE DE BRESILLEY - D.12 (COMBE D'AGRA) 39350 OUGNEY,39398,"47.2478,5.665",Pylône autostable,30m,TOTEM,2026-08-05,AAV,,False,False
867078,SFR,GSM 900,7 BD ST DENIS 75003 PARIS 03,75103,"48.8689,2.3547",Bâtiment,"28,2m","Copropriété, Syndic, SCI",2025-01-06,SUP,,False,False
867109,SFR,GSM 900,"3, R DOLOMIEU 75005 PARIS 05",75105,"48.8425,2.3522",Immeuble,25m,Particulier,2022-04-12,SUP,,False,False
869866,ORANGE,GSM 900,IMP DIDIER LAPEYRE ZI JEAN MALEZE (TERREFORT DE GRANDFONDS) 47240 CASTELCULIER,47051,"44.1786,0.6897",Pylône autostable,35m,HIVORY,2012-01-07,SUP,,False,False
871197,SFR,GSM 900,CHEM DU MARAIS DU SOUCI PARC DES SPORTS JEAN GUIMIER 93270 SEVRAN,93071,"48.9467,2.5444",Pylône tubulaire,30m,HIVORY,2000-01-07,SUP,,False,False
871219,SFR,GSM 900,14 / 20 R GABRIEL PÉRI 93270 SEVRAN,93071,"48.9386,2.5311",Immeuble,19m,"Copropriété, Syndic, SCI",2021-03-26,SUP,,False,False
871793,ORANGE,GSM 900,ROUTE DÉPARTEMENTALE DE MASSEUBE - D139 (LASPEYRIERES) 32140 MASSEUBE,32242,"43.425,0.5894",Pylône autostable,24m,TOTEM,2011-07-27,SUP,,False,False
872381,ORANGE,GSM 900,IMP ALFRED SAUVY 31270 CUGNAUX,31157,"43.5361,1.3597",Pylône tubulaire,15m,TOTEM,2011-07-27,SUP,,False,False
875204,ORANGE,GSM 900, (ABDON) 09270 MAZERES,09185,"43.2506,1.6664",Pylône autostable,40m,CELLNEX,2012-10-01,SUP,,False,False
876087,ORANGE,GSM 900, (CLOT DES GARROSSES) 09120 VENTENAC,09327,"43.0161,1.7422",Pylône autostable,40m,Conseil Départemental,2012-10-01,SUP,,True,False
876127,ORANGE,GSM 900,HARAS DE LA COUMELLE (BIDORLES) 09600 DUN,09107,"43.0233,1.8067",Pylône autostable,25m,Conseil Départemental,2006-12-30,SUP,,True,False
876167,ORANGE,GSM 900, (SUC) 09220 VAL DE SOS,09334,"42.7831,1.4739",Pylône autostable,24m,Conseil Départemental,2007-04-19,SUP,,True,False
877266,ORANGE,GSM 900,7 CHEM DES HERBETTES 31500 TOULOUSE,31555,"43.5781,1.4706",Pylône tubulaire,24m,TOTEM,2011-12-18,SUP,,False,False
878065,ORANGE,GSM 900,CHEM DE CASSELEBRE (LE BOIS COMMUNAL) 31150 BRUGUIERES,31091,"43.7369,1.4097",Pylône tubulaire,23m,TOTEM,2011-12-24,SUP,,False,False
881482,ORANGE,GSM 900,D 283 (MONCASSIN) 32140 AUSSOS,32468,"43.3708,0.6539",Château d'eau - réservoir,47m,"Syndicat des eaux, Adduction",2006-03-11,SUP,,True,False
884071,ORANGE,GSM 900,VC 14 (MORTIS) 65710 CAMPAN,65123,"42.9692,0.24",Pylône autostable,35m,EDF ou GDF,2005-11-25,SUP,,False,False
886266,SFR,GSM 900,AV EDMOND ESMONIN 38100 GRENOBLE,38185,"45.1611,5.7183",Pylône autostable,"42,4m",TDF,2018-03-09,SUP,,False,False
886531,ORANGE,GSM 900,LES COUILLADES DE LIERBES (LES SAQUETS) 09110 AX LES THERMES,09032,"42.6636,1.7914",Pylône tubulaire,12m,TOTEM,2012-10-17,SUP,,False,False
886553,ORANGE,GSM 900,29 CHEM DU CHAPITRE 31500 TOULOUSE,31555,"43.5575,1.4061",Pylône tubulaire,18m,TOTEM,2011-12-17,SUP,,False,False
902555,FREE MOBILE,5G NR 700, (BAUDET) 73210 PEISEY NANCROIX,73197,"45.5522,6.7653",Pylône autostable,"14,5m",TOTEM,2026-07-24,ALL,,False,False
903863,ORANGE,GSM 900,D.24 (LAS BROCOS) 31270 CUGNAUX,31157,"43.5517,1.3144",Pylône autostable,28m,TOTEM,2012-02-06,SUP,,False,False
903973,ORANGE,GSM 900,PRADY ADM:PRADY (PEYRE ROUGE) 46700 FLORESSAS,46107,"44.4753,1.1142",Pylône autostable,37m,TOTEM,2005-06-11,SUP,,False,False
906285,ORANGE,GSM 900,16 R VICTOR HUGO 31170 TOURNEFEUILLE,31557,"43.59,1.3572",Immeuble,"18,5m",Particulier,2012-02-06,SUP,,False,False
911393,FREE MOBILE,"LTE 2100, 5G NR 700",RD 560 (LES GRAVIERES) 83119 BRUE AURIAC,83025,"43.5231,5.9364",Pylône autostable,"16,5m",TOTEM,2026-07-28,ALL,,False,False
911401,ORANGE,5G NR 700, (PITON PARTAGE OU PITON SALE) 97439 STE ROSE,97419,"-21.2192,55.7031",Mât métallique,5m,ORANGE Services Fixes,,AJO,,True,False
912975,ORANGE,GSM 900,27 R ERNEST  ANDRÉ 97232 LE LAMENTIN,97213,"14.6164,-61.0022",Bâtiment,26m,Particulier,2006-12-02,SUP,,False,False
92130,ORANGE,GSM 900,"26, PL MARNAC CTRE CIAL DE RAMONVILLE 31520 RAMONVILLE ST AGNE",31446,"43.5467,1.4778",Immeuble,33m,"Copropriété, Syndic, SCI",1996-09-06,SUP,,False,False
92158,ORANGE,GSM 900,1/3 CHEM DE PAPUS 31500 TOULOUSE,31555,"43.5728,1.4111",Immeuble,31m,"Copropriété, Syndic, SCI",2017-10-18,SUP,,False,False
921745,ORANGE,GSM 900,EN CAILLAOUET (PLAINE DU PIGAIL) 31470 STE FOY DE PEYROLIERES,31481,"43.4875,1.1361",Pylône autostable,30m,TOTEM,2012-09-25,SUP,,False,False
92184,ORANGE,GSM 1800,77 R LOUIS BONRN 31500 TOULOUSE,31555,"43.5792,1.4603",Immeuble,20m,Société HLM,1996-12-06,SUP,,False,False
92260,ORANGE,GSM 900,D.112 - A CÔTÉ DU CHÂTEAU D'EAU (MARQUET) 31590 LAVALETTE,31285,"43.6439,1.6058",Pylône autostable,40m,TOTEM,1997-03-28,SUP,,False,False
92288,ORANGE,GSM 900, (LA LOSSE) 31580 LECUSSAN,31289,"43.1628,0.4917",Château d'eau - réservoir,28m,"Syndicat des eaux, Adduction",1997-06-06,SUP,,True,False
92324,ORANGE,GSM 900,CHÂTEAU D'EAU (ESTARAC) 31360 BOUSSENS,31084,"43.1678,0.9658",Château d'eau - réservoir,29m,Société Privée,1997-09-26,SUP,,False,False
92432,ORANGE,GSM 900,TERRAIN DE SPORT - D.5 (ESCAZALASSES) 31160 SOUEICH,31550,"43.0508,0.7756",Pylône tubulaire,30m,TOTEM,1999-10-08,SUP,,False,False
924636,ORANGE,GSM 900, (SERRE DE PUJARNAOUT) 31350 NIZAN GESSE,31398,"43.2222,0.5931",Pylône autostable,39m,TOTEM,1997-06-20,SUP,,True,False
92464,ORANGE,GSM 900, (EN PALANQUE) 32350 BIRAN,32054,"43.7036,0.4358",Pylône autostable,34m,TOTEM,1996-06-07,SUP,,False,False
92476,ORANGE,GSM 900,RÉSERVOIR (EN MILLET) 32600 L ISLE JOURDAIN,32160,"43.6017,1.1039",Château d'eau - réservoir,23m,"Commune, communauté de communes",1997-05-30,SUP,,False,False
925532,ORANGE,GSM 900,REFUGE DU CHIOULA (BOIS DU DRAZET) 09110 PRADES,09232,"42.7558,1.8603",Pylône autostable,"32,5m",Conseil Départemental,2012-04-30,SUP,,True,False
927525,ORANGE,GSM 900,CHEM D'EXPLOITATION (LASMUES) 65500 VIC EN BIGORRE,65460,"43.3825,0.0678",Pylône autostable,49m,HIVORY,2013-01-22,SUP,,False,False
930649,ORANGE,GSM 900,ENTRÉE TUNNEL (PONT CERDA) 09390 L HOSPITALET PRES L ANDORRE,09139,"42.5769,1.7917",Tunnel,8m,Sociétés d'Autoroutes,2006-11-25,SUP,,True,False
932883,ORANGE,5G NR 700,7 ALLÉE DES MISSIONS ZI 51170 FISMES,51250,"49.3097,3.6703",Pylône tubulaire,20m,TOTEM,2026-07-30,ALL,,False,False
938970,ORANGE,GSM 900,66 AV DE LA REYNERIE CENTRAL TÉLÉPHONIQUE 31500 TOULOUSE,31555,"43.5669,1.4064",Bâtiment,"29,8m",ORANGE Services Fixes,2017-11-30,SUP,,False,False
951876,ORANGE,GSM 900,D.164 CROISEMENT CHEM PUBLIC DE DARRÉ BURRAT AUTOCOM (LANUSSE) 65230 BETBEZE,65088,"43.2875,0.5683",Pylône autostable,31m,TOTEM,1997-06-20,SUP,,False,False
955472,ORANGE,GSM 900,BD  DU CENTENAIRE (PIC DU JER) 65100 LOURDES,65286,"43.0931,-0.0367",Pylône tubulaire,22m,TOTEM,2012-11-16,SUP,,False,False
955507,ORANGE,GSM 900,N224 (MONGE GAZAN) 31700 MONDONVILLE,31351,"43.6678,1.3042",Pylône autostable,25m,TOTEM,2012-01-30,SUP,,False,False
956722,ORANGE,GSM 900,2 R PORTE DU PUITS MAIRIE DE FRANCESCAS 47600 FRANCESCAS,47102,"44.0639,0.4283",Bâtiment,13m,"Commune, communauté de communes",2012-08-24,SUP,,True,False
956859,ORANGE,GSM 900, (LE MONGE) 65100 LOURDES,65286,"43.1142,-0.0322",Pylône autostable,42m,RTE,2012-09-13,SUP,,False,False
959272,ORANGE,GSM 900,"12, CHEM DE ROQUES 31500 TOULOUSE",31555,"43.6208,1.4056",Immeuble,17m,"Copropriété, Syndic, SCI",2012-07-23,SUP,,False,False
964801,FREE MOBILE,5G NR 3500,22 RUE DE LA PAIX  75002 PARIS 02,75102,"48.8697,2.3319",Bâtiment,"30,9m","Copropriété, Syndic, SCI",2026-07-24,ALL,,False,False
968577,ORANGE,GSM 900,1-3 AVENUE DE CORNEBARRIEU 31700 BLAGNAC,31069,"43.6369,1.3903",Bâtiment,14m,Société Privée,2012-07-15,SUP,,False,False
969946,ORANGE,GSM 900,VOIE COMMUNALE 202 (CASSEBERTATS) 32320 RIGUEPEU,32343,"43.6578,0.3603",Pylône autostable,30m,Conseil Départemental,2012-09-20,SUP,,True,False
970907,ORANGE,GSM 900,CHEMIN RURAL 3 (LE BOIS) 32290 AIGNAN,32001,"43.7111,0.0783",Pylône autostable,40m,Conseil Départemental,2012-04-20,SUP,,True,False
97396,ORANGE,GSM 900, (LE BOURG) 46360 NADILLAC,46210,"44.5644,1.5181",Immeuble,17m,"Commune, communauté de communes",1997-12-15,SUP,,False,False
97432,ORANGE,GSM 900, (COMBE RIVIÈRE) 46320 GREZES,46131,"44.6344,1.8169",Pylône autostable,26m,TOTEM,2000-02-18,SUP,,False,False
974630,ORANGE,GSM 900,1 CHEMIN DE BASTILLAC 65000 TARBES,65440,"43.2239,0.0408",Pylône tubulaire,"27,3m",TOTEM,2012-03-12,SUP,,False,False
975017,TELCO OI,LTE 2100,ROUTE DE VAHIBÉ (PASSAMAINTI) 97605 MAMOUDZOU,97611,"-12.8036,45.2042",Bâtiment,8m,Particulier,2025-06-03,ART,,False,False
97520,ORANGE,GSM 900,CHÂTEAU D'EAU (GRANDES VIGNES) 47410 LAUZUN,47142,"44.6275,0.4661",Château d'eau - réservoir,26m,"Syndicat des eaux, Adduction",1998-02-13,SUP,,False,False
97526,ORANGE,GSM 900, (CROSES) 47800 MOUSTIER,47194,"44.6467,0.2972",Pylône autostable,36m,TOTEM,1998-02-27,SUP,,False,False
97538,ORANGE,GSM 900,R DU CHÂTEAU D'EAU 47600 MONCRABEAU,47174,"44.0319,0.3714",Château d'eau - réservoir,22m,"Syndicat des eaux, Adduction",1998-12-30,SUP,,False,False
97542,ORANGE,GSM 900, (BURENQUE) 47230 POMPIEY,47207,"44.1881,0.2175",Pylône autostable,36m,TOTEM,1999-01-29,SUP,,False,False
976625,ORANGE,GSM 900,COURS DU 8 MAI CENTRAL TÉLÉPHONIQUE FT 82400 VALENCE,82186,"44.1067,0.9",Pylône autostable,30m,TOTEM,2002-01-25,SUP,,False,False
98122,FREE MOBILE,"LTE 900, 5G NR 700",VC 102 LA CROIX ROUGE CHAMP BRISSON-CHÂTEAU D'EAU (VILLAGE DE LA BORDERIE) 50620 REMILLY LES MARAIS,50431,"49.1611,-1.2786",Pylône autostable,30m,TOTEM,2026-07-24,ALL,,False,False
985470,ORANGE,GSM 900,"25, RUE DES CARMES 09100 PAMIERS",09225,"43.1167,1.6094",Mât métallique,22m,TOTEM,2017-08-10,SUP,,False,False
989191,ORANGE,GSM 900,AVENUE DE PURPAN 31700 BLAGNAC,31069,"43.6211,1.3975",Pylône autostable,29m,RTE,2012-11-12,SUP,,False,False
989700,ORANGE,GSM 900,LA FERME DE CORNE (AU MOULIN) 32120 MARAVAT,32232,"43.7639,0.7586",Pylône autostable,38m,TOTEM,2012-11-05,SUP,,True,False
