id_support,operateur,technologie,adresse,code_insee,coordonnees,type_support,hauteur_support,proprietaire_support,date_activ,action,infos,is_zb,is_new
1051695,BOUYGUES TELECOM,"GSM 900, GSM 1800, UMTS 2100",TUNNEL DE ST CYR A 12 (TUNNEL DE FONTENAY) 78210 ST CYR L ECOLE,78545,"48.8056,2.0508",Tunnel,"8,5m",DDE,2002-05-02,SUP,,False,False
1051697,BOUYGUES TELECOM,"GSM 900, GSM 1800, UMTS 2100",TUNNEL DE ST CYR A 12 (TUNNEL DE FONTENAY) 78210 ST CYR L ECOLE,78545,"48.805,2.0508",Tunnel,"8,5m",DDE,2002-05-02,SUP,,False,False
1051702,BOUYGUES TELECOM,"GSM 900, GSM 1800, UMTS 2100",TUNNEL DE CHAMPIGNY A 4 94500 CHAMPIGNY SUR MARNE,94017,"48.8272,2.5106",Tunnel,"6,2m",DDE,1997-07-10,SUP,,False,False
1051704,BOUYGUES TELECOM,"GSM 900, GSM 1800, UMTS 2100",TUNNEL DE CHAMPIGNY A 4 94500 CHAMPIGNY SUR MARNE,94017,"48.8272,2.5106",Tunnel,"6,2m",DDE,1997-07-10,SUP,,False,False
1057146,SFR,UMTS 900,24 AVENUE DU GENERAL PATTON 77000 MELUN,77288,"48.5464,2.6508",Immeuble,19m,"Copropriété, Syndic, SCI",,SUP,,False,True
1059869,ORANGE,5G NR 2100,LOU CHAOUSSE (LE CAUSSE) 48000 BADAROUX,48013,"44.5225,3.5508",Pylône autostable,33m,TDF,2026-07-13,AJA,,False,False
1074045,BOUYGUES TELECOM,UMTS 2100,AV PAUL VAILLANT COUTURIER TUNNEL DE RACCORDEMENT BD PÉRIPHÉRIQUE 94250 GENTILLY,94037,"48.8167,2.3364",Tunnel,"5,5m",DDE,2008-10-23,SUP,,False,False
1074071,BOUYGUES TELECOM,UMTS 2100,AV PAUL VAILLANT COUTURIER TUNNEL DE RACCORDEMENT BD PÉRIPHÉRIQUE 94250 GENTILLY,94037,"48.8167,2.3367",Tunnel,"4,7m",DDE,2008-10-23,SUP,,False,False
1074077,BOUYGUES TELECOM,UMTS 2100,AV PAUL VAILLANT COUTURIER TUNNEL DE RACCORDEMENT BD PÉRIPHÉRIQUE 94250 GENTILLY,94037,"48.8167,2.3375",Tunnel,5m,DDE,2008-10-23,SUP,,False,False
1133682,ORANGE,"5G NR 700, 5G NR 3500","16, RUE DE LA ROCHEFOUCAULD 93260 LES LILAS",93045,"48.8817,2.4128",Immeuble,40m,Société HLM,2026-07-20,AJA,,False,False
1166890,ORANGE,"GSM 900, UMTS 900, LTE 800, LTE 1800, LTE 2100",RUE CLÉMENT GUILBAUD EGLISE 44330 MOUZILLON,44108,"47.1403,-1.2808",Monument religieux,35m,"Commune, communauté de communes",2014-04-07,SUP,,False,False
1186283,BOUYGUES TELECOM,GSM 1800,"17, RUE HAMELIN 75116 PARIS 16",75116,"48.8669,2.2922",Bâtiment,28m,Société Privée,2014-01-30,SUP,,False,False
1190515,SFR,"UMTS 900, 5G NR 2100",7 RUE DE L  UNION AV. DU GÉNÉRAL LECLERC 93120 LA COURNEUVE,93027,"48.9281,2.3831",Immeuble,"39,3m",Société HLM,,SUP,,False,False
1237595,ORANGE,LTE 700,VOIE COMMUNALE N° 3 (LA BOUTELAIS) 35560 VAL COUESNON,35004,"48.4744,-1.5264",Pylône autostable,36m,TOTEM,2026-07-30,AAV,,False,False
1285300,BOUYGUES TELECOM,LTE 2600,231 QUAI SAINT PIERRE CO-PROPRIÉTÉ LES VOILES (LE BRUSC) 83140 SIX FOURS LES PLAGES,83129,"43.0756,5.8022",Bâtiment,"16,1m","Copropriété, Syndic, SCI",2026-07-06,ALL,,False,False
1290594,BOUYGUES TELECOM,UMTS 2100,CCAL LES 4 TEMPS // PARVIS DE LA DEFENSE (LA DEFENSE) 92800 PUTEAUX,92062,"48.8903,2.2372",Bâtiment,32m,"Copropriété, Syndic, SCI",2008-12-02,SUP,,False,False
1291867,BOUYGUES TELECOM,LTE 1800,D126 / ROUTE DE SENNELY À VIERZON LES ALLICOURTS 41300 PIERREFITTE SUR SAULDRE,41176,"47.5469,2.1811",Pylône autostable,43m,BOUYGUES,,AJO,,False,False
1303052,BOUYGUES TELECOM,UMTS 2100,103 CHEM DE PAYENS (STE COLOMBE) 11610 PENNAUTIER,11279,"43.25,2.2875",Pylône autostable,"39,3m",TDF,2009-01-27,SUP,,False,False
1306041,BOUYGUES TELECOM,UMTS 2100,29 R EDOUARD VAILLANT HÔTEL MERCURE 37200 TOURS,37261,"47.3869,0.6978",Bâtiment,"32,7m",Société Privée,2025-04-30,SUP,,False,False
1325538,BOUYGUES TELECOM,UMTS 2100,N 198 DOMAINE CASABIANCA (AJE BLANCHE) 20230 LINGUIZZETTA,2B143,"42.1886,9.53",Pylône tubulaire,21m,ATC FRANCE,2018-12-19,SUP,,False,False
1333196,BOUYGUES TELECOM,LTE 700,63 AVENUE CAP DE CROIX LE BELLA NISSA 06300 NICE,06088,"43.7314,7.2753",Immeuble,25m,"Copropriété, Syndic, SCI",2026-07-17,ALL,,False,False
1333917,PMT-VODAFONE,5G NR 3500,ROUTE DU LOTISSEMENT OVIRI GENDARMERIE (COL DU TAHARAA) 98710 MAHINA,98725,"-17.5156,-149.5025",Pylône autostable,35m,Pacific Mobile Telecom,,AJO,,False,False
1335573,ORANGE,"5G NR 700, 5G NR 3500",89 BOULEVARD NAPOLEON II (LE CORAIL B) 06300 NICE,06088,"43.6831,7.2231",Immeuble,"18,5m","Copropriété, Syndic, SCI",,AJO,,False,False
1335980,SFR,LTE 700,GRAND ESSART (LA CROIX DU FRENE) 42590 NEULISE,42156,"45.8903,4.1878",Pylône autostable,28m,TDF,,AJO,,False,False
1336050,BOUYGUES TELECOM,UMTS 2100,R DE LA GARE PROCHE RD 955 PARKING (L'OBETTE) 59198 HASPRES,59285,"50.2636,3.4158",Pylône autostable,38m,TDF,2008-11-25,SUP,,False,False
1344222,BOUYGUES TELECOM,UMTS 2100,1661 AV GAL DE GAULLE (LONG RIDEAU) 59231 GOUZEAUCOURT,59269,"50.0497,3.1128",Pylône autostable,30m,TDF,2018-12-19,SUP,,False,False
1347126,BOUYGUES TELECOM,LTE 2100,CHE DU HOMBERG 68510 RANTZWILLER,68265,"47.6586,7.3642",Pylône autostable,"30,5m",TDF,2026-07-11,ALL,,False,False
1351289,BOUYGUES TELECOM,GSM 1800,CCAL PETITE ARCHE 37200 TOURS,37261,"47.4275,0.6992",Bâtiment,10m,Société Privée,,SUP,,False,False
1352029,BOUYGUES TELECOM,GSM 1800,R FORT GEISPOLSHEIM MAGASIN ROND POINT 67118 GEISPOLSHEIM,67152,"48.5242,7.6939",Bâtiment,6m,Société Privée,2005-09-06,SUP,,False,False
1352669,BOUYGUES TELECOM,UMTS 2100,40 R DES 3 FRERES 75018 PARIS 18,75118,"48.8853,2.3397",Bâtiment,20m,"Copropriété, Syndic, SCI",2009-04-03,SUP,,False,False
1353318,BOUYGUES TELECOM,UMTS 2100,CCAL GEANT NIORT CHAURAY 79180 CHAURAY,79081,"46.3414,-0.3828",Bâtiment,"5,6m",Société Privée,2008-12-17,SUP,,False,False
1382700,BOUYGUES TELECOM,UMTS 2100,146 AVENUE ROGER SALENGRO (LE CASTEL) 69100 VILLEURBANNE,69266,"45.78,4.8831",Bâtiment,34m,"Copropriété, Syndic, SCI",2007-03-07,SUP,,False,False
1388790,BOUYGUES TELECOM,LTE 1800,CHE DU DOMAINE DE SARLANT FONTCRÉPON (PRÉ FOUCAUD) 63270 YRONDE ET BURON,63472,"45.5992,3.245",Pylône autostable,30m,TDF,2026-07-15,ALL,,False,False
1404154,BOUYGUES TELECOM,5G NR 2100,LES LOGES 51230 FERE CHAMPENOISE,51248,"48.7597,3.9803",Pylône autostable,49m,TDF,2026-07-11,ALL,,False,False
1414378,ORANGE,"LTE 700, LTE 800",CHEM RURAL DIT DU BOIS DU MOIREAU (LE HAUT DE LA GAYENNE) 02820 MONTAIGU,02498,"49.5361,3.8169",Pylône autostable,42m,TDF,2026-07-31,AAV,,False,True
1426564,BOUYGUES TELECOM,LTE 2100,RUE GUSTAVE SCRIVE 59110 LA MADELEINE,59368,"50.6611,3.0631",Pylône autostable,30m,CELLNEX,2026-07-07,ALL,,False,False
1427355,BOUYGUES TELECOM,LTE 2100,CHEM DES VERDILLIERES (LES VARENNES) 17610 CHANIERS,17086,"45.7442,-0.5203",Pylône autostable,49m,TDF,2026-07-17,ALL,,False,False
1434486,BOUYGUES TELECOM,"GSM 900, GSM 1800, UMTS 2100",TUNNEL A86 AV DE LA DIVISION LECLERC 94260 FRESNES,94034,"48.7581,2.3264",Tunnel,"7,5m",DDE,2018-07-19,SUP,,False,False
1437031,ORANGE,"LTE 800, 5G NR 700",DÉCHETTERIE (PETITE BUSSIÈRE) 25410 ST VIT,25527,"47.1825,5.8314",Pylône autostable,30m,HIVORY,2026-07-30,AAV,,False,True
1438813,BOUYGUES TELECOM,GSM 1800,CARRIÈRE PERASSO CHEMIN COMM DU VALLON DE TOULOUSE 13010 MARSEILLE 10,13210,"43.2647,5.4322",Silo,"44,2m",Société Privée,2016-01-08,SUP,,False,False
1440243,BOUYGUES TELECOM,LTE 2100,LA GRANDE CHARME NATIONALE 19 (HAUT DE TINVAU) 52000 EUFFIGNEIX,52193,"48.1408,5.0408",Pylône autostable,45m,TDF,2026-07-20,ALL,,False,False
1440335,BOUYGUES TELECOM,LTE 2100,CHEM D'EXPLOITATION N°31 (LE BAUCHET) 51220 LOIVRE,51329,"49.3458,3.9711",Pylône tubulaire,44m,TDF,2026-07-20,ALL,,False,False
1457704,BOUYGUES TELECOM,LTE 2100,RD 18 (BOIS DU MOULIN DES CHENIÈRES) 54720 CUTRY,54151,"49.4953,5.7469",Pylône autostable,27m,ATC FRANCE,2026-07-20,ALL,,False,False
145945,ORANGE,5G NR 3500,PEASE DI LAVA 20167 ALATA,2A006,"41.9825,8.6733",Pylône tubulaire,12m,TOTEM,2026-07-16,ALL,,False,False
1462506,BOUYGUES TELECOM,LTE 2100,LONGEVILLE 38300 SEREZIN DE LA TOUR,38481,"45.5622,5.3369",Pylône autostable,21m,TDF,2026-07-17,ALL,,False,False
1468654,ORANGE,"LTE 800, LTE 1800, LTE 2100, LTE 2600",RUE DES ATELIERS 37700 ST PIERRE DES CORPS,37233,"47.3825,0.7119",Château d'eau - réservoir,"31,8m","Syndicat des eaux, Adduction",2018-02-28,SUP,,False,False
1471152,ORANGE,"GSM 900, GSM 1800, UMTS 900, LTE 800, LTE 1800, LTE 2100, LTE 2600",40 RUE CROWBOROUGH SAMU 45200 MONTARGIS,45208,"47.9942,2.7433",Immeuble,65m,Société HLM,2006-08-07,SUP,,False,False
1475918,BOUYGUES TELECOM,LTE 2100, (A VELOMOIS) 54840 GONDREVILLE,54232,"48.6725,5.9558",Pylône autostable,37m,ATC FRANCE,2026-07-20,ALL,,False,False
1482536,BOUYGUES TELECOM,GSM 1800,CHEMIN DE LA CROIX CATELAN RACING CLUB DE FRANCE LAGARDÈRE PARIS RACING (CROIX-CATÉLAN) 75116 PARIS 16,75116,"48.8644,2.2558",Bâtiment,12m,Société Privée,1998-08-03,SUP,,False,False
1489276,BOUYGUES TELECOM,LTE 2100,D 98 (LE COIN DU BOIS BRÛLÉ) 54300 HERIMENIL,54260,"48.5608,6.5072",Pylône autostable,35m,HIVORY,2026-07-20,ALL,,False,False
1492030,BOUYGUES TELECOM,, (AU TERRIBLE) 24100 ST LAURENT DES VIGNES,24437,"44.8319,0.4331",Pylône autostable,51m,TDF,2021-09-29,CHL,"44.83277777777778 , 0.4327777777777778",False,False
1492030,FREE MOBILE,, (AU TERRIBLE) 24100 ST LAURENT DES VIGNES,24437,"44.8319,0.4331",Pylône autostable,51m,TDF,2020-12-15,CHI,2161633,False,True
1492030,SFR,, (AU TERRIBLE) 24100 ST LAURENT DES VIGNES,24437,"44.8319,0.4331",Pylône autostable,51m,TDF,2021-09-21,CHL,"44.83277777777778 , 0.4327777777777778",False,False
1520762,SFR,LTE 700,LE CHAMP DU BOUILLON (GOUENO) 22800 ST DONAN,22287,"48.4669,-2.9083",Pylône autostable,48m,ATC FRANCE,,AJO,,False,False
1536781,BOUYGUES TELECOM,LTE 2100,RUE DE LA GRANDE CAVÉE PRÈS DE LA D53 FERME DU CHÂTEAU 80510 LONGPRE LES CORPS SAINTS,80488,"50.0108,1.9836",Pylône autostable,21m,ATC FRANCE,2026-07-20,ALL,,False,False
1538654,ORANGE,5G NR 700,23 RUE JOSEPH JÉROME DE LALANDE 76120 LE GRAND QUEVILLY,76322,"49.4061,1.0644",Bâtiment,29m,Société HLM,2026-07-31,AAV,,False,False
1538747,BOUYGUES TELECOM,"GSM 1800, UMTS 2100",140 BD ST GERMAIN 75006 PARIS 06,75106,"48.8528,2.3378",Immeuble,"28,6m",Société Privée,2015-06-01,SUP,,False,False
1549210,BOUYGUES TELECOM,LTE 700,LES BANQUES 27940 COURCELLES SUR SEINE,27180,"49.1856,1.3458",Pylône tubulaire,27m,ATC FRANCE,2026-07-17,ALL,,False,False
1552171,BOUYGUES TELECOM,GSM 1800,160 AV GIUSEPPE VERDI - LES ALLS PROVENCALES 13540 AIX EN PROVENCE,13001,"43.5261,5.4439",Bâtiment,4m,Société Privée,2019-05-27,SUP,,False,False
1570162,BOUYGUES TELECOM,LTE 2100,41 TER R DU GÉNÉRAL LECLERC (FERME NIQUET) 80150 CANCHY,80167,"50.1908,1.8742",Pylône autostable,"33,3m",HIVORY,2026-07-10,ALL,,False,False
1573968,BOUYGUES TELECOM,LTE 2100,TER CHEM (LA RITOYE) 16220 ST SORNIN,16353,"45.685,0.4669",Pylône autostable,32m,HIVORY,2026-07-15,ALL,,False,False
1573979,BOUYGUES TELECOM,LTE 2100,TER CHEM (LES MINARETS) 16410 BOUEX,16055,"45.6139,0.3281",Pylône autostable,32m,SFR,2026-07-15,ALL,,False,False
1578187,ORANGE,5G NR 700, (LE GUETTE LOUP) 44980 STE LUCE SUR LOIRE,44172,"47.2642,-1.4603",Pylône tubulaire,35m,TOTEM,2025-12-26,ART,,False,False
1579860,ORANGE,LTE 700,D 335-1 - RUE DU MOULIN DE VILLIERS (MOULIN DE VILLIERS) 28310 SANTILLY,28367,"48.1433,1.8839",Pylône autostable,30m,Particulier,2026-07-28,AAV,,False,False
1584881,ORANGE,5G NR 700,220 ROUTE DE PICHE ZAC GRAHOUE 40160 GASTES,40108,"44.3203,-1.1239",Pylône autostable,"38,8m",ATC FRANCE,2026-07-20,AJA,,False,False
1584881,ORANGE,LTE 700,220 ROUTE DE PICHE ZAC GRAHOUE 40160 GASTES,40108,"44.3203,-1.1239",Pylône autostable,"38,8m",ATC FRANCE,,SUP,,False,False
1591739,BOUYGUES TELECOM,GSM 1800,ROUTE DE SAINT ROCH (UMBRIA) 20290 BORGO,2B042,"42.5544,9.4286",Pylône autostable,"15,4m",HIVORY,2015-12-28,SUP,,False,False
1591779,SFR,UMTS 2100,TER BD (A MOUNAS) 32600 AURADE,32016,"43.5697,1.0669",Pylône autostable,"14,8m",HIVORY,2018-10-17,SUP,,False,False
1593081,BOUYGUES TELECOM,LTE 2100,RÉSERVOIR DE FRISCOLACCIO (CAMPO ALLI CIPRESSI) 20222 BRANDO,2B043,"42.7661,9.4539",Pylône tubulaire,"17,5m",HIVORY,2026-07-20,ALL,,False,False
1597197,BOUYGUES TELECOM,LTE 2600,TER RTE DU MAQUIS (CHAMPS POIRIER) 88550 JARMENIL,88250,"48.1158,6.5761",Pylône autostable,32m,HIVORY,2026-07-20,ALL,,False,False
1597491,BOUYGUES TELECOM,"GSM 900, GSM 1800, UMTS 2100",96 AV CHARLES DE GAULLE TUNNEL DE NEUILLY N13 92200 NEUILLY SUR SEINE,92051,"48.8842,2.2619",Tunnel,5m,"Commune, communauté de communes",2020-02-26,SUP,,False,False
1597732,BOUYGUES TELECOM,LTE 700,CHEM DES COURTAUDS (LES COURTAUDS) 03460 VILLENEUVE SUR ALLIER,03316,"46.6642,3.2556",Pylône autostable,28m,ATC FRANCE,,AJO,,False,False
1605369,BOUYGUES TELECOM,LTE 2100,20 RUE EUGENE BOUDIN 14360 TROUVILLE SUR MER,14715,"49.3611,0.0939",Immeuble,23m,Société HLM,2026-07-09,ALL,,False,False
1610285,BOUYGUES TELECOM,LTE 1800, (LE CAUSSE) 12490 VIALA DU TARN,12296,"44.0617,2.8861",Pylône autostable,"27,7m",Conseil Départemental,,AJO,,False,False
1622965,ORANGE,"GSM 900, UMTS 900, LTE 700, LTE 800, LTE 1800, LTE 2100, LTE 2600, 5G NR 700, 5G NR 3500","12, RUE DES MOULINS 61200 ARGENTAN",61006,"48.7417,-0.0192",Immeuble,32m,Société HLM,2023-05-24,SUP,,False,False
1628820,BOUYGUES TELECOM,5G NR 2100,CHEM DU CAMPING (LE METTEY) 88120 VAGNEY,88486,"48.0103,6.7328",Pylône autostable,30m,HIVORY,2026-07-11,ALL,,False,False
1632904,BOUYGUES TELECOM,"GSM 1800, UMTS 2100",RTE DE ST ANTOINE VILLA ORCA 20167 AJACCIO,2A004,"41.925,8.7117",Local technique,"7,1m",SFR,2016-03-24,SUP,,False,False
1640170,ORANGE,"LTE 2100, LTE 2600, 5G NR 700, 5G NR 3500",PROCHE INTERSECTION D978 ET D149-ET DES RESERVOIRS (BERTELAGE) 63610 BESSE ET ST ANASTAISE,63038,"45.5108,2.9272",Pylône autostable,34m,TDF,,AJO,,False,False
1640170,ORANGE,LTE 700,PROCHE INTERSECTION D978 ET D149-ET DES RESERVOIRS (BERTELAGE) 63610 BESSE ET ST ANASTAISE,63038,"45.5108,2.9272",Pylône autostable,34m,TDF,2023-04-17,SUP,,False,False
1640844,BOUYGUES TELECOM,LTE 1800,CHEM RURAL DE VILLELONGUE (LA BOURLENAIRE) 63230 ST OURS,63381,"45.8558,2.8936",Pylône autostable,26m,ATC FRANCE,2026-07-15,ALL,,False,False
1644018,SFR,"LTE 700, LTE 1800, LTE 2100, 5G NR 2100", (LES BORNAIS) 86100 SENILLE ST SAUVEUR,86245,"46.7903,0.6183",Pylône autostable,"32,3m",HIVORY,,AJO,,False,False
1644046,BOUYGUES TELECOM,LTE 2100,RURAL D'HELCOURT A AUMALE - PRES DU TERRA (FERME DU BOIS DE LA VILLE) 76390 MORIENNE,76606,"49.7803,1.73",Pylône tubulaire,35m,ATC FRANCE,2026-07-11,ALL,,False,False
1644572,SFR,"LTE 700, LTE 2100, 5G NR 2100", (LE BOIS SAUMON) 03500 CESSET,03049,"46.3147,3.1953",Pylône autostable,31m,HIVORY,,AJO,,False,False
1645454,SFR,LTE 700,ROUTE DE CORLAY PRÈS D 943 (LES COUDRES) 36230 MONTIPOURET,36129,"46.6683,1.9186",Pylône autostable,25m,HIVORY,,AJO,,False,False
1645714,SRR,"LTE 700, LTE 800, LTE 2100",BOULEVARD MICHEL DEBRÉ - RAVINE DON JUAN RAVINE DON JUAN (KERVEGUEN) 97430 LE TAMPON,97422,"-21.2667,55.5181",Pylône autostable,25m,"Commune, communauté de communes",2026-07-22,ALL,,False,False
1651219,BOUYGUES TELECOM,LTE 2100,RD 917 (LES PHOSPHATIERES) 80240 NURLU,80601,"49.9889,3.0053",Pylône autostable,64m,TDF,2026-07-20,ALL,,False,False
1651233,BOUYGUES TELECOM,LTE 700,54B RUE PAILLARD DUCLERE (LES  FORGES) 72380 MONTBIZOT,72205,"48.1522,0.1883",Pylône autostable,"31,3m",ATC FRANCE,2026-07-17,ALL,,False,False
1657718,ORANGE,"GSM 900, UMTS 900, LTE 800, LTE 1800",CHE DE LA LANDE (LA LANDE) 53360 QUELAINES ST GAULT,53186,"47.92,-0.7967",Château d'eau - réservoir,48m,"Syndicat des eaux, Adduction",2021-02-09,SUP,,False,False
1660768,BOUYGUES TELECOM,5G NR 2100,ROUTE DE WASSY (LA GRANDE TIGE) 52410 EURVILLE BIENVILLE,52194,"48.5764,5.0342",Pylône autostable,35m,ATC FRANCE,2026-07-11,ALL,,False,False
1661256,BOUYGUES TELECOM,LTE 700,2251 ROUTE DE LIEUREY LA CAMPAGNE DONNET (LA MELLERIE) 27450 ST GEORGES DU VIEVRE,27542,"49.2433,0.5544",Pylône tubulaire,37m,HIVORY,2026-07-17,ALL,,False,False
1661284,BOUYGUES TELECOM,LTE 2100, (LA COTOTTE) 52320 FRONCLES,52211,"48.2872,5.1386",Pylône autostable,35m,ATC FRANCE,2026-07-08,ALL,,False,False
1661320,BOUYGUES TELECOM,"LTE 700, LTE 2600",CROAZ ER GALL (LA CROIX SÉNÉGAL) 22530 GUERLEDAN,22158,"48.1944,-2.9611",Pylône autostable,30m,HIVORY,,AJO,,False,False
1661369,BOUYGUES TELECOM,LTE 2100,LA FONTAINE AUX CORBEA (NIVART) 51140 BOUVANCOURT,51077,"49.3317,3.8508",Pylône autostable,32m,ATC FRANCE,2026-07-20,ALL,,False,False
1664267,BOUYGUES TELECOM,LTE 2100,BOIS ST-LOUIS (LE PETIT JURÉ DE LA PLAINE) 55000 BAR LE DUC,55029,"48.7625,5.1406",Pylône autostable,35m,HIVORY,2026-07-20,ALL,,False,False
1664876,BOUYGUES TELECOM,5G NR 3500,7 RUE DE LA SEYNE 82410 ST ETIENNE DE TULMONT,82161,"44.0492,1.4611",Monument religieux,30m,"Commune, communauté de communes",2026-07-15,ALL,,False,False
1665359,ORANGE,5G NR 700,ATELIERS COMMUNAUX PIÈCES DE LA BARRIÈRE 72310 BESSE SUR BRAYE,72035,"47.8322,0.7375",Pylône autostable,32m,TOTEM,2026-07-13,ALL,,False,False
1667708,BOUYGUES TELECOM,5G NR 2100, (LE PLANTIS DE BEL AIR) 17350 TAILLEBOURG,17436,"45.8644,-0.6075",Pylône autostable,48m,SFR,2026-07-19,ALL,,False,False
1667708,SFR,5G NR 2100, (LE PLANTIS DE BEL AIR) 17350 TAILLEBOURG,17436,"45.8644,-0.6075",Pylône autostable,48m,SFR,2026-07-17,ALL,,False,False
1669288,BOUYGUES TELECOM,LTE 2100,11 B  DE BRIOT      CD 119 (HAMEAU DE PETIT HALLOY) 60210 HALLOY,60295,"49.6542,1.9253",Château d'eau - réservoir,"40,5m","Commune, communauté de communes",2026-07-08,ALL,,False,False
1670025,BOUYGUES TELECOM,LTE 2100,VC N°4 PEAU DE LEU (LES HAUTS CHAMPS) 76440 SOMMERY,76678,"49.6292,1.4222",Château d'eau - réservoir,40m,"Syndicat des eaux, Adduction",2026-07-11,ALL,,False,False
1671498,BOUYGUES TELECOM,LTE 2100, (LA GRANDE PLANCHE) 17250 STE RADEGONDE,17389,"45.8347,-0.8856",Pylône autostable,32m,SFR,2026-07-18,ALL,,False,False
1675627,BOUYGUES TELECOM,LTE 2100,94  CHEMIN VICINAL ORDINAIRE RD 575 (L'ÉTANG) 51140 COURCELLES SAPICOURT,51181,"49.2806,3.8431",Pylône autostable,"42,2m",TDF,2026-07-20,ALL,,False,False
1682143,BOUYGUES TELECOM,5G NR 2100, (LA VALLEE) 80570 DARGNIES,80235,"50.0469,1.5189",Pylône autostable,"22,5m",HIVORY,2026-07-10,ALL,,False,False
1683017,ORANGE,LTE 700,RTE DE LAGNY (L'EPINETTE) 77131 PEZARCHES,77360,"48.7344,2.9775",Pylône tubulaire,32m,TOTEM,2026-07-22,ALL,,False,False
1685024,ORANGE,5G NR 2100,FONTALLÈS (LES MAZUTS) 46090 ARCAMBAL,46007,"44.4478,1.5539",Pylône autostable,"36,5m",ATC FRANCE,,AJO,,False,False
1685115,BOUYGUES TELECOM,5G NR 2100,R DE LA BRIQUETERIE 80210 CHEPY,80190,"50.0675,1.6347",Pylône autostable,37m,HIVORY,2026-07-20,ALL,,False,False
1687073,BOUYGUES TELECOM,LTE 700,LE STADE RUE DU BRUDIOU 29300 GUILLIGOMARC H,29071,"47.9417,-3.4144",Pylône autostable,32m,HIVORY,2026-07-17,ALL,,False,False
1687179,ORANGE,5G NR 2100,"VOIE COM ST-MAGNANCE À ST-ANDRÉ-EN-TERRE-PLAINE, L (LES BRÛLOTS) 89420 STE MAGNANCE",89351,"47.4564,4.0678",Pylône autostable,"44,1m",TDF,,AJO,,False,False
1689764,SFR,"LTE 700, LTE 1800, LTE 2100, 5G NR 2100",53 LES COURTS CHAMPS 89144 VARENNES,89430,"47.9242,3.7867",Pylône autostable,42m,TDF,,AJO,,False,False
1689764,SFR,UMTS 2100,53 LES COURTS CHAMPS 89144 VARENNES,89430,"47.9242,3.7867",Pylône autostable,42m,TDF,2016-10-21,SUP,,False,False
1691952,BOUYGUES TELECOM,"LTE 700, 5G NR 2100",22 RUE DES ROSES 67170 BRUMATH,67067,"48.7286,7.7053",Bâtiment,34m,"Coopérative Agricole, Vinicole",2026-07-12,ALL,,False,False
1692052,BOUYGUES TELECOM,LTE 2100,CH RURAL DE LA DOUCEUR (CUTLAZ) 74200 MARIN,74166,"46.3664,6.5161",Pylône autostable,18m,TDF,2026-07-15,ALL,,False,False
1695644,BOUYGUES TELECOM,LTE 2100,D81 (SAN MARTINU) 20115 PIANA,2A212,"42.2172,8.6422",Pylône tubulaire,6m,HIVORY,2026-07-20,ALL,,False,False
1701430,BOUYGUES TELECOM,"LTE 1800, LTE 2100, 5G NR 2100", (LA FORÊT) 24110 ST LEON SUR L ISLE,24442,"45.1258,0.4969",Pylône autostable,"35,4m",HIVORY,2026-07-20,ALL,,False,False
1703652,BOUYGUES TELECOM,5G NR 2100, (LES VIGNES AUX MOINES) 10400 TRAINEL,10382,"48.4222,3.4458",Pylône autostable,30m,HIVORY,2026-07-11,ALL,,False,False
1710666,BOUYGUES TELECOM,LTE 2100, (LES VILLARS) 16130 SALLES D ANGLES,16359,"45.6194,-0.3153",Pylône autostable,22m,ATC FRANCE,2026-07-19,ALL,,False,False
1713558,SFR,LTE 700, (LE VIEUX VERGEZAY) 79400 AZAY LE BRULE,79024,"46.3875,-0.2542",Pylône autostable,35m,HIVORY,,AJO,,False,False
1714372,ORANGE,"LTE 1800, 5G NR 2100", (LE VIALLARD) 19380 FORGES,19084,"45.1714,1.8461",Pylône autostable,41m,HIVORY,2026-07-15,ALL,,False,False
1715344,SFR,"LTE 700, LTE 1800, LTE 2100, 5G NR 2100",VGE DE MENAS (LES MENAS) 36120 ETRECHET,36071,"46.8033,1.7486",Pylône autostable,30m,HIVORY,,AJO,,False,False
1715344,SFR,UMTS 2100,VGE DE MENAS (LES MENAS) 36120 ETRECHET,36071,"46.8033,1.7486",Pylône autostable,30m,HIVORY,2017-01-27,SUP,,False,False
1715942,SFR,LTE 2100,RESERVOIR (BELLEVUE) 83990 ST TROPEZ,83119,"43.26,6.6467",Pylône tubulaire,"12,5m",HIVORY,2026-07-15,ALL,,False,False
1718001,BOUYGUES TELECOM,"LTE 700, LTE 1800, LTE 2100, 5G NR 2100",V COMMUNALE N°7 (LES FOUILLARDES) 79350 AMAILLOUX,79008,"46.7214,-0.2922",Pylône autostable,32m,HIVORY,,AJO,,False,False
1718833,SFR,LTE 700, (LOGE SANS CULOTTE) 56930 PLUMELIAU BIEUZY,56173,"47.9528,-2.9953",Pylône autostable,30m,HIVORY,,AJO,,False,False
1719313,BOUYGUES TELECOM,LTE 700,PRE ROUSSET ET COULET D'AU ROUTE NAPOLEON (LA BATIE) 04120 PEYROULES,04148,"43.8142,6.5942",Pylône tubulaire,12m,HIVORY,2026-07-17,ALL,,False,False
1721679,BOUYGUES TELECOM,LTE 2100,PL DE LA REPUBLIQUE EGLISE 80190 NESLE,80585,"49.7569,2.9081",Monument religieux,"44,4m","Commune, communauté de communes",2026-07-20,ALL,,False,False
1721744,BOUYGUES TELECOM,LTE 2100, (LES HAUTS DE MOUZON) 55700 MOULINS ST HUBERT,55362,"49.5847,5.1092",Pylône autostable,29m,TDF,2026-07-20,ALL,,False,False
1724005,BOUYGUES TELECOM,LTE 2100, (FIEF DE BELLEVUE) 17610 CHERAC,17100,"45.7125,-0.4675",Château d'eau - réservoir,47m,"Syndicat des eaux, Adduction",2026-07-20,ALL,,False,False
1725440,BOUYGUES TELECOM,LTE 700,PRÈS RD 96 (LE VILLAGE) 70400 COURMONT,70182,"47.6114,6.6303",Pylône autostable,22m,ATC FRANCE,,AJO,,False,False
1725482,BOUYGUES TELECOM,"LTE 700, LTE 2600",D7 RUE DES FUSILLÉS (ETANG DE LA CROIX) 45240 MARCILLY EN VILLETTE,45193,"47.7672,2.0342",Pylône autostable,"45,8m",HIVORY,2026-07-13,ALL,,False,False
1726300,BOUYGUES TELECOM,LTE 2100, (LES VERNÈDES) 66740 LAROQUE DES ALBERES,66093,"42.5314,2.9269",Pylône tubulaire,17m,HIVORY,2026-07-18,ALL,,False,False
1727805,BOUYGUES TELECOM,"GSM 1800, UMTS 2100", (LA ROCHE) 19130 ST CYR LA ROCHE,19196,"45.2858,1.4031",Pylône autostable,"35,9m",HIVORY,2017-05-23,SUP,,False,False
1731312,BOUYGUES TELECOM,LTE 2100,R DU ACKER CH D EAU 57570 HAGEN,57282,"49.4967,6.1689",Château d'eau - réservoir,"35,6m","Syndicat des eaux, Adduction",2026-07-20,ALL,,False,False
1734529,BOUYGUES TELECOM,"LTE 1800, LTE 2100, 5G NR 2100",DIT DE VERCEL (PRÉ BELLE) 25800 EPENOY,25219,"47.1467,6.405",Pylône autostable,32m,HIVORY,2026-07-15,ALL,,False,False
1735311,BOUYGUES TELECOM,"LTE 2100, 5G NR 2100",STE BORDAPE RUE DE L'ÉGLISE (DERRIERE OROER VERS FONTAINE) 60510 OROER,60480,"49.4992,2.1619",Pylône tubulaire,"41,3m",HIVORY,,AJO,,False,False
1738733,BOUYGUES TELECOM,LTE 2100,LA FERME DE BELLEVUE (LE MONT BLANC DE PROUVAIS) 02190 NEUFCHATEL SUR AISNE,02541,"49.4522,4.0114",Pylône autostable,30m,HIVORY,2026-07-20,ALL,,False,False
1746571,SFR,"LTE 700, LTE 1800, LTE 2100, 5G NR 2100",CROISEMENT CHEM VICINAL N°6 ET N° 3 (LE BOIS DU BREUIL) 41330 VILLEFRANCOEUR,41281,"47.6953,1.2019",Pylône autostable,42m,HIVORY,,AJO,,False,False
1749509,BOUYGUES TELECOM,LTE 2100,CROISEMENT D107/D74 CHATEAU D'EAU MONTIGNY LE ROI  52240 VAL DE MEUSE,52332,"48.0,5.4872",Château d'eau - réservoir,37m,Sociétés d'Autoroutes,2026-07-20,ALL,,False,False
1749526,BOUYGUES TELECOM,"GSM 1800, UMTS 2100",STATION D'EPURATION ZONE D'ACTIVITÉS LA MARTELLE (LA BARAQUE) 81150 TERSSAC,81297,"43.9178,2.0772",Pylône autostable,"32,3m",HIVORY,2017-05-23,SUP,,False,False
1752771,BOUYGUES TELECOM,LTE 2100,56 RUE DE CHATEAUDUN 41290 OUCQUES LA NOUVELLE,41171,"47.8294,1.2978",Château d'eau - réservoir,57m,"Syndicat des eaux, Adduction",2026-07-06,ALL,,False,False
1752771,SFR,"LTE 700, LTE 1800, LTE 2100",56 RUE DE CHATEAUDUN 41290 OUCQUES LA NOUVELLE,41171,"47.8294,1.2978",Château d'eau - réservoir,57m,"Syndicat des eaux, Adduction",2026-07-15,ALL,,False,False
1755046,BOUYGUES TELECOM,LTE 700,PÉAGE DE SALBIRS (VALAUDRAN/A71 PK157) 41300 SALBRIS,41232,"47.4186,2.0283",Pylône autostable,35m,BOUYGUES,2026-07-17,ALL,,False,False
1755586,SFR,"LTE 700, LTE 1800, LTE 2100, 5G NR 2100",RUE DES PASSÉES-STADE MUNICIPAL 41300 PIERREFITTE SUR SAULDRE,41176,"47.5083,2.1533",Pylône tubulaire,27m,ATC FRANCE,,AJO,,False,False
1755761,SFR,"GSM 900, UMTS 900, LTE 800, LTE 1800, LTE 2100, LTE 2600, 5G NR 2100",CHEMIN DE LA GRANDE COMMUNICATION N°9 (LE CALVAIRE) 76280 CRIQUETOT L ESNEVAL,76196,"49.6531,0.2608",Pylône autostable,"33,8m",SFR,2016-09-05,SUP,,False,False
1763271,ORANGE,"LTE 1800, 5G NR 2100", (CHEZ JOYEAU) 17770 ST CESAIRE,17314,"45.7592,-0.4964",Pylône autostable,43m,HIVORY,2026-07-16,ALL,,False,False
1763402,BOUYGUES TELECOM,LTE 2100,58 DÉPARTEMENTALE (L'ESSART) 17100 LA CHAPELLE DES POTS,17089,"45.7622,-0.5306",Pylône autostable,"37,6m",HIVORY,2026-07-17,ALL,,False,False
1764666,BOUYGUES TELECOM,LTE 2100,CHATEAU D'EAU (LE CRIAULÉ) 88270 HAROL,88233,"48.13,6.2372",Château d'eau - réservoir,"25,2m",SFR,2026-07-20,ALL,,False,False
1771305,SFR,UMTS 2100, (CAMP DE LA SEGOL) 46150 CATUS,46064,"44.5506,1.3614",Pylône autostable,"38,9m",ATC FRANCE,2018-06-08,SUP,,False,False
1771711,BOUYGUES TELECOM,LTE 2100, (LA GRAUVE) 57840 OTTANGE,57529,"49.45,6.0131",Pylône autostable,39m,CELLNEX,2026-07-20,ALL,,False,False
1771851,SFR,"LTE 700, LTE 2100, 5G NR 2100",BOIS DES LOGIS CHEM DE LA PORCHERIE (LA BRANDE DU MOREAU) 86160 SOMMIERES DU CLAIN,86264,"46.2756,0.3386",Pylône autostable,32m,ATC FRANCE,,AJO,,False,False
1771988,BOUYGUES TELECOM,5G NR 3500,22 RUE MOLIERE 59100 ROUBAIX,59512,"50.6897,3.2006",Bâtiment,38m,Société Privée,,AJO,,False,False
1772355,SFR,LTE 700,RD 956 (PLAINE DE VILLAVRAIN) 41700 CHEVERNY,41050,"47.4711,1.4239",Pylône autostable,35m,CELLNEX,,AJO,,False,False
1772539,ORANGE,5G NR 700,80 RUE CAMILLE DESMOULINS 92130 ISSY LES MOULINEAUX,92040,"48.8303,2.2647",Immeuble,"35,1m","Copropriété, Syndic, SCI",2026-07-13,ALL,,False,False
1773290,SFR,UMTS 2100,RD 105 RÉSERVOIR DU BOIS FLEURI (LE PLATEAU DU BOIS LE COMTE) 77181 LE PIN,77363,"48.9292,2.6436",Pylône autostable,48m,SFR,2011-10-20,SUP,,False,False
1780360,BOUYGUES TELECOM,GSM 1800,COL DE LA MUETTE PYL SFR (GRANDE GARRIGUE OUEST) 11200 NEVIAN,11264,"43.2019,2.8844",Pylône autostable,16m,HIVORY,1998-06-11,SUP,,False,False
1781658,BOUYGUES TELECOM,LTE 2100,D 386 SILO CHAMPAGNE CEREALES (LES SABLONS) 51170 SERZY ET PRIN,51534,"49.2531,3.755",Silo,"49,2m","Coopérative Agricole, Vinicole",2026-07-20,ALL,,False,False
1784317,ORANGE,"5G NR 700, 5G NR 3500",34/40 RUE CORNEILLE 91330 YERRES,91691,"48.6964,2.4806",Immeuble,"15,2m","Copropriété, Syndic, SCI",2026-07-20,AJA,,False,False
1784333,BOUYGUES TELECOM,LTE 2100,COPROPRIÉTÉ DHAULAGHIRI/EVEREST/HIMALAYA (LA PICLIÈRE) 74220 LA CLUSAZ,74080,"45.895,6.4236",Bâtiment,6m,"Copropriété, Syndic, SCI",2026-07-13,ALL,,False,False
1787525,SFR,5G NR 3500,15 CHEM FALQUET ZI DE VOVRAY - DÉCHETTERIE (ZI DE VOVRAY) 74960 ANNECY,74010,"45.8869,6.1217",Pylône autostable,"25,8m",HIVORY,2022-09-02,SUP,,False,False
1791758,BOUYGUES TELECOM,LTE 2600, (LE DRETGENQ MÉTAIRIE) 81700 PUYLAURENS,81219,"43.5739,2.0022",Pylône autostable,30m,HIVORY,2026-07-20,ALL,,False,False
1794386,BOUYGUES TELECOM,5G NR 2100, (BOIS D'AIGREMONT) 02650 FOSSOY,02328,"49.0422,3.4878",Pylône autostable,32m,HIVORY,2026-07-11,ALL,,False,False
1808700,BOUYGUES TELECOM,"GSM 1800, UMTS 2100",TUNNEL A 13 PORTE DE BOULOGNE VERS PARIS (AMBROISE PARÉ) 75116 PARIS 16,75116,"48.8483,2.2425",Tunnel,9m,Sociétés d'Autoroutes,2018-08-09,SUP,,False,False
1811490,BOUYGUES TELECOM,LTE 700, (LE BRETON) 42660 ST ROMAIN LES ATHEUX,42286,"45.3531,4.3856",Pylône autostable,"29,7m",ATC FRANCE,,AJO,,False,False
1812919,BOUYGUES TELECOM,"LTE 700, LTE 2100, LTE 2600, 5G NR 2100",RD 37 (SUD DE MORTEAS) 06320 LA TURBIE,06150,"43.7361,7.3969",Pylône autostable,"14,1m",HIVORY,,AJO,,False,False
1825129,BOUYGUES TELECOM,"LTE 1800, LTE 2100",CHEMIN RURAL DE LA SALETTE (CHATAVILAIN) 69170 JOUX,69102,"45.8869,4.3639",Pylône autostable,19m,TDF,2026-07-06,ALL,,False,False
1825129,SFR,"LTE 700, LTE 1800, LTE 2100, 5G NR 2100",CHEMIN RURAL DE LA SALETTE (CHATAVILAIN) 69170 JOUX,69102,"45.8869,4.3639",Pylône autostable,19m,TDF,2026-07-15,ALL,,False,False
1827484,SFR,UMTS 2100,CHEM RURAL DIT DES POMMIERS (LES AUNETTES) 77131 PEZARCHES,77360,"48.7392,3.0008",Pylône autostable,"37,9m",HIVORY,2011-06-24,SUP,,False,False
1838996,SFR,5G NR 2100,CAPITAINERIE (MARINES DE COGOLIN) 83310 COGOLIN,83042,"43.2653,6.5881",Bâtiment,"20,1m",Société Privée,2026-07-15,ALL,,False,False
1839523,BOUYGUES TELECOM,LTE 2100,LE GRAND FIEF (LA GRANDE PIÈCE) 17380 TONNAY BOUTONNE,17448,"45.9719,-0.7183",Pylône autostable,32m,HIVORY,2026-07-17,ALL,,False,False
1843701,BOUYGUES TELECOM,"LTE 700, LTE 2100, 5G NR 2100",4 RUE CARNOT 30600 VAUVERT,30341,"43.6922,4.2772",Immeuble,"15,9m","Copropriété, Syndic, SCI",2026-07-13,ALL,,False,False
1853762,BOUYGUES TELECOM,"GSM 1800, UMTS 2100",R DU CHÂTEAU D'EAU 77580 VOULANGIS,77529,"48.8464,2.9008",Pylône autostable,30m,HIVORY,2018-07-31,SUP,,False,False
1862462,SFR,LTE 700, (BEAUVAIS) 35240 LE THEIL DE BRETAGNE,35333,"47.9194,-1.4372",Pylône autostable,30m,HIVORY,,AJO,,False,False
1869750,ORANGE,LTE 700,R NEUVE CHEM RURAL N°1 (LE CHAPERON) 80240 LIERAMONT,80475,"49.9944,3.0447",Pylône autostable,32m,TOTEM,2026-07-30,AAV,,False,False
1873403,PMT-VODAFONE,5G NR 3500,ATIHIVA PK5 ITI EST (AFAAHITI) 98722 TAIARAPU EST,98747,"-17.7389,-149.2678",Pylône autostable,35m,Pacific Mobile Telecom,,AJO,,False,False
1874159,PMT-VODAFONE,LTE 700,PK12.5 EST (AHONU) 98710 MAHINA,98725,"-17.5072,-149.4686",Pylône autostable,25m,Pacific Mobile Telecom,,AJO,,False,False
1874177,PMT-VODAFONE,5G NR 3500,PK 25.5 OUEST (MARAA) 98711 PAEA,98733,"-17.7222,-149.5808",Pylône tubulaire,25m,Pacific Mobile Telecom,,AJO,,False,False
1875745,SFR,5G NR 2100,R EMILLE LESOMMIER (LA BUCAILLE) 27700 GUISENIERS,27307,"49.2047,1.4744",Pylône autostable,30m,ATC FRANCE,2026-07-16,ALL,,False,False
1875896,ORANGE,LTE 700,RUE DU CHARDONNET 91740 CHALOU MOULINEUX,91131,"48.3867,2.0203",Château d'eau - réservoir,"33,8m","Commune, communauté de communes",2026-07-22,ALL,,False,False
1877538,ORANGE,LTE 700, (LES BAS GADOIS) 72380 JOUE L ABBE,72150,"48.0986,0.2169",Pylône autostable,30m,TDF,2026-07-16,EXT,,False,False
1879372,ORANGE,"LTE 700, 5G NR 2100",D69 (LA PIEMORDIERE) 72540 VALLON SUR GEE,72367,"47.945,-0.0756",Pylône autostable,"32,5m",TDF,,AJO,,False,False
1879372,ORANGE,LTE 2100,D69 (LA PIEMORDIERE) 72540 VALLON SUR GEE,72367,"47.945,-0.0756",Pylône autostable,"32,5m",TDF,,SUP,,False,False
1888228,BOUYGUES TELECOM,"GSM 900, GSM 1800, UMTS 2100",TUNNEL DU PÉRIPHÉRIQUE STADE PAUL FABER ( PTE DE VILLIERS ) (PORTE DES TERNES) 75017 PARIS 17,75117,"48.8844,2.2858",Tunnel,"7,8m","Commune, communauté de communes",2018-06-25,SUP,,False,False
1889732,ORANGE,LTE 2600,RTE DE MARCKOLSHEIM ATELIERS MUNICIPAUX (TANZMATT) 67600 SELESTAT,67462,"48.2553,7.4589",Mât béton,32m,TOTEM,2026-06-29,ALL,,False,False
1889885,ORANGE,"UMTS 2100, LTE 1800, LTE 2600",111 RUE DE LORIENT STADE DE FOOTBALL 35700 RENNES,35238,"48.1081,-1.7133",Bâtiment,38m,"Commune, communauté de communes",2017-11-08,SUP,,False,False
1889887,ORANGE,"UMTS 2100, LTE 1800, LTE 2600",111 RUE DE LORIENT STADE DE FOOTBALL 35700 RENNES,35238,"48.1069,-1.7125",Bâtiment,38m,"Commune, communauté de communes",2017-11-08,SUP,,False,False
1891266,ORANGE,"LTE 700, 5G NR 2100",ROUTE DU PETIT CLAIRET (LA BROCHARDIÈRE) 72550 COULANS SUR GEE,72096,"48.0208,0.0375",Pylône autostable,"30,4m",TDF,,AJO,,False,False
1891266,ORANGE,LTE 2100,ROUTE DU PETIT CLAIRET (LA BROCHARDIÈRE) 72550 COULANS SUR GEE,72096,"48.0208,0.0375",Pylône autostable,"30,4m",TDF,,SUP,,False,False
1899669,ORANGE,"LTE 2600, 5G NR 2100", (LES VIGNES GATES) 72430 CHANTENAY VILLEDIEU,72059,"47.9258,-0.1156",Pylône autostable,40m,TDF,,AJO,,False,False
1899694,BOUYGUES TELECOM,"LTE 700, 5G NR 3500",AVENUE DU GRAND PONT 81200 AUSSILLON,81021,"43.5044,2.3633",Immeuble,30m,Société HLM,,AJO,,False,False
1936459,ORANGE,5G NR 2100, (LAFUGE) 33420 NAUJAN ET POSTIAC,33301,"44.7858,-0.1786",Pylône tubulaire,"31,2m",ATC FRANCE,2026-07-16,ALL,,False,False
1942045,BOUYGUES TELECOM,LTE 2600, (LES PLATRIÈRES) 84190 GIGONDAS,84049,"44.1478,5.0044",Pylône haubané,22m,SFR,2026-07-14,ALL,,False,False
1955172,ORANGE,"LTE 700, LTE 1800, 5G NR 2100",ROUTE DE BERNIERES 76210 ROUVILLE,76543,"49.6142,0.4936",Château d'eau - réservoir,65m,"Commune, communauté de communes",,AJO,,False,False
1961480,BOUYGUES TELECOM,LTE 700,"8, R GABRIEL MOUILLERON 54100 NANCY",54395,"48.6853,6.175",Immeuble,34m,Société Privée,2026-07-17,ALL,,False,False
1966313,FREE MOBILE,LTE 700,18/22 RUE JEAN JAURES 29200 BREST,29019,"48.3919,-4.4836",Bâtiment,28m,"Copropriété, Syndic, SCI",2026-07-20,ALL,,False,True
1973600,BOUYGUES TELECOM,"LTE 2600, 5G NR 3500",D 15 (KERBAN) 22860 PLOURIVO,22233,"48.7356,-3.0867",Pylône autostable,32m,HIVORY,2026-07-06,ALL,,False,False
1973600,SFR,"LTE 700, LTE 2600, 5G NR 3500",D 15 (KERBAN) 22860 PLOURIVO,22233,"48.7356,-3.0867",Pylône autostable,32m,HIVORY,2026-07-15,ALL,,False,False
1977073,BOUYGUES TELECOM,"LTE 700, LTE 2600","CHEM DES COTEAUX (""LOUS COUTAUX"") 34430 ST JEAN DE VEDAS",34270,"43.5717,3.8425",Pylône autostable,46m,BOUYGUES,,AJO,,False,False
1990864,ORANGE,"LTE 700, LTE 1800, 5G NR 2100",SOUGE D107 (PEUPULA GRANDE LANDE EST) 33680 LE TEMPLE,33528,"44.8756,-0.9017",Pylône autostable,35m,TOTEM,,AJO,,False,False
1990864,ORANGE,GSM 900,SOUGE D107 (PEUPULA GRANDE LANDE EST) 33680 LE TEMPLE,33528,"44.8756,-0.9017",Pylône autostable,35m,TOTEM,2009-05-13,SUP,,False,False
2006958,FREE MOBILE,LTE 700,588 ROUTE DU LOUP PENDU (LOUPENDU) 72210 ROEZE SUR SARTHE,72253,"47.9006,0.0328",Pylône autostable,30m,TOTEM,2026-07-20,ALL,,False,True
2010230,ORANGE,LTE 700,ZA DU BOSC (LES MAYOLS) 34130 MUDAISON,34176,"43.64,4.0181",Pylône autostable,30m,TOTEM,2026-07-20,ALL,,False,False
2036100,BOUYGUES TELECOM,LTE 2100,CHÂTEAU D'EAU LES COURTS FOUS (HAMEL) 50630 QUETTEHOU,50417,"49.5675,-1.3369",Château d'eau - réservoir,33m,"Syndicat des eaux, Adduction",2021-11-25,SUP,,False,False
2058114,BOUYGUES TELECOM,5G NR 2100, (LES TOURS) 42660 ST GENEST MALIFAUX,42224,"45.3522,4.4719",Pylône tubulaire,27m,HIVORY,2026-07-07,ALL,,False,False
2058114,SFR,5G NR 2100, (LES TOURS) 42660 ST GENEST MALIFAUX,42224,"45.3522,4.4719",Pylône tubulaire,27m,HIVORY,2026-07-15,ALL,,False,False
2077891,BOUYGUES TELECOM,LTE 2100,17 R SEGALIER 33800 BORDEAUX,33063,"44.8422,-0.5872",Immeuble,"20,9m","Copropriété, Syndic, SCI",2019-05-28,SUP,,False,False
2083826,ORANGE,"LTE 700, 5G NR 2100",MONTCHOVET (MOREL) 42220 BOURG ARGENTAL,42023,"45.2894,4.5364",Pylône autostable,34m,TDF,,AJO,,False,False
2083826,ORANGE,LTE 2100,MONTCHOVET (MOREL) 42220 BOURG ARGENTAL,42023,"45.2894,4.5364",Pylône autostable,34m,TDF,2020-06-30,SUP,,False,False
2091178,ORANGE,GSM 900,2 RUE ANTOINE GAUTIER 06300 NICE,06088,"43.6986,7.2822",Tunnel,4m,"Commune, communauté de communes",,SUP,,False,False
2113131,ORANGE,"LTE 1800, 5G NR 2100",CHEMIN LES TRANCHEES (LES PETITS CHATELLIERS) 51230 PLEURS,51432,"48.6836,3.8714",Pylône autostable,47m,TDF,,AJO,,True,False
2116042,ORANGE,"LTE 800, LTE 2100, LTE 2600",1 AV. DE L'EUROPE 93420 VILLEPINTE,93078,"48.9575,2.5578",Immeuble,43m,Société HLM,2026-07-20,AJA,,False,False
2116042,ORANGE,LTE 700,1 AV. DE L'EUROPE 93420 VILLEPINTE,93078,"48.9575,2.5578",Immeuble,43m,Société HLM,2023-11-03,SUP,,False,False
2129437,ORANGE,5G NR 2100,PYLÔNE TDF 1125301 (MONTPERTUS) 11170 MONTOLIEU,11253,"43.3022,2.2056",Pylône autostable,15m,TDF,,AJO,,False,False
2134552,BOUYGUES TELECOM,"GSM 900, UMTS 900",RTE D'EVOSGES D 102A (SOURCE DE PRÉ MARTIN EN BRUET) 01230 TENAY,01416,"45.9428,5.5072",Pylône autostable,20m,ATC FRANCE,2026-07-14,ALL,,False,False
2138581,ORANGE,"5G NR 700, 5G NR 3500",COURS DES QUAIS LA CRIÉE (LE PORT) 56470 LA TRINITE SUR MER,56258,"47.5872,-3.0267",Bâtiment,10m,"Commune, communauté de communes",,AJO,,False,False
2138581,ORANGE,"GSM 1800, LTE 700",COURS DES QUAIS LA CRIÉE (LE PORT) 56470 LA TRINITE SUR MER,56258,"47.5872,-3.0267",Bâtiment,10m,"Commune, communauté de communes",2008-02-07,SUP,,False,False
2142242,ORANGE,LTE 700,RUE DES ANCIENS COMBATTANTS D'AFRIQUE DU NORD 36120 ETRECHET,36071,"46.7814,1.7894",Pylône autostable,24m,TOTEM,2026-07-23,ALL,,False,False
2150721,BOUYGUES TELECOM,LTE 2100,STATION D'EPURATION (ZA LES OULIVEDES) 66300 BANYULS DELS ASPRES,66015,"42.5561,2.8731",Pylône autostable,35m,SFR,2026-07-19,ALL,,False,False
2151886,SFR,"UMTS 900, LTE 700, LTE 800, LTE 1800, LTE 2100, LTE 2600, 5G NR 3500",6 RUE DU CLOS FLEURI 94800 VILLEJUIF,94076,"48.7881,2.3722",Pylône autostable,34m,SFR,,SUP,,False,True
2154436,ORANGE,5G NR 2100, (LA FORET) 43120 LA CHAPELLE D AUREC,43058,"45.3231,4.22",Pylône autostable,31m,ATC FRANCE,,AJO,,False,False
2158538,BOUYGUES TELECOM,5G NR 3500,2/4 QUAI DE PRAGUE 45100 ORLEANS,45234,"47.8942,1.8997",Immeuble,"30,9m",BOUYGUES,,AJO,,False,False
2159267,ORANGE,5G NR 700,CHEMIN RURAL DE ST AUBIN À ST LOUP (LA GRANDE CORVÉE) 39410 ST AUBIN,39476,"47.0286,5.3203",Pylône autostable,30m,ATC FRANCE,2026-07-28,AAV,,False,False
2164870,BOUYGUES TELECOM,,139 RUE ROGER SALENGRO 93700 DRANCY,93029,"48.9136,2.4367",Immeuble,"52,6m","Copropriété, Syndic, SCI",2023-10-12,CHH,"49,5m",False,False
2171536,FREE MOBILE,LTE 700,RUE DE BRENESQUEN  D 75 (BRENESQUEN IZELLA) 29250 SANTEC,29273,"48.6942,-4.0347",Pylône autostable,30m,TOTEM,2026-07-20,ALL,,False,True
2176292,SRR,LTE 1800,CHEM DE LA COLLINE (GRAND BOIS) 97432 ST PIERRE,97416,"-21.3575,55.5297",Mât béton,"15,5m",Société Réunionnaise de Radiotéléphonie,2021-10-29,ART,,False,False
2180919,ORANGE,"LTE 700, 5G NR 2100",CROISEMENT D94/C2 VERS NONANT (LE CHÂTEAU) 14400 NONANT,14465,"49.2389,-0.6553",Pylône autostable,40m,TOTEM,,AJO,,False,False
2186423,ORANGE,5G NR 2100,STADE HENRY DE BONNEVAL 87500 COUSSAC BONNEVAL,87049,"45.5169,1.3228",Pylône tubulaire,25m,ATC FRANCE,2026-07-17,ALL,,False,False
2187769,ORANGE,5G NR 2100,LE CHENOT (LES HUIT BORNES) 60360 AUCHY LA MONTAGNE,60026,"49.5681,2.1172",Pylône autostable,39m,ATC FRANCE,2026-04-27,ART,,False,False
2206385,ORANGE,5G NR 2100,THEMES RD3 (LE PORT DE LA BOUVIÈRE) 89410 CEZY,89067,"48.0075,3.2961",Pylône autostable,40m,TDF,,AJO,,False,False
2207498,SFR,UMTS 900,2 RUE MOQUE SOURIS 95210 ST GRATIEN,95555,"48.9619,2.2892",Immeuble,35m,"Copropriété, Syndic, SCI",,SUP,,False,True
2212072,ORANGE,,"15 CHEMIN DES FONTAINES, MERCIER 84110 VAISON LA ROMAINE",84137,"44.2356,5.0758",Pylône tubulaire,13m,TOTEM,2020-04-06,CHH,12m,False,False
2239280,ORANGE,"LTE 700, 5G NR 2100", (L'OISELIÈRE) 76430 LES TROIS PIERRES,76714,"49.5469,0.3889",Pylône autostable,43m,"Commune, communauté de communes",,AJO,,False,False
2239280,ORANGE,LTE 2100, (L'OISELIÈRE) 76430 LES TROIS PIERRES,76714,"49.5469,0.3889",Pylône autostable,43m,"Commune, communauté de communes",2020-03-10,SUP,,False,False
2247567,ORANGE,"LTE 2600, 5G NR 2100",ROUTE DE WISSEMBOURG D245 (LIKERSHUTT) 67160 SEEBACH,67351,"48.98,7.9864",Pylône autostable,49m,TOTEM,2026-07-10,ALL,,False,False
2253479,ORANGE,"LTE 1800, 5G NR 2100",CHEMIN COMMUNAL (LES PETITS AJOTS) 17620 CHAMPAGNE,17083,"45.8208,-0.9175",Pylône autostable,38m,TOTEM,2026-07-13,ALL,,False,False
2262024,ORANGE,5G NR 2100,RUE DU PONT ST POMP (LE COIN) 89160 ARGENTEUIL SUR ARMANCON,89017,"47.7589,4.1142",Pylône autostable,37m,TDF,,AJO,,False,False
2269295,ORANGE,5G NR 2100,PROCHE CHEMIN DE FER DE RENNES À REDON (LA REBINTENAIS) 35480 GUIPRY MESSAC,35176,"47.7903,-1.8364",Pylône autostable,36m,ATC FRANCE,,AJO,,False,False
2271052,BOUYGUES TELECOM,"GSM 900, UMTS 900, LTE 800",CHEMIN DES SALARDS (LES SALARDS) 63190 ORLEAT,63265,"45.8539,3.4464",Pylône autostable,30m,ORANGE,2022-09-22,SUP,,False,False
2286433,ORANGE,5G NR 2100,CHÂTEAU D'EAU LEIGNES SUR FONTAINE (LES VIEILLES VIGNES) 86300 LEIGNES SUR FONTAINE,86126,"46.4853,0.7389",Château d'eau - réservoir,39m,"Commune, communauté de communes",2026-07-10,ALL,,False,False
2311680,ORANGE,5G NR 700,CHEMIN DE LA MONTAGNE (LA MONTAGNE) 60162 VIGNEMONT,60675,"49.5072,2.7758",Pylône autostable,"40,6m",TDF,2026-07-27,AAV,,False,False
2313706,ORANGE,"LTE 1800, LTE 2100, 5G NR 700, 5G NR 3500",CHEMIN LE DEVAIS (LE DEVÈS) 38590 ST MICHEL DE ST GEOIRS,38427,"45.3081,5.3572",Pylône autostable,31m,TOTEM,,AJO,,True,False
2313706,ORANGE,LTE 700,CHEMIN LE DEVAIS (LE DEVÈS) 38590 ST MICHEL DE ST GEOIRS,38427,"45.3081,5.3572",Pylône autostable,31m,TOTEM,2021-03-31,SUP,,True,False
2326160,ORANGE,5G NR 2100,ROUTE DU REC (AL-REC) 82700 MONTBARTIER,82123,"43.9025,1.2667",Pylône autostable,30m,ATC FRANCE,2026-07-10,ALL,,False,False
2330558,SFR,5G NR 2100, (LIMANDRE) 43320 VAZEILLES LIMANDRE,43254,"45.12,3.7136",Pylône autostable,30m,SFR,2026-07-17,AJA,,False,False
2334218,SFR,GSM 900, (VOIE D'EPAGNY) 21380 MARSANNAY LE BOIS,21391,"47.4397,5.0847",Pylône haubané,32m,HIVORY,2021-02-16,SUP,,False,False
2340357,BOUYGUES TELECOM,LTE 700,18 V DE LA LIBERTÉ 50220 PRECEY,50413,"48.6094,-1.3808",Pylône autostable,"32,3m",BOUYGUES,2026-07-13,ALL,,False,False
2352851,ORANGE,5G NR 2100,QUAI DE LA GARE D4 D11 (GRANDES NAUX) 54170 BARISEY AU PLAIN,54046,"48.5344,5.8394",Pylône autostable,32m,TDF,,AJO,,False,False
2353542,BOUYGUES TELECOM,LTE 1800, (BRAVONE) 20230 LINGUIZZETTA,2B143,"42.2094,9.535",Pylône autostable,30m,SFR,2026-07-19,ALL,,False,False
2359893,BOUYGUES TELECOM,"LTE 700, LTE 1800, LTE 2100, 5G NR 2100",D7 (HAGET) 47600 MONTAGNAC SUR AUVIGNON,47180,"44.1561,0.4736",Pylône autostable,"57,4m",RTE,,AJO,,False,True
2359893,BOUYGUES TELECOM,GSM 900,D7 (HAGET) 47600 MONTAGNAC SUR AUVIGNON,47180,"44.1561,0.4736",Pylône autostable,"57,4m",RTE,,SUP,,False,True
2365927,BOUYGUES TELECOM,"LTE 2600, 5G NR 3500",RUE DES PERFONDERIES LA FOSSE TERRIÈRE (HAMEAU ES FRANCS) 50340 SIOUVILLE HAGUE,50576,"49.5661,-1.8233",Pylône autostable,24m,ATC FRANCE,2026-07-13,ALL,,False,False
2369298,ORANGE,"LTE 2100, 5G NR 700, 5G NR 3500",CHEMIN D'EXPLOITATION PRÈS D12 LES MARRES LES MARRES (LA LONGUE RAIE) 22100 CALORGUEN,22026,"48.4083,-2.0358",Pylône autostable,30m,TDF,,AJO,,False,False
2369298,ORANGE,LTE 700,CHEMIN D'EXPLOITATION PRÈS D12 LES MARRES LES MARRES (LA LONGUE RAIE) 22100 CALORGUEN,22026,"48.4083,-2.0358",Pylône autostable,30m,TDF,2021-09-15,SUP,,False,False
2377357,BOUYGUES TELECOM,LTE 2100,ROUTE DE LA BRANDE (D144) 17800 AVY,17027,"45.5522,-0.5",Pylône autostable,"38,5m",HIVORY,2026-07-18,ALL,,False,False
2378394,ORANGE,"LTE 2600, 5G NR 2100",PROCHE D234 (LES QUARTIERS) 87250 FROMENTAL,87068,"46.1681,1.42",Pylône autostable,36m,TDF,2026-07-17,ALL,,False,False
2385666,ORANGE,5G NR 2100,LE BOURG PROCHE D 174 16450 ST LAURENT DE CERIS,16329,"45.9447,0.4817",Pylône autostable,32m,TDF,,AJO,,False,False
2385666,ORANGE,LTE 2100,LE BOURG PROCHE D 174 16450 ST LAURENT DE CERIS,16329,"45.9447,0.4817",Pylône autostable,32m,TDF,2022-12-07,SUP,,False,False
2385728,ORANGE,"GSM 900, UMTS 900, LTE 800, LTE 1800, LTE 2100", (LE CHAMP DU BORDAGE) 85250 CHAVAGNES EN PAILLERS,85065,"46.9097,-1.2267",Château d'eau - réservoir,70m,"Syndicat des eaux, Adduction",1997-06-27,SUP,,False,False
2390289,ORANGE,5G NR 700,99 ROUTE DES RUTYS 74960 ANNECY,74010,"45.9439,6.1269",Pylône tubulaire,12m,ATC FRANCE,2026-07-24,ALL,,False,False
2400015,BOUYGUES TELECOM,"LTE 700, LTE 2100",ROUTE D ARZACQ 64450 DOUMY,64203,"43.4506,-0.3867",Pylône autostable,"44,5m",HIVORY,2026-07-05,ALL,,False,False
2403353,SFR,"LTE 700, LTE 1800, LTE 2100, 5G NR 2100",V COM. CHEM DU BOIS DE THENNEY (BOIS DES BRUYERES) 27270 ST JEAN DU THENNEY,27552,"49.0178,0.4464",Pylône autostable,"33,1m",BOUYGUES,,AJO,,False,False
2404143,SFR,5G NR 2100,ROUTE DE SOUCHON 43260 ST HOSTIEN,43194,"45.0653,4.0458",Pylône autostable,42m,HIVORY,2026-07-17,AJA,,False,False
2409273,BOUYGUES TELECOM,GSM 900,5 R PIERRE WECZERKA EGLISE 77420 CHAMPS SUR MARNE,77083,"48.8525,2.6028",Monument religieux,24m,"Commune, communauté de communes",,SUP,,False,False
2411151,BOUYGUES TELECOM,LTE 700, (MONDOIGT) 03420 RONNET,03216,"46.2206,2.7189",Pylône autostable,"38,3m",PHOENIX FRANCE INFRASTRUCTURES,,AJO,,False,False
2416083,ORANGE,"LTE 2100, 5G NR 700, 5G NR 3500",ROUTE DE LA ROCHE (BELLEBAT) 63260 CHAPTUZAT,63090,"46.0228,3.1844",Pylône autostable,39m,ON TOWER FRANCE,,AJO,,False,False
2416083,ORANGE,LTE 700,ROUTE DE LA ROCHE (BELLEBAT) 63260 CHAPTUZAT,63090,"46.0228,3.1844",Pylône autostable,39m,ON TOWER FRANCE,2022-01-04,SUP,,False,False
2418331,BOUYGUES TELECOM,LTE 1800, (BRANDES) 46200 SOUILLAC,46309,"44.9189,1.4331",Pylône autostable,"46,5m",PHOENIX FRANCE INFRASTRUCTURES,,AJO,,True,False
2421373,SFR,"LTE 700, LTE 2100",LE MAR 56750 DAMGAN,56052,"47.5258,-2.5506",Pylône autostable,"20,3m",BOUYGUES,2026-07-15,ALL,,False,False
2430269,BOUYGUES TELECOM,LTE 2100, (PETIT PRE) 10260 VILLEMOYENNE,10419,"48.1897,4.265",Pylône autostable,46m,SFR,2026-07-20,ALL,,False,False
2434057,BOUYGUES TELECOM,LTE 2100,CHEMIN LES SABLIERES D951 16490 AMBERNAC,16009,"45.95,0.5814",Pylône autostable,"43,9m",HIVORY,2026-07-19,ALL,,False,False
243665,ONATI,5G NR 3500,RTE DE PUURAI ELECTRICITÉ DE TAHITI (EDT VEROTIA - TEPETI) 98704 FAAA,98715,"-17.5611,-149.5981",Pylône arbre,18m,Onati,,AJO,,False,False
2439268,ORANGE,5G NR 2100,CHEMIN DIT DU BREULEUX 21130 BILLEY,21074,"47.1361,5.4194",Pylône autostable,39m,TDF,,AJO,,False,False
2443628,SFR,"LTE 700, LTE 1800, LTE 2100, 5G NR 2100",RD 157 DEPARTEMENTALE 157 (LA RENIERE) 53250 CHARCHIGNE,53061,"48.43,-0.4261",Château d'eau - réservoir,39m,"Commune, communauté de communes",,AJO,,False,False
2445901,ORANGE,5G NR 2100,ROUTE D 138 BUISSON ROUGE (PETELOUP) 58400 RAVEAU,58220,"47.1747,3.0972",Pylône autostable,36m,TOTEM,2026-07-17,ALL,,False,False
2446621,ORANGE,"LTE 2100, 5G NR 700, 5G NR 3500",CARRIÈRE LA BOULINIÈRE ISDI (LA BOULINIÈRE) 45210 FERRIERES EN GATINAIS,45145,"48.1311,2.7683",Pylône autostable,40m,ORANGE,,AJO,,False,False
2446621,ORANGE,LTE 700,CARRIÈRE LA BOULINIÈRE ISDI (LA BOULINIÈRE) 45210 FERRIERES EN GATINAIS,45145,"48.1311,2.7683",Pylône autostable,40m,ORANGE,2022-09-12,SUP,,False,False
2447575,SFR,"LTE 700, LTE 1800, LTE 2100, 5G NR 2100",LES ALEUX DEPARTEMENTALE 37 86400 LINAZAY,86134,"46.1708,0.17",Pylône autostable,"26,3m","Commune, communauté de communes",,AJO,,False,False
2450184,BOUYGUES TELECOM,LTE 700,LES MOLIERES 69170 AFFOUX,69001,"45.8403,4.3939",Pylône autostable,"38,2m",PHOENIX FRANCE INFRASTRUCTURES,,AJO,,False,False
2451677,ORANGE,"LTE 1800, 5G NR 2100",D187 (LA GARENNE) 16460 AUNAC SUR CHARENTE,16023,"45.9222,0.2503",Pylône autostable,32m,ON TOWER FRANCE,2026-07-17,ALL,,False,False
2452238,ORANGE,5G NR 3500,ROUTE DE BENEDIT 40560 VIELLE ST GIRONS,40326,"43.9086,-1.3197",Pylône autostable,37m,ATC FRANCE,2026-07-17,ALL,,False,False
2454337,BOUYGUES TELECOM,LTE 700,ROUTE DE  KERCHOUX D 776 (KERCHOUX) 56250 ELVEN,56053,"47.7525,-2.5494",Pylône autostable,"32,6m",PHOENIX FRANCE INFRASTRUCTURES,2026-07-22,ALL,,False,False
2460289,BOUYGUES TELECOM,"LTE 700, LTE 2100",N21 (PEY) 32550 ST JEAN LE COMTAL,32381,"43.5694,0.5272",Pylône autostable,36m,HIVORY,2026-07-15,ALL,,False,False
2477903,SFR,"LTE 700, 5G NR 2100",1 RUE DU CHÊNE 39270 DOMPIERRE SUR MONT,39200,"46.5578,5.6006",Pylône autostable,42m,HIVORY,,AJO,,False,False
2477926,SFR,LTE 1800, (WALDBRUDERRAIN) 67530 BOERSCH,67052,"48.4706,7.4025",Pylône autostable,42m,SFR,,AJO,,True,False
2481058,SFR,5G NR 2100,CHEM COMMUNAL DE LA RUE DE L EGLISE (LES CORTENNES) 71440 SAVIGNY SUR SEILLE,71508,"46.6217,5.1147",Pylône autostable,"36,1m",SFR,,AJO,,False,False
2482165,BOUYGUES TELECOM,"LTE 700, LTE 2100",RUE JEAN MOULIN D930 (PERES) 32410 AYGUETINTE,32024,"43.8431,0.4156",Pylône autostable,"32,5m",HIVORY,2026-07-15,ALL,,False,False
2510840,BOUYGUES TELECOM,"LTE 700, LTE 2100",D730 (TIRRIER DE BEAUMORE) 17120 MORTAGNE SUR GIRONDE,17248,"45.5158,-0.7558",Pylône autostable,32m,HIVORY,2026-07-15,ALL,,False,False
2510840,SFR,LTE 700,D730 (TIRRIER DE BEAUMORE) 17120 MORTAGNE SUR GIRONDE,17248,"45.5158,-0.7558",Pylône autostable,32m,HIVORY,2026-07-21,ALL,,False,False
2512731,BOUYGUES TELECOM,5G NR 3500,2 AVENUE FRACHON QUALYS HOTEL 92000 NANTERRE,92050,"48.8967,2.1956",Immeuble,29m,Société Privée,,AJO,,False,False
2515438,ORANGE,5G NR 2100,RUE DE LA BRIQUETERIE D12 STADE 76680 CRITOT,76200,"49.6058,1.2428",Pylône autostable,36m,ATC FRANCE,,AJO,,False,False
2526428,ORANGE,5G NR 2100,RUE DE SENS D58 (LE TUREAU) 89140 VILLEPERROT,89465,"48.2547,3.2375",Pylône autostable,39m,TDF,,AJO,,False,False
2528725,BOUYGUES TELECOM,LTE 2100,RUE DE LA FORET 17500 CLAM,17108,"45.4894,-0.4567",Pylône autostable,"38,9m",HIVORY,2026-07-18,ALL,,False,False
2536215,FREE MOBILE,LTE 700,17 BELLEVUE PRÈS D768 TALVA (LE FOUGERAY) 22130 CREHEN,22049,"48.5458,-2.2036",Pylône autostable,24m,TOTEM,2026-07-20,ALL,,False,True
254506,ONATI,"LTE 1800, 5G NR 3500",COMPLEXE SPORTIF DRAGON RTE DU BAIN LOTI VALLE DE TITIORO (TITIORO) 98714 PAPEETE,98735,"-17.5542,-149.5478",Mât métallique,22m,Onati,,AJO,,False,False
2547162,BOUYGUES TELECOM,"LTE 700, LTE 2100",ROICHEFONT ET LES TERRIERS D16 (CHEZ TRAPE) 16380 MARTHON,16211,"45.6225,0.4456",Pylône autostable,42m,SFR,2026-07-15,ALL,,False,False
2550786,ORANGE,5G NR 2100,D 28A (VILCEY) 54470 SEICHEPREY,54499,"48.8689,5.8033",Pylône autostable,35m,TDF,2026-06-22,ART,,False,False
2564358,ORANGE,5G NR 700,RUE WALDECK ROUSSEAU D118 D114 (MALVAU) 59277 RIEUX EN CAMBRESIS,59502,"50.2058,3.3531",Pylône tubulaire,26m,ORANGE,2026-07-28,AAV,,False,False
2570014,ORANGE,5G NR 3500,6 RUE DES MARNAUDES 93380 ST DENIS,93066,"48.9408,2.3842",Immeuble,36m,Société HLM,2026-07-15,ALL,,False,False
2582894,ORANGE,5G NR 700,5 LA PASQUERIE RUE DES SPORTS 50750 BOURGVALLEES,50546,"49.0464,-1.1244",Pylône tubulaire,24m,ATC FRANCE,2026-07-24,ALL,,False,False
2584386,BOUYGUES TELECOM,LTE 1800,LA CROIX DES LANDES TORTEV 00404 ERR CONV INSEE,14011,"49.1372,-0.7075",Pylône autostable,45m,BOUYGUES,,AJO,,True,False
2586939,ORANGE,,IMPASSE CLÉMENT GUMBS (LA SAVANE) 97150 ST MARTIN,97801,"18.0903,-63.0681",Pylône autostable,"11,6m",ORANGE,2026-05-15,CHT,Dalle en béton,False,False
2616706,BOUYGUES TELECOM,LTE 700,D140 (LA HAIE) 56190 LAUZACH,56109,"47.6061,-2.5511",Pylône autostable,32m,BOUYGUES,,AJO,,False,False
262190,ORANGE,"5G NR 700, 5G NR 3500",8 PARC DE BRUXEROLLES 86180 BUXEROLLES,86041,"46.5961,0.3444",Immeuble,24m,Société HLM,,AJO,,False,False
262190,ORANGE,LTE 700,8 PARC DE BRUXEROLLES 86180 BUXEROLLES,86041,"46.5961,0.3444",Immeuble,24m,Société HLM,,SUP,,False,False
2624046,ORANGE,5G NR 2100,PROCHE D751 (LA GODINIÈRE) 41150 RILLY SUR LOIRE,41189,"47.4597,1.1225",Pylône autostable,42m,ORANGE,,AJO,,False,False
2632801,ORANGE,5G NR 700,CHEMIN DES ANNELIERS (LES POINTIERES) 73720 QUEIGE,73211,"45.6919,6.4297",Pylône autostable,36m,TOTEM,2026-07-23,ALL,,False,False
2634188,ORANGE,5G NR 2100,2 PL DES BATAILLES  (MONTCLAVEL) 63260 AUBIAT,63013,"45.9822,3.1742",Pylône autostable,30m,ATC FRANCE,,AJO,,False,False
2642286,ORANGE,"LTE 1800, 5G NR 2100",CHEMIN D'EXPLOITATION N°28 (LE POIRIER NORD) 87620 SEREILHAC,87191,"45.7572,1.0597",Pylône autostable,38m,TOTEM,,AJO,,False,False
2654267,ORANGE,5G NR 2100,ALLÉE DE LA STATION D58 (LES ETANGS) 42110 POUILLY LES FEURS,42175,"45.7956,4.2211",Pylône autostable,"35,5m",TDF,2026-07-16,ALL,,False,False
2665351,SFR,5G NR 3500,62 RTE DES MARINES 30240 LE GRAU DU ROI,30133,"43.5136,4.1256",Pylône tubulaire,"12,9m",BOUYGUES,2026-07-17,AJA,,False,False
2670895,SFR,"UMTS 900, LTE 700, LTE 800, LTE 1800, LTE 2100, LTE 2600, 5G NR 3500",2515 CHEMIN LESCAUT SARDY 82800 NEGREPELISSE,82134,"44.0517,1.4997",Bâtiment,"28,4m",Particulier,,SUP,,False,True
2672489,BOUYGUES TELECOM,"LTE 700, 5G NR 3500",1 CHEMIN DE LA BAIE DE L'AMITIE 34300 AGDE,34003,"43.2783,3.4717",Pylône tubulaire,21m,BOUYGUES,2026-07-13,ALL,,False,False
2678970,BOUYGUES TELECOM,5G NR 3500,RTE DES HAUTS DU CAMP  83330 LE CASTELLET,83035,"43.255,5.7611",Pylône autostable,24m,CELLNEX,2026-07-06,ALL,,False,False
2692709,BOUYGUES TELECOM,LTE 700,POGGIO 20218 MOLTIFAO,2B162,"42.4881,9.1139",Pylône autostable,22m,HIVORY,2026-07-19,ALL,,False,False
2693498,BOUYGUES TELECOM,LTE 1800, (LES PORTEAUX) 41150 VALLOIRE SUR CISSE,41055,"47.535,1.1936",Pylône autostable,"32,6m",PHOENIX FRANCE INFRASTRUCTURES,,AJO,,True,False
2700077,BOUYGUES TELECOM,"LTE 2600, 5G NR 3500",CHE DE LA BLANCHARDIERE 85300 FROIDFOND,85095,"46.8725,-1.7558",Pylône autostable,"26,5m",PHOENIX FRANCE INFRASTRUCTURES,2026-07-16,ALL,,False,False
2715934,BOUYGUES TELECOM,5G NR 3500,12 AVENUE MARCEL DASSAULT 93370 MONTFERMEIL,93047,"48.9022,2.5808",Pylône haubané,"25,5m",BOUYGUES,,AJO,,False,False
2719748,ORANGE,"LTE 1800, LTE 2100, 5G NR 3500",3 CHEMIN DES CRIQUAULINS (LES VERNOTTES) 21560 COUTERNON,21209,"47.3389,5.16",Pylône autostable,35m,TDF,2026-07-10,ALL,,False,False
2721910,SFR,"GSM 900, UMTS 900, LTE 700, LTE 800, LTE 1800, LTE 2100, LTE 2600, 5G NR 3500",122 RUE LA FAYETTE 75010 PARIS 10,75110,"48.8778,2.3525",Bâtiment,28m,Société Privée,2022-11-07,SUP,,False,False
2726434,SFR,5G NR 3500,RUE SAINT-HERVÉ D 788 (RULÉA) 29430 LANHOUARNEAU,29111,"48.5806,-4.2019",Pylône autostable,30m,TOTEM,2026-07-15,ALL,,False,False
2737268,BOUYGUES TELECOM,"LTE 700, LTE 800",39 R PIERRE  CURIE 78470 ST REMY LES CHEVREUSE,78575,"48.7031,2.0781",Immeuble,"12,1m","Copropriété, Syndic, SCI",2026-07-17,ALL,,False,True
2744362,SFR,5G NR 3500,R DU STADE 85700 ST MESMIN,85254,"46.7914,-0.7392",Pylône tubulaire,26m,PHOENIX FRANCE INFRASTRUCTURES,2026-07-15,ALL,,False,False
2749281,SFR,5G NR 3500,ROUTE DU BOSC RENOULT 61470 SAP EN AUGE,61460,"48.8981,0.3306",Pylône autostable,27m,CELLNEX,2026-07-15,ALL,,False,False
2757634,SFR,"GSM 900, UMTS 900, LTE 700, LTE 800, LTE 1800, LTE 2100, LTE 2600, 5G NR 3500",BOULEVARD DU GRAND FOSSE DISNEYLAND SMALL WORLD 77700 CHESSY,77111,"48.8756,2.7761",Bâtiment,17m,Société Privée,,SUP,,False,True
2760180,SFR,5G NR 2100,CHEMIN DES BARQUETS (SAINT MARTIN) 26230 CHAMARET,26070,"44.3928,4.8906",Pylône autostable,"24,4m",SFR,2026-07-17,AJA,,False,False
2762139,BOUYGUES TELECOM,"LTE 700, LTE 800",23-25 AV DES CHUTES LAVIE 13004 MARSEILLE 04,13204,"43.3144,5.3958",Immeuble,"16,1m","Copropriété, Syndic, SCI",2026-07-15,ALL,,False,True
2762474,SFR,UMTS 900,2 IMPASSE DU BOL D AIR 93100 MONTREUIL,93048,"48.8719,2.4653",Pylône tubulaire,35m,CELLNEX,,SUP,,False,True
2763495,BOUYGUES TELECOM,5G NR 3500,2709 ROUTE ISLE SUR LA SORGUES 84440 ROBION,84099,"43.8728,5.0794",Pylône autostable,"27,3m",CELLNEX,2026-07-06,ALL,,False,False
2772548,SFR,LTE 1800,CHEMIN NEUWEG 68420 HUSSEREN LES CHATEAUX,68150,"48.035,7.2772",Pylône tubulaire,"12,4m",SFR,,AJO,,True,False
2773922,ORANGE,"LTE 1800, 5G NR 2100",CHEMIN COMMUNAL 201  (CHEZ PABOT) 24800 CHALAIS,24095,"45.4831,0.9475",Pylône autostable,39m,TDF,,AJO,,True,False
2778977,FREE MOBILE,LTE 700,MONTÉE DU BOIS D'ONAY (ONAY ET BERTHALINIERES OUE) 26350 ST LAURENT D ONAY,26310,"45.1811,5.1086",Pylône autostable,30m,TDF,2026-07-20,ALL,,True,False
2782181,ORANGE,"GSM 900, UMTS 900, LTE 800, LTE 1800, LTE 2100, LTE 2600",RUE DE LA RÉSISTANCE PROCHE CHEMIN DE FER 76410 ST AUBIN LES ELBEUF,76561,"49.305,1.0361",Immeuble,"21,5m",ORANGE,2023-03-20,SUP,,False,False
2786727,FREE MOBILE,"LTE 700, LTE 900, 5G NR 700","42-44, AVENUE DE RAMBOUILLET 93220 GAGNY",93032,"48.8756,2.5447",Immeuble,16m,"Copropriété, Syndic, SCI",2025-05-26,SUP,,False,False
280806,ORANGE,"LTE 700, LTE 2100, 5G NR 3500",R DE LA LIBERTÉ ALLÉE DE L'EGLISE EGLISE (MORNE DES ESSES) 97230 STE MARIE,97228,"14.7453,-61.015",Monument religieux,28m,Association,,AJO,,False,False
280806,ORANGE,LTE 2600,R DE LA LIBERTÉ ALLÉE DE L'EGLISE EGLISE (MORNE DES ESSES) 97230 STE MARIE,97228,"14.7453,-61.015",Monument religieux,28m,Association,,SUP,,False,False
281186,ORANGE,"LTE 800, LTE 2100, 5G NR 700, 5G NR 3500",41 R ERNEST RENAN MAGASIN DE MEUBLES 78800 HOUILLES,78311,"48.9214,2.1972",Bâtiment,"14,5m",Société Privée,2026-07-15,ALL,,False,False
2818191,BOUYGUES TELECOM,"LTE 700, LTE 800, LTE 1800, LTE 2100, LTE 2600, 5G NR 2100",ROUTE DE SAINT-AULAYE (LES MOUILLÈRES) 24230 ST ANTOINE DE BREUILH,24370,"44.8422,0.145",Pylône autostable,33m,ATC FRANCE,2026-07-18,ALL,,False,True
2819781,ORANGE,5G NR 2100,D.10 (LA PIÈCE DU PUITS SAINT RÉMY) 86390 LATHUS ST REMY,86120,"46.2917,0.8911",Pylône autostable,36m,ATC FRANCE,2026-07-16,ALL,,False,False
2840882,ORANGE,"LTE 2100, 5G NR 700, 5G NR 3500",CHEMIN DE BOURGEA PRES RESERVOIR 07800 ST GEORGES LES BAINS,07240,"44.8567,4.8189",Pylône autostable,26m,ON TOWER FRANCE,,AJO,,False,False
2840882,ORANGE,LTE 700,CHEMIN DE BOURGEA PRES RESERVOIR 07800 ST GEORGES LES BAINS,07240,"44.8567,4.8189",Pylône autostable,26m,ON TOWER FRANCE,2023-11-20,SUP,,False,False
2842837,SRR,LTE 2100,50 R RAYMOND ALBIUS (COLLEGE) 97412 BRAS PANON,97402,"-21.0011,55.6825",Pylône autostable,30m,Société Réunionnaise de Radiotéléphonie,2026-06-26,ART,,False,False
2870186,BOUYGUES TELECOM,"LTE 700, LTE 800",CHEM DE FONDBLANCHE ROUTE DE SEYSSUEL 38670 CHASSE SUR RHONE,38087,"45.5806,4.8319",Pylône tubulaire,25m,CELLNEX,2026-07-13,ALL,,False,True
2874760,ORANGE,5G NR 2100,2 RTE DE LUBETTE 40360 POMAREZ,40228,"43.6344,-0.8683",Pylône autostable,24m,TOTEM,2026-07-13,ALL,,False,False
2874886,SFR,"UMTS 900, 5G NR 2100",1 RUE JUSTE HERAS 93150 LE BLANC MESNIL,93007,"48.9517,2.4447",Immeuble,"28,3m","Copropriété, Syndic, SCI",,SUP,,False,True
2875052,SFR,5G NR 2100,110 AVENUE DU PRÉSIDENT WILSON 93380 ST DENIS,93066,"48.9078,2.3592",Immeuble,30m,"Copropriété, Syndic, SCI",,SUP,,False,False
2875437,ORANGE,5G NR 2100,CHEMIN DU CLOS CALTOT (CLOS CALTOT) 76910 PETIT CAUX,76618,"49.9419,1.2483",Pylône autostable,32m,ATC FRANCE,,AJO,,False,False
2881617,FREE MOBILE,"LTE 700, LTE 900, 5G NR 700",9 AVENUE ARMAND ROUSSEAU 75012 PARIS 12,75112,"48.8358,2.4086",Immeuble,"30,7m",Société HLM,2025-02-17,SUP,,False,False
2881877,BOUYGUES TELECOM,5G NR 3500,CHEM DE SAINT-MACAIRE (LE PERUSSAS) 34120 TOURBES,34311,"43.4419,3.3728",Pylône autostable,"24,2m",ORANGE,2026-07-15,ALL,,False,False
2884326,SFR,5G NR 3500,BRUNGUEN 29510 LANDREVARZEC,29106,"48.0881,-4.0533",Pylône tubulaire,"24,4m",PHOENIX FRANCE INFRASTRUCTURES,2026-07-15,ALL,,False,False
2885698,BOUYGUES TELECOM,"UMTS 900, LTE 700, LTE 800, LTE 1800, LTE 2100, LTE 2600, 5G NR 2100, 5G NR 3500",INTERSECTION A16 ET N1 (LE BON ECU) 80470 ARGOEUVES,80024,"49.935,2.2456",Pylône autostable,40m,SFR,,SUP,,False,True
2885918,ORANGE,5G NR 2100,RUE DU CHARMOIS 88220 RAON AUX BOIS,88371,"48.065,6.5128",Pylône autostable,35m,ORANGE,,AJO,,False,False
2889007,ORANGE,5G NR 700,17 BOULEVARD PIERRE ET MARIE CURIE (NEGRENEYS) 31500 TOULOUSE,31555,"43.6239,1.4439",Immeuble,26m,"Copropriété, Syndic, SCI",,AJO,,False,False
2889007,ORANGE,LTE 700,17 BOULEVARD PIERRE ET MARIE CURIE (NEGRENEYS) 31500 TOULOUSE,31555,"43.6239,1.4439",Immeuble,26m,"Copropriété, Syndic, SCI",,SUP,,False,False
2889764,SFR,UMTS 900,104 AVENUE GEORGES CLEMENCEAU 94360 BRY SUR MARNE,94015,"48.8444,2.5325",Bâtiment,17m,Société Privée,,SUP,,False,True
2892849,FREE MOBILE,"LTE 700, LTE 900, 5G NR 700","167, AVENUE JEAN JAURÈS 75019 PARIS 19",75119,"48.8875,2.3875",Immeuble,"29,1m","Copropriété, Syndic, SCI",2025-06-16,SUP,,False,False
2893879,FREE MOBILE,"UMTS 900, LTE 700",ROUTE DE FOURQUES D615 TRA DE PASSA 66300 TORDERES,66211,"42.5653,2.7686",Pylône autostable,42m,HIVORY,,SUP,,True,True
2894596,FREE MOBILE,LTE 700,PROCHE D134 GRANDE RUE (LE CHAROUPIER) 25470 COURTEFONTAINE,25174,"47.3172,6.9017",Pylône autostable,37m,FREE-MOBILE,2026-07-20,ALL,,True,True
2894596,ORANGE,"UMTS 900, LTE 700, LTE 800",PROCHE D134 GRANDE RUE (LE CHAROUPIER) 25470 COURTEFONTAINE,25174,"47.3172,6.9017",Pylône autostable,37m,FREE-MOBILE,2026-07-20,ALL,,True,True
2894596,SFR,UMTS 900,PROCHE D134 GRANDE RUE (LE CHAROUPIER) 25470 COURTEFONTAINE,25174,"47.3172,6.9017",Pylône autostable,37m,FREE-MOBILE,2026-07-22,ALL,,True,False
289942,SRR,LTE 800,R DENIS DIDEROT (RESERVOIR) 97419 LA POSSESSION,97408,"-20.9686,55.3597",Pylône tubulaire,12m,Société Réunionnaise de Radiotéléphonie,2018-04-04,ART,,False,False
2901511,SFR,UMTS 900,10 RUE DE LA POINTE À L'ANGLE AV DE SAINT GERMAIN 78450 VILLEPREUX,78674,"48.8297,1.9928",Immeuble,"23,8m","Copropriété, Syndic, SCI",,SUP,,False,True
2901513,SFR,UMTS 900,70 RUE DES PLANTES 91200 ATHIS MONS,91027,"48.7033,2.3758",Immeuble,18m,"Copropriété, Syndic, SCI",,SUP,,False,True
2901527,SFR,5G NR 2100,79 RUE PHILIPPE DARTIS 4 AVENUE GALLIENI 93800 EPINAY SUR SEINE,93031,"48.9658,2.2997",Immeuble,27m,"Copropriété, Syndic, SCI",,SUP,,False,False
2901870,SFR,5G NR 2100,32 RUE DE MAINVILLE 91210 DRAVEIL,91201,"48.6864,2.4156",Immeuble,12m,"Copropriété, Syndic, SCI",,SUP,,False,False
2902414,SFR,UMTS 900,203 AVENUE DE FONTAINEBLEAU 94320 THIAIS,94073,"48.7675,2.3683",Bâtiment,25m,Société Privée,,SUP,,False,True
2903733,SFR,UMTS 900,1 BIS RUE JOLIOT CURIE 91190 GIF SUR YVETTE,91272,"48.71,2.1644",Immeuble,"22,7m","Copropriété, Syndic, SCI",,SUP,,False,True
2903751,SFR,UMTS 900,1 RUE FRANKLIN 94190 VILLENEUVE ST GEORGES,94078,"48.7478,2.4483",Immeuble,22m,"Copropriété, Syndic, SCI",,SUP,,False,True
2904264,SFR,UMTS 900,28 BOULEVARD DU GÉNÉRAL LECLERC 92200 NEUILLY SUR SEINE,92051,"48.8897,2.2606",Immeuble,25m,"Copropriété, Syndic, SCI",,SUP,,False,True
2905078,SFR,5G NR 2100,9 RUE HENRI BARBUSSE 94340 JOINVILLE LE PONT,94042,"48.8136,2.4644",Immeuble,"47,2m","Copropriété, Syndic, SCI",,SUP,,False,False
2906154,SFR,UMTS 900,6 ALLEE DE BELLEVUE RÉS DES GROUAISONS - BAT 6 91290 ARPAJON,91021,"48.5944,2.2442",Immeuble,17m,Société HLM,,SUP,,False,True
2910973,SFR,5G NR 2100,CHEMIN RURAL SENTIER DES JUSTICES (LA JUSTICE) 78570 ANDRESY,78015,"48.9867,2.0469",Pylône arbre,"30,2m",TOWEO,,SUP,,False,False
2911183,SFR,UMTS 900,CHEMIN DU BOIS PELLETIER RUE PAUL SIMON 91220 BRETIGNY SUR ORGE,91103,"48.6114,2.2956",Pylône tubulaire,36m,CELLNEX,,SUP,,False,True
2912533,SFR,UMTS 900,34 RUE DEFRANCE 94300 VINCENNES,94080,"48.8478,2.4483",Immeuble,27m,"Copropriété, Syndic, SCI",,SUP,,False,True
2912788,SFR,UMTS 900,15 RUE MARGUERITE 91200 ATHIS MONS,91027,"48.6942,2.3844",Pylône tubulaire,31m,TOTEM,,SUP,,False,True
2914683,SFR,UMTS 900,RUE DE LA BELLE BORNE 93290 TREMBLAY EN FRANCE,93073,"48.9878,2.5303",Pylône autostable,34m,Aviation Civile,,SUP,,False,False
2914827,BOUYGUES TELECOM,"LTE 1800, LTE 2600, 5G NR 2100",1 AV DES CATELINES 69720 ST LAURENT DE MURE,69288,"45.6919,5.0481",Pylône autostable,"36,6m",CELLNEX,2026-07-14,ALL,,False,False
2916378,ORANGE,"LTE 2100, LTE 2600, 5G NR 700, 5G NR 3500",CHE DE LA TRAVERSIÈRE  (LA PIERRE À MOSSUL) 74580 VIRY,74309,"46.1294,6.0081",Pylône autostable,"36,4m",ON TOWER FRANCE,,AJO,,False,False
2916378,ORANGE,LTE 700,CHE DE LA TRAVERSIÈRE  (LA PIERRE À MOSSUL) 74580 VIRY,74309,"46.1294,6.0081",Pylône autostable,"36,4m",ON TOWER FRANCE,2024-03-04,SUP,,False,False
2916685,FREE MOBILE,"LTE 700, LTE 900, 5G NR 700",RUE EMILE BAUDOT 91120 PALAISEAU,91477,"48.7189,2.2633",Immeuble,"35,3m",FREE-MOBILE,2025-02-10,SUP,,False,False
2921320,SFR,UMTS 900,24 BOULEVARD DU GÉNÉRAL DE GAULLE 117 RUE ARISTIDE BRIAND 78700 CONFLANS STE HONORINE,78172,"49.0042,2.0906",Immeuble,15m,"Copropriété, Syndic, SCI",,SUP,,False,True
2922318,BOUYGUES TELECOM,"LTE 700, LTE 2600, 5G NR 3500",2 RUE DU TECH 66400 CERET,66049,"42.4886,2.7514",Immeuble,17m,"Copropriété, Syndic, SCI",,AJO,,False,True
2924095,FREE MOBILE,LTE 700,RUE DU VIEUX COLLÈGE 21000 DIJON,21231,"47.3197,5.0456",Immeuble,"21,6m","Copropriété, Syndic, SCI",2026-07-20,ALL,,False,True
2925712,FREE MOBILE,"LTE 700, LTE 900, 5G NR 700",1718 ALLÉE DU VIEUX PONT DE SÈVRES 92100 BOULOGNE BILLANCOURT,92012,"48.8286,2.2339",Immeuble,55m,Société HLM,2025-06-30,SUP,,False,False
2930648,BOUYGUES TELECOM,"LTE 1800, 5G NR 2100",AVENUE DU GÉNÉRAL LECLERC 76530 GRAND COURONNE,76319,"49.3658,1.0147",Pylône tubulaire,38m,ON TOWER FRANCE,2026-07-13,ALL,,False,False
2931097,BOUYGUES TELECOM,"LTE 700, LTE 800, LTE 1800, LTE 2600, 5G NR 2100",CHEMIN DE BERQUE (LA CROIX DE BOIS) 54560 SERROUVILLE,54504,"49.3989,5.8811",Pylône autostable,30m,SFR,2026-07-18,ALL,,False,True
2934903,BOUYGUES TELECOM,UMTS 900,4 ALL VICTOR HUGO CCAL DU CHENE POINTU (TOUR VICTORE HUGO) 93390 CLICHY SOUS BOIS,93014,"48.9078,2.5442",Bâtiment,54m,Société HLM,,SUP,,False,False
2940570,SFR,UMTS 900,14 AVENUE AUGUSTE RENOIR RÉSIDENCE LA RENARDIÈRE 77680 ROISSY EN BRIE,77390,"48.7936,2.6606",Immeuble,45m,"Copropriété, Syndic, SCI",,SUP,,False,False
2943341,FREE MOBILE,LTE 700,6 RUE AMÉDÉE DORMOY 76100 ROUEN,76540,"49.4458,1.0653",Bâtiment,6m,Société Privée,2026-07-20,ALL,,False,True
2948784,SFR,"UMTS 900, LTE 700, LTE 800, LTE 1800, LTE 2100, LTE 2600, 5G NR 2100",PROCHE DE CHEMIN DES REMPARTS COMPLEXE SPORTIF DEGOUVE BRABANT 62000 ARRAS,62041,"50.2836,2.7642",Pylône tubulaire,30m,SFR,,SUP,,False,True
2949266,FREE MOBILE,LTE 700,CHEMIN DE LA HIGONNIERE (LES MILLOTS) 44640 ST JEAN DE BOISEAU,44166,"47.1964,-1.7097",Pylône autostable,36m,CELLNEX,2026-07-20,ALL,,False,True
2950242,SFR,UMTS 900,6-12 RUE JEAN ZAY 78480 VERNEUIL SUR SEINE,78642,"48.98,1.9592",Bâtiment,28m,"Copropriété, Syndic, SCI",,SUP,,False,True
2952018,ORANGE,"UMTS 900, LTE 700, LTE 800, LTE 1800",144 RUE DE L'INDUSTRIE PROCHE DEPARTEMENTALE 23 85600 MONTAIGU VENDEE,85146,"46.9606,-1.2522",Pylône autostable,"42,5m",TDF,2022-01-25,SUP,,False,False
2952519,SFR,UMTS 900,23 RUE AMPÈRE 77400 LAGNY SUR MARNE,77243,"48.8756,2.6847",Pylône autostable,32m,CELLNEX,,SUP,,False,True
2953393,SFR,UMTS 900,2 RUE MARTIN LUTHER KING 91170 VIRY CHATILLON,91687,"48.665,2.3694",Pylône tubulaire,34m,SFR,,SUP,,False,True
2956901,SFR,UMTS 900,39 RUE MICHEL ROLNIKAS STADE AUGUSTE DELAUNE 93240 STAINS,93072,"48.9611,2.3869",Pylône tubulaire,27m,CELLNEX,,SUP,,False,True
2958427,SFR,UMTS 900,75 AVENUE VOLTAIRE GARCIN STADE PAUL MILLE 84470 CHATEAUNEUF DE GADAGNE,84036,"43.9303,4.9408",Pylône tubulaire,26m,SFR,,SUP,,False,True
2958860,SFR,"GSM 900, UMTS 900, LTE 700, LTE 800",CHEMIN RURAL DE RAMPAREY (CHAMPS DU CHENE) 88320 SERECOURT,88455,"48.0478,5.8469",Pylône autostable,"42,5m",HIVORY,,SUP,,False,True
2964268,ORANGE,"LTE 700, LTE 800",VOIE COMMUNALE N°302 VERS BELMONT SUR VAIR (LES VARREAUX) 88170 GEMMELAINCOURT,88194,"48.2739,5.9622",Pylône autostable,"42,5m",HIVORY,2026-07-20,AJA,,True,True
2964268,ORANGE,UMTS 900,VOIE COMMUNALE N°302 VERS BELMONT SUR VAIR (LES VARREAUX) 88170 GEMMELAINCOURT,88194,"48.2739,5.9622",Pylône autostable,"42,5m",HIVORY,2026-05-22,AJR,,True,True
2964575,ORANGE,"LTE 700, LTE 1800, 5G NR 2100",CHEMIN RURAL DE THÉZY (THÉZY) 64490 BORCE,64136,"42.8156,-0.5625",Pylône autostable,25m,ORANGE,,AJO,,True,False
2965210,SFR,UMTS 900,IMPASSE DE LA PETITE VENISE PARC DU CHÂTEAU DE VERSAILLES 78000 VERSAILLES,78646,"48.8094,2.11",Pylône tubulaire,25m,SFR,,SUP,,False,True
2965496,SFR,UMTS 900,2 SQ DE LA POTERNE 91300 MASSY,91377,"48.7372,2.2706",Immeuble,47m,Société HLM,,SUP,,False,True
2965516,SFR,UMTS 900,2-4 ALLÉE THÉOPHILE GAUTIER (LES PROVINCES FRANCAISES) 92000 NANTERRE,92050,"48.8983,2.2103",Bâtiment,31m,"Copropriété, Syndic, SCI",,SUP,,False,True
2966579,SFR,UMTS 900,133 AVENUE DES STALINGRAD 93240 STAINS,93072,"48.9522,2.3886",Immeuble,"18,1m","Copropriété, Syndic, SCI",,SUP,,False,True
296829,SRR,LTE 1800,CD 441 97419 LA POSSESSION,97408,"-20.9225,55.3703",Mât béton,16m,Société Réunionnaise de Radiotéléphonie,2021-11-05,ART,,False,False
2972432,FREE MOBILE,LTE 700,287 AV SAINT-JACQUES DE COMPOSTELLE RN 10 (LE PUCH OUEST) 33610 CESTAS,33122,"44.6842,-0.7228",Pylône autostable,35m,TOTEM,2026-07-20,ALL,,False,True
2973185,BOUYGUES TELECOM,"LTE 1800, LTE 2100, LTE 2600",10BIS RUE DOBRÉE 44300 NANTES,44109,"47.2111,-1.5692",Immeuble,30m,"Copropriété, Syndic, SCI",2026-07-14,ALL,,False,False
2973405,SFR,UMTS 900,3 RUE DE LA PLANÈTE BLEUE 78114 MAGNY LES HAMEAUX,78356,"48.7297,2.0814",Pylône tubulaire,30m,SFR,,SUP,,False,True
2973432,SFR,UMTS 900,12 RUE DE L'EGALITÉ 77680 ROISSY EN BRIE,77390,"48.7967,2.6514",Immeuble,"22,6m","Copropriété, Syndic, SCI",,SUP,,False,False
2984591,BOUYGUES TELECOM,LTE 700,2 RTE DES TRIBUNES (HIPPODROME LONGCHAMPS) 75116 PARIS 16,75116,"48.8572,2.2358",Pylône tubulaire,16m,BOUYGUES,2026-07-17,ALL,,False,False
2988951,SFR,"LTE 2600, 5G NR 3500",11 AVENUE RENÉ FROGER BATIMENT D 05100 BRIANCON,05023,"44.8992,6.6314",Immeuble,28m,"Copropriété, Syndic, SCI",,AJO,,False,False
2989667,SFR,UMTS 900,2 RUE DU VIEUX MOULIN 78370 PLAISIR,78490,"48.8303,1.9386",Immeuble,"16,2m","Copropriété, Syndic, SCI",,SUP,,False,True
299271,SRR,5G NR 3500,PL DU CARREFOUR (CHEMBENYOUMBA) 97650 M TSANGAMOUJI,97613,"-12.7631,45.0772",Mât béton,18m,Société Réunionnaise de Radiotéléphonie,2026-07-10,ALL,,False,False
2993080,SFR,UMTS 900,30 RUE DU BOIS MOUSSAY 93240 STAINS,93072,"48.9572,2.3686",Pylône tubulaire,30m,CELLNEX,,SUP,,False,True
2993084,SFR,UMTS 900,7 BOULEVARD JULES GUESDE 93380 ST DENIS,93066,"48.9344,2.3497",Immeuble,"33,3m","Copropriété, Syndic, SCI",,SUP,,False,True
2993334,BOUYGUES TELECOM,"LTE 700, LTE 800",CHEM COMMUNAL (LES GRANDES GARNAUDIÈRES) 85340 LES SABLES D OLONNE,85194,"46.5317,-1.785",Pylône autostable,35m,TOTEM,2026-07-12,ALL,,False,True
2993334,FREE MOBILE,LTE 700,CHEM COMMUNAL (LES GRANDES GARNAUDIÈRES) 85340 LES SABLES D OLONNE,85194,"46.5317,-1.785",Pylône autostable,35m,TOTEM,2026-07-20,ALL,,False,True
2995234,FREE MOBILE,"LTE 700, LTE 900, 5G NR 700",17 QUAI AULAGNIER (LES GRESILLONS) 92600 ASNIERES SUR SEINE,92004,"48.9133,2.3031",Bâtiment,"19,4m",Société Privée,2025-05-26,SUP,,False,False
2996635,ORANGE,5G NR 2100,CHEMIN DES OSSIAUX PROCHE CHEZ COQUE (LES VIGNES BASSES) 63160 GLAINE MONTAIGUT,63168,"45.7486,3.3822",Pylône autostable,24m,ATC FRANCE,,AJO,,False,False
2998638,ORANGE,"LTE 700, LTE 800",CHEMIN DES PRÉS APRÈS LE MOULIN DE LA MOUCHE (LE PONT JOLY) 27290 ST PHILBERT SUR RISLE,27587,"49.2903,0.6589",Pylône autostable,36m,TOTEM,2026-07-21,ALL,,False,True
2999456,SFR,UMTS 900,14  AVENUE DE CHANZY 94210 ST MAUR DES FOSSES,94068,"48.7911,2.5144",Bâtiment,"22,1m","Copropriété, Syndic, SCI",,SUP,,False,True
2999477,SFR,UMTS 900,11 RUE DE LA DESSERTE INDUSTRIELLE 91220 BRETIGNY SUR ORGE,91103,"48.5886,2.2961",Pylône autostable,"29,8m",SFR,,SUP,,False,True
2999691,BOUYGUES TELECOM,"LTE 700, LTE 800, LTE 1800, 5G NR 2100",RUE DES PATURES 77440 COCHEREL,77120,"49.0186,3.1011",Pylône autostable,42m,FREE-MOBILE,2026-07-11,ALL,,False,True
2999691,SFR,"UMTS 900, LTE 2100",RUE DES PATURES 77440 COCHEREL,77120,"49.0186,3.1011",Pylône autostable,42m,FREE-MOBILE,,SUP,,False,False
3000484,FREE MOBILE,"UMTS 900, LTE 700",ROUTE DE PIRON (POUY) 40190 BOURDALAT,40052,"43.8397,-0.2164",Pylône autostable,"42,5m",HIVORY,2025-11-28,SUP,,True,False
3005314,SFR,UMTS 900,AVENUE DE L'UNIVERSITE D98 CTRE GRAND VAR ZONE D'ACTIVITÉ VALGORA (ZAC VALGORA) 83160 LA VALETTE DU VAR,83144,"43.1394,6.0139",Pylône tubulaire,31m,NEXT TOWER,,SUP,,False,True
3007101,SFR,"LTE 700, LTE 800, LTE 1800, LTE 2600, 5G NR 2100",CHEMIN DU PRESSOIR (LES OSCHES) 10120 ST GERMAIN,10340,"48.26,3.99",Pylône autostable,"42,5m",TDF,2026-07-15,ALL,,False,True
3008435,SFR,UMTS 900,60 R FRANCIS DE PRESSENSE 93380 ST DENIS,93066,"48.9236,2.3739",Pylône tubulaire,26m,SFR,,SUP,,False,True
3008447,SFR,5G NR 2100,2 PLACE DE LA PEUPLERAIE 94470 BOISSY ST LEGER,94004,"48.7553,2.5042",Bâtiment,26m,"Copropriété, Syndic, SCI",,SUP,,False,False
3012887,BOUYGUES TELECOM,"LTE 700, LTE 800",CHEM DU MARNANTON (LE MARNANTON) 69550 ST JEAN LA BUSSIERE,69214,"46.0108,4.3169",Pylône autostable,"38,3m",BOUYGUES,2026-07-17,ALL,,False,True
3013004,SFR,UMTS 900,RUE DE VALMY AV DE LA RESISTANCE 91130 RIS ORANGIS,91521,"48.6367,2.4092",Pylône arbre,25m,"Commune, communauté de communes",,SUP,,False,True
3026126,BOUYGUES TELECOM,"5G NR 2100, 5G NR 3500",AV ENUEDU GRAND BOIS 2 IMPASSE HENRI BERGSON (L'APOTHICAIRE) 31880 LA SALVETAT ST GILLES,31526,"43.5747,1.2467",Pylône tubulaire,41m,TOTEM,2026-07-15,ALL,,False,False
3029214,ORANGE,"LTE 700, 5G NR 2100",PROCHE ROUTE DE LIGUGE LE BOIS DU FIEF CLAIRET (LE POIRE) 86240 LIGUGE,86133,"46.5361,0.3228",Pylône autostable,42m,TOTEM,,AJO,,False,False
3029430,ORANGE,UMTS 900,660 ROUTE DE LA DORDOGNE 24370 CARLUX,24081,"44.8706,1.3639",Pylône autostable,30m,TOTEM,2026-07-10,ALL,,True,False
3044739,BOUYGUES TELECOM,5G NR 3500,8 R DUPLEIX 75015 PARIS 15,75115,"48.8519,2.2981",Immeuble,31m,"Copropriété, Syndic, SCI",2026-07-06,ALL,,False,False
3048045,ORANGE,"GSM 900, UMTS 900, LTE 800, LTE 1800",1 ROUTE DE LEVROUX PRÈS N.151 (LE MOULIN DE BONDE) 36100 ISSOUDUN,36088,"46.9439,1.9786",Bâtiment,44m,Société Privée,2007-08-27,SUP,,False,False
3049256,FREE MOBILE,LTE 700,CHEMIN DE LA COLONIE (LE BAURE) 38660 PLATEAU DES PETITES ROCHES,38395,"45.2864,5.8439",Mât,12m,TOTEM,2026-07-20,ALL,,False,False
3050446,BOUYGUES TELECOM,LTE 1800,R DES MARAÎCHÈRES (LA GAGNERIE DU ROLLY) 44340 BOUGUENAIS,44020,"47.1675,-1.62",Pylône tubulaire,18m,CELLNEX,2026-07-16,ALL,,False,False
305092,ORANGE,"LTE 900, 5G NR 700",RTE FORESTIÈRE DES CRYPTOMERIAS (PETITE FRANCE) 97460 ST PAUL,97415,"-21.0483,55.3478",Mât béton,"16,1m",ORANGE,,AJO,,False,False
305092,ORANGE,LTE 700,RTE FORESTIÈRE DES CRYPTOMERIAS (PETITE FRANCE) 97460 ST PAUL,97415,"-21.0483,55.3478",Mât béton,"16,1m",ORANGE,2024-04-26,SUP,,False,False
3054051,ORANGE,"LTE 1800, 5G NR 2100",CHEMIN DE MONDI (MONDI) 31530 LASSERRE PRADERE,31277,"43.6406,1.1939",Pylône autostable,36m,ATC FRANCE,2026-07-20,AJA,,True,False
3054703,FREE MOBILE,LTE 700,1432 CHEMIN LE LANÇON (LE LANÇON) 83110 SANARY SUR MER,83123,"43.1431,5.8244",Pylône arbre,12m,FREE-MOBILE,2026-07-20,ALL,,False,True
3055853,FREE MOBILE,LTE 700,CHEMIN DE LA COLONIE (LE BAURE) 38660 PLATEAU DES PETITES ROCHES,38395,"45.2864,5.8439",Mât,12m,TOTEM,2026-07-20,ALL,,False,False
3055980,BOUYGUES TELECOM,"LTE 700, LTE 800",7 R ALBERTO SANTOS DUMONT (PARC MARCEL DASSAULT) 34430 ST JEAN DE VEDAS,34270,"43.5575,3.8481",Pylône autostable,12m,BOUYGUES,2026-07-15,ALL,,False,True
3056401,FREE MOBILE,LTE 700,1B RUE DE COLMAR (OPHOVE) 62510 ARQUES,62040,"50.7294,2.2919",Pylône autostable,"42,7m",FREE-MOBILE,2026-07-20,ALL,,False,True
3056416,BOUYGUES TELECOM,"LTE 2100, 5G NR 3500",6 AV ANDRE THEURIET (LA VIGNE HAUTE) 06340 LA TRINITE,06149,"43.7433,7.3233",Immeuble,"24,3m","Copropriété, Syndic, SCI",,SUP,,False,True
305726,ORANGE,5G NR 2100, (LE PETIT CLOS) 36100 NEUVY PAILLOUX,36140,"46.8869,1.8481",Pylône autostable,36m,TOTEM,2026-07-10,ALL,,False,False
3057355,BOUYGUES TELECOM,"LTE 700, LTE 800, LTE 1800, LTE 2600, 5G NR 2100",ROUTE DE LOCOAL 22110 PLOUGUERNEVEL,22220,"48.2344,-3.2553",Pylône autostable,"32,1m",CELLNEX,2026-07-16,ALL,,False,True
3057355,SFR,"LTE 700, LTE 800, LTE 1800, LTE 2600, 5G NR 2100",ROUTE DE LOCOAL 22110 PLOUGUERNEVEL,22220,"48.2344,-3.2553",Pylône autostable,"32,1m",CELLNEX,2026-07-17,ALL,,False,True
3065243,ORANGE,UMTS 900,38 RUE MONTCALM 17000 LA ROCHELLE,17300,"46.1622,-1.2194",Pylône autostable,30m,CELLNEX,2026-07-15,ALL,,False,False
3072120,ORANGE,"UMTS 900, LTE 700, LTE 800",RUE DU CHÂTEAU D'EAU RUE DU PARC 11230 VAL DE LAMBRONNE,11080,"43.0731,1.9744",Pylône autostable,"24,4m",FREE-MOBILE,2026-07-15,ALL,,True,True
3072120,SFR,LTE 800,RUE DU CHÂTEAU D'EAU RUE DU PARC 11230 VAL DE LAMBRONNE,11080,"43.0731,1.9744",Pylône autostable,"24,4m",FREE-MOBILE,2026-07-15,ALL,,True,True
3072474,BOUYGUES TELECOM,"LTE 700, LTE 800, LTE 1800, LTE 2600, 5G NR 2100",8 RUE ADRIEN DUCOURT CENTRAL TÉLÉPHONIQUE 33600 PESSAC,33318,"44.8061,-0.6294",Bâtiment,18m,"Copropriété, Syndic, SCI",2026-07-13,ALL,,False,True
3078231,FREE MOBILE,LTE 700,RUE DES MANOUVRIERS 77176 SAVIGNY LE TEMPLE,77445,"48.6019,2.5603",Pylône arbre,"26,5m",FREE-MOBILE,2026-07-20,ALL,,False,True
3091243,FREE MOBILE,LTE 700,RUE DE CRECY D135 (LE CHEM DE DOMPIERRE) 62140 CAPELLE LES HESDIN,62212,"50.3339,1.9925",Pylône autostable,"36,3m",HIVORY,2026-07-20,ALL,,True,False
3092306,BOUYGUES TELECOM,"UMTS 900, LTE 700, LTE 800",CHEL DE POMPE PRES DE MAURIN (CHANOLLES) 04420 PRADS HAUTE BLEONE,04155,"44.1503,6.4147",Pylône autostable,"18,8m",CELLNEX,2026-07-17,ALL,,True,True
3094469,ORANGE,"LTE 1800, 5G NR 2100",D401 (LES BARREINS) 11600 FOURNES CABARDES,11154,"43.3356,2.3844",Pylône autostable,15m,TDF,,AJO,,False,False
3096758,SFR,"LTE 700, LTE 800, LTE 1800, LTE 2100, LTE 2600, 5G NR 2100",33 ALLÉES DES LETTRES PERSANES (A LÉCHAC) 33650 LA BREDE,33213,"44.6864,-0.5211",Pylône autostable,"36,3m",TOTEM,2026-07-16,ALL,,False,True
3097935,SFR,5G NR 2100,ROUTE DE VRIGNY PROCHE SAVELON (LES JARDILLIERES) 51370 ORMES,51418,"49.2353,3.9419",Pylône autostable,"13,5m",TDF,2025-12-12,SUP,,False,False
3098098,BOUYGUES TELECOM,5G NR 3500,16 ALLEE DES ALIZES (LE MURGER DE LA BATAILLE) 91150 ETAMPES,91223,"48.4353,2.1428",Immeuble,"18,3m","Copropriété, Syndic, SCI",2026-07-20,ALL,,False,False
3103644,SFR,"UMTS 900, LTE 2100",ZONE INDUSTRIELLE DE LA PAIX PRÈS DE ARG AUTOMOBILES (USINE LA PAIX) 57440 ALGRANGE,57012,"49.3486,6.0356",Pylône autostable,42m,SFR,,SUP,,False,False
3105554,FREE MOBILE,LTE 700,35 AV DE L'ALBATROS RÉSIDENCE LE CONSTELLATION BÂTIMENT E 85270 ST HILAIRE DE RIEZ,85226,"46.7581,-2.0308",Immeuble,31m,"Copropriété, Syndic, SCI",2026-07-20,ALL,,False,True
3106130,BOUYGUES TELECOM,5G NR 2100,CHEMIN LES GUERETS (LES GUERETS) 28500 CHERISY,28098,"48.7508,1.4103",Pylône autostable,"36,5m",CELLNEX,2026-05-05,ART,,False,False
3107416,ORANGE,"UMTS 900, LTE 700, LTE 800",ROUTE DE BRAS PENDU TERRAIN PRIVÉ 19120 LA CHAPELLE AUX SAINTS,19044,"44.9953,1.7231",Pylône autostable,36m,FREE-MOBILE,,AJO,,True,True
3107690,ORANGE,UMTS 900,378 RTE D'AUGIORS STATION D'ÉPURATION (EN CROUPET) 01560 ST JEAN SUR REYSSOUZE,01364,"46.4031,5.0661",Pylône autostable,"48,4m",FREE-MOBILE,2026-07-07,AJA,,True,True
3107690,ORANGE,"LTE 700, LTE 800",378 RTE D'AUGIORS STATION D'ÉPURATION (EN CROUPET) 01560 ST JEAN SUR REYSSOUZE,01364,"46.4031,5.0661",Pylône autostable,"48,4m",FREE-MOBILE,2026-06-24,AJR,,True,True
3108518,BOUYGUES TELECOM,"LTE 700, LTE 800, LTE 1800, LTE 2100, LTE 2600, 5G NR 2100, 5G NR 3500",6  AVENUE DU PARC 24430 MARSAC SUR L ISLE,24256,"45.1908,0.6647",Pylône autostable,30m,SFR,2026-07-10,ALL,,False,True
3109756,BOUYGUES TELECOM,"LTE 1800, LTE 2600, 5G NR 2100",RTE DU CHATELLIER 79100 ST JEAN DE THOUARS,79259,"46.9617,-0.2042",Pylône autostable,30m,CELLNEX,2026-07-15,ALL,,False,False
3110000,BOUYGUES TELECOM,"LTE 700, LTE 800",96 RUE ANATOLE FRANCE 69100 VILLEURBANNE,69266,"45.7678,4.8783",Immeuble,"23,2m","Copropriété, Syndic, SCI",2026-07-15,ALL,,False,True
3110174,SFR,"UMTS 900, LTE 700, LTE 800",ROUTE DU BOIS DE PIERRE (AU MOULIN) 82120 MAUMUSSON,82107,"43.9189,0.9056",Pylône autostable,36m,FREE-MOBILE,2026-07-17,AJA,,True,True
3110840,ORANGE,5G NR 2100,CHE DE FONCAVE IMP DU MOULIN DU BUT (FONTAINE DE FONCAVE) 24550 MAZEYROLLES,24263,"44.6786,1.0233",Pylône autostable,"36,6m",TDF,2026-07-17,ALL,,False,False
3111671,FREE MOBILE,LTE 700,ROUTE DÉPARTEMENTALE  N°38C (CHAMP DU PONT) 57260 ST MEDARD,57621,"48.8186,6.6392",Pylône autostable,24m,SFR,2026-07-20,ALL,,True,False
3111677,BOUYGUES TELECOM,"LTE 700, LTE 800, LTE 1800, LTE 2600, 5G NR 2100",D21B (GEHRENMATTEN) 68480 OLTINGUE,68248,"47.4986,7.3983",Pylône autostable,36m,HIVORY,2026-07-11,ALL,,False,True
3112028,BOUYGUES TELECOM,"LTE 1800, LTE 2600",CHEMIN DE LA RANQUETTE (LA BAUME ET LES ETANGS) 30190 LA CALMETTE,30061,"43.9169,4.2733",Pylône autostable,24m,CELLNEX,2026-07-16,ALL,,False,False
3112028,SFR,"LTE 700, LTE 800, LTE 1800, LTE 2600, 5G NR 2100",CHEMIN DE LA RANQUETTE (LA BAUME ET LES ETANGS) 30190 LA CALMETTE,30061,"43.9169,4.2733",Pylône autostable,24m,CELLNEX,2026-07-17,ALL,,False,True
3112192,ORANGE,"UMTS 900, LTE 700, LTE 800",ROUTE D808 AIRE DE PIQUE-NIQUE 48100 GREZES,48072,"44.5039,3.3489",Pylône autostable,"18,3m",FREE-MOBILE,2026-07-10,ALL,,True,True
3112208,SFR,"UMTS 900, LTE 700, LTE 800",CHEMIN DE ROUME (LA BOURTOUMARIÉ) 81170 LACAPELLE SEGALAR,81123,"44.1083,2.0058",Pylône autostable,36m,FREE-MOBILE,2026-07-17,AJA,,True,True
3113074,FREE MOBILE,LTE 700, (PRAIRIE DE LA BRETAGNE) 28330 LES AUTELS VILLEVILLON,28016,"48.1731,1.0025",Pylône autostable,"30,3m",CELLNEX,2026-07-20,ALL,,True,False
3114317,ORANGE,"UMTS 900, LTE 700, LTE 800",386 CHEMIN DU PIGEONNIER (EN DURAND) 81500 CABANES,81044,"43.7231,1.9464",Pylône autostable,30m,FREE-MOBILE,2026-07-15,ALL,,True,True
3116366,ORANGE,UMTS 900,VOIE COMMUNALE LA BORIE (LOU ROUQUET) 48000 ST ETIENNE DU VALDONNEZ,48147,"44.4303,3.5833",Pylône autostable,12m,TOTEM,2026-07-09,ALL,,True,False
3116615,BOUYGUES TELECOM,"LTE 700, LTE 800",113-115-117 COURS GAMBETTA 69003 LYON 03,69383,"45.7508,4.8572",Immeuble,"39,7m",Société HLM,2026-07-15,ALL,,False,True
3117643,BOUYGUES TELECOM,5G NR 3500,739 ALL DU POURROUCET 83700 ST RAPHAEL,83118,"43.4256,6.8547",Pylône tubulaire,"22,2m",BOUYGUES,2026-07-13,ALL,,False,False
3117643,ORANGE,"LTE 800, LTE 1800, LTE 2100, LTE 2600, 5G NR 700, 5G NR 3500",739 ALL DU POURROUCET 83700 ST RAPHAEL,83118,"43.4256,6.8547",Pylône tubulaire,"22,2m",BOUYGUES,,AJO,,False,True
3121449,BOUYGUES TELECOM,"UMTS 900, LTE 700, LTE 800, LTE 1800, LTE 2100, LTE 2600, 5G NR 2100",8 AV DE BRETAGNE 28300 MAINVILLIERS,28229,"48.4533,1.4578",Immeuble,25m,Société Privée,2026-07-15,ALL,,False,True
3121655,BOUYGUES TELECOM,"LTE 700, LTE 800, LTE 1800, LTE 2100, LTE 2600, 5G NR 2100",ROUTE DE BEAUREGARD (LA TANNERIE) 12450 FLAVIN,12102,"44.2839,2.595",Pylône autostable,30m,TOTEM,2026-07-11,ALL,,False,True
3121672,BOUYGUES TELECOM,"LTE 1800, LTE 2600, 5G NR 2100",17 AVENUE DE SAXE 75007 PARIS 07,75107,"48.8492,2.3092",Immeuble,"29,8m","Copropriété, Syndic, SCI",2026-07-16,ALL,,False,False
3122205,ORANGE,"UMTS 900, LTE 800, LTE 1800, LTE 2100, LTE 2600, 5G NR 700, 5G NR 3500",153 AVENUE CHARLES DE GAULLE 85340 LES SABLES D OLONNE,85194,"46.5192,-1.7558",Pylône tubulaire,12m,ORANGE,,SUP,,False,True
3124863,FREE MOBILE,LTE 700,123 BOULEVARD DE VALMY 92700 COLOMBES,92025,"48.9311,2.2536",Immeuble,"33,1m",Société HLM,2026-07-20,ALL,,False,True
3126092,BOUYGUES TELECOM,"LTE 700, LTE 800, LTE 1800, LTE 2600, 5G NR 2100",5  R DE LA PERDREIETTE 85590 ST MALO DU BOIS,85240,"46.9339,-0.8994",Pylône autostable,"26,3m",CELLNEX,2026-07-16,ALL,,False,True
3126092,SFR,"LTE 700, LTE 800, LTE 1800, LTE 2600, 5G NR 2100",5  R DE LA PERDREIETTE 85590 ST MALO DU BOIS,85240,"46.9339,-0.8994",Pylône autostable,"26,3m",CELLNEX,2026-07-17,ALL,,False,True
3126857,BOUYGUES TELECOM,"LTE 1800, LTE 2600",89 R SABLIÈRES 33800 BORDEAUX,33063,"44.8242,-0.5753",Immeuble,"29,4m",BOUYGUES,2026-07-07,ALL,,False,False
3129030,BOUYGUES TELECOM,"LTE 700, LTE 800, LTE 1800, LTE 2600, 5G NR 2100, 5G NR 3500",BD DE LA CIE DES INDES STADE DU DRIASKER 56290 PORT LOUIS,56181,"47.7083,-3.3508",Pylône tubulaire,"17,9m",CELLNEX,2026-07-16,ALL,,False,True
3129030,SFR,"LTE 700, LTE 800, LTE 1800, LTE 2600, 5G NR 2100, 5G NR 3500",BD DE LA CIE DES INDES STADE DU DRIASKER 56290 PORT LOUIS,56181,"47.7083,-3.3508",Pylône tubulaire,"17,9m",CELLNEX,2026-07-17,ALL,,False,True
3129180,BOUYGUES TELECOM,"LTE 700, LTE 800, LTE 1800, LTE 2600, 5G NR 2100",17 CHEM DE COMMENDIN LES BOURNAIS 37140 COTEAUX SUR LOIRE,37232,"47.3067,0.3411",Pylône autostable,"38,6m",CELLNEX,2026-07-16,ALL,,False,True
3129180,SFR,"LTE 700, LTE 800, LTE 1800, LTE 2600, 5G NR 2100",17 CHEM DE COMMENDIN LES BOURNAIS 37140 COTEAUX SUR LOIRE,37232,"47.3067,0.3411",Pylône autostable,"38,6m",CELLNEX,2026-07-17,ALL,,False,True
3130532,FREE MOBILE,LTE 700,RUE GASTON GOUSSARD 28340 BOISSY LES PERCHE,28046,"48.6889,0.8936",Pylône autostable,36m,"État, Ministère",2026-07-20,ALL,,True,False
3130996,BOUYGUES TELECOM,"LTE 700, LTE 800, LTE 1800, LTE 2600, 5G NR 2100",CHEMIN DE L'ANGELLERIE (L'ANGELLERIE) 35500 POCE LES BOIS,35229,"48.1175,-1.285",Pylône autostable,"24,1m",CELLNEX,2026-07-16,ALL,,False,True
3130996,SFR,"LTE 700, LTE 800, LTE 1800, LTE 2600, 5G NR 2100",CHEMIN DE L'ANGELLERIE (L'ANGELLERIE) 35500 POCE LES BOIS,35229,"48.1175,-1.285",Pylône autostable,"24,1m",CELLNEX,2026-07-17,ALL,,False,True
3132230,FREE MOBILE,LTE 700,8 RUE DU LIEUTENANT LEVITTE 08130 RILLY SUR AISNE,08364,"49.4853,4.635",Pylône autostable,30m,FREE-MOBILE,2026-07-20,ALL,,True,False
3132957,ORANGE,LTE 800,102 ROUTE D'ESCHAU (HERTENMATTEN) 67400 ILLKIRCH GRAFFENSTADEN,67218,"48.4944,7.7183",Pylône autostable,36m,TOTEM,2026-07-31,AAV,,False,True
3138785,BOUYGUES TELECOM,"LTE 700, LTE 800, LTE 1800, LTE 2100, LTE 2600, 5G NR 2100",227 ROUTE DE LA TUILERIE D655 33690 GRIGNOLS,33195,"44.3883,-0.0544",Pylône autostable,33m,ON TOWER FRANCE,2026-07-11,ALL,,False,True
3139567,FREE MOBILE,,GENISSON NORD ROUTE DE MOURENS (AUX ROUILLES) 33490 ST GERMAIN DE GRAVE,33411,"44.6336,-0.2256",Pylône autostable,42m,FREE-MOBILE,2026-03-30,CHA,Aux Rouilles GENISSON NORD,True,False
3139876,BOUYGUES TELECOM,"LTE 1800, LTE 2600, 5G NR 2100",R DU STADE 1 CHEMIN DE KERGARADEG KOZH (PARC MACHARIC GOIC) 22300 PLOULEC H,22224,"48.7225,-3.4997",Pylône autostable,"30,6m",CELLNEX,2026-07-15,ALL,,False,False
3141902,ORANGE,"UMTS 900, LTE 700, LTE 800",ROUTE DE ROUQUETTE (PECH CALVEL - FLOURENT) 46250 CAZALS,46066,"44.6603,1.2239",Pylône autostable,36m,FREE-MOBILE,2026-07-15,AJA,,True,True
3142203,BOUYGUES TELECOM,"LTE 1800, LTE 2600, 5G NR 2100",27 R D'ANJOU LE GRAND PRE LOIGNE 53360 LA ROCHE NEUVILLE,53136,"47.8689,-0.7447",Pylône autostable,"30,1m",PHOENIX FRANCE INFRASTRUCTURES,2026-07-09,ALL,,False,False
3144343,ORANGE,"UMTS 900, UMTS 2100, LTE 800, LTE 1800, LTE 2100, 5G NR 3500",2G CHEMIN GRAND CHAMP (GRAND CHAMP) 97232 LE LAMENTIN,97213,"14.6508,-60.9894",Pylône autostable,36m,PHOENIX FRANCE INFRASTRUCTURES,,AJO,,False,True
3145073,SFR,LTE 800,VC N°9 DIT DES ROTTETS (VERS LES MOULINS) 74350 ANDILLY,74009,"46.0611,6.0678",Pylône autostable,24m,TOTEM,2026-07-08,ALL,,True,False
3145420,SFR,LTE 800,CHEMIN D EXPLOITATION DES SARRES (LES SARRES) 01800 RIGNIEUX LE FRANC,01325,"45.9472,5.1944",Pylône autostable,"36,2m",CELLNEX,2026-07-13,ALL,,False,True
3145774,BOUYGUES TELECOM,5G NR 2100,27 R EMILE ZOLA 69150 DECINES CHARPIEU,69275,"45.7656,4.9406",Pylône autostable,"24,3m",CELLNEX,2026-07-15,ALL,,False,False
3147993,BOUYGUES TELECOM,"LTE 1800, 5G NR 2100",1632 AV DE L'EUROPE 34170 CASTELNAU LE LEZ,34057,"43.6325,3.9156",Immeuble,"18,4m","Copropriété, Syndic, SCI",2026-07-15,ALL,,False,False
3155697,SFR,"LTE 700, LTE 800, LTE 1800, LTE 2100, LTE 2600, 5G NR 2100, 5G NR 3500",ROUTE DE LA THUAILLE (LA THUAILLE) 69220 BELLEVILLE EN BEAUJOLAIS,69019,"46.1228,4.7181",Pylône autostable,"30,2m",CELLNEX,,SUP,,False,True
3158411,SFR,LTE 700,72 R DE BERNIÈRES 14000 CAEN,14118,"49.1822,-0.36",Immeuble,"14,9m",Société Privée,2026-07-16,ALL,,False,False
3158429,BOUYGUES TELECOM,"LTE 1800, LTE 2600, 5G NR 2100",RUE MADAME DE LA BORDE (LES BOIS) 85500 CHANVERRIE,85302,"46.9247,-0.955",Pylône autostable,25m,Particulier,2026-07-15,ALL,,False,False
3159861,BOUYGUES TELECOM,"UMTS 900, LTE 700, LTE 800, LTE 1800, LTE 2100, 5G NR 2100",RUE DU MOULIN NEUF - EMPRISE SNCF 67500 HAGUENAU,67180,"48.8169,7.7808",Pylône autostable,31m,TOTEM,2026-07-11,ALL,,False,True
3161050,FREE MOBILE,LTE 700,3 RUE DU PORTUAIS (TERRAIN DE TENNIS) 22430 ERQUY,22054,"48.64,-2.4608",Pylône tubulaire,"22,6m",TOTEM,2026-07-20,ALL,,False,False
3161555,SFR,"LTE 700, LTE 800, LTE 1800, LTE 2600, 5G NR 2100",RUE PRINCIPALE D32A PROCHE DE D30C (AM BEMRENER KREUZ) 57460 ETZLING,57202,"49.1731,6.9525",Pylône autostable,42m,SFR,2026-07-16,ALL,,False,True
3162826,BOUYGUES TELECOM,"LTE 1800, 5G NR 2100",29B R PASTEUR LA FONTAINE DU VAISSEAU 93360 NEUILLY PLAISANCE,93049,"48.8578,2.4997",Immeuble,13m,"Copropriété, Syndic, SCI",2026-07-16,ALL,,False,False
3163837,ORANGE,UMTS 900,D31 ROUTE DE MENDE (MATALABERNI) 48000 ST ETIENNE DU VALDONNEZ,48147,"44.4256,3.4994",Pylône autostable,12m,TOTEM,2026-07-09,ALL,,True,False
3164765,BOUYGUES TELECOM,"LTE 700, LTE 800",ROUTE DE LA MINE DECHETERIE (LE ROUERGAS) 34980 ST GELY DU FESC,34255,"43.7022,3.8128",Pylône autostable,24m,CELLNEX,2026-07-15,ALL,,False,True
3166628,ORANGE,"UMTS 900, LTE 700, LTE 800",SUR LES ROCHES NORD 52200 BOURG,52062,"47.7986,5.3167",Pylône autostable,"36,3m",FREE-MOBILE,,AJO,,True,True
3167961,ORANGE,"UMTS 900, LTE 700, LTE 800",CHEM RURAL DU TRANSFORMATEUR PROCHE DE CHEM XIMISTOIGORRIA (LAMBARRE EST) 64130 ORDIARP,64424,"43.2339,-0.9586",Pylône autostable,30m,SFR,2026-03-05,ART,,True,True
3168426,Gouv Nelle Calédonie (OPT),,LOT 11PIE VILLAGE (AGENCE OPT POUM) 98826 POUM,98826,"-20.2325,164.025",Mât béton,12m,Office des Postes et Télécom,2026-05-07,CHH,10m,False,False
3169161,BOUYGUES TELECOM,"LTE 700, LTE 800, LTE 1800, LTE 2100, LTE 2600, 5G NR 2100",IMP DE CHARTREUSE CHEMIN DES RIVAUX (LES RIVAUX) 38260 MARCILLOLES,38218,"45.3444,5.2064",Pylône autostable,42m,SFR,2026-07-11,ALL,,False,True
3169792,SFR,"UMTS 900, LTE 700, LTE 800, LTE 1800, LTE 2100, LTE 2600, 5G NR 2100",LES PALATRIES 86400 CIVRAY,86078,"46.1522,0.2914",Pylône tubulaire,"25,5m",BOUYGUES,,AJO,,False,True
3171062,BOUYGUES TELECOM,"LTE 1800, 5G NR 2100",CHEMIN DE CROZE 334 CHEMIN DE LA BOUISSIÈRE (ROQUEVENTRENNE) 84240 ANSOUIS,84002,"43.7344,5.475",Pylône autostable,25m,BOUYGUES,2026-07-15,ALL,,False,False
3171700,FREE MOBILE,LTE 700, (LES PRES DU PUITS) 25380 CHARMOILLE,25125,"47.2353,6.6769",Pylône autostable,"32,5m",PHOENIX FRANCE INFRASTRUCTURES,2026-07-20,ALL,,True,False
3173613,BOUYGUES TELECOM,"LTE 1800, LTE 2600, 5G NR 2100",VOIE COMMUNALE N°115 AMBILLOU-CHATEAU (LE PANSIGOUIN) 49700 TUFFALUN,49003,"47.2608,-0.3322",Pylône autostable,"24,5m",BOUYGUES,2026-07-15,ALL,,False,False
3173616,SFR,"UMTS 900, LTE 700, LTE 800",ROUTE DE THIERY (LE VILLARS) 06710 THIERY,06139,"43.9831,7.0614",Pylône autostable,"12,6m",CELLNEX,2026-07-17,ALL,,True,True
3174702,BOUYGUES TELECOM,,CHEMIN RURAL DIT LA CHASSAGNE (LA CHASSAGNE) 25440 RONCHAUX,25500,"47.0461,5.8939",Pylône autostable,24m,TOTEM,2025-12-20,CHT,Pylône tubulaire,True,False
3174702,ORANGE,,CHEMIN RURAL DIT LA CHASSAGNE (LA CHASSAGNE) 25440 RONCHAUX,25500,"47.0461,5.8939",Pylône autostable,24m,TOTEM,2025-12-11,CHT,Pylône tubulaire,True,False
3176545,BOUYGUES TELECOM,"LTE 700, LTE 800, LTE 1800, LTE 2600, 5G NR 2100, 5G NR 3500",RTE DU MAILLE AVENUE DES COMTES DE GERMINY (FERME DE LA CLAIRIERE) 76970 MOTTEVILLE,76456,"49.6283,0.8478",Pylône autostable,30m,SFR,2026-07-18,ALL,,False,True
3180469,BOUYGUES TELECOM,"LTE 700, LTE 800","STADE AURAY LEFEBVRE, D76 (LES FONTAINES) 37210 VERNOU SUR BRENNE",37270,"47.4283,0.8461",Pylône tubulaire,38m,CELLNEX,2026-07-17,ALL,,False,True
3181783,SFR,UMTS 900,RD N°51E2 -RUE DU MOULIN (PRÉ DU MOULIN) 39320 GRAYE ET CHARNAY,39261,"46.4644,5.4511",Pylône autostable,30m,TOTEM,2026-07-08,ALL,,True,True
3182276,BOUYGUES TELECOM,"LTE 700, LTE 800",20 R DE LA RIGOURDIÈRE 35510 CESSON SEVIGNE,35051,"48.1133,-1.5883",Pylône arbre,"23,1m",CELLNEX,2026-07-15,ALL,,False,True
3184655,BOUYGUES TELECOM,"LTE 1800, 5G NR 2100",9 PLACE DU MOULIN FONDU 93130 NOISY LE SEC,93053,"48.8897,2.4658",Immeuble,16m,"Copropriété, Syndic, SCI",2026-07-15,ALL,,False,False
3189707,BOUYGUES TELECOM,LTE 2100,AVENUE DE LA PLEIADE 72340 LA CHARTRE SUR LE LOIR,72068,"47.7294,0.5778",Pylône autostable,40m,TDF,,SUP,,False,True
3191686,BOUYGUES TELECOM,"UMTS 900, LTE 1800, LTE 2600, 5G NR 2100, 5G NR 3500",10 IMP DES MAÇONS 49140 SEICHES SUR LE LOIR,49333,"47.5853,-0.3444",Pylône autostable,44m,PHOENIX FRANCE INFRASTRUCTURES,2026-07-16,ALL,,False,False
3191686,SFR,"UMTS 900, LTE 700, LTE 800, LTE 1800, LTE 2600, 5G NR 2100, 5G NR 3500",10 IMP DES MAÇONS 49140 SEICHES SUR LE LOIR,49333,"47.5853,-0.3444",Pylône autostable,44m,PHOENIX FRANCE INFRASTRUCTURES,2026-07-17,ALL,,False,True
3195466,BOUYGUES TELECOM,"LTE 1800, LTE 2600, 5G NR 2100",102 ROUTE DE LIMOURS (DOMAINE DE ST-PAUL) 78470 ST REMY LES CHEVREUSE,78575,"48.6933,2.0625",Bâtiment,"26,1m",Société Privée,2026-07-15,ALL,,False,False
3195984,BOUYGUES TELECOM,"LTE 1800, LTE 2600",RUE DE SAINT MARTIN (LA PLAINE DES MOULINS) 79390 THENEZAY,79326,"46.7244,-0.0225",Pylône autostable,30m,CELLNEX,2026-07-09,ALL,,False,False
3196723,ORANGE,"UMTS 900, LTE 700, LTE 800",30 RUE DES SOURCES 21590 SANTENAY,21582,"46.9081,4.6889",Bâtiment,"25,1m",Établissement de soins,2026-07-20,AJA,,True,True
3197169,BOUYGUES TELECOM,"LTE 1800, LTE 2600, 5G NR 2100",RUE DES HOUCHES (LES OUCHES) 45630 BEAULIEU SUR LOIRE,45029,"47.5397,2.8144",Pylône autostable,"30,1m",CELLNEX,2026-07-15,ALL,,False,False
3197327,BOUYGUES TELECOM,"UMTS 900, LTE 1800, LTE 2600, 5G NR 2100",124  BD DE STRASBOURG 94130 NOGENT SUR MARNE,94052,"48.8419,2.4847",Immeuble,22m,Société Privée,2026-07-14,ALL,,False,False
3197331,SFR,5G NR 3500,RUE DU MOULIN STADE GEORGES MARRANE (LA PATURE) 02700 TERGNIER,02738,"49.6711,3.2972",Pylône tubulaire,40m,SFR,,AJO,,False,True
3197331,SFR,LTE 2100,RUE DU MOULIN STADE GEORGES MARRANE (LA PATURE) 02700 TERGNIER,02738,"49.6711,3.2972",Pylône tubulaire,40m,SFR,,SUP,,False,True
3199064,BOUYGUES TELECOM,"LTE 700, LTE 800",1-5 RUE DE CHERBOURG 78711 MANTES LA VILLE,78362,"48.9847,1.6969",Immeuble,"14,9m",Société HLM,2026-07-17,ALL,,False,True
3199194,ORANGE,5G NR 700,969 RUE DE LA PAIX (PETIT BARITEAU) 17550 DOLUS D OLERON,17140,"45.935,-1.2586",Pylône tubulaire,30m,TOTEM,2026-07-20,AJA,,False,False
3199194,ORANGE,LTE 2100,969 RUE DE LA PAIX (PETIT BARITEAU) 17550 DOLUS D OLERON,17140,"45.935,-1.2586",Pylône tubulaire,30m,TOTEM,,AJO,,False,False
3199194,ORANGE,LTE 700,969 RUE DE LA PAIX (PETIT BARITEAU) 17550 DOLUS D OLERON,17140,"45.935,-1.2586",Pylône tubulaire,30m,TOTEM,,SUP,,False,False
3200009,FREE MOBILE,LTE 700,LE PEU LONG ROUTE CACAUD 87290 CHATEAUPONSAC,87041,"46.1056,1.2242",Pylône autostable,"36,5m",BOUYGUES,2026-07-20,ALL,,True,True
3201270,ORANGE,"UMTS 900, LTE 700, LTE 800",ROUTE DES CHATEAUX (SAINT ROCH) 29700 PLOMELIN,29170,"47.9128,-4.1669",Pylône tubulaire,36m,FREE-MOBILE,,AJO,,True,True
3202145,BOUYGUES TELECOM,"LTE 1800, LTE 2600",241 CHEMIN DE LA CRECHETTE (LE PONET) 49123 INGRANDES LE FRESNE SUR LOIRE,49160,"47.4131,-0.9069",Pylône autostable,"36,8m",PHOENIX FRANCE INFRASTRUCTURES,2026-07-09,ALL,,False,False
3203338,ORANGE,"LTE 700, LTE 800",ROUTE D ENSISHEIM 68740 HIRTZFELDEN,68140,"47.9031,7.4372",Pylône autostable,"42,8m",TDF,2026-07-13,ALL,,False,True
3204336,BOUYGUES TELECOM,"LTE 1800, LTE 2600, 5G NR 2100",30 AVENUE DE LA PORTE DE SAINT-OUEN 75018 PARIS 18,75118,"48.8994,2.3306",Immeuble,"43,2m",Société HLM,2026-07-14,ALL,,False,False
3206420,BOUYGUES TELECOM,"LTE 1800, LTE 2600, 5G NR 2100",5 AV FRÉDÉRIC JOLIOT CURIE 95200 SARCELLES,95585,"48.9764,2.3889",Immeuble,"19,4m",Société HLM,2026-07-14,ALL,,False,False
3206901,BOUYGUES TELECOM,"LTE 700, LTE 800, LTE 1800, LTE 2600, 5G NR 2100",RUE RENÉ LEFÈBVRE (LES GROSSES PIERRES) 27930 CIERREY,27158,"49.0047,1.2664",Pylône autostable,"36,9m",PHOENIX FRANCE INFRASTRUCTURES,2026-07-16,ALL,,False,True
3206901,SFR,"LTE 700, LTE 800, LTE 1800, LTE 2600, 5G NR 2100",RUE RENÉ LEFÈBVRE (LES GROSSES PIERRES) 27930 CIERREY,27158,"49.0047,1.2664",Pylône autostable,"36,9m",PHOENIX FRANCE INFRASTRUCTURES,2026-07-17,ALL,,False,True
3216348,BOUYGUES TELECOM,"LTE 700, LTE 800",RUE LOUIS PRADEL (MONTMARTIN NORD) 69960 CORBAS,69273,"45.6797,4.9214",Pylône autostable,24m,Société Privée,2026-07-15,ALL,,False,True
3216893,BOUYGUES TELECOM,"LTE 700, LTE 800, LTE 1800, LTE 2100, LTE 2600, 5G NR 2100, 5G NR 3500",D12B (LE COURRECH) 31870 LAGARDELLE SUR LEZE,31263,"43.4189,1.3872",Pylône autostable,36m,HIVORY,2026-07-18,ALL,,False,True
3217789,ORANGE,UMTS 900,167 IMPASSE DU CENTRE COMMERCIAL 24250 GROLEJAC,24207,"44.8203,1.2892",Pylône autostable,"36,3m",SFR,2026-07-06,ALL,,True,True
3217789,SFR,"LTE 700, LTE 800",167 IMPASSE DU CENTRE COMMERCIAL 24250 GROLEJAC,24207,"44.8203,1.2892",Pylône autostable,"36,3m",SFR,2026-07-06,ALL,,True,False
3217964,BOUYGUES TELECOM,"LTE 1800, LTE 2600, 5G NR 2100",PROCHE D857 (LE FAY) 35500 POCE LES BOIS,35229,"48.1233,-1.2481",Pylône autostable,"30,5m",CELLNEX,2026-07-15,ALL,,False,False
3218218,FREE MOBILE,LTE 700,PLAN DE CASTET (SARRAT D'HOURBETS) 31160 ENCAUSSE LES THERMES,31167,"43.0611,0.7358",Pylône autostable,"23,6m",TDF,2026-07-20,ALL,,True,False
3218279,ORANGE,"LTE 700, LTE 800",D77 (LE FAUCOUNEIX) 19340 FEYT,19083,"45.6972,2.4644",Pylône autostable,"24,8m",TOTEM,2026-07-20,ALL,,True,True
3228205,SFR,"UMTS 900, LTE 700, LTE 800",VOIE COMMUNALE N°16 (VALNAY) 91150 ETAMPES,91223,"48.4272,2.1128",Pylône autostable,34m,SFR,2026-07-16,ALL,,True,True
3228214,FREE MOBILE,"LTE 700, LTE 900, 5G NR 700",14 ALLÉE DU MARÉCHAL GÉRARD 93270 SEVRAN,93071,"48.9297,2.5164",Immeuble,"18,9m",Particulier,2026-03-09,SUP,,False,False
3228389,BOUYGUES TELECOM,"UMTS 900, LTE 700, LTE 800, LTE 1800, LTE 2100, LTE 2600, 5G NR 2100, 5G NR 3500",ROUTE DE DOLE (EN MARSIÈRE) 71380 CHATENOY EN BRESSE,71117,"46.7931,4.9225",Pylône autostable,30m,SFR,2026-07-11,ALL,,False,True
3228393,BOUYGUES TELECOM,"LTE 1800, LTE 2600",35 BD DE BRIANÇON 13003 MARSEILLE 03,13203,"43.3189,5.3706",Immeuble,"16,3m","Copropriété, Syndic, SCI",2026-07-14,ALL,,False,False
3228566,BOUYGUES TELECOM,"LTE 700, LTE 800, LTE 1800, LTE 2100, LTE 2600, 5G NR 2100",2 ALLÉE DES PORTES OCCITANES (DEFERNE) 43000 LE PUY EN VELAY,43157,"45.0242,3.8814",Pylône autostable,"30,3m",TOTEM,2026-07-11,ALL,,False,True
3237736,BOUYGUES TELECOM,"LTE 1800, LTE 2600, 5G NR 2100",LA POTERIE CHEMIN RURAL 11 PROCHE DEPARTEMENTALE 588 (LA PETITE PIECE DE LA MAISON) 53200 PREE D ANJOU,53124,"47.8319,-0.8178",Pylône autostable,"24,5m",PHOENIX FRANCE INFRASTRUCTURES,2026-07-15,ALL,,False,False
3239539,SFR,"LTE 2100, 5G NR 3500",26 AVENUE JEAN JAURES 08000 CHARLEVILLE MEZIERES,08105,"49.77,4.7217",Immeuble,"22,5m","Copropriété, Syndic, SCI",,SUP,,False,False
3239829,ORANGE,"LTE 700, LTE 800",LE RAVEL (LE DESSUS DE LA COTE) 88240 LA VOGE LES BAINS,88029,"47.9875,6.2614",Pylône autostable,42m,TDF,2026-07-27,AAV,,False,True
3240222,BOUYGUES TELECOM,"LTE 700, LTE 800",4 ALL PHILIBERT DELORME 93150 LE BLANC MESNIL,93007,"48.9461,2.4533",Immeuble,19m,Société HLM,2026-07-15,ALL,,False,True
3244588,BOUYGUES TELECOM,"LTE 700, LTE 800",ROUTE DES PEUX (LA CORE) 03310 ST GENEST,03233,"46.2742,2.6094",Pylône autostable,"36,8m",PHOENIX FRANCE INFRASTRUCTURES,2026-07-22,ALL,,False,True
3247696,SFR,"UMTS 900, LTE 700, LTE 800",BERGIEU LA RIVIERE DE SANT (LA CAPELETTE) 81110 DOURGNE,81081,"43.4792,2.165",Pylône autostable,15m,TDF,,AJO,,True,True
3247808,BOUYGUES TELECOM,"LTE 700, LTE 800, LTE 1800, LTE 2600, 5G NR 2100",ROUTE DE LANCON (VERDELET) 13250 CORNILLON CONFOUX,13029,"43.5703,5.0908",Pylône autostable,"24,5m",PHOENIX FRANCE INFRASTRUCTURES,2026-07-16,ALL,,False,True
3247808,SFR,"LTE 700, LTE 800, LTE 1800, LTE 2600, 5G NR 2100",ROUTE DE LANCON (VERDELET) 13250 CORNILLON CONFOUX,13029,"43.5703,5.0908",Pylône autostable,"24,5m",PHOENIX FRANCE INFRASTRUCTURES,2026-07-17,ALL,,False,True
3247863,SFR,"LTE 700, LTE 800",CHEMIN SAINT CLAUDE (LA GARDETTE EST) 84110 VILLEDIEU,84146,"44.2794,5.0381",Pylône autostable,15m,PHOENIX FRANCE INFRASTRUCTURES,2026-07-17,ALL,,True,False
3247995,BOUYGUES TELECOM,"LTE 1800, LTE 2600, 5G NR 2100",8 R DES FOSSES ROUGES 85340 LES SABLES D OLONNE,85194,"46.4792,-1.7414",Pylône tubulaire,17m,BOUYGUES,2026-07-15,ALL,,False,False
3248027,BOUYGUES TELECOM,"LTE 700, LTE 800",CHEM DE LA PIERRE DU DIABLE (CHOLET) 42260 CREMEAUX,42076,"45.8983,3.9217",Pylône autostable,32m,BOUYGUES,2026-07-22,ALL,,False,True
3248159,BOUYGUES TELECOM,"UMTS 900, LTE 700, LTE 800, LTE 1800, LTE 2600, 5G NR 2100, 5G NR 3500",ROUTE DE METZ (KIESSEL) 57100 THIONVILLE,57672,"49.3308,6.1508",Pylône autostable,42m,SFR,2026-07-18,ALL,,False,True
3248330,BOUYGUES TELECOM,"LTE 700, LTE 800, LTE 1800, LTE 2100, LTE 2600, 5G NR 2100",RUE GENERAL CHARLES DE GAULLE ÉGLISE DE BUC (LE VILLAGE) 90800 BUC,90020,"47.6144,6.7856",Monument religieux,27m,"Commune, communauté de communes",2026-07-18,ALL,,False,True
3249223,ORANGE,"LTE 1800, LTE 2100, LTE 2600, 5G NR 3500",1A CHEMIN DE LA GRANDE MONTÉE 01700 BEYNOST,01043,"45.8433,4.9958",Pylône autostable,30m,ATC FRANCE,2026-07-15,ALL,,False,False
3255294,FREE MOBILE,"LTE 700, 5G NR 700",DISNEYLAND ATTRACTION TOUR DE LA TERREUR 77700 CHESSY,77111,"48.8664,2.7786",Bâtiment,100m,Société Privée,,SUP,,False,False
3255581,FREE MOBILE,LTE 700,CHEMIN DE BOURBEREAU (BOIS MAUDRU) 10210 VANLAY,10395,"48.0311,4.0258",Pylône autostable,"30,5m",SFR,2026-07-20,ALL,,True,False
3255623,ORANGE,"LTE 800, 5G NR 700",101 A AVENUE BENOIT FRACHON 38400 ST MARTIN D HERES,38421,"45.1783,5.7561",Bâtiment,"18,5m",Société Privée,2026-07-24,ALL,,False,True
3256325,ORANGE,"LTE 800, 5G NR 700",38 B QUAI JAYR 69009 LYON 09,69389,"45.7753,4.8081",Immeuble,"34,6m",Société Privée,2026-07-22,ALL,,False,True
3258570,ORANGE,"UMTS 900, LTE 800, LTE 1800, LTE 2100, LTE 2600, 5G NR 700, 5G NR 3500",ROUTE DU FOREST (PRÉ RIGAUD) 05170 ORCIERES,05096,"44.6994,6.3269",Pylône autostable,24m,TOTEM,2026-07-15,ALL,,False,True
3261268,FREE MOBILE,LTE 700,PISTE DU CAÎROS (FORÊT DU CAÏROS) 06540 SAORGE,06132,"44.0033,7.4747",Pylône autostable,24m,ORANGE,2026-07-20,ALL,,True,False
3264021,SFR,"LTE 700, LTE 800",LIEU-DIT LA MORLIERE 85170 BEAUFOU,85015,"46.8125,-1.5406",Pylône autostable,30m,BOUYGUES,2026-07-17,ALL,,True,False
3265200,FREE MOBILE,LTE 700,PRÈS DE LA D34 (LA GRUE) 87600 CHERONNAC,87044,"45.7578,0.7725",Pylône autostable,"30,3m",ORANGE,2026-07-20,ALL,,True,False
3266565,ORANGE,"LTE 700, 5G NR 2100",VC N°12 (LE BOIS ROUGE) 77510 BELLOT,77030,"48.8583,3.3561",Pylône autostable,30m,TOTEM,2026-07-15,ALL,,False,False
3267945,FREE MOBILE,LTE 700,ROUTE DE BARNAGAUD 87130 LA CROISILLE SUR BRIANCE,87051,"45.6239,1.6189",Pylône autostable,"36,5m",BOUYGUES,2026-07-20,ALL,,True,False
3267954,BOUYGUES TELECOM,"LTE 1800, LTE 2600, 5G NR 2100",CRECH PLACH (AN NOGUEL) 22420 LANVELLEC,22119,"48.5917,-3.5231",Pylône autostable,"24,5m",PHOENIX FRANCE INFRASTRUCTURES,2026-07-15,ALL,,False,False
3269813,BOUYGUES TELECOM,"LTE 1800, LTE 2600, 5G NR 2100",RUE DU PONT BARRY (LES PERRES) 37370 BEAUMONT LOUESTAULT,37021,"47.6172,0.6581",Pylône autostable,"18,3m",BOUYGUES,2026-07-15,ALL,,False,False
3271279,ORANGE,"LTE 1800, LTE 2100, LTE 2600, 5G NR 3500",106 AVENUE DES GOUMIERS 13008 MARSEILLE 08,13208,"43.2472,5.3811",Immeuble,17m,"Copropriété, Syndic, SCI",2026-07-15,ALL,,False,False
3272383,BOUYGUES TELECOM,"LTE 1800, LTE 2600, 5G NR 2100",LA FONTAINE POCÉ DEPARTEMENTALE 87 49700 DOUE EN ANJOU,49125,"47.1794,-0.2628",Pylône autostable,"38,5m",BOUYGUES,2026-07-16,ALL,,False,False
3272383,SFR,"LTE 700, LTE 800, LTE 1800, LTE 2600, 5G NR 2100",LA FONTAINE POCÉ DEPARTEMENTALE 87 49700 DOUE EN ANJOU,49125,"47.1794,-0.2628",Pylône autostable,"38,5m",BOUYGUES,2026-07-17,ALL,,False,True
3272687,BOUYGUES TELECOM,"LTE 1800, LTE 2600, 5G NR 2100",60 RUE DE LIERS 91240 ST MICHEL SUR ORGE,91570,"48.6339,2.3158",Immeuble,"39,7m","Copropriété, Syndic, SCI",2026-07-16,ALL,,False,False
3273022,FREE MOBILE,LTE 700,ENGAZEN (CANTEPERIC) 31380 ROQUESERIERE,31459,"43.7208,1.63",Pylône autostable,42m,TDF,2026-07-20,ALL,,True,False
3273137,BOUYGUES TELECOM,"LTE 700, LTE 800, LTE 1800, LTE 2600, 5G NR 2100",1 KERVENARC HANT D712 (RUNDUIC) 29410 PLEYBER CHRIST,29163,"48.5347,-3.8725",Pylône autostable,30m,TOTEM,2026-07-16,ALL,,False,True
3273137,SFR,"LTE 700, LTE 800, LTE 1800, LTE 2600, 5G NR 2100",1 KERVENARC HANT D712 (RUNDUIC) 29410 PLEYBER CHRIST,29163,"48.5347,-3.8725",Pylône autostable,30m,TOTEM,2026-07-17,ALL,,False,True
3274687,ORANGE,"LTE 800, 5G NR 700",RUE DU 8 MAI (LES PETITES BARRES) 36200 ST MARCEL,36200,"46.5928,1.5322",Pylône autostable,36m,TOTEM,2026-07-23,ALL,,False,True
3276628,FREE MOBILE,LTE 700,ROUTE DE DEVEAUX VC N°42 (LA GRANGE) 03220 TREZELLES,03291,"46.3383,3.6025",Pylône autostable,36m,TOTEM,2026-07-20,ALL,,True,False
3278091,ORANGE,LTE 800,23 ROUTE DE ST JEAN 05000 GAP,05061,"44.5361,6.0494",Mât,12m,ORANGE,2026-07-20,ALL,,False,True
3282502,FREE MOBILE,LTE 700,EN FACE DE LA ROUTE LA BOUCLE DU FOUR À PAIN (LA SALESSE) 48200 RIMEIZE,48128,"44.7642,3.3375",Pylône autostable,24m,TOTEM,2026-07-20,ALL,,True,False
3283566,FREE MOBILE,LTE 700,LOT DE LA FORÊT BECKERHOLZ (PETITE KALENHOVEN) 57320 FILSTROFF,57213,"49.3228,6.5156",Pylône autostable,36m,SFR,2026-07-20,ALL,,True,False
3284090,BOUYGUES TELECOM,"LTE 700, LTE 800, LTE 1800, LTE 2100, LTE 2600, 5G NR 2100",LE PETIT NETILLY (FAMILY PARK) 37260 MONTS,37159,"47.2603,0.6689",Pylône autostable,30m,PHOENIX FRANCE INFRASTRUCTURES,,AJO,,False,True
3284163,SFR,UMTS 900,"ROUTE COMMUNALE ""SUR LE BRIEF"" (LANCHIRON) 25330 LONGEVILLE",25346,"47.025,6.2236",Pylône autostable,30m,TOTEM,2026-07-03,ALL,,True,True
3287050,ORANGE,"LTE 800, LTE 1800, LTE 2100, LTE 2600, 5G NR 700, 5G NR 3500",39 RUE LAMARTINE 92500 RUEIL MALMAISON,92063,"48.8794,2.1983",Immeuble,20m,Société HLM,2026-06-30,AJA,,False,True
3287697,FREE MOBILE,LTE 700,ROUTE DE CONDÉ EN FACE DE LA D54  14770 CONDE EN NORMANDIE,14174,"48.9164,-0.5719",Pylône autostable,30m,TOTEM,2026-07-20,ALL,,True,False
3288530,FREE MOBILE,LTE 700,CHEMIN  RURAL DIT TERRADE (LASSERE) 65670 BAZORDAN,65074,"43.2231,0.5397",Pylône autostable,"35,3m",SFR,2026-07-20,ALL,,True,False
3288671,FREE MOBILE,LTE 700,ROUTE D'ANOST CHEMIN RURAL DIT DES PALLUETTES (LES PETITES CHEINTRES) 58430 ARLEUF,58010,"47.0492,4.0411",Pylône autostable,"42,3m",ATC FRANCE,2026-07-20,ALL,,False,True
3289999,BOUYGUES TELECOM,5G NR 3500,30 RUE DE MONTRIBLOUD 69160 TASSIN LA DEMI LUNE,69244,"45.7667,4.7889",Immeuble,24m,"Copropriété, Syndic, SCI",,AJO,,False,False
3291470,SFR,"UMTS 900, LTE 700, LTE 800","CHEMIN DE LA LIZE (EURL DE LA LIZE, VINAGRES) 81120 LAMILLARIE",81133,"43.8547,2.1547",Pylône autostable,"24,3m",ORANGE,2026-07-17,AJA,,True,True
3291479,ORANGE,"UMTS 900, LTE 1800, 5G NR 2100",RUE LE BUISSON (ZA LA LUCERIE) 50370 BRECEY,50074,"48.7231,-1.1778",Pylône autostable,36m,TOTEM,2026-07-15,ALL,,False,False
3292268,BOUYGUES TELECOM,LTE 2100,1190 AV DE LA RÉSISTANCE 83200 TOULON,83137,"43.1136,5.9578",Immeuble,"13,4m","Copropriété, Syndic, SCI",,SUP,,False,True
3292375,ORANGE,"LTE 800, 5G NR 700",ROUTE DE LA PLAINE (LES CHAMPAGNES) 58640 VARENNES VAUZELLES,58303,"47.0269,3.1556",Pylône autostable,"38,9m",ON TOWER FRANCE,2026-07-31,AAV,,False,True
3292725,BOUYGUES TELECOM,LTE 800, (LA CHAMARY) 42120 ST VINCENT DE BOISSET,42294,"46.0025,4.1078",Mât,"13,8m",BOUYGUES,2026-07-22,ALL,,False,True
3292751,SFR,LTE 2100,18 ROUTE DE SAN MARTINO 20200 SAN MARTINO DI LOTA,2B305,"42.7217,9.4517",Bâtiment,16m,Particulier,2026-07-17,AJA,,False,False
3293694,ORANGE,"UMTS 900, LTE 700, LTE 800",CHEMIN D'EXPLOITATION STATION EPURATION PROCHE DEPARTEMENTALE 916 (GARRIGUES ALTES) 66130 BOULETERNERE,66023,"42.6597,2.5911",Pylône autostable,"24,4m",BOUYGUES,,AJO,,True,True
3294012,BOUYGUES TELECOM,"LTE 700, LTE 800",14 AV CHARLES DE GAULLE RÉSIDENCE PAUL CLAUDEL 69800 ST PRIEST,69290,"45.7033,4.9331",Immeuble,22m,"Copropriété, Syndic, SCI",2026-07-15,ALL,,False,True
3295225,ORANGE,"LTE 1800, 5G NR 2100",2 LA SALMONDIERE 28480 LA CROIX DU PERCHE,28119,"48.2711,1.0408",Pylône autostable,36m,ATC FRANCE,2026-07-15,ALL,,False,False
3295418,SFR,"LTE 700, LTE 800, LTE 1800, LTE 2100, LTE 2600, 5G NR 2100, 5G NR 3500",17 ROUTE DE LA MER (LE RANCH) 85340 LES SABLES D OLONNE,85194,"46.5447,-1.8094",Pylône autostable,"25,4m",BOUYGUES,,AJO,,False,True
3295917,BOUYGUES TELECOM,"LTE 1800, LTE 2600",5 RUE ANDRE AMPERE 85310 LA CHAIZE LE VICOMTE,85046,"46.6661,-1.335",Pylône autostable,"28,5m",BOUYGUES,2026-07-16,ALL,,False,False
3295917,SFR,"LTE 700, LTE 800, LTE 1800, LTE 2600, 5G NR 2100",5 RUE ANDRE AMPERE 85310 LA CHAIZE LE VICOMTE,85046,"46.6661,-1.335",Pylône autostable,"28,5m",BOUYGUES,2026-07-17,ALL,,False,True
3296024,BOUYGUES TELECOM,"UMTS 900, LTE 700, LTE 800",ROUTE DE LA HAYE DEPARTEMENTALE 87 (LES CHAMPS MACE) 35120 BROUALAN,35044,"48.4719,-1.6431",Pylône autostable,"30,5m",BOUYGUES,2026-07-22,ALL,,True,True
3296240,BOUYGUES TELECOM,"LTE 700, LTE 800",CHEM DU PETIT PLAN CANAL DE PROVENCE (LE GRAND PLAN) 83870 SIGNES,83127,"43.2842,5.8811",Pylône autostable,18m,CELLNEX,2026-07-15,ALL,,False,True
3296381,BOUYGUES TELECOM,"LTE 1800, LTE 2600, 5G NR 2100",ROUTE DE HUNON (VILLEFOLLET) 49490 NOYANT VILLAGES,49228,"47.5083,0.1872",Pylône autostable,24m,BOUYGUES,2026-07-16,ALL,,False,False
3296381,SFR,"LTE 700, LTE 800, LTE 1800, LTE 2600, 5G NR 2100",ROUTE DE HUNON (VILLEFOLLET) 49490 NOYANT VILLAGES,49228,"47.5083,0.1872",Pylône autostable,24m,BOUYGUES,2026-07-17,ALL,,False,True
3296943,BOUYGUES TELECOM,"LTE 700, LTE 800",4 IMP RENÉ MOUCHOTTE 31500 TOULOUSE,31555,"43.5842,1.4931",Bâtiment,"16,1m",Société Privée,2026-07-15,ALL,,False,True
3297279,BOUYGUES TELECOM,"UMTS 900, LTE 700, LTE 800",COMBE AUBERT 34520 ST MAURICE NAVACELLES,34277,"43.8464,3.445",Pylône autostable,"12,2m",PHOENIX FRANCE INFRASTRUCTURES,2026-06-27,ART,,True,True
3297406,BOUYGUES TELECOM,"LTE 700, LTE 800, LTE 1800, LTE 2600, 5G NR 2100, 5G NR 3500",13 PL CARNOT 83990 ST TROPEZ,83119,"43.2697,6.6414",Pylône tubulaire,18m,BOUYGUES,2026-07-15,ALL,,False,True
3297406,SFR,"LTE 700, LTE 800, LTE 1800, LTE 2600, 5G NR 2100, 5G NR 3500",13 PL CARNOT 83990 ST TROPEZ,83119,"43.2697,6.6414",Pylône tubulaire,18m,BOUYGUES,2026-07-17,AJA,,False,True
3297406,SFR,LTE 2100,13 PL CARNOT 83990 ST TROPEZ,83119,"43.2697,6.6414",Pylône tubulaire,18m,BOUYGUES,,AJO,,False,True
3297756,ORANGE,"LTE 800, LTE 1800, LTE 2100, LTE 2600, 5G NR 700, 5G NR 3500",306 SQUARE AUGUSTE RENOIR 78190 TRAPPES,78621,"48.7794,1.9781",Immeuble,16m,Société HLM,2026-04-27,ART,,False,True
3298180,BOUYGUES TELECOM,"LTE 700, LTE 800, LTE 1800, LTE 2600, 5G NR 2100",2 CHAUSSÉE BRUNEHAUT 59277 RIEUX EN CAMBRESIS,59502,"50.2097,3.345",Pylône autostable,"30,3m",HIVORY,2026-07-11,ALL,,False,True
3298268,ORANGE,"LTE 1800, 5G NR 2100",11 ROUTE CLÉMENT PELISSIER (LE MADELMONT) 19460 NAVES,19146,"45.3056,1.7758",Pylône autostable,"36,2m",TDF,2026-07-16,ALL,,False,False
3300974,SFR,"LTE 700, LTE 800, LTE 1800, LTE 2100, LTE 2600, 5G NR 2100",RUE JEAN JACQUES ROUSSEAU 28500 VERNOUILLET,28404,"48.7303,1.3425",Pylône tubulaire,32m,ON TOWER FRANCE,,AJO,,False,True
3301789,BOUYGUES TELECOM,"LTE 700, LTE 800, LTE 1800, LTE 2100, LTE 2600, 5G NR 2100",AV THABAUD BOISLAREINE (LES OUCHES) 36230 NEUVY ST SEPULCHRE,36141,"46.5908,1.8189",Pylône autostable,"36,3m",PHOENIX FRANCE INFRASTRUCTURES,,AJO,,False,True
3304964,SFR,"LTE 700, LTE 800, LTE 1800, LTE 2100, LTE 2600, 5G NR 2100",LES PETITS CHAMPS ROUTE DE LA LIGNE 58330 ST SAULGE,58267,"47.1069,3.5086",Pylône autostable,26m,PHOENIX FRANCE INFRASTRUCTURES,,AJO,,False,True
3305547,BOUYGUES TELECOM,"LTE 700, LTE 800",R DE TOURS 37150 BLERE,37027,"47.33,0.9833",Pylône autostable,36m,ON TOWER FRANCE,2026-07-15,ALL,,False,True
3306187,ORANGE,"LTE 1800, 5G NR 3500",CHEMIN RURAL DE VARS À PETOURET PROCHE STATION D'EPURATION (LES LICHOUX) 16330 LA BOIXE,16393,"45.7514,0.1175",Pylône autostable,30m,TOTEM,2026-07-17,ALL,,False,False
3306199,ORANGE,"LTE 1800, LTE 2100, 5G NR 3500",37A RUE FRÉDÉRIC CHOPIN 17100 LES GONDS,17179,"45.7131,-0.6036",Pylône autostable,30m,TOTEM,2026-07-16,ALL,,False,False
3306934,SFR,"LTE 700, LTE 800, LTE 1800, LTE 2600, 5G NR 2100",RUE DE ROGNY (LE SOUCHON) 45390 ECHILLEUSES,45131,"48.1625,2.45",Pylône autostable,24m,PHOENIX FRANCE INFRASTRUCTURES,,AJO,,False,True
3308774,SFR,"LTE 700, LTE 800, LTE 1800, LTE 2100, LTE 2600, 5G NR 2100",RUE DU VAL (LE VAL) 61300 ST MICHEL TUBOEUF,61432,"48.7458,0.6983",Pylône autostable,"30,6m",Particulier,,AJO,,False,True
3309872,SFR,"LTE 700, LTE 800, LTE 1800, LTE 2100, LTE 2600, 5G NR 2100",RTE DES CHAUMES GRANDS JEAN (LE CHAMP CHANET) 58700 PREMERY,58218,"47.1775,3.3228",Pylône autostable,32m,PHOENIX FRANCE INFRASTRUCTURES,,AJO,,False,True
3310048,SFR,"LTE 700, LTE 800, LTE 1800, LTE 2100, LTE 2600, 5G NR 2100",4 B BD DE CORNET 79300 BRESSUIRE,79049,"46.8294,-0.4981",Pylône autostable,36m,PHOENIX FRANCE INFRASTRUCTURES,,AJO,,False,True
3310051,SFR,"LTE 700, LTE 800, LTE 1800, LTE 2100, LTE 2600, 5G NR 2100",RTE D'AVESSAC DOMAINE DE LA GODÉE 44460 ST NICOLAS DE REDON,44185,"47.6517,-2.0442",Pylône autostable,"57,5m",BOUYGUES,,AJO,,False,True
3310075,SFR,"LTE 700, LTE 800, LTE 1800, LTE 2100, LTE 2600, 5G NR 2100",34 CHE DES RAVIERES (POISAT) 01630 PERON,01288,"46.2075,5.9261",Pylône autostable,"36,4m",PHOENIX FRANCE INFRASTRUCTURES,,AJO,,False,True
3311400,SFR,"LTE 700, LTE 800, LTE 1800, LTE 2100, LTE 2600, 5G NR 2100",10B R DU MOULIN À TAN (LES PETITS PRES) 28190 PONTGOUIN,28302,"48.4786,1.1594",Pylône autostable,"24,5m",BOUYGUES,,AJO,,False,True
3311504,SFR,"LTE 700, LTE 800, LTE 1800, LTE 2600, 5G NR 2100",LA MINAUDIERE 85600 TREIZE SEPTIERS,85295,"47.0047,-1.2522",Pylône autostable,"24,6m",PHOENIX FRANCE INFRASTRUCTURES,,AJO,,False,True
3311661,BOUYGUES TELECOM,"LTE 700, LTE 800, LTE 1800, LTE 2100, LTE 2600, 5G NR 2100",110 ROUTE DE BAGES 66450 POLLESTRES,66144,"42.6381,2.8764",Pylône autostable,24m,SFR,,AJO,,False,True
3311678,SFR,"LTE 700, LTE 800, LTE 1800, LTE 2100, LTE 2600, 5G NR 2100",LE CHAMP DE LA RUE (LES GAGES) 72610 BETHON,72036,"48.3589,0.0947",Pylône autostable,30m,BOUYGUES,,AJO,,False,True
3314962,SFR,"LTE 700, LTE 800, LTE 1800, LTE 2600, 5G NR 2100",VILLAGE LA HERONNIÈRE (LES FOSSES) 50690 SIDEVILLE,50575,"49.5775,-1.6794",Pylône autostable,"40,5m",PHOENIX FRANCE INFRASTRUCTURES,,AJO,,False,True
3315828,BOUYGUES TELECOM,"LTE 1800, LTE 2600, 5G NR 2100, 5G NR 3500",40 CHEM ST-LAMBERT 83600 FREJUS,83061,"43.4361,6.7483",Pylône tubulaire,"20,2m",BOUYGUES,2026-07-15,ALL,,False,False
33163,BOUYGUES TELECOM,LTE 2100,LA GRANDE ROMANIE RD 394 (LES FRICHES) 51460 COURTISOLS,51193,"49.0125,4.565",Pylône autostable,30m,HIVORY,2026-07-20,ALL,,False,False
3319061,BOUYGUES TELECOM,"UMTS 900, LTE 2100, LTE 2600",1291 CHEM D'ETZAN BORDA 64700 URRUGNE,64545,"43.3775,-1.7111",Pylône tubulaire,"25,5m",BOUYGUES,2026-07-13,ALL,,False,False
3319135,ORANGE,"LTE 700, LTE 800",LAOUZE CHISCAS ET ARP ALTISURFACE DE BOUREIX (LE BOUIRECH) 09140 SENTENAC D OUST,09291,"42.8669,1.1428",Pylône autostable,30m,TDF,2026-07-20,ALL,,True,True
3319433,ORANGE,"LTE 700, LTE 800",CHEMIN DU HAUT DES CLOYES 02190 JUVINCOURT ET DAMARY,02399,"49.4364,3.8839",Pylône autostable,36m,ATC FRANCE,2026-07-23,ALL,,False,True
3320411,BOUYGUES TELECOM,"LTE 1800, LTE 2600, 5G NR 2100", (LES CROS) 07220 LARNAS,07133,"44.4447,4.5928",Mât,12m,Société Privée,2026-07-15,ALL,,False,True
3320971,ORANGE,"LTE 800, 5G NR 700",1 RÉSIDENCE DU CONNÉTABLE 59163 CONDE SUR L ESCAUT,59153,"50.4478,3.5889",Bâtiment,"20,1m",TDF,2026-07-21,ALL,,False,True
3321225,ORANGE,"LTE 700, LTE 800",33 RUE D'ANJOU (L'HOTELLERIE DE FLÉE) 49520 SEGRE EN ANJOU BLEU,49331,"47.7456,-0.8889",Pylône autostable,30m,TOTEM,2026-07-27,AAV,,False,True
3322336,FREE MOBILE,LTE 700,ROUTE DE LA CORNICHE (ASCOUBIA) 64700 HENDAYE,64260,"43.3772,-1.7442",Pylône tubulaire,"24,6m",FREE-MOBILE,2026-07-20,ALL,,False,True
3323341,SRR,"GSM 900, UMTS 900, LTE 700, LTE 800, LTE 1800, LTE 2100, LTE 2600, 5G NR 3500",9 RUE MARCEL PROUST 97430 LE TAMPON,97422,"-21.2478,55.5028",Mât béton,12m,Société Réunionnaise de Radiotéléphonie,2026-08-13,AAV,,False,True
3325432,ORANGE,"UMTS 900, LTE 700, LTE 800, LTE 1800, 5G NR 2100",CHEMIN DE LA VALETTE À AGNIELLES (LIEU DIT ESPREAUX - LA BLACHE) 05140 LA FAURIE,05055,"44.565,5.7642",Pylône autostable,24m,ATC FRANCE,2026-07-15,ALL,,False,True
3325445,ORANGE,"LTE 800, LTE 1800, LTE 2100, LTE 2600",STRADA DI L'ALIVU (STE LUCIE DE PORTO VECCHIO) 20144 ZONZA,2A362,"41.6983,9.3492",Pylône haubané,12m,ORANGE,2026-07-15,ALL,,False,True
3325454,ORANGE,"LTE 700, LTE 800, LTE 1800, 5G NR 2100",6 RUE DE ROSOY 77145 MAY EN MULTIEN,77283,"49.0714,3.0183",Pylône autostable,30m,TOTEM,2026-07-15,ALL,,False,True
3325514,ORANGE,"LTE 800, LTE 1800, LTE 2100, LTE 2600, 5G NR 700, 5G NR 3500",FIUME SECCO 20260 CALVI,2B050,"42.5594,8.7989",Pylône haubané,12m,ORANGE,2026-07-15,ALL,,False,True
3328736,ORANGE,"LTE 800, LTE 1800, LTE 2100, LTE 2600, 5G NR 700, 5G NR 3500",4-6 RUEPAULETTEPASTOR 31500 TOULOUSE,31555,"43.6044,1.415",Immeuble,"15,5m","Commune, communauté de communes",2026-07-13,ALL,,False,True
3328750,BOUYGUES TELECOM,5G NR 3500,RTE DE L'ESPIGUETTE 30240 LE GRAU DU ROI,30133,"43.5089,4.1489",Mât,"20,5m",BOUYGUES,2026-07-16,AJA,,False,True
3328750,BOUYGUES TELECOM,"LTE 1800, LTE 2100, LTE 2600",RTE DE L'ESPIGUETTE 30240 LE GRAU DU ROI,30133,"43.5089,4.1489",Mât,"20,5m",BOUYGUES,,AJO,,False,True
3328789,ORANGE,"LTE 800, 5G NR 700",BÂTIMENT D3 - 6 RUE DE L'ABBÉ GABRIEL LATOUR 31500 TOULOUSE,31555,"43.6531,1.4386",Immeuble,"20,6m","Copropriété, Syndic, SCI",2026-07-20,ALL,,False,True
3328820,ORANGE,"LTE 800, LTE 1800, LTE 2100, LTE 2600, 5G NR 700, 5G NR 3500",80 RUE DES ECOLES 40600 BISCARROSSE,40046,"44.4436,-1.2506",Pylône tubulaire,12m,TOTEM,2026-07-13,ALL,,False,True
3329145,ORANGE,"LTE 800, LTE 1800, LTE 2100, LTE 2600, 5G NR 700, 5G NR 3500",RUE MARIUS DIOULOUFET 13013 MARSEILLE 13,13213,"43.3336,5.4372",Immeuble,55m,Société HLM,2026-07-15,ALL,,False,True
3329178,BOUYGUES TELECOM,"UMTS 900, LTE 700, LTE 800, LTE 1800, LTE 2600, 5G NR 2100",4 R HENRI PROU 78340 LES CLAYES SOUS BOIS,78165,"48.8206,1.9886",Immeuble,"18,6m","Copropriété, Syndic, SCI",,AJO,,False,True
3329334,BOUYGUES TELECOM,"UMTS 900, LTE 700, LTE 800, LTE 1800, LTE 2600, 5G NR 2100, 5G NR 3500",9001 R DE SURVILLE 69007 LYON 07,69387,"45.7186,4.845",Pylône treillis,"35,2m",BOUYGUES,,AJO,,False,True
3329432,SFR,"LTE 700, LTE 800, LTE 1800, LTE 2100, LTE 2600, 5G NR 2100",AVENUE DE LA NOUERE (CANTON DE L'ANGUILLAR) 16730 LINARS,16187,"45.6558,0.0758",Pylône autostable,36m,SFR,,AJO,,False,True
3329632,ORANGE,"LTE 800, LTE 1800, LTE 2100, LTE 2600, 5G NR 700, 5G NR 3500",216 RUE DU MAL DE LATTRE DE TASSIGNY RÉSIDENCE DE LA PLAGE 62100 CALAIS,62193,"50.9636,1.8411",Immeuble,22m,Société HLM,2026-07-20,AJA,,False,True
3329640,ORANGE,"LTE 1800, LTE 2100, LTE 2600, 5G NR 3500",1 RUE DU PRESIDENT ROBERT SCHUMAN (PALAIS DES CONGRES) 45100 ORLEANS,45234,"47.8722,1.9139",Bâtiment,24m,"Commune, communauté de communes",,AJO,,False,True
3329684,BOUYGUES TELECOM,"UMTS 900, LTE 700, LTE 800, LTE 1800, LTE 2100, LTE 2600, 5G NR 2100",10 R DE LA MONTAPEINE 18320 JOUET SUR L AUBOIS,18118,"47.0381,2.9736",Pylône tubulaire,"36,2m",PHOENIX FRANCE INFRASTRUCTURES,,AJO,,False,True
3329689,ORANGE,"LTE 800, LTE 1800, LTE 2100, LTE 2600, 5G NR 700, 5G NR 3500","25, BOULEVARD DE CHANZY 93100 MONTREUIL",93048,"48.8583,2.4331",Bâtiment,"19,5m","Copropriété, Syndic, SCI",,AJO,,False,True
3329724,ONATI,5G NR 3500,CHATEAU D'EAU DE TARAVAO (TARAVAO) 98722 TAIARAPU EST,98747,"-17.7225,-149.315",Pylône autostable,12m,Onati,,AJO,,False,True
3329724,ONATI,,CHATEAU D'EAU DE TARAVAO (TARAVAO) 98722 TAIARAPU EST,98747,"-17.7225,-149.315",Pylône autostable,12m,Onati,2001-06-19,CHI,130633,False,True
3329766,SFR,"LTE 700, LTE 800, LTE 1800, LTE 2100, LTE 2600, 5G NR 2100",9  RUE PIERRE LOTI 17440 AYTRE,17028,"46.1308,-1.1197",Bâtiment,31m,"Copropriété, Syndic, SCI",,AJO,,False,True
3329772,SFR,"UMTS 900, LTE 700, LTE 800",D125 (LE FOURNET) 43210 VALPRIVAS,43249,"45.3256,4.0419",Pylône autostable,"30,6m",TDF,2026-07-17,AJA,,True,True
3329787,SFR,"UMTS 900, LTE 700, LTE 800",CHEMIN DES CARRIERES (SOUS LA DOIE) 74560 MONNETIER MORNEX,74185,"46.16,6.2025",Pylône autostable,36m,SFR,,AJO,,True,True
3329842,ORANGE,"LTE 800, LTE 1800, LTE 2100, LTE 2600, 5G NR 700, 5G NR 3500","22, RUE BERTEAUX DUMAS 92200 NEUILLY SUR SEINE",92051,"48.8828,2.2758",Immeuble,"30,9m","Copropriété, Syndic, SCI",,AJO,,False,True
3329897,ORANGE,"LTE 800, LTE 1800, LTE 2100, LTE 2600, 5G NR 700, 5G NR 3500",6 RUE DE CHALAROL 17570 LES MATHES,17225,"45.7144,-1.1558",Pylône tubulaire,12m,TOTEM,2026-07-20,AJA,,False,True
3329903,FREE MOBILE,"LTE 700, LTE 900, LTE 1800, LTE 2100, LTE 2600, 5G NR 700",55 AVENUE OUEST 33970 LEGE CAP FERRET,33236,"44.6233,-1.2478",Pylône tubulaire,"12,9m",FREE-MOBILE,,AJO,,False,True
3329905,FREE MOBILE,"LTE 700, LTE 900, LTE 1800, LTE 2100, LTE 2600, 5G NR 700, 5G NR 3500",6-8 PLACE DU DR BICHON 49100 ANGERS,49007,"47.4794,-0.5642",Immeuble,"16,9m","Copropriété, Syndic, SCI",,AJO,,False,True
3329909,FREE MOBILE,"LTE 700, LTE 900, LTE 1800, LTE 2100, LTE 2600, 5G NR 700, 5G NR 3500",132 ROUTE D'OBERHAUSBERGEN 67200 STRASBOURG,67482,"48.595,7.7106",Bâtiment,"19,9m",Société HLM,,AJO,,False,True
3329917,ORANGE,"LTE 800, LTE 1800, LTE 2100, LTE 2600, 5G NR 700, 5G NR 3500",QUAI DE LA RÉPUBLIQUE 20167 AJACCIO,2A004,"41.9197,8.74",Pylône tubulaire,"12,6m",ORANGE,2026-07-20,AJA,,False,True
3329936,ORANGE,"LTE 700, LTE 800, LTE 1800, 5G NR 2100",D79 (LA CHATAIGNERAIE) 16100 LOUZAC ST ANDRE,16193,"45.7169,-0.3928",Pylône autostable,30m,ATC FRANCE,,AJO,,False,True
3329974,ORANGE,"LTE 700, LTE 800",RUE DE BLANCHERON ANCIEN STADE DE FOOT 10200 VERNONVILLIERS,10403,"48.3153,4.6844",Pylône autostable,"24,4m",ORANGE,,AJO,,True,True
3330002,BOUYGUES TELECOM,"LTE 700, LTE 800, LTE 1800, LTE 2600, 5G NR 2100",ZA DE KERDRIOUAL 29290 LANRIVOARE,29119,"48.4706,-4.6511",Pylône autostable,30m,PHOENIX FRANCE INFRASTRUCTURES,,AJO,,False,True
3330037,FREE MOBILE,"LTE 700, LTE 900, LTE 1800, LTE 2100, LTE 2600, 5G NR 700, 5G NR 3500",137 BOULEVARD DU GÉNÉRAL LECLERC 92000 NANTERRE,92050,"48.9006,2.1881",Pylône tubulaire,"31,2m",CELLNEX,,AJO,,False,True
3330135,SFR,"LTE 700, LTE 800, LTE 1800, LTE 2100, LTE 2600, 5G NR 2100",CHEMIN RURAL DE  ROMÉGIÈRES À RABEVRIE (L?HUBAC DU BOSC) 07380 CHIROLS,07065,"44.6881,4.2961",Pylône autostable,36m,SFR,,AJO,,False,True
3330141,SFR,"LTE 700, LTE 800, LTE 1800, LTE 2100, LTE 2600, 5G NR 2100, 5G NR 3500",ROUTE DE TAXO A LA MER (LA GAVARRA) 66700 ARGELES SUR MER,66008,"42.5703,3.0111",Pylône tubulaire,12m,TOWEO,,AJO,,False,True
3330224,ORANGE,"LTE 800, LTE 1800, LTE 2100, LTE 2600, 5G NR 700, 5G NR 3500",167 RUE D'ALESIA 75014 PARIS 14,75114,"48.8306,2.3183",Bâtiment,45m,Société Privée,2026-07-20,AJA,,False,True
3330872,SFR,"GSM 900, UMTS 900, LTE 800, LTE 1800, 5G NR 2100",BOIS DE LA PAYELLE 3 CHEMIN DE LA TOURNICHETTE 59144 WARGNIES LE PETIT,59640,"50.3042,3.7",Pylône autostable,44m,TDF,2026-07-17,AJA,,False,True
3330872,SFR,LTE 2100,BOIS DE LA PAYELLE 3 CHEMIN DE LA TOURNICHETTE 59144 WARGNIES LE PETIT,59640,"50.3042,3.7",Pylône autostable,44m,TDF,,AJO,,False,True
3330880,ORANGE,"UMTS 900, LTE 800, LTE 1800, LTE 2100, LTE 2600, 5G NR 700, 5G NR 3500",ROUTE DE L'ÉCLUSE DE MARDYCK 59760 GRANDE SYNTHE,59271,"51.02,2.2675",Pylône autostable,"35,7m",TOTEM,2026-07-20,AJA,,False,True
3330886,BOUYGUES TELECOM,"UMTS 900, LTE 700, LTE 800",88 R DES VALLEES 53300 CHANTRIGNE,53055,"48.4153,-0.5683",Monument religieux,20m,"Commune, communauté de communes",,AJO,,True,True
3331003,BOUYGUES TELECOM,"LTE 700, LTE 800, LTE 1800, LTE 2600, 5G NR 2100",CHÂTEAU BAGUER 35120 BAGUER MORVAN,35009,"48.4997,-1.7683",Pylône autostable,"36,5m",PHOENIX FRANCE INFRASTRUCTURES,,AJO,,False,True
3331005,BOUYGUES TELECOM,"LTE 700, LTE 800, LTE 1800, LTE 2600, 5G NR 2100",CHEM DES ROYAL ULSTER RIFLES (DELLE DES PRES) 14610 CAMBES EN PLAINE,14125,"49.2383,-0.3844",Pylône tubulaire,"30,2m",PHOENIX FRANCE INFRASTRUCTURES,,AJO,,False,True
3331008,ORANGE,"LTE 800, LTE 1800, LTE 2100, LTE 2600, 5G NR 700, 5G NR 3500",26 - 30 ALLÉE DE LA SENTE NOIRE 78240 CHAMBOURCY,78133,"48.9017,2.0414",Immeuble,"14,9m",Société HLM,,AJO,,False,True
3331013,BOUYGUES TELECOM,"LTE 700, LTE 800, LTE 1800, LTE 2600, 5G NR 2100, 5G NR 3500",8 AV GEORGES POMPIDOU 14100 LISIEUX,14366,"49.1383,0.2231",Pylône tubulaire,24m,PHOENIX FRANCE INFRASTRUCTURES,,AJO,,False,True
3331047,ORANGE,"UMTS 900, UMTS 2100, LTE 700, LTE 800, LTE 1800, LTE 2100, LTE 2600, 5G NR 3500",ALLÉE DES PAILLE-EN-QUEUE 97460 ST PAUL,97415,"-21.0272,55.2319",Pylône tubulaire,12m,ORANGE,,AJO,,False,True
3331052,BOUYGUES TELECOM,"LTE 700, LTE 800, LTE 1800, LTE 2600, 5G NR 2100", (MARAIS DES LEVEES OUIES LO) 44720 ST JOACHIM,44168,"47.3833,-2.1967",Pylône tubulaire,30m,PHOENIX FRANCE INFRASTRUCTURES,,AJO,,False,True
3331128,ORANGE,"LTE 800, LTE 1800, LTE 2100, LTE 2600, 5G NR 700, 5G NR 3500","2, RUE DE L'ELYSÉE (HÔTEL DE HIRSCH) 75008 PARIS 08",75108,"48.8689,2.3167",Bâtiment,"21,6m","État, Ministère",2026-07-20,AJA,,False,True
3331317,BOUYGUES TELECOM,"LTE 700, LTE 800, LTE 1800, LTE 2600, 5G NR 2100, 5G NR 3500",643 R DES ARTISANS (9014 LA DEFRAISSE) 30150 ROQUEMAURE,30221,"44.0497,4.785",Pylône autostable,24m,PHOENIX FRANCE INFRASTRUCTURES,,AJO,,False,True
3331325,ORANGE,"LTE 800, LTE 1800, LTE 2100, LTE 2600, 5G NR 700, 5G NR 3500",2 RUE PORT-DE-CASTETS 64100 BAYONNE,64102,"43.4911,-1.475",Immeuble,"25,6m",Particulier,2026-07-13,AJA,,False,True
3331373,SFR,"LTE 700, LTE 800, LTE 1800, LTE 2100, LTE 2600, 5G NR 2100",70 ROUTE CHALLANGES 21200 BEAUNE,21054,"47.0161,4.8594",Pylône autostable,30m,SFR,,AJO,,False,True
3331391,SFR,"LTE 700, LTE 800, LTE 1800, LTE 2600, 5G NR 2100", (GRAND MARAIS) 59169 GOEULZIN,59263,"50.3139,3.0836",Pylône autostable,42m,HIVORY,,AJO,,False,True
3331407,SFR,"UMTS 900, LTE 700, LTE 800",CHEMIN DES GRANDS BOIS (LES CREUX) 52310 ORMOY LES SEXFONTAINES,52367,"48.2214,5.0583",Pylône autostable,42m,SFR,,AJO,,True,True
3331414,SFR,"LTE 700, LTE 800, LTE 1800, LTE 2100, LTE 2600, 5G NR 2100",CHEMIN DES FANGES (DRUS) 11500 BELVIANES ET CAVIRAC,11035,"42.8478,2.2058",Pylône autostable,42m,TDF,,AJO,,False,True
3331434,ORANGE,"LTE 700, LTE 800, LTE 1800, 5G NR 2100",CHEMIN DES FILLARDS 71540 BARNAY,71020,"47.0886,4.3403",Pylône autostable,27m,TDF,,AJO,,False,True
3331463,SFR,"LTE 700, LTE 800, LTE 1800, LTE 2600, 5G NR 2100",ROUTE DE MOMMENHEIM CHEMIN D'EXPLOITATION (BITTWING) 67670 MOMMENHEIM,67301,"48.7606,7.6272",Pylône autostable,36m,HIVORY,,AJO,,False,True
3331558,ORANGE,"LTE 800, LTE 1800, LTE 2100, LTE 2600, 5G NR 700, 5G NR 3500",10 ALLÉE DU VIGNOBLE 51100 REIMS,51454,"49.2194,4.015",Pylône tubulaire,15m,TOTEM,,AJO,,False,True
3331570,BOUYGUES TELECOM,"UMTS 900, LTE 700, LTE 800, LTE 1800, LTE 2600, 5G NR 2100",R DU PERRON (LES TRENTE SEPTIERS) 28150 VILLARS,28411,"48.2319,1.5594",Pylône autostable,42m,PHOENIX FRANCE INFRASTRUCTURES,,AJO,,False,True
3336647,ORANGE,"UMTS 900, LTE 700, LTE 800, LTE 1800, 5G NR 2100",CHEMIN DU BOUCHET	 (PATURE DU CHAMP VALET) 18340 LAPAN,18122,"46.9253,2.3025",Pylône autostable,36m,TOTEM,,AJO,,False,True
3340837,ORANGE,,5 RUE GUTENBERG ZONE D ACTIVITÉ DE LA BUTTE (ZA DE LA BUTTE) 91620 NOZAY,91458,"48.6481,2.2511",Pylône autostable,27m,TOTEM,2022-02-25,CHI,714696,False,True
3341020,ORANGE,,65/67 RUE RAYMOND LOSSERAND 75014 PARIS 14,75114,"48.8342,2.3189",Immeuble,"29,5m","Copropriété, Syndic, SCI",2021-04-16,CHI,611961,False,True
3341032,ORANGE,,8 RUE CLAUDE LEWY 45100 ORLEANS,45234,"47.8839,1.8994",Bâtiment,"22,1m",TOTEM,2022-03-24,CHI,790557,False,True
3341045,ORANGE,,23 AVENUE PASTEUR 33260 LA TESTE DE BUCH,33529,"44.6361,-1.1417",Pylône tubulaire,30m,TOTEM,2026-07-06,CHI,3321814,False,True
3341099,ORANGE,,PENNAVERN KERLIVER (PENNARVERN) 29460 HANVEC,29078,"48.3172,-4.2128",Pylône autostable,31m,TOTEM,1997-09-12,CHI,582491,False,True
3341144,ORANGE,,1 AVENUE JEAN LAGARRIGUE STATION ESSO LES ESSARTS - N138 76530 GRAND COURONNE,76319,"49.3533,1.0294",Pylône tubulaire,38m,TOTEM,2019-01-30,CHI,1733410,False,True
3341709,FREE MOBILE,,D 926 RUE DES TAGBELLES (PRENTEGARDE) 15100 ROFFIAC,15164,"45.0547,3.0178",Pylône autostable,30m,TDF,2021-08-20,CHI,2129152,False,True
3341729,FREE MOBILE,,INTERSECTION CHEMIN DE LA BUTTE ET ROUTE DU CRÈPON (LE CREPOND NORD) 38380 ENTRE DEUX GUIERS,38155,"45.4275,5.7428",Pylône autostable,34m,TDF,2023-05-31,CHI,2653030,False,True
3341734,FREE MOBILE,,115 AV ROGER SALENGRO 94500 CHAMPIGNY SUR MARNE,94017,"48.8178,2.495",Immeuble,20m,Société HLM,2025-05-13,CHI,2695269,False,True
3341828,ORANGE,,ROUE DU PONTEIL (ACO DE BLANC) 05310 CHAMPCELLA,05031,"44.7153,6.5714",Pylône autostable,30m,BOUYGUES,,CHI,3298315,False,True
3341849,ORANGE,,324 CHEM DE LA LAUVE RÉS. LES ROSES 83700 ST RAPHAEL,83118,"43.4294,6.7772",Immeuble,26m,"Copropriété, Syndic, SCI",2022-03-21,CHI,818063,False,True
3342037,FREE MOBILE,,61-63 R BOURDARIAS 94140 ALFORTVILLE,94002,"48.8056,2.4244",Immeuble,"44,7m",Société HLM,2024-08-23,CHI,929928,False,True
3342373,ORANGE,,AV DU MOULIN À VENT 34160 GALARGUES,34110,"43.7714,4.0172",Château d'eau - réservoir,22m,"Commune, communauté de communes",2026-03-04,CHI,93145,False,True
335857,FREE MOBILE,LTE 700,CHEM RURAL DIT DE LA CARRIERE (LA CARRIÈRE) 08160 VENDRESSE,08469,"49.6092,4.7931",Pylône autostable,"36,4m",HIVORY,2026-07-20,ALL,,True,False
354467,ORANGE,5G NR 700,160  R. DU LADHOF Z.I. EST 68000 COLMAR,68066,"48.0944,7.3753",Pylône tubulaire,27m,TOTEM,2026-07-23,ALL,,False,False
437660,BOUYGUES TELECOM,"LTE 2100, LTE 2600",R DU PETIT LAC (LEI MORTS) 13320 BOUC BEL AIR,13015,"43.4456,5.4353",Pylône autostable,27m,TDF,2026-07-14,ALL,,False,False
439243,SFR,5G NR 2100, (FERME LES TERRES DE LA LOGE) 77820 LES ECRENNES,77165,"48.4883,2.8481",Pylône autostable,39m,ATC FRANCE,2025-09-18,SUP,,False,False
439283,BOUYGUES TELECOM,5G NR 2100,STATION TDF DE CORNIMONT (TETE DU CANARD) 88290 SAULXURES SUR MOSELOTTE,88447,"47.9414,6.8158",Pylône autostable,50m,TDF,2026-07-10,ALL,,False,False
439465,BOUYGUES TELECOM,LTE 2100, (BOIS DE JÉSUS) 54530 PRENY,54435,"48.9622,5.9822",Tour hertzienne,67m,TDF,2026-07-20,ALL,,False,False
439593,BOUYGUES TELECOM,LTE 2100, (PLAINE DE FOLLEVILLE) 76220 MONTROTY,76450,"49.4489,1.6836",Château d'eau - réservoir,55m,"Syndicat des eaux, Adduction",2026-07-11,ALL,,False,False
439643,BOUYGUES TELECOM,LTE 2600, (LES TOURTELOTTES) 51150 BOUZY,51079,"49.0967,4.1511",Pylône autostable,17m,TDF,2026-07-08,ALL,,False,False
441219,ORANGE,"5G NR 700, 5G NR 3500",CHEM RURAL (BAS CHEVAL) 90400 MEROUX MOVAL,90068,"47.5956,6.8856",Pylône tubulaire,35m,ATC FRANCE,2026-07-20,ALL,,False,False
443258,BOUYGUES TELECOM,5G NR 2100, (HAUT DES RANGS) 88200 DOMMARTIN LES REMIREMONT,88148,"48.0106,6.6172",Pylône autostable,39m,TDF,2026-07-11,ALL,,False,False
445515,BOUYGUES TELECOM,LTE 2100,R DU CH D'EAU 51530 OIRY,51413,"49.0214,4.0581",Château d'eau - réservoir,45m,"Syndicat des eaux, Adduction",2026-07-20,ALL,,False,False
445920,ORANGE,"5G NR 700, 5G NR 3500", (LA JASSE) 81540 SOREZE,81288,"43.4428,2.0533",Pylône autostable,28m,TOTEM,2026-07-20,AJA,,False,False
447050,BOUYGUES TELECOM,LTE 2100,CHEM RURAL LA MARGUERITE (LA MARGUERITE) 77440 TROCY EN MULTIEN,77476,"49.0378,2.9583",Pylône tubulaire,"34,4m",ATC FRANCE,2026-07-12,ALL,,False,False
447819,SFR,LTE 700,LA QUAIZE (LE CALVAIRE) 27470 FONTAINE L ABBE,27251,"49.0781,0.6744",Château d'eau - réservoir,49m,"Syndicat des eaux, Adduction",2026-07-15,ALL,,False,False
448688,BOUYGUES TELECOM,GSM 1800,ANGLE R DE GRUGIES ET R DU MOULIN DE TOUS VENTS STATION TDF DE ST QUENTIN (MOULIN DE TOUS VENTS) 02430 GAUCHY,02340,"49.8211,3.2839",Pylône autostable,48m,TDF,2016-10-27,SUP,,False,False
449175,BOUYGUES TELECOM,5G NR 2100,7 CHEM DU SILO SILO CHAMPAGNE CÉRÉALES (LES TERRES DE LA PLANCHETTE) 02190 BERRY AU BAC,02073,"49.3967,3.9058",Silo,59m,"Coopérative Agricole, Vinicole",2026-07-11,ALL,,False,False
449990,BOUYGUES TELECOM,"LTE 2100, 5G NR 2100",CHEM RURAL N°16 (SOUS LA CÔTE DES FOURCHES) 88320 LAMARCHE,88258,"48.0717,5.7983",Pylône autostable,45m,TOTEM,2026-07-10,ALL,,False,False
450466,FREE MOBILE,5G NR 3500,LE LION D'OR D.1 (COL DE L'ANGE) 13780 CUGES LES PINS,13030,"43.2619,5.6703",Pylône autostable,46m,TDF,,AJO,,False,False
450535,BOUYGUES TELECOM,LTE 2600,CITE ST DENIS CHEM D'HANGEST 80270 AIRAINES,80013,"49.9669,1.955",Pylône autostable,"46,6m",HIVORY,2026-07-10,ALL,,False,False
452531,BOUYGUES TELECOM,"LTE 700, 5G NR 2100, 5G NR 3500", (PECH DE MONFABES) 47300 VILLENEUVE SUR LOT,47323,"44.4333,0.7222",Pylône autostable,42m,TDF,2026-07-20,ALL,,False,False
453489,BOUYGUES TELECOM,LTE 2100,CHEM RURAL N°6  (PARFONDRUPT) 54740 BENNEY,54062,"48.5256,6.2331",Pylône autostable,"42,5m",CELLNEX,2026-07-20,ALL,,False,False
453990,BOUYGUES TELECOM,LTE 2100, (LA BUTE) 08290 MARLEMONT,08277,"49.745,4.3633",Pylône autostable,53m,TDF,2026-07-08,ALL,,False,False
456460,SRR,LTE 2100,ILET AUX PALMISTES LE TREMBLET 97442 ST PHILIPPE,97417,"-21.3342,55.8019",Pylône autostable,34m,TDF,2024-05-27,ART,,False,False
460284,ORANGE,LTE 700,670 R DE HESDIN MIROITERIE DU TERNOIS (LES CINQ) 62130 RAMECOURT,62686,"50.3739,2.3125",Pylône autostable,25m,TOTEM,2026-07-17,ALL,,False,False
460709,SFR,LTE 700,CHEM DE GARRADE DOMAINE STE GENEVIÈVE 83170 TOURVES,83140,"43.4347,5.9189",Pylône autostable,30m,ATC FRANCE,,AJO,,False,False
461737,BOUYGUES TELECOM,LTE 2100, (ECK BAMBESCH) 57690 BAMBIDERSTROFF,57047,"49.1169,6.6056",Pylône autostable,47m,ATC FRANCE,2026-07-20,ALL,,False,False
461908,BOUYGUES TELECOM,LTE 2600,CARRIÈRE DU REYRAN RD 37 83600 FREJUS,83061,"43.4903,6.7428",Pylône autostable,39m,CELLNEX,2026-07-06,ALL,,False,False
461908,SFR,LTE 2600,CARRIÈRE DU REYRAN RD 37 83600 FREJUS,83061,"43.4903,6.7428",Pylône autostable,39m,CELLNEX,2026-07-15,ALL,,False,False
462553,ORANGE,5G NR 700,FORÊT DE RIEUMES (LES PINS) 31370 RIEUMES,31454,"43.4039,1.0928",Pylône autostable,42m,SFR,2026-07-20,AJA,,False,False
462553,ORANGE,"GSM 900, LTE 700",FORÊT DE RIEUMES (LES PINS) 31370 RIEUMES,31454,"43.4039,1.0928",Pylône autostable,42m,SFR,2003-07-26,SUP,,False,False
462954,BOUYGUES TELECOM,5G NR 2100,CHEM RURAL N°25 VILLEHARDOUIN (LES HAUTS CHARMES) 10220 VAL D AUZON,10019,"48.3819,4.3697",Pylône tubulaire,35m,HIVORY,2026-07-11,ALL,,False,False
465184,SFR,LTE 700,STATION TDF DE BREIL SUR ROYA (CIME DU BOSC) 06540 BREIL SUR ROYA,06023,"43.9261,7.4919",Pylône autostable,49m,TDF,2026-07-15,ALL,,False,False
466356,SFR,LTE 700, (LA PETITE PRISE) 44130 FAY DE BRETAGNE,44056,"47.4069,-1.7842",Pylône autostable,33m,ATC FRANCE,,AJO,,False,False
466467,BOUYGUES TELECOM,"GSM 1800, UMTS 2100",R JEAN VILAR CITÉ DES PAPES HÔTEL MERCURE 84140 AVIGNON,84007,"43.95,4.8067",Immeuble,24m,Société Privée,2015-04-30,SUP,,False,False
466511,SFR,"GSM 900, UMTS 900, UMTS 2100, LTE 700, LTE 800, LTE 1800, LTE 2100, LTE 2600, 5G NR 2100, 5G NR 3500","42, AV DE FRIEDLAND 75008 PARIS 08",75108,"48.8747,2.2975",Immeuble,"35,1m","Copropriété, Syndic, SCI",1998-05-06,SUP,,False,False
467920,SRR,5G NR 3500,LA VIGIE (VITALEMENGOU) 97615 PAMANDZI,97615,"-12.7908,45.2825",Pylône autostable,13m,Particulier,2026-03-20,ART,,False,False
467953,SRR,LTE 2100,LES RÉSERVOIRS FORÊT MOUROUVIN 97439 STE ROSE,97419,"-21.1592,55.7647",Pylône autostable,15m,TDF,2026-04-30,ART,,False,False
468311,SRR,LTE 2100,CHEM BRUNET (LE COLOSSE) 97440 ST ANDRE,97409,"-20.9358,55.6644",Mât béton,16m,Société Réunionnaise de Radiotéléphonie,2026-07-17,AJA,,False,False
468311,SRR,UMTS 2100,CHEM BRUNET (LE COLOSSE) 97440 ST ANDRE,97409,"-20.9358,55.6644",Mât béton,16m,Société Réunionnaise de Radiotéléphonie,2008-10-29,SUP,,False,False
468314,SRR,LTE 2100,1 CHEM DESRUISSEAUX (CAMP DES EVIS) 97441 STE SUZANNE,97420,"-20.9442,55.6328",Mât béton,16m,Société Réunionnaise de Radiotéléphonie,2026-04-30,ART,,False,False
470408,BOUYGUES TELECOM,"LTE 700, LTE 1800, LTE 2100, 5G NR 2100", (LA PLAINE) 42590 NEULISE,42156,"45.8711,4.1719",Pylône autostable,28m,HIVORY,2026-07-07,ALL,,False,False
470998,BOUYGUES TELECOM,LTE 2600, (MONT VINAIGRE) 83600 FREJUS,83061,"43.5033,6.8161",Tour hertzienne,40m,ORANGE Services Fixes,2026-07-06,ALL,,False,False
470998,SFR,LTE 2600, (MONT VINAIGRE) 83600 FREJUS,83061,"43.5033,6.8161",Tour hertzienne,40m,ORANGE Services Fixes,2026-07-15,ALL,,False,False
471545,ORANGE,5G NR 700,"1, R ALBERT CAMUS 71000 MACON",71270,"46.3175,4.8353",Immeuble,36m,Société HLM,2026-07-23,ALL,,False,False
472050,SFR,5G NR 3500,R DU CHANOINE LE TEXIER CHATEAU D'EAU 22230 MERDRIGNAC,22147,"48.1967,-2.4194",Château d'eau - réservoir,36m,"Syndicat des eaux, Adduction",2026-07-15,ALL,,False,False
472184,ORANGE,"LTE 700, LTE 1800, 5G NR 2100", (BIGNE) 19200 ST FREJOUX,19204,"45.5556,2.3622",Pylône autostable,77m,TOTEM,,AJO,,False,False
472763,BOUYGUES TELECOM,5G NR 3500, (L'OUCHE) 03430 COSNE D ALLIER,03084,"46.4728,2.8167",Pylône autostable,29m,ATC FRANCE,,AJO,,False,False
474619,BOUYGUES TELECOM,5G NR 2100,LE PENDU (DERRIÈRE LES MURS) 51240 OMEY,51415,"48.8519,4.4942",Pylône autostable,43m,ATC FRANCE,2026-07-11,ALL,,False,False
474768,ORANGE,"LTE 700, LTE 800", (KEHLE) 67860 RHINAU,67397,"48.3203,7.7206",Pylône autostable,"40,5m",TOTEM,2026-07-17,ALL,,False,False
474768,ORANGE,5G NR 2100, (KEHLE) 67860 RHINAU,67397,"48.3203,7.7206",Pylône autostable,"40,5m",TOTEM,2026-01-10,ART,,False,False
474834,BOUYGUES TELECOM,5G NR 3500,STATION TDF DE ROGLIANO (STAGNOLI) 20248 ROGLIANO,2B261,"42.9669,9.4556",Pylône autostable,23m,TDF,2026-07-15,ALL,,False,False
476183,BOUYGUES TELECOM,"LTE 700, LTE 2100, LTE 2600, 5G NR 2100, 5G NR 3500",R DE LA BELLE IDÉE RTE DE DAMPLEUX 02600 VILLERS COTTERETS,02810,"49.2525,3.1056",Pylône autostable,45m,CELLNEX,2026-07-12,ALL,,False,False
476239,BOUYGUES TELECOM,5G NR 2100, (CÔTE D'ERVEAUX) 10190 ESTISSAC,10142,"48.2786,3.8267",Pylône autostable,54m,TDF,2026-07-11,ALL,,False,False
477371,BOUYGUES TELECOM,"LTE 700, LTE 2100, 5G NR 2100, 5G NR 3500",AV MICHEL MONTAIGNE RÉSERVOIR DE L'ETOILE 33120 ARCACHON,33009,"44.6514,-1.1722",Château d'eau - réservoir,46m,"Commune, communauté de communes",2026-07-15,ALL,,False,False
477489,ORANGE,"LTE 800, 5G NR 700",STATION TDF (LA MILLIERE) 13011 MARSEILLE 11,13211,"43.2781,5.49",Pylône autostable,49m,TDF,2026-07-20,ALL,,False,True
477582,BOUYGUES TELECOM,LTE 2100,CHEM COMMUNAL (EICHERHOF) 67260 HERBITZHEIM,67191,"49.04,7.1061",Pylône autostable,"41,1m",HIVORY,2026-07-20,ALL,,False,False
477796,ORANGE,5G NR 700,R DE GRÉVAUX CHÂTEAU D'EAU 59600 MAUBEUGE,59392,"50.2675,3.9219",Château d'eau - réservoir,56m,"Syndicat des eaux, Adduction",2026-07-30,AAV,,False,False
477838,BOUYGUES TELECOM,5G NR 3500,R DE L'ETANCHET (LES ÉTANGS) 35780 LA RICHARDAIS,35241,"48.6044,-2.0414",Pylône autostable,39m,RTE,2026-07-13,ALL,,False,False
478435,BOUYGUES TELECOM,LTE 2100,CENTRE EMETTEUR TDF DE CHALINDREY (LE COGNELOT) 52600 CHALINDREY,52093,"47.8036,5.4019",Pylône haubané,205m,TDF,2026-07-10,ALL,,False,False
479734,SRR,LTE 2100,BD LANCASTEL 6 R HENRI VAVASSEUR 97490 ST DENIS,97411,"-20.8797,55.4594",Immeuble,"36,4m",Société Réunionnaise de Radiotéléphonie,2026-07-17,AJA,,False,False
479734,SRR,UMTS 2100,BD LANCASTEL 6 R HENRI VAVASSEUR 97490 ST DENIS,97411,"-20.8797,55.4594",Immeuble,"36,4m",Société Réunionnaise de Radiotéléphonie,2008-04-09,SUP,,False,False
479841,BOUYGUES TELECOM,"LTE 700, 5G NR 2100, 5G NR 3500",1 R ROBERT SCHUMANN 68330 HUNINGUE,68149,"47.595,7.5783",Immeuble,"38,8m","Copropriété, Syndic, SCI",2026-07-11,ALL,,False,False
480883,BOUYGUES TELECOM,LTE 700,12 R JACQUARD 85340 LES SABLES D OLONNE,85194,"46.4911,-1.7364",Pylône autostable,85m,Autres,2026-07-17,ALL,,False,False
481148,BOUYGUES TELECOM,LTE 2100,CHEM RURAL DE LA GRANDE FOSSE PRÈS A26 (LES FONTINETTES) 02840 ATHIES SOUS LAON,02028,"49.5775,3.7017",Pylône autostable,47m,TDF,2026-07-20,ALL,,False,False
481964,BOUYGUES TELECOM,"LTE 1800, LTE 2100",CHEM RURAL PRÈS RÉSERVOIR (SCHWARZENRECH) 57730 LACHAMBRE,57373,"49.0872,6.7389",Pylône tubulaire,28m,TOTEM,2026-07-20,ALL,,False,False
482203,BOUYGUES TELECOM,LTE 2600,ROUTE DE AOUGNY À LAGERY PYLÔNE TDF (BOIS DES LIMONS) 51170 LAGERY,51314,"49.1989,3.7392",Pylône autostable,"42,5m",TDF,2026-07-12,ALL,,False,False
484178,ORANGE,LTE 700,R. DE LA MOTTE HERLIN D 80 (LES PÂTIS) 02130 GOUSSANCOURT,02351,"49.1686,3.6683",Pylône autostable,43m,TOTEM,2026-07-23,ALL,,False,False
484540,BOUYGUES TELECOM,LTE 2100,R DU CATELET (LE CALVAIRE PETRUS) 02110 BEAUREVOIR,02057,"49.9986,3.3017",Pylône autostable,37m,ATC FRANCE,2026-07-20,ALL,,False,False
484591,BOUYGUES TELECOM,LTE 700,27 R DE LA GUISSAUME COOPÉRATIVE LES VIGNERONS D'ALIGNAN-DU-VENT (LES ESPERASSÈDES) 34290 ALIGNAN DU VENT,34009,"43.4675,3.3439",Bâtiment,22m,"Coopérative Agricole, Vinicole",,AJO,,False,False
486093,BOUYGUES TELECOM,5G NR 3500,ZAC DE BEL AIR (LA HUTTE ST PIERRE) 56250 LA VRAIE CROIX,56261,"47.6975,-2.5478",Pylône tubulaire,44m,ATC FRANCE,2026-07-06,ALL,,False,False
486093,SFR,5G NR 3500,ZAC DE BEL AIR (LA HUTTE ST PIERRE) 56250 LA VRAIE CROIX,56261,"47.6975,-2.5478",Pylône tubulaire,44m,ATC FRANCE,2026-07-15,ALL,,False,False
486170,SFR,5G NR 3500,35 R DE L'EGALITÉ ATELIERS MUNICIPAUX POMPIERS (LE SALUT) 56920 NOYAL PONTIVY,56151,"48.0697,-2.8747",Pylône autostable,40m,TOTEM,2026-07-15,ALL,,False,False
486926,BOUYGUES TELECOM,LTE 2100,CHEM RURAL DIT DE VATÉ PRÈS N.4 (LA HAYE DE VATÉ) 51300 MAISONS EN CHAMPAGNE,51340,"48.7431,4.5203",Pylône autostable,"44,3m",ATC FRANCE,2026-07-20,ALL,,False,False
487060,BOUYGUES TELECOM,LTE 2100,CROISEMENT DE LA RN 44 ET DE LA RD 260 (LE HAUT DE VILLERS) 51300 COUVROT,51195,"48.7783,4.5908",Pylône autostable,46m,ATC FRANCE,2026-07-20,ALL,,False,False
487727,BOUYGUES TELECOM,"LTE 2600, 5G NR 3500","6,8 R DE RIBISCIA CHÂTEAU D'EAU 22610 PLEUBIAN",22195,"48.8408,-3.1383",Château d'eau - réservoir,48m,"Syndicat des eaux, Adduction",2026-07-13,ALL,,False,False
493358,SRR,LTE 2100,R ROLAND GARROS 97430 LE TAMPON,97422,"-21.2733,55.5217",Bâtiment,27m,Conseil Départemental,2024-04-26,ART,,False,False
494209,ORANGE,"LTE 800, 5G NR 700",R D'HERVIAUX 60560 ORRY LA VILLE,60482,"49.1289,2.5086",Château d'eau - réservoir,33m,"Commune, communauté de communes",2026-07-24,ALL,,False,True
494642,BOUYGUES TELECOM,LTE 2100,CHEM DE MONPLAISIR (LA FONTAINE NANTIER) 02220 BAZOCHES ET ST THIBAUT,02054,"49.3125,3.6267",Pylône autostable,43m,ATC FRANCE,2026-07-20,ALL,,False,False
495399,SRR,LTE 1800,108 R DES BONS ENFANTS POSTE 97432 ST PIERRE,97416,"-21.3389,55.4722",Immeuble,"26,5m",Société Réunionnaise de Radiotéléphonie,2024-03-15,ART,,False,False
497286,FREE MOBILE,LTE 700,R CHAMPOLLION ZAC DE KEREBARS 29820 GUILERS,29069,"48.4297,-4.5717",Pylône autostable,39m,TOTEM,2026-07-20,ALL,,False,True
497431,BOUYGUES TELECOM,5G NR 3500, (LE SINGLE) 48320 GORGES DU TARN CAUSSES,48146,"44.3586,3.5417",Pylône autostable,"48,5m",TDF,2026-07-20,ALL,,False,False
498793,ORANGE,"LTE 2600, 5G NR 700, 5G NR 3500",RUE DE LA CARLETTE (LES CHAMPS NIGAUDS) 76170 ST JEAN DE FOLLEVILLE,76592,"49.5142,0.5261",Pylône autostable,45m,TDF,,AJO,,False,False
498897,ORANGE,5G NR 2100,CD15 (LE CHÊNE DE L'AGNEAU) 03130 LE DONJON,03103,"46.345,3.8031",Pylône autostable,34m,TOTEM,,AJO,,False,False
498971,BOUYGUES TELECOM,LTE 2100, (ROCHER BLANC) 48200 ALBARET STE MARIE,48002,"44.8583,3.2583",Pylône autostable,50m,DDE,2026-07-20,ALL,,False,False
501234,BOUYGUES TELECOM,5G NR 3500,ROUTE DE ROQUELAURE ZONE COMMERCIALE DE CLARAC (MOUROUSSIN) 32000 AUCH,32013,"43.6667,0.595",Pylône tubulaire,30m,TOTEM,2026-07-15,ALL,,False,False
502272,SRR,LTE 2100,R GEORGES POMPIDOU (LE TREIZIEME) 97430 LE TAMPON,97422,"-21.2586,55.5219",Mât métallique,16m,Société Réunionnaise de Radiotéléphonie,2026-05-07,ART,,False,False
505025,ORANGE,LTE 700,PRÈS D.3 FORÊT DOMANIALE DE BEFEY (LES GRANDES FRICHES) 57640 VRY,57736,"49.2131,6.3761",Pylône autostable,45m,TOTEM,2026-07-22,ALL,,False,False
505131,BOUYGUES TELECOM,LTE 2100,BELLE COTE (LA SCIA) 38380 ST PIERRE DE CHARTREUSE,38442,"45.3456,5.8467",Pylône autostable,"28,8m",TDF,,AJO,,False,False
50645,SRR,"GSM 900, UMTS 900, UMTS 2100, LTE 700, LTE 800, LTE 1800, LTE 2600",MAJICAVO LAMIR 97605 MAMOUDZOU,97611,"-12.7564,45.2331",Pylône autostable,25m,SFR,2002-04-18,SUP,,False,False
507165,ORANGE,"GSM 900, UMTS 900, LTE 800, LTE 1800, LTE 2100, 5G NR 700, 5G NR 3500",CHÂTEAU D'EAU (LES BRUYÈRES DE ST-PAIR) 14670 TROARN,14712,"49.1742,-0.1897",Château d'eau - réservoir,48m,"Syndicat des eaux, Adduction",1997-05-09,SUP,,False,False
507193,ORANGE,LTE 700,LES MÊLIERS PRÈS D 978 (MONT MIGIN) 58270 ST BENIN D AZY,58232,"47.0033,3.4331",Pylône autostable,46m,HIVORY,2026-07-30,AAV,,False,False
510600,BOUYGUES TELECOM,LTE 2100,BOIS DES AUNAIES LIGNE TGV E PK 105.320 (LES TROMPES) 51390 GUEUX,51282,"49.2417,3.8894",Pylône autostable,25m,SNCF Réseau,2026-07-20,ALL,,False,False
510699,ORANGE,LTE 2600, (LA MONTAGNE) 60800 FRESNOY LE LUAT,60261,"49.2058,2.7539",Pylône autostable,32m,ATC FRANCE,2026-07-15,ALL,,False,False
510791,ORANGE,LTE 800,CHEM AIGREFOIN 78470 ST REMY LES CHEVREUSE,78575,"48.7131,2.0978",Pylône autostable,47m,RTE,2026-07-20,AJA,,False,False
512707,BOUYGUES TELECOM,"LTE 700, LTE 1800, LTE 2100, LTE 2600",FERME DE HEURTEBISE 77440 DHUISY,77157,"49.0481,3.1708",Pylône tubulaire,"37,5m",TOTEM,2026-07-15,ALL,,False,False
512816,BOUYGUES TELECOM,"LTE 700, 5G NR 2100, 5G NR 3500",BOULEVARD DES ECOSSAIS IMMEUBLE ''TOUR DES MYRTILLES'' 08200 SEDAN,08409,"49.7056,4.945",Immeuble,"42,9m",Société HLM,,AJO,,False,False
512940,ORANGE,LTE 700,COTE DU VALLOT PARC LAQUERRIÈRE (LA FORÊT) 76500 ELBEUF,76231,"49.2831,0.9983",Pylône autostable,43m,TDF,2023-11-09,SUP,,False,False
513287,BOUYGUES TELECOM,LTE 2100,D 28 DERRIÈRE SILO (SUR LE CHEMIN DE XAMMES) 54470 THIAUCOURT REGNIEVILLE,54518,"48.9639,5.8611",Pylône autostable,"36,5m",ATC FRANCE,2026-07-20,ALL,,False,False
513561,FREE MOBILE,UMTS 900, (TRUC DE FORTUNIO) 48700 MONTS DE RANDON,48127,"44.6422,3.5322",Tour hertzienne,109m,TDF,2017-04-04,SUP,,True,False
514238,BOUYGUES TELECOM,LTE 2600, (S1 LE HAUT DU SEC) 52160 PERROGNEY LES FONTAINES,52384,"47.7972,5.1936",Tour hertzienne,67m,TDF,2026-07-10,ALL,,False,False
515181,SFR,UMTS 2100,PL DU MARCADIEU RTE D'AGEN CHATEAU D'EAU 47310 LAPLUME,47137,"44.1131,0.5306",Château d'eau - réservoir,48m,"Syndicat des eaux, Adduction",2018-06-12,SUP,,False,False
517160,SFR,5G NR 3500,AV D' ORLÉANS / AV DE CHAMBORD 45190 BEAUGENCY,45028,"47.7817,1.6339",Château d'eau - réservoir,25m,"Syndicat des eaux, Adduction",2026-07-15,ALL,,False,False
517707,ORANGE,LTE 700,RTE DE BARGEMON QUARTIER ST JOSEPH PARK CITROËN (LES VIGNASSES) 83440 SEILLANS,83124,"43.6308,6.6419",Pylône autostable,25m,HIVORY,2025-03-21,ART,,False,False
519817,BOUYGUES TELECOM,"LTE 700, 5G NR 3500",AV DES THERMES GRAND HÔTEL 01220 DIVONNE LES BAINS,01143,"46.3572,6.1383",Immeuble,46m,Établissement de soins,,AJO,,False,False
519844,ORANGE,LTE 700,63 CHEM DES COMBES (LES COMBES) 38330 ST ISMIER,38397,"45.2503,5.8156",Pylône autostable,17m,ATC FRANCE,2021-10-19,SUP,,False,False
520025,SRR,UMTS 2100,R THEODORE DROUET ZAC 2000 97420 LE PORT,97407,"-20.9469,55.3172",Pylône autostable,45m,Société Réunionnaise de Radiotéléphonie,2008-08-04,SUP,,False,False
520451,BOUYGUES TELECOM,LTE 2100,V COM. N°6 - CHEM DE LA PLAINE DE LA MARE (LE MONT RICARD) 76270 NEUFCHATEL EN BRAY,76462,"49.7406,1.4728",Pylône autostable,48m,HIVORY,2026-07-11,ALL,,False,False
521597,BOUYGUES TELECOM,LTE 700,AÉROPORT ST EXUPÉRY BÂT. CENTRAL 69125 COLOMBIER SAUGNIEU,69299,"45.7203,5.0794",Bâtiment,35m,"CCI, Ch Métier, Port Aut, Aéroport",2026-07-17,ALL,,False,False
521645,ORANGE,"LTE 2600, 5G NR 700, 5G NR 3500",RTE DÉPART. 72 (LA DOUAIRIERE) 78720 CERNAY LA VILLE,78128,"48.6656,1.9681",Château d'eau - réservoir,72m,"Syndicat des eaux, Adduction",2026-07-10,ALL,,False,False
523709,ORANGE,5G NR 2100,CHEM DE ST-MARC (HUBAC DE ST-MARC) 04500 ALLEMAGNE EN PROVENCE,04004,"43.7822,6.0131",Pylône autostable,"32,5m",TDF,2026-07-10,ALL,,False,False
523999,ORANGE,5G NR 2100,PRÈS A.26 - SENS CHALONS-EN-CHAMPAGNE/TROYES (LES VERMILLONNES) 10150 LUYERES,10210,"48.3686,4.1567",Tour hertzienne,66m,TDF,,AJO,,False,False
524991,SRR,LTE 2100,ROUTE DES CAFIEIERS (DIX-SEPTIEME) 97430 LE TAMPON,97422,"-21.2353,55.5225",Mât béton,16m,Société Réunionnaise de Radiotéléphonie,2026-05-07,ART,,False,False
525305,BOUYGUES TELECOM,GSM 1800,13 R GASTON PHILIPPE 93380 ST DENIS,93066,"48.9403,2.3506",Immeuble,17m,Particulier,2009-01-05,SUP,,False,False
525646,BOUYGUES TELECOM,LTE 2100,COLETTA (FIUMINALE) 20117 CAURO,2A085,"41.9158,8.9161",Pylône autostable,21m,HIVORY,2026-07-20,ALL,,False,False
52926,SRR,LTE 2100,RN 1 (CAP LAHOUSSAYE) 97460 ST PAUL,97415,"-21.0197,55.2342",Mât,"4,9m",Société Réunionnaise de Radiotéléphonie,2024-05-27,ART,,False,False
52984,SRR,LTE 2100,STADE DU CHAUDRON R GEORGES POMPIDOU 97490 ST DENIS,97411,"-20.8889,55.4878",Pylône autostable,25m,Société Réunionnaise de Radiotéléphonie,2026-07-17,AJA,,False,False
52984,SRR,UMTS 2100,STADE DU CHAUDRON R GEORGES POMPIDOU 97490 ST DENIS,97411,"-20.8889,55.4878",Pylône autostable,25m,Société Réunionnaise de Radiotéléphonie,2009-04-08,SUP,,False,False
530103,BOUYGUES TELECOM,LTE 2600,PL JOSEPH ROUMANILLE BAT MEDICAL 13210 ST REMY DE PROVENCE,13100,"43.7886,4.8269",Bâtiment,"18,7m",Établissement de soins,2026-07-13,ALL,,False,False
53034,SRR,"LTE 700, LTE 2100",72 ALL DE L'AVE MARIA PROVIDENCE 97490 ST DENIS,97411,"-20.8975,55.4511",Pylône autostable,22m,Société Réunionnaise de Radiotéléphonie,2026-08-05,AJO,,False,False
53034,SRR,UMTS 2100,72 ALL DE L'AVE MARIA PROVIDENCE 97490 ST DENIS,97411,"-20.8975,55.4511",Pylône autostable,22m,Société Réunionnaise de Radiotéléphonie,2009-12-16,SUP,,False,False
53052,SRR,"LTE 700, LTE 2100, 5G NR 3500",9 AV RAYMOND VERGES STADE GARGARINE 97419 LA POSSESSION,97408,"-20.9344,55.3319",Pylône autostable,30m,Société Réunionnaise de Radiotéléphonie,2026-07-21,ALL,,False,False
53054,SRR,LTE 2100,STADE MUNICIPAL GEORGES LAMBRAKIS 97420 LE PORT,97407,"-20.9331,55.2997",Pylône autostable,25m,Société Réunionnaise de Radiotéléphonie,2023-07-21,ART,,False,False
530594,BOUYGUES TELECOM,"LTE 700, 5G NR 2100, 5G NR 3500",A 63 ASF (LANDES TRESBA) 40230 SAUBION,40291,"43.6758,-1.3111",Pylône autostable,48m,Sociétés d'Autoroutes,2026-07-05,ALL,,False,False
53110,SRR,"LTE 700, 5G NR 3500",6101 AV DE BOURBON L'HERMITAGE 97460 ST PAUL,97415,"-21.0703,55.2244",Pylône autostable,25m,Société Réunionnaise de Radiotéléphonie,,AJO,,False,False
53110,SRR,UMTS 2100,6101 AV DE BOURBON L'HERMITAGE 97460 ST PAUL,97415,"-21.0703,55.2244",Pylône autostable,25m,Société Réunionnaise de Radiotéléphonie,2009-06-22,SUP,,False,False
531162,BOUYGUES TELECOM,LTE 2100,20 R DE LA BATTERIE 08110 CARIGNAN,08090,"49.6317,5.1706",Pylône autostable,34m,TOTEM,2026-07-20,ALL,,False,False
53176,SRR,LTE 2100,R AMIRAL LACAZE GHANDHI 97480 ST JOSEPH,97412,"-21.3817,55.6131",Bâtiment,17m,Société Réunionnaise de Radiotéléphonie,2026-04-30,ART,,False,False
532220,ORANGE,LTE 2100,R DU CIMETIERE  INTERSEC CHEM DE ST HUBERT 45360 CHATILLON SUR LOIRE,45087,"47.5847,2.7436",Château d'eau - réservoir,"42,3m","Syndicat des eaux, Adduction",2026-07-15,ALL,,False,False
532540,FREE MOBILE,LTE 700,17 R AUGUSTE ROMAGNE 78700 CONFLANS STE HONORINE,78172,"48.9981,2.0975",Immeuble,25m,Société HLM,2026-07-20,ALL,,False,True
53288,SRR,"GSM 900, UMTS 900, LTE 800",25IÈME KM CD 41 (FERME AVICOLE) 97419 LA POSSESSION,97408,"-20.9333,55.3781",Pylône autostable,21m,Société Réunionnaise de Radiotéléphonie,2018-04-09,SUP,,False,False
53300,SRR,LTE 2100,22 R DU PERE LAFOSSE 97420 LE PORT,97407,"-20.9375,55.3",Immeuble,38m,SFR,2026-07-17,AJA,,False,False
53300,SRR,UMTS 2100,22 R DU PERE LAFOSSE 97420 LE PORT,97407,"-20.9375,55.3",Immeuble,38m,SFR,2009-04-06,SUP,,False,False
535041,ORANGE,"LTE 800, LTE 2100, LTE 2600, 5G NR 3500",2 SQ DU 8 MAI 1945 91390 MORSANG SUR ORGE,91434,"48.6578,2.3483",Immeuble,24m,Société HLM,2026-07-15,ALL,,False,False
535991,ORANGE,"LTE 700, 5G NR 2100",CHEM RURAL DE LA HAIE LE LOUP BOIS DE PLÉFÉ (LE GROS CHÊNE) 54260 FRESNOIS LA MONTAGNE,54212,"49.4981,5.6269",Pylône autostable,40m,TDF,,AJO,,False,False
535991,ORANGE,LTE 2100,CHEM RURAL DE LA HAIE LE LOUP BOIS DE PLÉFÉ (LE GROS CHÊNE) 54260 FRESNOIS LA MONTAGNE,54212,"49.4981,5.6269",Pylône autostable,40m,TDF,2021-06-18,SUP,,False,False
538625,ORANGE,5G NR 700,R JEAN MERMOZ D 14 CHAUSSEE BRUNEHAUT (LE DOIGNY) 59227 SAULZOIR,59558,"50.2397,3.455",Château d'eau - réservoir,57m,"Commune, communauté de communes",2026-07-31,AAV,,False,False
540589,ORANGE,"LTE 700, LTE 2100",LES STES PRÈS RÉSERVOIR PYLONE TDF (LE CHAMEAU) 97137 TERRE DE HAUT,97131,"15.8608,-61.5936",Pylône haubané,27m,TDF,,AJO,,False,False
541395,BOUYGUES TELECOM,"GSM 900, GSM 1800",A 86  TUNNEL DE THIAIS 2FFF VOIE D ISOLEMENT PS2 94320 THIAIS,94073,"48.7667,2.3789",Tunnel,"17,8m",Sociétés d'Autoroutes,1997-04-28,SUP,,False,False
541418,SFR,"LTE 700, LTE 2100, 5G NR 2100",LA FERME DE LANDREVILLE (LANDREVILLE) 45480 BAZOCHES LES GALLERANDES,45025,"48.1753,2.0358",Pylône tubulaire,37m,TDF,,AJO,,False,False
541418,SFR,UMTS 2100,LA FERME DE LANDREVILLE (LANDREVILLE) 45480 BAZOCHES LES GALLERANDES,45025,"48.1753,2.0358",Pylône tubulaire,37m,TDF,2018-12-21,SUP,,False,False
542132,BOUYGUES TELECOM,5G NR 2100, (AUBETERRE) 10320 LIREY,10198,"48.1617,4.0247",Pylône autostable,48m,ATC FRANCE,2026-07-11,ALL,,False,False
547784,ORANGE,LTE 700,D928 (LES CÔTES DE FERMAINCOURT) 28410 ABONDANT,28001,"48.7717,1.4033",Pylône autostable,30m,TOTEM,2026-07-30,AAV,,False,False
547934,SFR,GSM 1800,"ANGLE RUES DES DÉSERTS ET VACHON PR 6,00 SENS PARIS PROVINCE (A15/VACHON/LES DESERTS) 95100 ARGENTEUIL",95018,"48.9517,2.28",Pylône tubulaire,"18,1m",Sociétés d'Autoroutes,,SUP,,False,False
548662,ORANGE,LTE 2600,19 PL MONNET CENTRE DES CONGRÈS LA SALAMANDRE 16100 COGNAC,16102,"45.6928,-0.3267",Bâtiment,"18,5m","Commune, communauté de communes",2026-07-10,ALL,,False,False
549304,SFR,"LTE 700, LTE 2100, 5G NR 2100", (LA GRAVIERE) 84430 MONDRAGON,84078,"44.2169,4.7025",Pylône autostable,55m,RTE,,AJO,,False,False
549304,SFR,UMTS 2100, (LA GRAVIERE) 84430 MONDRAGON,84078,"44.2169,4.7025",Pylône autostable,55m,RTE,2019-06-20,SUP,,False,False
549826,BOUYGUES TELECOM,LTE 2100, (LES CHAUVAUDS) 16430 CHAMPNIERS,16078,"45.7031,0.1808",Pylône autostable,42m,ATC FRANCE,2026-07-19,ALL,,False,False
551797,ORANGE,"LTE 2100, LTE 2600, 5G NR 700, 5G NR 3500",CHEM DE BEL-AIR (TORTRON) 85400 LUCON,85128,"46.4714,-1.1492",Pylône autostable,52m,TOTEM,,AJO,,False,False
554483,BOUYGUES TELECOM,5G NR 3500,2 RUE DOYEN JACQUES PARISOT CENTRE DE MEDECINE PREVENTIVE 54500 VANDOEUVRE LES NANCY,54547,"48.6544,6.1625",Immeuble,"51,2m",Établissement de soins,,AJO,,False,False
554562,BOUYGUES TELECOM,GSM 1800,4 PL DE L'EUROPE CARREFOUR CENTRE COMMERCIAL BERCY 2 94220 CHARENTON LE PONT,94018,"48.8264,2.3944",Bâtiment,"20,2m","Copropriété, Syndic, SCI",2003-07-18,SUP,,False,False
555190,BOUYGUES TELECOM,LTE 700,1 R DE LA LIBÉRATION ENCEINTE DES HEC 78350 JOUY EN JOSAS,78322,"48.7603,2.1714",Pylône autostable,38m,TDF,,AJO,,False,False
555190,BOUYGUES TELECOM,GSM 1800,1 R DE LA LIBÉRATION ENCEINTE DES HEC 78350 JOUY EN JOSAS,78322,"48.7603,2.1714",Pylône autostable,38m,TDF,2020-02-05,SUP,,False,False
556478,ORANGE,5G NR 2100,D.593 (LA GRANDE RONCE) 53290 BOUERE,53036,"47.8494,-0.4792",Pylône autostable,45m,TOTEM,2026-07-10,ALL,,False,False
556505,BOUYGUES TELECOM,"UMTS 900, LTE 800, LTE 1800, LTE 2100, 5G NR 2100",RÉÉMETTEUR TDF (BOIS DE HIERGES) 08320 AUBRIVES,08028,"50.0906,4.7661",Pylône autostable,47m,TDF,2026-07-12,ALL,,False,False
556789,ORANGE,LTE 700,MORNE FERRET IMM SITE FERRET QUARTIER ASSAINISSEMENT 97142 LES ABYMES,97101,"16.2464,-61.5328",Immeuble,30m,Société Privée,,AJO,,False,False
557719,SRR,LTE 2100,GRAND PRADO (LA MARE) 97438 STE MARIE,97418,"-20.905,55.5325",Bâtiment,10m,ORANGE Services Fixes,2026-07-17,AJA,,False,False
557719,SRR,UMTS 2100,GRAND PRADO (LA MARE) 97438 STE MARIE,97418,"-20.905,55.5325",Bâtiment,10m,ORANGE Services Fixes,2010-12-24,SUP,,False,False
559261,BOUYGUES TELECOM,GSM 1800,36 R DAJOT RES LE VERLAINE 77000 MELUN,77288,"48.5308,2.6583",Immeuble,29m,"Copropriété, Syndic, SCI",2000-02-16,SUP,,False,False
560035,ORANGE,5G NR 700,R DE BÉTHLÉEM COMPLEXE SPORTIF 60128 PLAILLY,60494,"49.1031,2.5917",Pylône tubulaire,34m,HIVORY,2026-07-31,AAV,,False,False
562531,BOUYGUES TELECOM,LTE 2100,ANCIEN CHEM DE BASTELICA À BOCOGNANO (CASTAGNETO) 20119 BASTELICA,2A031,"42.0036,9.0497",Pylône autostable,15m,TOTEM,2026-07-20,ALL,,False,False
565891,BOUYGUES TELECOM,5G NR 2100,"60, RTE DE MADORO COMPLEXE SPORTIF (LES HORMEAUX) 85520 JARD SUR MER",85114,"46.4175,-1.5858",Pylône autostable,36m,TOTEM,2026-07-13,ALL,,False,False
566411,ORANGE,5G NR 700,R DES GRANDS MOUNTAINS ZA GARAGE MONNEREAU J. SARL 85110 ST PROUANT,85266,"46.7581,-0.9622",Pylône tubulaire,30m,TOTEM,2026-07-23,ALL,,False,False
569396,ORANGE,"LTE 700, 5G NR 2100",V C N° 8 DE LA TOUR SAVARY (LE BOIS ROND) 86490 BEAUMONT ST CYR,86019,"46.7469,0.4197",Pylône autostable,50m,CELLNEX,2026-07-20,AJA,,False,False
569396,ORANGE,LTE 2100,V C N° 8 DE LA TOUR SAVARY (LE BOIS ROND) 86490 BEAUMONT ST CYR,86019,"46.7469,0.4197",Pylône autostable,50m,CELLNEX,2020-10-01,SUP,,False,False
570403,ORANGE,"5G NR 700, 5G NR 3500",HAMEAU DE TERMINE (LES RAFFAUTS) 74130 GLIERES VAL DE BORNE,74212,"46.0256,6.3975",Pylône autostable,44m,TDF,,AJO,,False,False
570403,ORANGE,LTE 700,HAMEAU DE TERMINE (LES RAFFAUTS) 74130 GLIERES VAL DE BORNE,74212,"46.0256,6.3975",Pylône autostable,44m,TDF,2021-11-24,SUP,,False,False
571319,SRR,LTE 700,R HUBERT DELISLE (LA SOURCE) 97490 ST DENIS,97411,"-20.8917,55.4511",Immeuble,24m,"Copropriété, Syndic, SCI",2023-06-20,ART,,False,False
573987,BOUYGUES TELECOM,GSM 1800,2 SQ NADAR 94300 VINCENNES,94080,"48.8428,2.4294",Immeuble,29m,Société Privée,1996-06-05,SUP,,False,False
574170,BOUYGUES TELECOM,5G NR 2100,R DE L' ARBRE HAUT ANCIENNE RN 4 (LES NOUES) 51310 ESTERNAY,51237,"48.7203,3.5403",Pylône autostable,"40,5m",HIVORY,2026-07-20,ALL,,False,False
576560,BOUYGUES TELECOM,UMTS 900,R DE NOISY LE SEC (TUN PORTE DES LILAS - FOUGERES) 75020 PARIS 20,75120,"48.8731,2.4122",Tunnel,6m,"Commune, communauté de communes",,AJO,,False,False
576560,BOUYGUES TELECOM,"GSM 1800, UMTS 2100",R DE NOISY LE SEC (TUN PORTE DES LILAS - FOUGERES) 75020 PARIS 20,75120,"48.8731,2.4122",Tunnel,6m,"Commune, communauté de communes",2009-04-17,SUP,,False,False
579983,SRR,LTE 700,19 R PAUL VERLAINE (LA CAPITAINERIE) 97420 LE PORT,97407,"-20.935,55.3183",Mât béton,16m,Société Réunionnaise de Radiotéléphonie,2022-09-09,ART,,False,False
584038,BOUYGUES TELECOM,GSM 1800,121 RTE DE DORNACH CENTRALE THERMIQUE D'ILLBERG (INCINÉRATION) 68350 BRUNSTATT DIDENHEIM,68056,"47.7281,7.305",Bâtiment,50m,"Commune, communauté de communes",2001-03-22,SUP,,False,False
584965,BOUYGUES TELECOM,GSM 1800,CCAL CARREFOUR ROUTE NATIONALE 3 77410 CLAYE SOUILLY,77118,"48.9475,2.6636",Bâtiment,"15,5m",Société Privée,2014-11-21,SUP,,False,False
585158,BOUYGUES TELECOM,LTE 2600,RN.542 (LE PORCIER) 05300 LARAGNE MONTEGLIN,05070,"44.3175,5.8275",Pylône autostable,35m,TOTEM,2026-07-06,ALL,,False,False
585158,SFR,LTE 2600,RN.542 (LE PORCIER) 05300 LARAGNE MONTEGLIN,05070,"44.3175,5.8275",Pylône autostable,35m,TOTEM,2026-07-15,ALL,,False,False
585284,BOUYGUES TELECOM,LTE 2100,RUE DES GARRIGUES RELAIS TDF (TRAVERS DE LA ROQUE) 11510 FITOU,11144,"42.8928,2.98",Pylône autostable,16m,TDF,2026-07-17,ALL,,False,False
585338,SFR,LTE 700, (BOIS DU GLACIER) 89100 NAILLY,89274,"48.2103,3.2281",Pylône autostable,40m,ATC FRANCE,,AJO,,False,False
587664,BOUYGUES TELECOM,LTE 2100,LE PETIT TRONCET LA FERME PROSLINS 02570 CHEZY SUR MARNE,02186,"48.9719,3.3575",Pylône autostable,46m,TDF,2026-07-08,ALL,,False,False
588392,SFR,LTE 700,PYLONE TDF (PRAT YOUEN) 29180 PLOGONNEC,29169,"48.0906,-4.1911",Pylône autostable,42m,TDF,,AJO,,False,False
588427,SFR,UMTS 2100,17 R GALLIÉNI 92500 RUEIL MALMAISON,92063,"48.8744,2.2014",Immeuble,24m,Société HLM,2004-02-25,SUP,,False,False
588979,SRR,"LTE 1800, LTE 2100",GILLOT (AEROPORT ROLLAND GARROS) 97438 STE MARIE,97418,"-20.8914,55.5122",Bâtiment,15m,"CCI, Ch Métier, Port Aut, Aéroport",2024-06-21,ART,,False,False
590798,BOUYGUES TELECOM,5G NR 2100,LE MONT LE CERF AV DU 128E RI D61 51340 PARGNY SUR SAULX,51423,"48.7611,4.8442",Pylône autostable,40m,HIVORY,2026-07-11,ALL,,False,False
591232,BOUYGUES TELECOM,"LTE 700, 5G NR 2100, 5G NR 3500",3 R FRESNEL 25000 BESANCON,25056,"47.2353,5.9778",Pylône tubulaire,20m,HIVORY,2026-07-20,ALL,,False,False
595549,SFR,UMTS 2100,PRÈS D.45 (PIFOY) 43330 PONT SALOMON,43153,"45.345,4.2364",Pylône autostable,31m,TDF,2011-12-13,SUP,,False,False
595841,ORANGE,"5G NR 700, 5G NR 3500",RUE DE GRAV NED (KÉRÉMARC'H) 22260 PONTRIEUX,22250,"48.7,-3.1522",Pylône autostable,"46,5m",TDF,,AJO,,False,False
595841,ORANGE,LTE 700,RUE DE GRAV NED (KÉRÉMARC'H) 22260 PONTRIEUX,22250,"48.7,-3.1522",Pylône autostable,"46,5m",TDF,2020-11-24,SUP,,False,False
595924,SFR,UMTS 900,"173, BD  ROBERT BALLANGER 93420 VILLEPINTE",93078,"48.9558,2.5383",Château d'eau - réservoir,69m,"Commune, communauté de communes",,SUP,,False,True
597140,ORANGE,"5G NR 700, 5G NR 3500", (LE MAS DU PUY) 87510 NIEUL,87107,"45.9339,1.1697",Pylône autostable,42m,TDF,2026-07-20,AJA,,False,False
597140,ORANGE,"LTE 700, 5G NR 2100", (LE MAS DU PUY) 87510 NIEUL,87107,"45.9339,1.1697",Pylône autostable,42m,TDF,,SUP,,False,False
597190,ORANGE,5G NR 700,AV PELADAN CIRCUIT SÉCURITÉ ROUTIÈRE SQUARE (MONT DUPLAN) 30900 NIMES,30189,"43.845,4.3656",Pylône tubulaire,"25,3m",TOTEM,2026-07-20,AJA,,False,False
597190,ORANGE,LTE 700,AV PELADAN CIRCUIT SÉCURITÉ ROUTIÈRE SQUARE (MONT DUPLAN) 30900 NIMES,30189,"43.845,4.3656",Pylône tubulaire,"25,3m",TOTEM,,SUP,,False,False
597190,SFR,"LTE 700, LTE 800, LTE 1800, LTE 2100, LTE 2600, 5G NR 2100",AV PELADAN CIRCUIT SÉCURITÉ ROUTIÈRE SQUARE (MONT DUPLAN) 30900 NIMES,30189,"43.845,4.3656",Pylône tubulaire,"25,3m",TOTEM,,AJO,,False,False
597190,SFR,"GSM 900, UMTS 2100",AV PELADAN CIRCUIT SÉCURITÉ ROUTIÈRE SQUARE (MONT DUPLAN) 30900 NIMES,30189,"43.845,4.3656",Pylône tubulaire,"25,3m",TOTEM,2011-12-15,SUP,,False,False
599673,SFR,"LTE 2600, 5G NR 3500",PRÈS N176 PYLÔNE TDF (CHANTELOUP) 22980 LA LANDEC,22097,"48.43,-2.1722",Pylône autostable,43m,TDF,,AJO,,False,False
601136,BOUYGUES TELECOM,LTE 2100,D.22 - PRÈS DU RÉSERVOIR ENTERRÉ (LE REBOINVEAU) 88140 URVILLE,88482,"48.1817,5.7431",Pylône tubulaire,24m,TDF,2026-07-20,ALL,,False,False
601434,ORANGE,5G NR 3500,RD 418 (LES CULEES) 77410 ANNET SUR MARNE,77005,"48.9406,2.7044",Pylône autostable,38m,SNCF Réseau,2026-07-20,AJA,,False,False
601434,ORANGE,5G NR 700,RD 418 (LES CULEES) 77410 ANNET SUR MARNE,77005,"48.9406,2.7044",Pylône autostable,38m,SNCF Réseau,,AJO,,False,False
601434,ORANGE,LTE 700,RD 418 (LES CULEES) 77410 ANNET SUR MARNE,77005,"48.9406,2.7044",Pylône autostable,38m,SNCF Réseau,2025-11-19,SUP,,False,False
603243,BOUYGUES TELECOM,LTE 2100,STATION TDF (LE CHONOT) 88370 PLOMBIERES LES BAINS,88351,"47.9689,6.4608",Pylône autostable,45m,TDF,2026-07-20,ALL,,False,False
603858,ORANGE,5G NR 700,D.155 - RTE DE ROYBON (L'ADRET) 38470 VINAY,38559,"45.2122,5.3967",Pylône autostable,25m,TDF,2026-07-17,ALL,,False,False
603879,ORANGE,"LTE 800, LTE 2100, 5G NR 700, 5G NR 3500",PRÈS D.43 DOMAINE SNCF POSTE 2 (GROSSMATT) 57400 SARREBOURG,57630,"48.7414,7.0567",Pylône autostable,45m,TOTEM,2026-07-20,ALL,,False,False
604975,ORANGE,5G NR 700,CHEM DE LA ROUSSELIÈRE (LA ROUSSELIÈRE) 37190 CHEILLE,37067,"47.25,0.4486",Pylône autostable,45m,TDF,2026-07-23,ALL,,False,False
605331,SFR,LTE 700,R DE LA GARE 41150 VALLOIRE SUR CISSE,41055,"47.5211,1.2486",Pylône tubulaire,33m,CELLNEX,,AJO,,False,False
607160,BOUYGUES TELECOM,LTE 2100,CHEM RURAL DIT DU VIEUX FOUR (LES SEUILS) 16170 VAL D AUGE,16339,"45.8347,-0.1344",Tour hertzienne,73m,TDF,2026-07-15,ALL,,False,False
607217,BOUYGUES TELECOM,5G NR 2100, (LE HAUT DU BOURG) 88170 CHATENOIS,88095,"48.2997,5.8242",Pylône autostable,34m,ORANGE Services Fixes,2026-07-11,ALL,,False,False
608322,ORANGE,"GSM 900, UMTS 900, LTE 800, LTE 1800",LA BASSE CHUÉTRÉE 36600 VALENCAY,36228,"47.1431,1.5406",Château d'eau - réservoir,57m,"Syndicat des eaux, Adduction",1994-12-02,SUP,,False,False
609833,BOUYGUES TELECOM,LTE 2600,ZWISCHEN KLEINER UND GROSS (GUCKENBERG) 57410 ROHRBACH LES BITCHE,57589,"49.0469,7.255",Pylône autostable,30m,TOTEM,2026-07-08,ALL,,False,False
612799,BOUYGUES TELECOM,GSM 1800,R DU CIMETIÈRE (CH. RURAL N° 20) CHEM RURAL N°20 (CAMPAGNE DU BOIS L'HÔTEL DIEU) 60730 STE GENEVIEVE,60575,"49.29,2.2058",Château d'eau - réservoir,60m,"Commune, communauté de communes",1997-02-21,SUP,,False,False
614028,BOUYGUES TELECOM,LTE 2100,D.130 - CHEM RURAL (LE GRAND BUISSON) 16250 VAL DES VIGNES,16175,"45.5322,-0.0425",Pylône autostable,36m,HIVORY,2026-07-15,ALL,,False,False
616956,ONATI,LTE 800,ATOLL DE TAKUME ARCHIPEL DES TUAMOTU (TAHETO) 98790 MAKEMO,98726,"-15.8531,-142.2664",Pylône autostable,25m,Onati,,AJO,,False,False
618292,BOUYGUES TELECOM,LTE 1800,CH DU BOIS DE CALMONT 60480 ST ANDRE FARIVILLERS,60565,"49.5958,2.2908",Château d'eau - réservoir,"53,5m","Syndicat des eaux, Adduction",,AJO,,False,False
618292,BOUYGUES TELECOM,LTE 2100,CH DU BOIS DE CALMONT 60480 ST ANDRE FARIVILLERS,60565,"49.5958,2.2908",Château d'eau - réservoir,"53,5m","Syndicat des eaux, Adduction",2026-07-20,ALL,,False,False
618316,BOUYGUES TELECOM,LTE 2600,VC DE HAMBACH À HERBITZHEIM (TURWIESE) 57910 HAMBACH,57289,"49.0489,7.0528",Pylône autostable,44m,ORANGE,2026-07-20,ALL,,False,False
620946,SFR,"GSM 900, UMTS 900, LTE 700, LTE 800, LTE 1800, LTE 2100, LTE 2600, 5G NR 3500",RTE DE PALAVAS CAMPING LE CAMARGUAIS (TOURNEFORT) 34970 LATTES,34129,"43.5475,3.8953",Pylône autostable,15m,HIVORY,2023-02-16,SUP,,False,False
623942,ORANGE,"UMTS 900, LTE 800, LTE 1800, LTE 2100",ROUTE D'ANGERS N162 (LES TROIS PILIERS) 49220 LE LION D ANGERS,49176,"47.62,-0.7108",Château d'eau - réservoir,45m,"Syndicat des eaux, Adduction",2018-11-30,SUP,,False,False
624046,BOUYGUES TELECOM,LTE 2100, (L'ORBI) 88310 VENTRON,88500,"47.9342,6.8831",Pylône autostable,46m,TDF,2026-07-20,ALL,,False,False
624541,BOUYGUES TELECOM,LTE 700,CHEMIN RURAL DE CHARCOA (XARKOA) 64120 ARHANSUS,64045,"43.2522,-1.0342",Pylône autostable,32m,SFR,,AJO,,False,False
626459,BOUYGUES TELECOM,5G NR 2100,CHEMIN DE RUMILLY (LA VARIE) 10260 CHAPPES,10083,"48.1569,4.2428",Pylône autostable,"32,8m",TDF,2026-07-11,ALL,,False,False
630896,BOUYGUES TELECOM,"GSM 1800, UMTS 2100",87-95 R VICTOR HUGO N.301 93300 AUBERVILLIERS,93001,"48.9061,2.3747",Immeuble,"39,7m",Société Privée,1997-11-14,SUP,,False,False
634335,ORANGE,5G NR 700,VC N° 11 (VALBURGE) 88220 XERTIGNY,88530,"48.04,6.4011",Pylône autostable,36m,TOTEM,2026-07-30,AAV,,False,False
638346,ORANGE,"LTE 2100, 5G NR 3500",IMPASSE BARLET PRÈS RN 2001 (BLONDE) 97170 PETIT BOURG,97118,"16.1969,-61.5992",Pylône autostable,33m,ORANGE Services Fixes,,AJO,,False,False
642078,BOUYGUES TELECOM,"LTE 2100, 5G NR 2100",SILOS (LES OUCHES ST MARTIN) 51460 COURTISOLS,51193,"48.9872,4.5075",Silo,42m,"Coopérative Agricole, Vinicole",2026-07-20,AJA,,False,False
642078,BOUYGUES TELECOM,UMTS 2100,SILOS (LES OUCHES ST MARTIN) 51460 COURTISOLS,51193,"48.9872,4.5075",Silo,42m,"Coopérative Agricole, Vinicole",2016-06-20,SUP,,False,False
642160,SFR,5G NR 3500,RD 19 (LA MAISON NEUVE) 79380 MONCOUTANT SUR SEVRE,79179,"46.7192,-0.5767",Pylône autostable,49m,HIVORY,2026-07-15,ALL,,False,False
643490,BOUYGUES TELECOM,LTE 2100,R DU PUITS ROYAU CHÂTEAU D'EAU LES AJOTS 52100 ST DIZIER,52448,"48.6303,4.9439",Château d'eau - réservoir,25m,"Commune, communauté de communes",2026-07-10,ALL,,False,False
643600,BOUYGUES TELECOM,LTE 2100,R DES USINES HAMEAU DE GUILLENFOSSE  (LA TÊTE DE MOUSSE) 60850 ST GERMER DE FLY,60577,"49.4458,1.8183",Pylône autostable,40m,HIVORY,2026-07-08,ALL,,False,False
644697,BOUYGUES TELECOM,LTE 2600,KERBIGUET D 773 (L'ABBAYE) 56380 GUER,56075,"47.9158,-2.1231",Pylône autostable,48m,TDF,2026-07-13,ALL,,False,False
647244,SFR,LTE 700,R DE LA COOPERATIVE PL DE LA CAVE LES AIRES 34160 BEAULIEU,34027,"43.7306,4.0197",Bâtiment,20m,"Coopérative Agricole, Vinicole",,AJO,,False,False
647837,ORANGE,5G NR 2100, (JAMBERT) 33125 LOUCHATS,33251,"44.5181,-0.55",Pylône autostable,"50,2m",HIVORY,2026-07-17,ALL,,False,False
648063,ORANGE,"5G NR 700, 5G NR 3500","226, AV DU MAINE 75014 PARIS 14",75114,"48.8286,2.3261",Immeuble,42m,"Copropriété, Syndic, SCI",2025-07-28,AJR,,False,False
650067,BOUYGUES TELECOM,LTE 2100, (PUNTA DI TRAGUNATU) 20160 BALOGNA,2A028,"42.1772,8.7931",Pylône tubulaire,40m,TDF,2026-07-20,ALL,,False,False
650141,ORANGE,"LTE 800, LTE 2100, LTE 2600, 5G NR 700, 5G NR 3500",68/70 R ST CHARLES 75015 PARIS 15,75115,"48.8481,2.2861",Immeuble,"36,5m",Société HLM,2026-07-15,ALL,,False,False
651422,SRR,"LTE 700, LTE 2100, 5G NR 3500",RTE DE MAFATE LYCEE AGRICOLE 97460 ST PAUL,97415,"-20.9747,55.3256",Pylône autostable,25m,Société Réunionnaise de Radiotéléphonie,2026-08-04,AJO,,False,False
651422,SRR,UMTS 2100,RTE DE MAFATE LYCEE AGRICOLE 97460 ST PAUL,97415,"-20.9747,55.3256",Pylône autostable,25m,Société Réunionnaise de Radiotéléphonie,2010-02-17,SUP,,False,False
656512,ORANGE,"LTE 1800, 5G NR 2100",MAS DE LA SORT (LA REDOUTE) 66260 ST LAURENT DE CERDANS,66179,"42.3922,2.6094",Pylône autostable,29m,HIVORY,2026-07-16,ALL,,False,False
657959,SFR,"GSM 900, UMTS 900, UMTS 2100, LTE 800",A 11 PK 158 72470 ST MARS LA BRIERE,72300,"48.0539,0.3558",Pylône autostable,49m,HIVORY,1995-08-01,SUP,,False,False
660850,ORANGE,"5G NR 700, 5G NR 3500",C.R N°17 SITE TDF (LA CÔTE) 38930 CLELLES,38113,"44.8317,5.6217",Pylône autostable,25m,TDF,,AJO,,False,False
660850,ORANGE,LTE 700,C.R N°17 SITE TDF (LA CÔTE) 38930 CLELLES,38113,"44.8317,5.6217",Pylône autostable,25m,TDF,2021-03-16,SUP,,False,False
663460,BOUYGUES TELECOM,,12 R HAXO 75020 PARIS 20,75120,"48.8706,2.4053",Immeuble,"32,8m",Société HLM,2021-01-27,CHH,32m,False,False
663606,ORANGE,LTE 700, (LE PAS LOUGEAU) 28800 TRIZAY LES BONNEVAL,28396,"48.2003,1.3286",Château d'eau - réservoir,34m,"Commune, communauté de communes",2026-06-11,EXT,,False,False
664397,SFR,LTE 700, (MAUCHAMP) 42740 DOIZIEUX,42085,"45.4317,4.5844",Pylône autostable,25m,TDF,,AJO,,False,False
664921,ORANGE,"5G NR 700, 5G NR 3500", (LES ESSARTS) 04140 SEYNE,04205,"44.3333,6.3417",Pylône autostable,25m,TDF,,AJO,,False,False
664921,ORANGE,LTE 700, (LES ESSARTS) 04140 SEYNE,04205,"44.3333,6.3417",Pylône autostable,25m,TDF,2020-02-18,SUP,,False,False
666136,ORANGE,"LTE 700, 5G NR 2100",FERME DE GRANDCHAMPS 77440 JAIGNES,77235,"48.9956,3.1003",Pylône tubulaire,30m,TOTEM,2026-07-15,ALL,,False,False
667141,BOUYGUES TELECOM,LTE 2100, (LES PETITS BOIS) 17330 VILLENEUVE LA COMTESSE,17474,"46.0922,-0.5356",Pylône autostable,45m,TDF,2026-07-20,ALL,,False,False
667992,ORANGE,5G NR 700,5 R DIDEROT 69600 OULLINS PIERRE BENITE,69149,"45.715,4.8103",Immeuble,22m,ORANGE Services Fixes,2026-07-22,ALL,,False,False
668486,ORANGE,5G NR 2100,44 R DE PARIS 28150 BEAUVILLIERS,28032,"48.2961,1.6567",Château d'eau - réservoir,24m,"Commune, communauté de communes",2026-07-10,ALL,,False,False
669818,BOUYGUES TELECOM,GSM 1800,171 R ST DENIS 93100 MONTREUIL,93048,"48.8756,2.4497",Immeuble,34m,"Copropriété, Syndic, SCI",1998-02-06,SUP,,False,False
670584,ORANGE,5G NR 700,R DE LA FRONTIERE - D26 (WEIHER) 57490 CARLING,57123,"49.1681,6.7208",Pylône tubulaire,30m,SNCF Réseau,2026-07-23,ALL,,False,False
671373,BOUYGUES TELECOM,LTE 1800,PECH BRUNET PRÈS D.20 (VIANDÈS) 82270 MONTPEZAT DE QUERCY,82131,"44.2508,1.5103",Pylône autostable,40m,Sociétés d'Autoroutes,,AJO,,False,False
673336,BOUYGUES TELECOM,"GSM 1800, UMTS 2100",CHEM DU CIMETIÈRE (L'AIRE) 31430 LE FOUSSERET,31193,"43.285,1.0692",Château d'eau - réservoir,53m,"Syndicat des eaux, Adduction",2018-01-30,SUP,,False,False
674847,BOUYGUES TELECOM,LTE 2100,10 R NATIONALE 02620 BUIRONFOSSE,02135,"49.9617,3.8297",Pylône tubulaire,30m,HIVORY,2026-07-08,ALL,,False,False
678526,ORANGE,5G NR 700,CHEM DU ROND STADE DE FOOTBALL (LE ROND) 49360 MAULEVRIER,49192,"46.9939,-0.7464",Pylône tubulaire,37m,TOTEM,2026-07-30,AAV,,False,False
678661,BOUYGUES TELECOM,5G NR 3500,LA HAUT DU BOIS (LE PARC BESNIER) 72260 MAROLLES LES BRAULTS,72189,"48.2667,0.3161",Château d'eau - réservoir,"39,9m","Syndicat des eaux, Adduction",2026-07-07,ALL,,False,False
678661,SFR,"LTE 2600, 5G NR 3500",LA HAUT DU BOIS (LE PARC BESNIER) 72260 MAROLLES LES BRAULTS,72189,"48.2667,0.3161",Château d'eau - réservoir,"39,9m","Syndicat des eaux, Adduction",2026-07-15,ALL,,False,False
682127,BOUYGUES TELECOM,"GSM 1800, UMTS 2100",AV DU CANADA PARC D ACTIVITÉ DE COURTABOEUF 91940 LES ULIS,91692,"48.6853,2.1933",Immeuble,"14,6m",Société Privée,2010-04-14,SUP,,False,False
683187,ORANGE,LTE 700,GARAGE RASSAT - STATION ELF (PINGOULEAU) 33590 ST VIVIEN DE MEDOC,33490,"45.445,-1.0561",Pylône autostable,32m,TOTEM,2026-07-20,ALL,,False,False
684032,BOUYGUES TELECOM,"LTE 2100, 5G NR 2100",CHEM RURAL N° 16 (LES VIGNOTTES) 88410 MONTHUREUX SUR SAONE,88310,"48.0383,5.9536",Pylône autostable,30m,HIVORY,2026-07-10,ALL,,False,False
684068,BOUYGUES TELECOM,"LTE 700, LTE 2100, LTE 2600, 5G NR 2100, 5G NR 3500",R DE LA RÉPUBLIQUE 81200 MAZAMET,81163,"43.4897,2.3725",Monument religieux,"32,2m","Commune, communauté de communes",2026-07-15,ALL,,False,False
684485,ORANGE,5G NR 2100,CLAUX VIEIL (GARRHAN) 81140 PENNE,81206,"44.0797,1.7147",Pylône autostable,15m,TDF,2026-07-16,ALL,,False,False
684875,BOUYGUES TELECOM,LTE 2100,CHEM DE LA MONTEE ROUGE CHATEAU D EAU 10130 ERVY LE CHATEL,10140,"48.0461,3.9086",Château d'eau - réservoir,27m,"Commune, communauté de communes",2026-07-20,ALL,,False,False
685952,ORANGE,"LTE 700, LTE 800, LTE 2100", (BOSRÉDON) 97111 MORNE A L EAU,97116,"16.3078,-61.4869",Pylône autostable,20m,ORANGE,,AJO,,False,False
687800,BOUYGUES TELECOM,"LTE 2100, LTE 2600",CHEM LUNARD (DOMAINE DE LUNARD) 13140 MIRAMAS,13063,"43.5611,5.0614",Pylône tubulaire,"15,6m",ATC FRANCE,2026-07-16,ALL,,False,False
688294,BOUYGUES TELECOM,5G NR 3500,2830 RTE D'EOURES (LA BASTIDE CLAIRE) 13400 AUBAGNE,13005,"43.3089,5.5436",Pylône tubulaire,18m,HIVORY,,AJO,,False,False
688491,ORANGE,"UMTS 2100, LTE 1800, LTE 2100","2, ALLÉE DU GRAND LAUNAY 49100 ANGERS",49007,"47.4683,-0.5931",Pylône tubulaire,23m,Société Privée,2018-04-09,SUP,,False,False
689097,ORANGE,5G NR 700,104 R CRILLON 69006 LYON 06,69386,"45.7711,4.8564",Immeuble,39m,"Copropriété, Syndic, SCI",2026-07-24,ALL,,False,False
689187,BOUYGUES TELECOM,"LTE 700, LTE 800",8 R FRANCOIS VERNAY 69005 LYON 05,69385,"45.7653,4.8283",Immeuble,29m,"Copropriété, Syndic, SCI",2026-07-15,ALL,,False,False
689802,BOUYGUES TELECOM,"GSM 900, GSM 1800, UMTS 2100",BD PÉRIPHÉRIQUE DIRECTION BAGNOLET RTE DE LA CROIX ROUGE/RTE DE REUILLY TUNNEL PELOUSE DE REUILLY 75012 PARIS 12,75112,"48.8317,2.4044",Tunnel,7m,"Commune, communauté de communes",2021-07-20,SUP,,False,False
690439,BOUYGUES TELECOM,"LTE 2100, LTE 2600",R NOTRE DAME EGLISE NOTRE DAME 72300 SABLE SUR SARTHE,72264,"47.8381,-0.33",Monument religieux,"51,4m","Commune, communauté de communes",2026-07-07,ALL,,False,False
690439,SFR,"LTE 2100, LTE 2600",R NOTRE DAME EGLISE NOTRE DAME 72300 SABLE SUR SARTHE,72264,"47.8381,-0.33",Monument religieux,"51,4m","Commune, communauté de communes",2026-07-15,ALL,,False,False
694014,BOUYGUES TELECOM,"LTE 1800, LTE 2100",CORNICHE DE LA MEYJANDE STATION TDF (CARREYRE) 33680 LACANAU,33214,"44.9961,-1.1497",Château d'eau - réservoir,36m,"Commune, communauté de communes",2026-07-17,ALL,,False,False
697188,BOUYGUES TELECOM,LTE 2600,D.54 (DOMAINE DE LA MASSE) 35390 GRAND FOUGERAY,35124,"47.725,-1.7139",Pylône tubulaire,"42,5m",TDF,2026-07-14,ALL,,False,False
699043,ORANGE,LTE 700,LE CHAMP DU CARREFOUR (LA GRANDE VIEILLE ABBAYE) 72240 TENNIE,72351,"48.1369,-0.0567",Pylône autostable,30m,TOTEM,2026-07-30,AAV,,False,False
703312,BOUYGUES TELECOM,LTE 700,CHÂTEAU D'EAU DU S.A.E.P DU CANTON DE MENNETOU-SUR RTE DU CHÂTEAU D'EAU (LE TERTRE DES CHÊNES) 41200 VILLEFRANCHE SUR CHER,41280,"47.2969,1.7767",Château d'eau - réservoir,37m,"Syndicat des eaux, Adduction",2026-07-22,ALL,,False,False
705482,BOUYGUES TELECOM,LTE 2100,7 R DE LIÈGE INSTITUT INFIRMIER 59640 DUNKERQUE,59183,"51.0364,2.4017",Immeuble,27m,Établissement de soins,2026-07-20,ALL,,False,False
705625,BOUYGUES TELECOM,5G NR 3500,2 ALLÉE DU DANUBE 92160 ANTONY,92002,"48.7389,2.2886",Immeuble,40m,"Copropriété, Syndic, SCI",2026-07-06,ALL,,False,False
708334,SFR,"LTE 700, LTE 1800, LTE 2100, 5G NR 2100",D765 (LA JAUDRAIE) 41200 PRUNIERS EN SOLOGNE,41185,"47.3842,1.6692",Pylône autostable,43m,TDF,,AJO,,False,False
708334,SFR,UMTS 2100,D765 (LA JAUDRAIE) 41200 PRUNIERS EN SOLOGNE,41185,"47.3842,1.6692",Pylône autostable,43m,TDF,2017-01-13,SUP,,False,False
708395,ORANGE,"LTE 1800, 5G NR 2100",TUNTING (BRENNERT) 57480 MANDEREN RITZING,57439,"49.4522,6.4525",Pylône autostable,12m,HIVORY,,AJO,,False,False
712339,ORANGE,5G NR 700,STATION TDF DE PUY MAURE (CRÈVECOEUR) 05000 GAP,05061,"44.5617,6.0694",Pylône autostable,"13,5m",TDF,2026-07-17,ALL,,False,False
714764,SRR,"LTE 700, LTE 2100",RADIER (LA POINTE) 97432 ST PIERRE,97416,"-21.2972,55.5106",Pylône autostable,16m,Société Réunionnaise de Radiotéléphonie,2026-06-24,ART,,False,False
716474,BOUYGUES TELECOM,,ROUTE DE LA GARDE (LA PRADELLE) 23230 GOUZON,23093,"46.1817,2.2439",Pylône autostable,48m,TDF,2021-12-15,CHA,La Pradelle,False,False
716474,FREE MOBILE,,ROUTE DE LA GARDE (LA PRADELLE) 23230 GOUZON,23093,"46.1817,2.2439",Pylône autostable,48m,TDF,2021-05-21,CHA,La Pradelle,False,False
716474,SFR,,ROUTE DE LA GARDE (LA PRADELLE) 23230 GOUZON,23093,"46.1817,2.2439",Pylône autostable,48m,TDF,2021-12-13,CHA,La Pradelle,False,False
717993,BOUYGUES TELECOM,LTE 2100,LE SIFFLOT ROUGE RN34 (MAISON ROUGE) 77120 MAROLLES EN BRIE,77278,"48.7878,3.1606",Pylône tubulaire,34m,ATC FRANCE,2026-07-11,ALL,,False,False
718638,ORANGE,"5G NR 700, 5G NR 3500",4 R DU CHAMP DE MARS 76100 ROUEN,76540,"49.4367,1.1067",Immeuble,38m,Société HLM,,AJO,,False,False
718638,ORANGE,UMTS 2100,4 R DU CHAMP DE MARS 76100 ROUEN,76540,"49.4367,1.1067",Immeuble,38m,Société HLM,2004-12-31,SUP,,False,False
718854,BOUYGUES TELECOM,UMTS 2100,RTE DE ST ETIENNE-CCAL CARREFOUR 42110 FEURS,42094,"45.7217,4.2281",Bâtiment,10m,"Copropriété, Syndic, SCI",2020-05-20,SUP,,False,False
719826,BOUYGUES TELECOM,UMTS 2100,CHEM DE VARVANNE - CHATEAU D'EAU (BOIS ST MARTIN) 77720 CHAMPEAUX,77082,"48.5861,2.8169",Château d'eau - réservoir,"36,6m","Commune, communauté de communes",2010-12-14,SUP,,False,False
724415,ORANGE,"LTE 1800, 5G NR 2100",ROUTE DE VILLARS CHEZ POUGE (FERME ROUGE) 24300 NONTRON,24311,"45.5169,0.6639",Pylône autostable,43m,TDF,2026-07-20,AJA,,True,False
724486,ORANGE,"LTE 700, LTE 800",1118 IMPASSE DE LAMBERTIE 24380 VERGT,24571,"45.0156,0.7011",Pylône autostable,45m,TDF,2026-07-20,ALL,,False,True
729106,BOUYGUES TELECOM,UMTS 2100,V COM. N 5 (L'HOSPITAL-HAUT CAMPIGNAS) 31220 MARTRES TOLOSANE,31324,"43.1922,0.9764",Pylône autostable,"38,3m",CELLNEX,2018-06-14,SUP,,False,False
729402,BOUYGUES TELECOM,LTE 2100,DOMAINE DE MERCY CAMP MILITAIRE (LA HOULUOTTE) 57530 ARS LAQUENEXY,57031,"49.0853,6.2458",Pylône autostable,"45,2m",BOUYGUES,2026-07-20,ALL,,False,False
730573,BOUYGUES TELECOM,UMTS 2100,DEPARTEMENTALE 8 - CSEC (LA SOURCE REYGALET) 13105 MIMET,13062,"43.4194,5.5006",Pylône arbre,26m,TOTEM,2011-10-21,SUP,,False,False
730709,ORANGE,5G NR 2100,ANCIENNE CARRIÈRE DES COSTES (LES COSTES) 83670 MONTMEYAN,83084,"43.6469,6.0547",Pylône autostable,36m,TOTEM,2026-07-17,ALL,,False,False
730971,ORANGE,"GSM 900, 5G NR 3500", (LES FOURCHES) 31540 ST FELIX LAURAGAIS,31478,"43.4406,1.8836",Pylône autostable,"26,1m",HIVORY,2000-02-18,SUP,,False,False
731073,BOUYGUES TELECOM,UMTS 2100,PAGONDOA (MIKELARE) 64780 ST MARTIN D ARROSSA,64490,"43.2606,-1.3347",Pylône autostable,18m,TDF,2018-06-12,SUP,,False,False
731136,BOUYGUES TELECOM,UMTS 2100,CHEM DE LA COMMANDERIE 77840 CROUY SUR OURCQ,77148,"49.0931,3.0739",Pylône arbre,27m,ATC FRANCE,2011-06-01,SUP,,False,False
733667,BOUYGUES TELECOM,LTE 2600, (LA LANDE ST LUC) 50450 GAVRAY SUR SIENNE,50197,"48.9006,-1.3547",Pylône autostable,"40,4m",HIVORY,2026-07-06,ALL,,False,False
733667,SFR,LTE 2600, (LA LANDE ST LUC) 50450 GAVRAY SUR SIENNE,50197,"48.9006,-1.3547",Pylône autostable,"40,4m",HIVORY,2026-07-15,ALL,,False,False
736643,SFR,"LTE 700, LTE 800, LTE 1800, 5G NR 2100",RUE DE CUMÈNE (AUX QUALOTTES) 54230 NEUVES MAISONS,54397,"48.6192,6.1178",Pylône autostable,38m,TDF,2026-07-17,AJA,,False,True
736643,SFR,LTE 2100,RUE DE CUMÈNE (AUX QUALOTTES) 54230 NEUVES MAISONS,54397,"48.6192,6.1178",Pylône autostable,38m,TDF,,AJO,,False,True
736909,ORANGE,UMTS 900,D.239 - CHEM DE GRANDE COMMUNICATION N°39 (LE CALVAIRE) 76280 CRIQUETOT L ESNEVAL,76196,"49.6531,0.2608",Château d'eau - réservoir,43m,"Syndicat des eaux, Adduction",2015-05-18,SUP,,True,False
737594,BOUYGUES TELECOM,UMTS 2100,COL DU GD TAILLET (LA COMBE) 74200 LA FORCLAZ,74129,"46.3258,6.6158",Pylône autostable,36m,TOTEM,2023-03-15,SUP,,False,False
738310,BOUYGUES TELECOM,UMTS 2100,EMPRISE LGV PK 53.681 (VAUVEREILLE) 25870 GENEUILLE,25265,"47.3144,5.9747",Pylône autostable,36m,SNCF Réseau,2021-04-14,SUP,,False,False
739320,BOUYGUES TELECOM,UMTS 2100,327 R ST MARTIN 73 R NOTRE DAME DE NAZARETH 75003 PARIS 03,75103,"48.8678,2.3544",Immeuble,32m,"Copropriété, Syndic, SCI",2007-01-16,SUP,,False,False
740701,BOUYGUES TELECOM,"LTE 700, LTE 2100, 5G NR 2100",180 AV AV DU PRADO 13008 MARSEILLE 08,13208,"43.2778,5.3878",Bâtiment,35m,"Commune, communauté de communes",,AJO,,False,False
740701,BOUYGUES TELECOM,"GSM 1800, UMTS 2100",180 AV AV DU PRADO 13008 MARSEILLE 08,13208,"43.2778,5.3878",Bâtiment,35m,"Commune, communauté de communes",2016-10-17,SUP,,False,False
740800,FREE MOBILE,LTE 700,AV DU GRAND SUD  (LES RENARDIÈRES) 37170 CHAMBRAY LES TOURS,37050,"47.3175,0.7117",Pylône autostable,26m,TOTEM,2026-07-20,ALL,,False,False
741349,BOUYGUES TELECOM,LTE 700,EMPRISE LGV PK44.654 (LES FOUCHÈRES) 25170 CHEVIGNEY SUR L OGNON,25150,"47.2869,5.8625",Pylône autostable,25m,SNCF Réseau,,AJO,,False,False
742446,BOUYGUES TELECOM,"LTE 700, LTE 2600, 5G NR 3500", (CHÂTEAU D'EAU DES GARENNES) 22370 PLENEUF VAL ANDRE,22186,"48.5856,-2.555",Pylône autostable,30m,TDF,2026-07-13,ALL,,False,False
744831,BOUYGUES TELECOM,UMTS 2100,CD N° 98 (LE PUCHEUIL) 76680 ST MARTIN OSMONVILLE,76621,"49.6425,1.2675",Pylône tubulaire,"47,5m",ATC FRANCE,2012-06-19,SUP,,False,False
746776,ORANGE,5G NR 700,ROUTE DE ROYAN (LES SIGNAUX) 17100 SAINTES,17415,"45.7458,-0.6836",Pylône autostable,"56,4m",TOTEM,2026-07-20,ALL,,False,False
747048,BOUYGUES TELECOM,UMTS 2100,LE POIRIER GRIS CHÂTEAU D'EAU 95420 ST GERVAIS,95554,"49.1725,1.7383",Château d'eau - réservoir,25m,"Commune, communauté de communes",2016-10-14,SUP,,False,False
748957,BOUYGUES TELECOM,GSM 1800,10 R MICHEL VIGNAUD 92360 MEUDON,92048,"48.7881,2.2314",Immeuble,39m,Société HLM,2013-12-04,SUP,,False,False
749370,BOUYGUES TELECOM,UMTS 2100, (LE HAUT DES FOURASSES) 54290 BREMONCOURT,54098,"48.4981,6.3428",Pylône autostable,"35,6m",HIVORY,2019-07-30,SUP,,False,False
750879,ORANGE,"LTE 1800, 5G NR 2100",CHEM COMMUNAL DU GOUFFRE (LES VEAUX) 27270 LA CHAPELLE GAUTHIER,27148,"48.9833,0.4919",Pylône tubulaire,30m,TOTEM,,AJO,,False,False
752980,ORANGE,5G NR 2100,27 R DU STADE (LA FERME DU TRÈFLE) 27260 EPAIGNES,27218,"49.2758,0.4444",Pylône autostable,30m,TOTEM,,AJO,,False,False
753427,ORANGE,"5G NR 700, 5G NR 3500",CHEM. DES ETANGS LA CHÂTAIGNERAIE (NEPROZ) 01220 DIVONNE LES BAINS,01143,"46.3689,6.1617",Pylône autostable,28m,HIVORY,2026-07-08,ALL,,False,False
753883,ORANGE,"5G NR 700, 5G NR 3500",RTE D'ISIGNY (LA CHÊNÉE) 14330 LE MOLAY LITTRY,14370,"49.2572,-0.8903",Château d'eau - réservoir,38m,"Syndicat des eaux, Adduction",2026-07-10,ALL,,False,False
754933,BOUYGUES TELECOM,LTE 1800, (LIBERSAC NORD) 19160 NEUVIC,19148,"45.3828,2.2858",Pylône tubulaire,40m,TDF,2026-07-20,ALL,,False,False
755498,BOUYGUES TELECOM,LTE 2100, (LAMATH BOIS DE LA FOITERIE) 54300 XERMAMENIL,54595,"48.5469,6.4694",Pylône autostable,30m,TDF,2026-07-20,ALL,,False,False
757403,BOUYGUES TELECOM,UMTS 2100,ROUTE DE LA MOTTE (LE PRÉ HUGON) 08380 SIGNY LE PETIT,08420,"49.9106,4.2844",Pylône autostable,43m,TOTEM,2017-03-30,SUP,,False,False
757723,BOUYGUES TELECOM,UMTS 2100,RTE DE ST MAURE (LA PATURE LONGUE) 10600 BARBEREY ST SULPICE,10030,"48.3433,4.0406",Pylône tubulaire,45m,TOTEM,2020-07-15,SUP,,False,False
762898,ORANGE,"LTE 700, 5G NR 2100",VALLON DE ROUSTAN RN 113 13680 LANCON PROVENCE,13051,"43.5675,5.155",Pylône tubulaire,20m,HIVORY,2026-07-20,AJA,,False,False
762898,ORANGE,"LTE 1800, LTE 2100",VALLON DE ROUSTAN RN 113 13680 LANCON PROVENCE,13051,"43.5675,5.155",Pylône tubulaire,20m,HIVORY,2019-09-26,SUP,,False,False
763370,BOUYGUES TELECOM,5G NR 2100,RTE DÉPART. 20 (FOSSE NOIRE) 51490 SELLES,51529,"49.3039,4.2956",Pylône autostable,38m,ATC FRANCE,2026-07-08,ALL,,False,False
764732,BOUYGUES TELECOM,UMTS 2100,RD N°253 (LES LONGÉES DE BINCA) 33860 REIGNAC,33351,"45.2144,-0.5086",Pylône autostable,"43,9m",TDF,2018-04-11,SUP,,False,False
767810,BOUYGUES TELECOM,UMTS 2100,CHEM D'EXPLOITATION N°202 (LA COUR BOUTIER) 35120 ST BROLADRE,35259,"48.5833,-1.6692",Pylône autostable,"45,4m",Conseil Départemental,2019-08-20,SUP,,True,False
769425,BOUYGUES TELECOM,"LTE 700, LTE 1800, LTE 2100, LTE 2600", (LE COURADEAU) 16700 SALLES DE VILLEFAGNAN,16361,"45.9586,0.1417",Pylône autostable,23m,HIVORY,2026-07-20,ALL,,False,False
769820,SFR,"LTE 700, LTE 2600, 5G NR 3500",PL ST MARTIN 44260 SAVENAY,44195,"47.3606,-1.9456",Monument religieux,42m,"Commune, communauté de communes",,AJO,,False,False
769858,ORANGE,"GSM 900, UMTS 900, LTE 700, LTE 800, LTE 1800, LTE 2100, LTE 2600, 5G NR 700, 5G NR 3500", (PEN AN CREC H) 22200 PLOUISY,22223,"48.5603,-3.1964",Pylône autostable,35m,TOTEM,2022-05-31,SUP,,False,False
771847,BOUYGUES TELECOM,UMTS 2100, (BRULEFER EST) 26210 LAPEYROUSE MORNAY,26155,"45.3281,4.9839",Pylône autostable,32m,HIVORY,2019-06-27,SUP,,False,False
772155,ORANGE,"LTE 700, LTE 1800, 5G NR 2100",R DU GAI LOGIS (LE VILLAGE) 10510 CHATRES,10089,"48.4989,3.8531",Pylône autostable,"40,5m",ATC FRANCE,,AJO,,False,False
772155,ORANGE,LTE 2100,R DU GAI LOGIS (LE VILLAGE) 10510 CHATRES,10089,"48.4989,3.8531",Pylône autostable,"40,5m",ATC FRANCE,2022-08-24,SUP,,False,False
772324,BOUYGUES TELECOM,"GSM 900, UMTS 900, LTE 800, LTE 1800, LTE 2100, LTE 2600",VIADUC DE LA GRÉNETTE LIGNE TGV / D113 (LES PLANTIERS) 26400 LA ROCHE SUR GRANE,26277,"44.6825,4.9353",Mât béton,6m,ORANGE,2017-01-24,SUP,,False,False
773787,ORANGE,"GSM 900, UMTS 900, LTE 800, LTE 1800, LTE 2100",D71 RTE EVREUX/CH EAU (ST HILAIRE) 27400 LOUVIERS,27375,"49.2044,1.1681",Château d'eau - réservoir,26m,"Commune, communauté de communes",1999-12-09,SUP,,False,False
774455,BOUYGUES TELECOM,UMTS 2100,CHEM D'ALLONDRELLE À VITRON (LE PRE DU BOUVRET) 54260 ALLONDRELLE LA MALMAISON,54011,"49.5192,5.5572",Pylône autostable,"37,8m",Conseil Départemental,2019-08-20,SUP,,True,False
781279,ORANGE,"5G NR 700, 5G NR 3500",151 RTE DE CASTRES QUARTIER RICHARD 31130 BALMA,31044,"43.5889,1.5231",Pylône autostable,18m,TOTEM,2026-07-20,AJA,,False,False
781279,ORANGE,GSM 900,151 RTE DE CASTRES QUARTIER RICHARD 31130 BALMA,31044,"43.5889,1.5231",Pylône autostable,18m,TOTEM,2004-08-21,SUP,,False,False
784008,BOUYGUES TELECOM,UMTS 2100,CHEM VIEUX RN 20 (LA ROUARDE) 82350 ALBIAS,82002,"44.0878,1.4431",Château d'eau - réservoir,"32,2m","Commune, communauté de communes",2019-06-27,SUP,,False,False
786767,SRR,"LTE 700, LTE 2100",RAMPES DE ST FRANCOIS RTE DE ST FRANCOIS (RESERVOIRS LES DATTIERS) 97490 ST DENIS,97411,"-20.9064,55.4636",Pylône autostable,"16,8m",Société Réunionnaise de Radiotéléphonie,2025-05-06,ART,,False,False
787304,ORANGE,5G NR 700,23 R AMIRAL COURBET HLM 44300 NANTES,44109,"47.2297,-1.5556",Immeuble,23m,Société HLM,2026-07-24,ALL,,False,False
788658,ORANGE,"GSM 900, UMTS 900, LTE 700, LTE 800, LTE 1800, LTE 2100, LTE 2600, 5G NR 700, 5G NR 3500", (LA JEUDRONNERIE) 44860 PONT ST MARTIN,44130,"47.1111,-1.5514",Pylône autostable,37m,TOTEM,2022-08-29,SUP,,False,False
791349,SFR,"UMTS 900, LTE 700, LTE 800, LTE 2100, 5G NR 2100",RN 204 (PRÈS  SANFURIAN) 06540 BREIL SUR ROYA,06023,"43.9286,7.5208",Pylône autostable,"18,5m",HIVORY,,AJO,,False,False
791349,SFR,UMTS 2100,RN 204 (PRÈS  SANFURIAN) 06540 BREIL SUR ROYA,06023,"43.9286,7.5208",Pylône autostable,"18,5m",HIVORY,2011-12-13,SUP,,False,False
791784,ORANGE,5G NR 700,SENTE DES PLATANES TERRAIN SNCF 78610 LE PERRAY EN YVELINES,78486,"48.6908,1.8553",Pylône tubulaire,30m,ORANGE,,AJO,,False,False
793401,BOUYGUES TELECOM,UMTS 2100,HAMEAU DES HOTELETS TERRAIN DE SPORT COMMUNAL 76950 LES GRANDES VENTES,76321,"49.7903,1.225",Pylône autostable,44m,TOTEM,2018-09-26,SUP,,False,False
793464,SRR,LTE 2100,PARC DU GOLF _PRÉS N1 (FORET DOMANIAL DE L'ETANG SALE) 97427 L ETANG SALE,97404,"-21.2783,55.3642",Pylône autostable,30m,ORANGE,2026-06-26,ART,,False,False
793506,BOUYGUES TELECOM,"GSM 1800, UMTS 2100",7 R DU 372ÈME RALVF R D'ORLÉANS 51000 CHALONS EN CHAMPAGNE,51108,"48.9525,4.3472",Immeuble,49m,Société Privée,2001-01-09,SUP,,False,False
793601,BOUYGUES TELECOM,LTE 2100,PRÈS D.28 (PARFONDEVAL D'EN BAS) 51140 MONTIGNY SUR VESLE,51379,"49.3036,3.8103",Pylône tubulaire,49m,HIVORY,2026-07-20,ALL,,False,False
793634,BOUYGUES TELECOM,GSM 1800,R CHARLES MARIE RAVEL 2 R ANNE MARIE TERRIERE 51520 ST MARTIN SUR LE PRE,51504,"48.9844,4.345",Pylône autostable,38m,ATC FRANCE,2016-06-20,SUP,,False,False
797217,ORANGE,LTE 700,EMPRISE LGV - PYLONE RFF PK 98.066 (LE GRAND ETANG) 70110 LES MAGNY,70317,"47.5278,6.4378",Pylône autostable,30m,SNCF Réseau,2026-07-30,AAV,,False,False
797223,BOUYGUES TELECOM,LTE 2100, (LE PERTUIS) 25750 AIBRE,25008,"47.5564,6.6825",Pylône autostable,30m,SNCF Réseau,2026-07-15,ALL,,False,False
798329,FREE MOBILE,LTE 700,19 RUE VOLTAIRE 13140 MIRAMAS,13063,"43.5833,4.9989",Pylône tubulaire,"36,6m",TOTEM,2026-07-20,ALL,,False,True
800268,ORANGE,"UMTS 900, LTE 800, LTE 1800, LTE 2100",RTE DE LA GARE D 29 76640 FOUCART,76279,"49.6119,0.605",Château d'eau - réservoir,47m,"Syndicat des eaux, Adduction",2019-01-14,SUP,,False,False
800445,BOUYGUES TELECOM,UMTS 2100, (HAUTEVILLE) 73550 LES ALLUES,73015,"45.4333,6.5697",Pylône autostable,26m,TOTEM,2007-10-22,SUP,,False,False
802256,BOUYGUES TELECOM,LTE 2100,CHEM D'EXPLOITATION N°12 (LE PETIT MARAIS) 51170 TRAMERY,51577,"49.2178,3.8008",Pylône tubulaire,24m,HIVORY,2026-07-20,ALL,,False,False
802948,BOUYGUES TELECOM,LTE 2100,EMPRISE LGV - PYLÔNE RFF P.K. N°269 (LES BÊTES AUX CHAMPS) 54121 VANDIERES,54546,"48.9667,6.0244",Pylône autostable,38m,SNCF Réseau,2026-07-20,ALL,,False,False
803185,BOUYGUES TELECOM,"LTE 1800, LTE 2100, 5G NR 2100",DÉPARTEMENTALE 7 (LE BOUQUET) 60210 ST MAUR,60588,"49.6244,1.9047",Château d'eau - réservoir,50m,"Commune, communauté de communes",2026-07-12,ALL,,False,False
803232,BOUYGUES TELECOM,UMTS 2100,13 R DE LA VICTOIRE AV CHARLES FLOQUET 93150 LE BLANC MESNIL,93007,"48.9403,2.4453",Pylône tubulaire,25m,BOUYGUES,2007-05-03,SUP,,False,False
803882,BOUYGUES TELECOM,LTE 2100,INTERSECTION D.7/A.4 PYLÔNE SANEF (MARENGO) 57140 NORROY LE VENEUR,57511,"49.1811,6.0611",Pylône autostable,50m,Sociétés d'Autoroutes,2026-07-20,ALL,,False,False
804209,ORANGE,5G NR 3500,R PRINCIPALE EGLISE (VIEILLE VERRERIE) 57540 PETITE ROSSELLE,57537,"49.2181,6.8636",Monument religieux,26m,"Commune, communauté de communes",2026-07-15,ALL,,False,False
804245,ORANGE,"LTE 800, 5G NR 700",R DE LA GARE FACE AU PARKING N°42  57300 MONDELANGE,57474,"49.2581,6.165",Pylône tubulaire,27m,TOTEM,2026-07-30,AAV,,False,False
804730,ORANGE,5G NR 3500,R DE WIESELSTEIN STADE DE FOOTBALL 57800 FREYMING MERLEBACH,57240,"49.1561,6.8075",Pylône autostable,36m,ORANGE,2026-07-20,AJA,,False,False
804730,ORANGE,5G NR 700,R DE WIESELSTEIN STADE DE FOOTBALL 57800 FREYMING MERLEBACH,57240,"49.1561,6.8075",Pylône autostable,36m,ORANGE,,AJO,,False,False
806293,ORANGE,5G NR 700,1B RTE DE CROCHTE (LA CROIX ROUGE) 59380 SOCX,59570,"50.9511,2.4283",Pylône autostable,30m,HIVORY,2026-07-24,ALL,,False,False
806380,BOUYGUES TELECOM,UMTS 2100,CHEM DU PIÈGE (LE CROUTAY) 60129 GLAIGNES,60274,"49.2694,2.8553",Pylône tubulaire,30m,"Commune, communauté de communes",2011-12-11,SUP,,False,False
806406,BOUYGUES TELECOM,UMTS 2100,R DU CHÂTEAU D'EAU 60117 VAUMOISE,60661,"49.2361,2.9864",Château d'eau - réservoir,39m,"Commune, communauté de communes",2018-04-29,SUP,,False,False
807417,ORANGE,"5G NR 700, 5G NR 3500",R DU  GAL DE GAULLE D.4B/D.924 (LE FOND DE PERSAN) 60530 LE MESNIL EN THELLE,60398,"49.1644,2.2819",Pylône tubulaire,33m,"Commune, communauté de communes",2026-07-15,ALL,,False,False
80870,BOUYGUES TELECOM,5G NR 2100,CHEM DU RÉSERVOIR (LE RISICKER) 57570 CATTENOM,57124,"49.4214,6.2553",Pylône tubulaire,38m,TDF,2026-07-12,ALL,,False,False
809186,BOUYGUES TELECOM,LTE 2100,R DU CHÂTEAU D'EAU (LES CHAMPS CASIER) 76780 LA HAYE,76352,"49.4669,1.4333",Château d'eau - réservoir,39m,"Syndicat des eaux, Adduction",2026-07-11,ALL,,False,False
809313,ORANGE,"GSM 900, UMTS 900, LTE 700, LTE 800, LTE 1800, LTE 2100, LTE 2600, 5G NR 700, 5G NR 3500",R DE VALENCIA MARCHÉ INTERN. ST CHARLES 66100 PERPIGNAN,66136,"42.6836,2.8481",Immeuble,"20,5m","CCI, Ch Métier, Port Aut, Aéroport",2021-03-31,SUP,,False,False
810050,BOUYGUES TELECOM,"LTE 700, LTE 2100, 5G NR 2100",R DU FOYER (KIRSCHLACH FIRSBERHEU) 67500 HAGUENAU,67180,"48.8044,7.9058",Pylône tubulaire,34m,HIVORY,2026-07-18,ALL,,False,False
811510,BOUYGUES TELECOM,GSM 1800,LE BUSSEAU D 744 (LE MOULIN DU ROY) 79240 LE BUSSEAU,79059,"46.5861,-0.5925",Pylône autostable,36m,HIVORY,2011-10-20,SUP,,True,False
812530,BOUYGUES TELECOM,"LTE 2100, 5G NR 2100",PL. DE LA SOUS-PRÉFECTURE BASILIQUE NOTRE DAME 70100 GRAY,70279,"47.4464,5.5917",Monument religieux,55m,"Commune, communauté de communes",2026-07-20,ALL,,False,False
814908,BOUYGUES TELECOM,"LTE 700, LTE 2100, LTE 2600, 5G NR 2100, 5G NR 3500",CSEC (LA HAUTE BORNE) 80420 FLIXECOURT,80318,"50.0231,2.0686",Pylône autostable,45m,HIVORY,2026-07-04,ALL,,False,False
815646,BOUYGUES TELECOM,"LTE 700, LTE 2600, 5G NR 2100, 5G NR 3500",R GAMBETTA PONT DE THOMERY 77210 AVON,77014,"48.4036,2.7292",Pylône autostable,"40,7m",TOTEM,,SUP,,False,False
815749,BOUYGUES TELECOM,UMTS 2100,PL DE LA LIBÉRATION EGLISE DE LA FALAISE 78410 LA FALAISE,78230,"48.9442,1.8319",Monument religieux,22m,"Commune, communauté de communes",2019-04-29,SUP,,False,False
816628,BOUYGUES TELECOM,GSM 1800,CHEM RURAL AIRE DE REPOS DE VOUILLÉ-AIFFRES PRÈS A.10 - SENS BORDEAUX-PARIS (LA CHAMPANOISERIE/LES RURALIES) 79230 AIFFRES,79003,"46.2961,-0.3814",Pylône autostable,51m,Sociétés d'Autoroutes,2018-12-19,SUP,,False,False
821472,ORANGE,"5G NR 700, 5G NR 3500",R MARIUS HUE STADE ROBERT DESNOS 91370 VERRIERES LE BUISSON,91645,"48.7419,2.2769",Pylône autostable,37m,"Commune, communauté de communes",2026-07-20,AJA,,False,False
821482,ORANGE,5G NR 700,115 R DE VERSAILLES IMM RÉSIDENCE  DES SAPINS BLEUS 92410 VILLE D AVRAY,92077,"48.8208,2.1764",Immeuble,"24,5m",Établissement de soins,2026-07-22,ALL,,False,False
822163,BOUYGUES TELECOM,"UMTS 2100, 5G NR 2100","AUTOROUTE A13 SENS PARIS / PROVINCE - PR 7,4 92430 MARNES LA COQUETTE",92047,"48.8342,2.1656","Ouvrage de signalisation (portique routier, panneau routier)",7m,DDE,2008-11-19,SUP,,False,False
823479,ORANGE,"5G NR 700, 5G NR 3500",5 R HENRI BECQUEREL 93270 SEVRAN,93071,"48.9422,2.5306",Pylône autostable,30m,HIVORY,2026-07-15,ALL,,False,False
826539,BOUYGUES TELECOM,"GSM 900, UMTS 2100, 5G NR 2100",330 CHEM DE LA PLAINE CTRE TECHNIQUE MUNICIPAL 06250 MOUGINS,06085,"43.6097,6.9731",Pylône arbre,13m,ATC FRANCE,2021-03-26,SUP,,False,False
826547,BOUYGUES TELECOM,"UMTS 2100, 5G NR 2100",CHEM DU COL DE BAST TUN  A8 DE LAS PLANAS 06300 NICE,06088,"43.7344,7.2419",Pylône autostable,6m,BOUYGUES,2008-08-28,SUP,,False,False
827162,BOUYGUES TELECOM,"LTE 700, LTE 1800, LTE 2100, 5G NR 2100",ROUTE DE COMBE DE COSSE (LE PARTERRE) 24400 LES LECHES,24234,"44.9947,0.3933",Pylône autostable,30m,HIVORY,2026-07-20,ALL,,False,False
827512,BOUYGUES TELECOM,GSM 1800,29 R ANATOLE FRANCE 13500 MARTIGUES,13056,"43.4114,5.0517",Immeuble,20m,Société HLM,1997-09-10,SUP,,False,False
827600,BOUYGUES TELECOM,UMTS 2100,1  TRAVERSE DE LA MADRAGUE RES CHANTE LE VENT 13002 MARSEILLE 02,13202,"43.3303,5.3581",Immeuble,17m,Société HLM,2007-03-07,SUP,,False,False
827608,BOUYGUES TELECOM,GSM 1800,62 AV RAYMOND POINCARE CITÉ BEISSON 13540 AIX EN PROVENCE,13001,"43.54,5.4478",Immeuble,18m,Société HLM,1997-09-10,SUP,,False,False
829862,BOUYGUES TELECOM,UMTS 2100, (SUZORI DE HAOUT) 31470 BONREPOS SUR AUSSONNELLE,31075,"43.54,1.1086",Pylône autostable,"40,5m",TOTEM,2018-05-30,SUP,,False,False
830319,BOUYGUES TELECOM,LTE 1800,RD 766 CHATEAU D'EAU (MARTINET) 37110 SAUNAY,37240,"47.5969,0.9731",Château d'eau - réservoir,47m,"Syndicat des eaux, Adduction",2026-07-13,ALL,,False,False
831960,BOUYGUES TELECOM,UMTS 2100,PRES LIGNE TGV NORD EUROPE (REMISE DE LA SENTE DE FRESNOY) 60300 BARON,60047,"49.1842,2.7514",Pylône autostable,39m,TOTEM,2020-05-11,SUP,,False,False
831963,BOUYGUES TELECOM,UMTS 2100,A 26 AIRE DE RUMAUCOURT 62860 RUMAUCOURT,62728,"50.2278,3.065",Pylône autostable,32m,Sociétés d'Autoroutes,2012-09-10,SUP,,False,False
831990,BOUYGUES TELECOM,UMTS 2100,R CHARLES HERMITE (AUF LAUR) 57100 MANOM,57441,"49.3719,6.1797",Pylône autostable,24m,TDF,2008-07-18,SUP,,False,False
835014,BOUYGUES TELECOM,LTE 700,R JEAN COCTEAU (LES PETIES FRICHES) 77340 PONTAULT COMBAULT,77373,"48.7744,2.6186",Pylône tubulaire,"35,1m",TDF,2026-07-17,ALL,,False,False
835538,BOUYGUES TELECOM,"LTE 700, LTE 2600",CHEMIN DE LA PORTE JAUNE PYLONE D'ÉCLAIRAGE N 118 91570 BIEVRES,91064,"48.7678,2.2297",Pylône autostable,38m,"Commune, communauté de communes",,AJO,,False,False
835538,BOUYGUES TELECOM,UMTS 2100,CHEMIN DE LA PORTE JAUNE PYLONE D'ÉCLAIRAGE N 118 91570 BIEVRES,91064,"48.7678,2.2297",Pylône autostable,38m,"Commune, communauté de communes",2007-04-26,SUP,,False,False
836256,BOUYGUES TELECOM,GSM 1800,3 ALL DES VIOLETTES 93130 NOISY LE SEC,93053,"48.8842,2.4583",Immeuble,30m,"Copropriété, Syndic, SCI",1996-05-31,SUP,,False,False
839041,BOUYGUES TELECOM,UMTS 2100,ALLÉE DE MIQUEL (MIQUEL) 47510 FOULAYRONNES,47100,"44.2408,0.6361",Pylône tubulaire,24m,HIVORY,2017-09-28,SUP,,False,False
845102,SRR,LTE 2100,CHEM DES VACAOS (MARE D'AZULE) 97442 ST PHILIPPE,97417,"-21.3581,55.7647",Pylône autostable,"25,5m",Société Réunionnaise de Radiotéléphonie,2026-04-30,ART,,False,False
846623,BOUYGUES TELECOM,5G NR 2100,IMP DE FONTANAS 87270 BONNAC LA COTE,87020,"45.9594,1.3181",Pylône autostable,"52,3m",CELLNEX,2026-07-13,ALL,,False,False
850577,BOUYGUES TELECOM,LTE 2100,RTE D'HAIGNEVILLE (LA PETITE EMBANIE) 54290 BAYON,54054,"48.4764,6.3231",Pylône autostable,42m,TDF,2026-07-20,ALL,,False,False
854885,BOUYGUES TELECOM,UMTS 2100,12 R GEORGES CUVIER RÉSIDENCE LES MOUETTES 38300 BOURGOIN JALLIEU,38053,"45.6083,5.2639",Immeuble,28m,"Copropriété, Syndic, SCI",2018-06-27,SUP,,False,False
855417,ORANGE,5G NR 2100, (LES TROIS NOYERS) 73300 LA TOUR EN MAURIENNE,73135,"45.2942,6.3625",Pylône autostable,33m,TDF,,AJO,,False,False
855417,ORANGE,5G NR 3500, (LES TROIS NOYERS) 73300 LA TOUR EN MAURIENNE,73135,"45.2942,6.3625",Pylône autostable,33m,TDF,,SUP,,False,False
865371,ORANGE,LTE 700,RTE DE MONTMIREY (AUX VERNES DU BREUIL) 39290 MONTMIREY LE CHATEAU,39361,"47.2353,5.5225",Pylône autostable,33m,TOTEM,2026-07-23,ALL,,False,False
868916,BOUYGUES TELECOM,LTE 700,A4 - PR351.8 STATION SANEF (PRATTELETZEL) 57690 ZIMMING,57762,"49.1333,6.5742",Pylône autostable,"48,6m",Sociétés d'Autoroutes,,AJO,,False,False
871742,SFR,"GSM 900, UMTS 2100, LTE 700",PL DE LA GARE PARKING SNCF 95350 ST BRICE SOUS FORET,95539,"48.9958,2.3692",Pylône tubulaire,22m,SFR,2016-01-25,SUP,,False,False
871881,BOUYGUES TELECOM,"LTE 700, LTE 2600, 5G NR 2100, 5G NR 3500",1 ALLÉE DE LA TRAMONTANE (BEAU SOLEIL) 95470 FOSSES,95250,"49.0994,2.5139",Bâtiment,"27,8m",Société HLM,2026-07-04,ALL,,False,False
872936,ORANGE,5G NR 2100, (LES PLAUX) 41700 CHEMERY,41049,"47.3406,1.4764",Pylône autostable,28m,TOTEM,,AJO,,False,False
877289,BOUYGUES TELECOM,UMTS 2100, (FARNET) 43620 ST PAL DE MONS,43213,"45.2381,4.2644",Pylône autostable,"40,3m",HIVORY,2019-06-27,SUP,,False,False
89005,BOUYGUES TELECOM,LTE 2100, (LES TREMBLEAUX ET ECOSSE FEVES) 95470 VEMARS,95641,"49.0553,2.5606",Pylône autostable,"32,5m",SNCF Réseau,2026-07-20,ALL,,False,False
891952,ORANGE,"LTE 800, LTE 1800, LTE 2100, LTE 2600, 5G NR 700, 5G NR 3500",1 R HENRI CLAUSSE 93000 BOBIGNY,93008,"48.9131,2.4658",Immeuble,"19,4m","Copropriété, Syndic, SCI",,AJO,,False,True
922528,BOUYGUES TELECOM,UMTS 2100,AV DES MOULINEAUX/TERRAIN FOOT N°1 78590 NOISY LE ROI,78455,"48.8394,2.0667",Pylône tubulaire,25m,ATC FRANCE,2012-10-15,SUP,,False,False
932883,ORANGE,5G NR 700,7 ALLÉE DES MISSIONS ZI 51170 FISMES,51250,"49.3097,3.6703",Pylône tubulaire,20m,TOTEM,2026-07-30,AAV,,False,False
936993,SRR,"LTE 700, LTE 2100", (GIROFLE) 97480 ST JOSEPH,97412,"-21.3692,55.6981",Pylône autostable,30m,Société Réunionnaise de Radiotéléphonie,2024-12-12,ART,,False,False
948561,ORANGE,LTE 2600,D.78 PYLÔNE RTE N° AM156 (PORTES) 60162 ANTHEUIL PORTES,60019,"49.4992,2.7175",Pylône autostable,55m,RTE,2026-04-06,ART,,False,False
962876,BOUYGUES TELECOM,"GSM 900, UMTS 2100, LTE 800",TUNNEL PORTE DE LA MUETTE BD PERIPHÉRIQUE 75116 PARIS 16,75116,"48.8636,2.2661",Tunnel,9m,"Commune, communauté de communes",2019-06-27,SUP,,False,False
97730,ORANGE,"LTE 700, 5G NR 2100",Z.A. LA ROCHE (LES BOLÈVES) 49750 BELLEVIGNE EN LAYON,49345,"47.2917,-0.5883",Pylône autostable,33m,TOTEM,,AJO,,False,False
97730,ORANGE,LTE 2100,Z.A. LA ROCHE (LES BOLÈVES) 49750 BELLEVIGNE EN LAYON,49345,"47.2917,-0.5883",Pylône autostable,33m,TOTEM,2020-02-18,SUP,,False,False
98122,FREE MOBILE,LTE 700,VC 102 LA CROIX ROUGE CHAMP BRISSON-CHÂTEAU D'EAU (VILLAGE DE LA BORDERIE) 50620 REMILLY LES MARAIS,50431,"49.1611,-1.2786",Pylône autostable,30m,TOTEM,2026-07-20,ALL,,False,False
98460,ORANGE,"GSM 900, UMTS 900, LTE 800",R DE LA FRÉNOUSE 53230 COSSE LE VIVIEN,53077,"47.9431,-0.9081",Château d'eau - réservoir,31m,"Commune, communauté de communes",1996-04-05,SUP,,False,False
988196,BOUYGUES TELECOM,LTE 2100, (GREFFIENNE) 57310 BOUSSE,57102,"49.2756,6.1883",Pylône autostable,40m,TOTEM,2026-07-20,ALL,,False,False
99008,ORANGE,5G NR 2100,CHÂTEAU D'EAU (LE HAUT DE KERIZAC) 56160 LOCMALO,56113,"48.0708,-3.2067",Château d'eau - réservoir,28m,"Syndicat des eaux, Adduction",,AJO,,False,False
99022,ORANGE,5G NR 2100,LA CROIX ROUGE (LES FORGES) 56120 FORGES DE LANOUEE,56102,"48.0,-2.62",Pylône autostable,37m,TOTEM,,AJO,,False,False
