id_support,operateur,technologie,adresse,code_insee,coordonnees,type_support,hauteur_support,proprietaire_support,date_activ,action,infos,is_zb,is_new
101113,ORANGE,LTE 700,R DES CHÊNES - LE BOURG 63760 BOURG LASTIC,63048,"45.6475,2.555",Pylône autostable,"30,8m",TOTEM,2026-08-06,ALL,,False,False
1017893,BOUYGUES TELECOM,LTE 2600,AV DE LA FALAISE 38360 SASSENAGE,38474,"45.1997,5.6642",Inconnu,"28,3m",BOUYGUES,,AJO,,False,False
1017893,BOUYGUES TELECOM,LTE 2100,AV DE LA FALAISE 38360 SASSENAGE,38474,"45.1997,5.6642",Inconnu,"28,3m",BOUYGUES,,SUP,,False,False
1024368,ORANGE,5G NR 2100,AIRE DE SERVICE LES JONCHETS AUTOROUTE A5 SENS PARIS-PROVINCE 77130 LA GRANDE PAROISSE,77210,"48.4253,2.9275",Pylône autostable,37m,ORANGE,2026-07-27,ALL,,False,False
1067876,FREE MOBILE,"LTE 700, LTE 900, LTE 2100, 5G NR 700",RUE D'ARMORIQUE CENTRAL FT 29259 ILE MOLENE,29084,"48.3972,-4.9567",Pylône autostable,25m,TOTEM,2026-08-03,ALL,,False,False
1075586,ORANGE,LTE 700,SOCIÉTÉ REVIMA AVENUE DU LATHAM 47 (PONT DE BROTONNE) 76490 RIVES EN SEINE,76164,"49.5231,0.7486","Ouvrage d'art (pont, viaduc)",51m,DDE,2026-08-03,ALL,,False,False
1081690,BOUYGUES TELECOM,LTE 2600,AV DE LA FALAISE 38360 SASSENAGE,38474,"45.1997,5.6642",Inconnu,"27,5m",BOUYGUES,,AJO,,False,False
1081690,BOUYGUES TELECOM,LTE 2100,AV DE LA FALAISE 38360 SASSENAGE,38474,"45.1997,5.6642",Inconnu,"27,5m",BOUYGUES,,SUP,,False,False
1156030,ORANGE,"LTE 2100, 5G NR 700, 5G NR 3500",BOULEBARD DES JUSTES (PÔLE SANTÉ DU VIRVAL) 62100 CALAIS,62193,"50.9406,1.8942",Pylône tubulaire,20m,TOTEM,2026-07-27,ALL,,False,False
1174057,BOUYGUES TELECOM,LTE 2100,V.C. N°5 DU RUNIOU (LA LANDE COLAS) 22500 PAIMPOL,22162,"48.7631,-3.0325",Pylône autostable,25m,HIVORY,2022-04-12,SUP,,False,False
1185501,BOUYGUES TELECOM,LTE 2100,CHEMIN DE LA TRUQUE 30250 VILLEVIEILLE,30352,"43.7878,4.0983",Château d'eau - réservoir,52m,"Syndicat des eaux, Adduction",2023-12-20,SUP,,False,False
1237595,ORANGE,5G NR 2100,VOIE COMMUNALE N° 3 (LA BOUTELAIS) 35560 VAL COUESNON,35004,"48.4744,-1.5264",Pylône autostable,36m,TOTEM,2026-07-30,ALL,,False,False
1324233,ORANGE,"LTE 2100, 5G NR 3500",ROUTE DE BLACHON - GOURDELIANE (BEAUSOLEIL) 97122 BAIE MAHAULT,97103,"16.2525,-61.5972",Pylône autostable,30m,Société Privée,,AJO,,False,False
1324233,ORANGE,LTE 800,ROUTE DE BLACHON - GOURDELIANE (BEAUSOLEIL) 97122 BAIE MAHAULT,97103,"16.2525,-61.5972",Pylône autostable,30m,Société Privée,,SUP,,False,False
1353872,BOUYGUES TELECOM,LTE 2100, (LES CHAMPS DE BROONS) 22250 BROONS,22020,"48.3114,-2.2664",Pylône autostable,38m,TDF,2023-03-29,SUP,,False,False
1381838,BOUYGUES TELECOM,LTE 2100, (PERBREGAT) 22200 POMMERIT LE VICOMTE,22248,"48.6228,-3.1303",Pylône autostable,43m,TDF,,SUP,,False,False
1402766,BOUYGUES TELECOM,"LTE 700, 5G NR 2100",MENUES DIMES 89600 ST FLORENTIN,89345,"48.0069,3.6628",Pylône autostable,"39,7m",TDF,,AJO,,False,False
1412261,BOUYGUES TELECOM,LTE 2100,SAINT LAURENT 37130 LANGEAIS,37123,"47.3247,0.3986",Pylône autostable,"45,5m",TDF,2023-11-23,SUP,,False,False
1414378,ORANGE,"LTE 700, LTE 800, LTE 1800, 5G NR 2100",CHEM RURAL DIT DU BOIS DU MOIREAU (LE HAUT DE LA GAYENNE) 02820 MONTAIGU,02498,"49.5361,3.8169",Pylône autostable,42m,TDF,2026-07-31,ALL,,False,True
1414384,FREE MOBILE,5G NR 700,3 RUE ALBERT SCHWEITZER 68040 INGERSHEIM,68155,"48.0947,7.3069",Immeuble,18m,Société HLM,2026-08-03,ALL,,False,False
1417821,SFR,"LTE 1800, LTE 2100, LTE 2600",72 AV. DU GÉNÉRAL DE GAULLE CENTRAL TÉLÉPHONIQUE CHARLEBOURG 92250 LA GARENNE COLOMBES,92035,"48.9086,2.255",Bâtiment,"43,3m",ORANGE Services Fixes,2026-07-31,ALL,,False,False
1422587,BOUYGUES TELECOM,LTE 2100,ROUTE NATIONALE 176 (LE GAUGRAY) 50640 BUAIS LES MONTS,50090,"48.5444,-1.0025",Pylône tubulaire,"37,7m",TDF,2023-05-16,SUP,,False,False
1426891,SFR,LTE 700,RESERVOIR (JUSTICOU) 29690 POULLAOUEN,29227,"48.3392,-3.6364",Pylône autostable,30m,TDF,,AJO,,False,False
1437031,ORANGE,"LTE 1800, LTE 2100, 5G NR 3500",DÉCHETTERIE (PETITE BUSSIÈRE) 25410 ST VIT,25527,"47.1825,5.8314",Pylône autostable,30m,HIVORY,2026-07-30,ALL,,False,False
1437119,BOUYGUES TELECOM,UMTS 2100,ALLÉE DE MULLO 31590 ST MARCEL PAULEL,31501,"43.6453,1.6164",Pylône autostable,39m,TDF,2009-06-11,SUP,,False,False
1442645,BOUYGUES TELECOM,UMTS 2100,RTE DE PIERRE GRAND STADE DE FOOTBALL 74160 COLLONGES SOUS SALEVE,74082,"46.1433,6.1636",Pylône autostable,30m,HIVORY,2017-04-05,SUP,,False,False
1447447,BOUYGUES TELECOM,LTE 700,ZA LA VAGUE DE LA NOE LA LANDE DU BOIS (LA GUICHERIAIS) 35680 DOMALAIN,35097,"48.0161,-1.1997",Pylône tubulaire,43m,TDF,,AJO,,False,False
1447447,BOUYGUES TELECOM,LTE 2100,ZA LA VAGUE DE LA NOE LA LANDE DU BOIS (LA GUICHERIAIS) 35680 DOMALAIN,35097,"48.0161,-1.1997",Pylône tubulaire,43m,TDF,2024-02-20,SUP,,False,False
1450610,ORANGE,"LTE 700, 5G NR 2100",D 93 LES SABLIÈRES (PIÈCES DE BRIQUEMAULT) 45230 STE GENEVIEVE DES BOIS,45278,"47.8069,2.8353",Pylône autostable,37m,TOTEM,,AJO,,False,False
1450610,ORANGE,LTE 2100,D 93 LES SABLIÈRES (PIÈCES DE BRIQUEMAULT) 45230 STE GENEVIEVE DES BOIS,45278,"47.8069,2.8353",Pylône autostable,37m,TOTEM,2019-08-26,SUP,,False,False
1455317,BOUYGUES TELECOM,LTE 2100,CHEMIN DE DORMONT 69720 ST BONNET DE MURE,69287,"45.7025,5.0383",Pylône tubulaire,28m,ATC FRANCE,2018-07-05,SUP,,False,False
1478824,BOUYGUES TELECOM,LTE 2100,CHE DE PIOCH COURBI (PIOCH COURBI) 34150 GIGNAC,34114,"43.6469,3.5636",Pylône tubulaire,10m,ATC FRANCE,2026-02-26,SUP,,False,False
1489288,BOUYGUES TELECOM,"LTE 700, LTE 2600",R DES RELIGIEUSES (ZA CLOS DES SABLONIERES) 41400 MONTRICHARD VAL DE CHER,41151,"47.3503,1.1822",Pylône tubulaire,25m,HIVORY,2026-07-27,ALL,,False,False
1511365,BOUYGUES TELECOM,LTE 700,ENTRE CIMETIÈRE ET DECHETTERIE (LA CHAGNEE) 79450 ST AUBIN LE CLOUD,79239,"46.6461,-0.3475",Pylône autostable,29m,ATC FRANCE,2026-08-06,ALL,,False,False
1518714,SFR,"LTE 700, LTE 1800, LTE 2100, 5G NR 2100", (FROID VENT) 28130 ST PIAT,28357,"48.5431,1.5947",Pylône autostable,"34,8m",ATC FRANCE,,AJO,,False,False
1518714,SFR,UMTS 2100, (FROID VENT) 28130 ST PIAT,28357,"48.5431,1.5947",Pylône autostable,"34,8m",ATC FRANCE,2018-07-03,SUP,,False,False
1538654,ORANGE,5G NR 700,23 RUE JOSEPH JÉROME DE LALANDE 76120 LE GRAND QUEVILLY,76322,"49.4061,1.0644",Bâtiment,29m,Société HLM,2026-07-31,ALL,,False,False
1543978,BOUYGUES TELECOM,"GSM 900, UMTS 900, LTE 700, LTE 800, LTE 1800, 5G NR 2100", (LA CHAUME DES VENTS) 03140 CHARROUX,03062,"46.1819,3.1558",Château d'eau - réservoir,25m,Société Privée,,AJO,,False,True
1554711,BOUYGUES TELECOM,LTE 2100,KERCADIOU 22290 LANVOLLON,22121,"48.6411,-2.9872",Pylône tubulaire,39m,ATC FRANCE,2022-12-28,SUP,,False,False
1562066,BOUYGUES TELECOM,LTE 2100,CHEM RURAL N°6 (KEGALLEC AR LAY) 29520 ST THOIS,29267,"48.1336,-3.9111",Pylône autostable,30m,HIVORY,2022-09-29,SUP,,False,False
1567615,BOUYGUES TELECOM,LTE 800,1 PL JEAN JAURES 34090 MONTPELLIER,34172,"43.6103,3.8772",Immeuble,"17,3m","Copropriété, Syndic, SCI",2026-08-06,ALL,,False,False
1571582,BOUYGUES TELECOM,LTE 2100,R DE LA MINE CARRIÈRE LE TERTRE 49520 OMBREE D ANJOU,49248,"47.7558,-1.1286",Pylône autostable,20m,HIVORY,2026-03-09,SUP,,False,False
1575324,FREE MOBILE,5G NR 3500,ROUTE DE CALEYERE 05200 EMBRUN,05046,"44.5728,6.4922",Pylône tubulaire,10m,ON TOWER FRANCE,2026-08-03,ALL,,False,False
1575354,FREE MOBILE,"LTE 2100, 5G NR 3500",5 RUE DES 4 CHAPEAUX 69002 LYON 02,69382,"45.7625,4.8347",Bâtiment,"31,3m",Société HLM,2026-08-03,ALL,,False,False
1577938,SFR,5G NR 2100,PROCHE V C DE ST VICTURNIEN À COGNAC ENTRE LE MAS ET LE NORMANDIE (LES COMBES) 87420 ST VICTURNIEN,87185,"45.8697,1.0058",Pylône autostable,40m,HIVORY,2026-07-30,ALL,,False,False
1579860,ORANGE,5G NR 2100,D 335-1 - RUE DU MOULIN DE VILLIERS (MOULIN DE VILLIERS) 28310 SANTILLY,28367,"48.1433,1.8839",Pylône autostable,30m,Particulier,2026-07-28,ALL,,False,False
1587901,BOUYGUES TELECOM,"LTE 700, 5G NR 2100", (PETIT SUS) 69690 BESSENAY,69021,"45.7831,4.5383",Pylône autostable,"15,1m",ATC FRANCE,,AJO,,False,False
1609698,SFR,LTE 700,VC 6 DIT DU VIEUX CHEM DE PITHIVIERS (LA CROIX MOREAU) 45300 BOYNES,45050,"48.1247,2.3528",Pylône autostable,25m,ATC FRANCE,2026-07-30,ALL,,False,False
1616845,BOUYGUES TELECOM,LTE 700,LA PRIOLE DES NOÉS 53170 VILLIERS CHARLEMAGNE,53273,"47.9333,-0.6908",Pylône autostable,"47,9m",HIVORY,2026-08-10,AAV,,False,False
1622991,BOUYGUES TELECOM,LTE 700,R RAOUL BAYOU ZAC DE MONTIMARAN 34500 BEZIERS,34032,"43.3447,3.2539",Pylône tubulaire,"11,2m",HIVORY,2026-08-10,AAV,,False,False
1635219,ORANGE,"LTE 700, LTE 800, LTE 1800, 5G NR 2100",RUE DU MOULIN CHÄTEAU D'EAU (LE MOULIN) 77720 BOMBON,77044,"48.5733,2.8631",Château d'eau - réservoir,35m,"Syndicat des eaux, Adduction",,AJO,,False,True
1636696,SFR,5G NR 2100,AVENUE GÉNÉRAL DE GAULLE ÉGLISE 64110 MAZERES LEZONS,64373,"43.2767,-0.3522",Monument religieux,"29,7m","Commune, communauté de communes",,AJO,,False,False
1645691,BOUYGUES TELECOM,LTE 2100,RUE DES 2 PIERRES 14112 BIEVILLE BEUVILLE,14068,"49.2436,-0.3164",Pylône tubulaire,27m,CELLNEX,2024-02-29,SUP,,False,False
1646902,FREE MOBILE,,AV DE LA CHAGRINERIE 17300 ROCHEFORT,17299,"45.9533,-0.9733",Pylône tubulaire,"28,2m",SFR,2022-03-31,CHI,2138023,False,True
1649508,SFR,LTE 700, (CHEZ PERRIÈRE) 87340 LA JONCHERE ST MAURICE,87079,"46.0028,1.4586",Pylône autostable,28m,HIVORY,2026-07-30,ALL,,False,False
1654677,BOUYGUES TELECOM,LTE 2100, (LES LANDES) 22460 ALLINEUC,22001,"48.2981,-2.8386",Pylône autostable,50m,HIVORY,2022-06-30,SUP,,False,False
1655054,BOUYGUES TELECOM,LTE 2100,ECH A51 DE MEYRARGUES (LES ISCLES) 13650 MEYRARGUES,13059,"43.6619,5.5033",Pylône autostable,38m,Sociétés d'Autoroutes,2023-11-23,SUP,,False,False
1661320,SFR,"LTE 700, LTE 2100, LTE 2600, 5G NR 2100",CROAZ ER GALL (LA CROIX SÉNÉGAL) 22530 GUERLEDAN,22158,"48.1944,-2.9611",Pylône autostable,30m,HIVORY,,AJO,,False,False
1661757,SFR,LTE 700,CHÂTEAU D'EAU (LE GRIVET) 89360 FLOGNY LA CHAPELLE,89169,"47.9544,3.8731",Château d'eau - réservoir,"30,4m","Commune, communauté de communes",,AJO,,False,False
1671417,ORANGE,LTE 700,LES PLANCHES (L'OUILLÈRE) 53320 LOIRON RUILLE,53137,"48.0403,-0.9336",Pylône autostable,"30,4m",TDF,2026-08-13,AAV,,False,False
1674256,ORANGE,5G NR 700,ROUTE DE SAUZET CENTRAL TÉLÉPHONIQUE (LES JONQUIÈRES) 30190 ST GENIES DE MALGOIRES,30255,"43.9514,4.2144",Pylône autostable,23m,TOTEM,2026-08-03,ALL,,False,False
1682090,SFR,5G NR 3500, (PAS DEJANSAC) 26340 AUCELON,26017,"44.6361,5.3789",Bâtiment,"6,5m",TDF,,AJO,,False,False
1685091,ORANGE,5G NR 700,RUE DU MARÉCHAL LECLERC 57530 COURCELLES CHAUSSY,57155,"49.1061,6.4172",Pylône autostable,26m,TOTEM,2026-08-13,AAV,,False,False
1687058,BOUYGUES TELECOM,LTE 2100,GUERNEVEZ 29300 ARZANO,29002,"47.8661,-3.4472",Pylône autostable,42m,HIVORY,2022-03-30,SUP,,False,False
1688620,ORANGE,"LTE 1800, 5G NR 2100",D.94 - RTE DE LUSIGNAN À JAZENEUIL (LES BROUSSES) 86600 LUSIGNAN,86139,"46.4436,0.11",Pylône autostable,35m,TOTEM,2026-07-23,ALL,,False,False
1689764,BOUYGUES TELECOM,LTE 1800,53 LES COURTS CHAMPS 89144 VARENNES,89430,"47.9242,3.7867",Pylône autostable,42m,TDF,2026-07-27,ALL,,False,False
1689764,SFR,"LTE 700, LTE 1800, 5G NR 2100",53 LES COURTS CHAMPS 89144 VARENNES,89430,"47.9242,3.7867",Pylône autostable,42m,TDF,2026-07-30,ALL,,False,False
1691424,BOUYGUES TELECOM,LTE 2100,RTE DU TORQUESNE (LA CROIX SAINT-PIERRE) 14130 COQUAINVILLIERS,14177,"49.2097,0.1797",Château d'eau - réservoir,"45,7m","Syndicat des eaux, Adduction",2021-11-25,SUP,,False,False
1691497,BOUYGUES TELECOM,LTE 2100,RD 909 (LES COMMUNES) 61320 LALACELLE,61213,"48.4847,-0.1367",Pylône autostable,"50,1m",HIVORY,,SUP,,False,False
1691952,BOUYGUES TELECOM,5G NR 3500,22 RUE DES ROSES 67170 BRUMATH,67067,"48.7286,7.7053",Bâtiment,34m,"Coopérative Agricole, Vinicole",2026-08-02,ALL,,False,False
1694787,BOUYGUES TELECOM,LTE 700,CHEM RURAL DE SANXAY AUX LAMBERTIÈRES (LES BOIS DU CHATAIGNER) 86600 JAZENEUIL,86116,"46.4319,0.0433",Pylône autostable,32m,HIVORY,2026-08-06,ALL,,False,False
1695636,ORANGE,5G NR 2100,LES GUILLAUMAUX (MELLET) 24120 BEAUREGARD DE TERRASSON,24030,"45.1586,1.2208",Pylône autostable,29m,CELLNEX,2026-08-03,ALL,,False,False
1697603,BOUYGUES TELECOM,LTE 2100, (BOIS DE SARSALÉ) 86330 LA CHAUSSEE,86069,"46.8847,0.1372",Pylône autostable,"38,2m",TDF,2026-04-02,SUP,,False,False
1697610,BOUYGUES TELECOM,LTE 700,D N° 7B (LE MARTOULET OUEST) 87380 ST GERMAIN LES BELLES,87146,"45.5797,1.4667",Pylône autostable,39m,HIVORY,2026-08-03,ALL,,False,False
1698867,SFR,"LTE 700, LTE 1800, LTE 2100, 5G NR 2100",B CHEM DÉPARTEMENTAL N° 112 (LES BARBARAS) 28400 NOGENT LE ROTROU,28280,"48.3011,0.845",Pylône autostable,32m,HIVORY,2026-07-30,ALL,,False,False
1699342,BOUYGUES TELECOM,UMTS 2100,AUTOROUTE A43 - TUNNEL DE DULLIN EST 73610 DULLIN,73104,"45.5542,5.7508",Tunnel,"7,5m",Sociétés d'Autoroutes,2012-03-06,SUP,,False,False
1701526,SFR,5G NR 3500,AIRE DE SERVICE DES VOLCANS D'AUVERGNE (PRÉ BOILLE) 63440 CHAMPS,63082,"46.0608,3.1106",Pylône autostable,"32,5m",HIVORY,,AJO,,False,False
1705626,BOUYGUES TELECOM,LTE 2100,31 RUE DE SAINT MARC 22300 LANNION,22113,"48.735,-3.4394",Pylône tubulaire,"32,5m",TDF,2022-11-24,SUP,,False,False
1706163,FREE MOBILE,"LTE 2100, 5G NR 700",TERRAIN COMMUNAL ANCIEN CHEM DE ST-RÉMY-DE-PROVENCE (MAS DE CASTELLAN) 13670 VERQUIERES,13116,"43.8303,4.9158",Pylône autostable,"32,8m",TOTEM,2026-08-03,ALL,,False,False
1706198,BOUYGUES TELECOM,LTE 2100,CHEM RURAL (LA MARQUERIE) 49140 CORZE,49110,"47.5161,-0.4025",Pylône autostable,40m,TDF,2022-09-29,SUP,,False,False
1708740,SFR,"LTE 700, 5G NR 3500",CHEMIN DU PRÉ FIGAROUD-CHÂTEAU D'EAU (LA VEYRIE) 38190 BERNIN,38039,"45.2581,5.8625",Bâtiment,32m,"Commune, communauté de communes",,AJO,,False,False
1714475,BOUYGUES TELECOM,LTE 700, (LA MOUCHÈRE) 11200 BOUTENAC,11048,"43.1564,2.79",Pylône autostable,30m,HIVORY,2026-08-11,AAV,,False,False
1715151,BOUYGUES TELECOM,LTE 2100,R DE L'EGALITÉ (LE FORT) 34490 THEZAN LES BEZIERS,34310,"43.4231,3.1764",Pylône tubulaire,"21,6m",HIVORY,2025-12-09,SUP,,False,False
1715261,BOUYGUES TELECOM,LTE 700,409 RTE DE ST MARTIN 45240 MENESTREAU EN VILLETTE,45200,"47.7025,2.025",Pylône tubulaire,30m,ATC FRANCE,2026-08-03,ALL,,False,False
1715299,BOUYGUES TELECOM,LTE 2100,LE CHAMP RIGOLO (FOUGY) 58130 ST MARTIN D HEUILLE,58254,"47.0367,3.2139",Pylône tubulaire,"33,4m",HIVORY,2024-08-28,SUP,,False,False
1717363,BOUYGUES TELECOM,LTE 2100,STADE MUNICIPAL 79340 VASLES,79339,"46.5703,-0.0244",Pylône autostable,"27,6m",HIVORY,2026-04-16,SUP,,False,False
1718006,BOUYGUES TELECOM,LTE 2100, (LA MAISON NEUVE) 79350 AMAILLOUX,79008,"46.7722,-0.3228",Pylône autostable,49m,HIVORY,2026-03-16,SUP,,False,False
1718876,BOUYGUES TELECOM,LTE 700, (LES CHAILS) 79800 STE EANNE,79246,"46.3808,-0.1147",Pylône autostable,30m,HIVORY,2026-08-06,ALL,,False,False
1719962,SFR,LTE 700, (GRAND VAL) 28480 COMBRES,28105,"48.3217,1.0617",Château d'eau - réservoir,"36,3m","Commune, communauté de communes",,AJO,,False,False
1721603,BOUYGUES TELECOM,UMTS 2100,R DE LA MARIE EGLISE 62380 DOHEM,62271,"50.6383,2.1858",Monument religieux,"23,6m","Commune, communauté de communes",2022-11-03,SUP,,False,False
1721679,BOUYGUES TELECOM,UMTS 2100,PL DE LA REPUBLIQUE EGLISE 80190 NESLE,80585,"49.7569,2.9081",Monument religieux,"44,4m","Commune, communauté de communes",2009-02-10,SUP,,False,False
1721720,BOUYGUES TELECOM,UMTS 2100,PRÈS RÉSERVOIR (CHAMP DE LA TRUIE) 21460 FORLEANS,21282,"47.4728,4.2211",Pylône autostable,30m,HIVORY,2016-11-17,SUP,,False,False
1725423,BOUYGUES TELECOM,UMTS 2100,CHEM DE BELLEVUE (ETCHECOLOU) 64240 URT,64546,"43.4569,-1.2803",Pylône autostable,37m,TDF,2011-05-09,SUP,,False,False
1726291,BOUYGUES TELECOM,UMTS 2100,RER PORT ROYAL BOULEVARD DE PORT ROYAL 75005 PARIS 05,75105,"48.8397,2.3369",Intérieur sous-terrain,0m,RATP,2020-06-11,SUP,,False,False
1727063,ORANGE,"LTE 700, LTE 800",VICINAL ORDINAIRE N°2 (A VACHERESSE) 25190 MONTANDON,25387,"47.2825,6.8283",Pylône autostable,31m,HIVORY,2026-08-12,AAV,,False,True
1731367,ORANGE,"LTE 1800, 5G NR 2100", (CHEZ RENAUDEAU) 16620 MONTBOYER,16222,"45.345,0.0711",Pylône autostable,"35,6m",TDF,2026-08-03,ALL,,False,False
1732435,BOUYGUES TELECOM,LTE 700,PRÈS D.122 (LES CLAVELLES) 79410 CHERVEUX,79086,"46.4269,-0.3569",Pylône autostable,"27,3m",HIVORY,2026-08-06,ALL,,False,False
1733005,BOUYGUES TELECOM,UMTS 2100, (LA CÔTE DE MARIVAUX) 60175 VILLENEUVE LES SABLONS,60678,"49.2433,2.0686",Pylône autostable,30m,HIVORY,2017-05-23,SUP,,False,False
1733703,BOUYGUES TELECOM,UMTS 2100,26 CHEM DE LA TONNELLE 17610 CHANIERS,17086,"45.7247,-0.5656",Château d'eau - réservoir,23m,"Syndicat des eaux, Adduction",2008-12-19,SUP,,False,False
1735358,FREE MOBILE,5G NR 700,CHEM DES TENNIS (LARIS DE PONCHON) 60430 PONCHON,60504,"49.35,2.2031",Pylône autostable,47m,HIVORY,2026-08-03,ALL,,False,False
1736078,BOUYGUES TELECOM,UMTS 2100,ZI  CHEM RURAL 9 (LE PETIT ORME) 78660 BOINVILLE LE GAILLARD,78071,"48.4797,1.8522",Pylône autostable,40m,HIVORY,2017-05-23,SUP,,False,False
1736119,BOUYGUES TELECOM,UMTS 2100,STADE MUNICIPAL D'ELINCOURT STE MARGUERITE (LE JONCQUOY) 60157 ELINCOURT STE MARGUERITE,60206,"49.5172,2.8228",Pylône tubulaire,30m,ATC FRANCE,2009-03-18,SUP,,False,False
1740673,BOUYGUES TELECOM,UMTS 2100,CHEM DE MONESTIÉ 2 (ST MARTIENNE) 81450 LE GARRIC,81101,"44.0042,2.1558",Pylône autostable,14m,ATC FRANCE,2008-08-28,SUP,,False,False
1744821,FREE MOBILE,5G NR 3500,55 RUE NOLLET 75017 PARIS 17,75117,"48.8867,2.3211",Immeuble,32m,"Copropriété, Syndic, SCI",2026-08-03,ALL,,False,False
1745466,BOUYGUES TELECOM,LTE 2100,38 RUE DU MAIL 91600 SAVIGNY SUR ORGE,91589,"48.6736,2.3511",Immeuble,"22,9m","Copropriété, Syndic, SCI",,AJO,,False,False
1745466,BOUYGUES TELECOM,UMTS 2100,38 RUE DU MAIL 91600 SAVIGNY SUR ORGE,91589,"48.6736,2.3511",Immeuble,"22,9m","Copropriété, Syndic, SCI",2018-05-30,SUP,,False,False
1746591,BOUYGUES TELECOM,UMTS 2100,RTE DE VEULES 76740 ST PIERRE LE VIGER,76642,"49.8267,0.8422",Pylône tubulaire,"26,6m",ATC FRANCE,2018-12-19,SUP,,False,False
1748781,BOUYGUES TELECOM,"LTE 700, LTE 2600, 5G NR 2100, 5G NR 3500",45 B  R MÉNARD 30900 NIMES,30189,"43.845,4.3522",Château d'eau - réservoir,13m,"Syndicat des eaux, Adduction",,AJO,,False,False
1750194,BOUYGUES TELECOM,LTE 700,ROUTE DE NEUILLY (LA PORTE RONDE) 37120 LEMERE,37125,"47.0819,0.3314",Château d'eau - réservoir,44m,"Syndicat des eaux, Adduction",,AJO,,False,False
1750194,BOUYGUES TELECOM,LTE 2100,ROUTE DE NEUILLY (LA PORTE RONDE) 37120 LEMERE,37125,"47.0819,0.3314",Château d'eau - réservoir,44m,"Syndicat des eaux, Adduction",2022-01-17,SUP,,False,False
1752051,BOUYGUES TELECOM,UMTS 2100,RUE DU CHATEAU D'EAU (LE BOIS DES PLACES) 77620 EGREVILLE,77168,"48.1706,2.8922",Château d'eau - réservoir,55m,"Commune, communauté de communes",2017-05-23,SUP,,False,False
1754161,BOUYGUES TELECOM,UMTS 2100,AIRE DE REPOS DE GRAVON AUTOROUTE A5 PK 47.2 SENS TROYE-PARIS 77118 GRAVON,77212,"48.3714,3.1314",Pylône autostable,42m,SFR,2017-03-08,SUP,,False,False
1755046,SFR,LTE 700,PÉAGE DE SALBIRS (VALAUDRAN/A71 PK157) 41300 SALBRIS,41232,"47.4186,2.0283",Pylône autostable,35m,BOUYGUES,2026-07-30,ALL,,False,False
1755131,BOUYGUES TELECOM,LTE 2100,ZA LE DEVANT DE LA LANDE 22410 LANTIC,22117,"48.5936,-2.9044",Pylône autostable,32m,HIVORY,2023-06-30,SUP,,False,False
1755553,ORANGE,LTE 2600,BASSINS DE DÉCANTATION SANEF (LA PATURE) 62128 HENINEL,62426,"50.2342,2.8556",Pylône tubulaire,30m,Sociétés d'Autoroutes,,AJO,,False,False
1755622,SFR,UMTS 900,15 RUE DE LA CAGE RÉSIDENCE LES PERVENCHES 76100 ROUEN,76540,"49.4458,1.1042",Immeuble,"29,5m","Copropriété, Syndic, SCI",2026-01-30,SUP,,False,False
1758395,BOUYGUES TELECOM,LTE 2100,BOIS DE LA MILTAIS 44130 BLAIN,44015,"47.4867,-1.7414",Pylône autostable,27m,HIVORY,2025-12-29,SUP,,False,False
1759188,FREE MOBILE,"LTE 2100, 5G NR 700", (AUX TOPPES) 39290 OFFLANGES,39392,"47.2042,5.5425",Pylône autostable,"26,5m",HIVORY,2026-08-03,ALL,,False,False
1762542,BOUYGUES TELECOM,LTE 2100,R DES FORCINS STADE MUN LA GAUPIÈRE (LA GAUPIÈRE) 44450 DIVATTE SUR LOIRE,44029,"47.2744,-1.2842",Pylône autostable,33m,HIVORY,2025-12-08,SUP,,False,False
1766712,FREE MOBILE,"LTE 2100, 5G NR 700",RTE DE POILLY D 956 (LES SABLES) 45720 COULLONS,45108,"47.6344,2.5133",Pylône autostable,30m,HIVORY,2026-08-03,ALL,,False,False
1771954,BOUYGUES TELECOM,UMTS 2100,AV DE LA RÉPUBLIQUE TUNNEL DE L'A14 À LA DÉFENSE (TUNNEL A14 - LA DEFENSE) 92000 NANTERRE,92050,"48.9011,2.2053",Tunnel,10m,"État, Ministère",2018-05-30,SUP,,False,False
1772428,BOUYGUES TELECOM,UMTS 2100,R DU DOULIEU (LE CHIEN BLANC) 59181 STEENWERCK,59581,"50.695,2.7414",Pylône tubulaire,25m,HIVORY,2017-03-12,SUP,,False,False
1774158,BOUYGUES TELECOM,UMTS 2100,RUE DE L'EGLISE EGLISE 67650 DAMBACH LA VILLE,67084,"48.3231,7.4253",Monument religieux,55m,"Commune, communauté de communes",2019-03-28,SUP,,False,False
1774194,FREE MOBILE,"LTE 2100, 5G NR 700",BOIS DE L EGLISE ALLÉE DES BOIS 77750 ORLY SUR MORIN,77345,"48.9114,3.2297",Pylône autostable,33m,HIVORY,2026-08-03,ALL,,False,False
1774928,FREE MOBILE,5G NR 700,PLACE DE L'ÉGLISE ST GERVAIS ÉGLISE ST GERVAIS 76100 ROUEN,76540,"49.4494,1.0825",Monument religieux,39m,"Commune, communauté de communes",2026-08-03,ALL,,False,False
1779295,BOUYGUES TELECOM,LTE 2100,CHEM DE LA CORBONNIERE (LA BROUILLERE) 41160 MOREE,41154,"47.9364,1.2189",Pylône autostable,"30,8m",TDF,2024-07-01,SUP,,False,False
1780972,BOUYGUES TELECOM,UMTS 2100,CHEMIN RURAL N°24 (BAS DU MOULIN) 59273 FRETIN,59256,"50.56,3.1261",Pylône tubulaire,34m,CELLNEX,2009-08-03,SUP,,False,False
1781032,BOUYGUES TELECOM,UMTS 2100,ZI ET PORTUAIRE 67390 MARCKOLSHEIM,67281,"48.1667,7.6006",Silo,"37,1m",BOUYGUES,2018-05-30,SUP,,False,False
1784258,BOUYGUES TELECOM,UMTS 2100,75 R PRINCIPALE EGLISE 67700 ECKARTSWILLER,67117,"48.7675,7.3567",Monument religieux,28m,"Commune, communauté de communes",2017-03-30,SUP,,False,False
1787030,SFR,5G NR 2100, (LES PETITES FONTAINES) 37510 VILLANDRY,37272,"47.3242,0.4856",Pylône tubulaire,"22,4m",HIVORY,2026-07-30,ALL,,False,False
1787142,BOUYGUES TELECOM,UMTS 2100,R DU STADE 91410 ST ESCOBILLE,91547,"48.4275,1.9661",Château d'eau - réservoir,34m,"Commune, communauté de communes",2019-02-08,SUP,,False,False
1793562,BOUYGUES TELECOM,LTE 700,LE ROCHER ROUX 05400 MONTMAUR,05087,"44.5647,5.8961",Mât,6m,SFR,2026-07-29,AJA,,False,False
1794321,FREE MOBILE,"LTE 2100, 5G NR 700",CHEMIN RURAL DES TIERCES (LES TIERCES) 21170 SAMEREY,21581,"47.0989,5.3608",Pylône autostable,"38,5m",TOTEM,2026-08-03,ALL,,False,False
1795184,BOUYGUES TELECOM,UMTS 2100,RÉSERVOIRS D'EAU DE FLEURY EN BIÈRE (LA MOTTE) 77930 FLEURY EN BIERE,77185,"48.4367,2.5314",Pylône autostable,"23,7m",HIVORY,2017-03-23,SUP,,False,False
1798701,FREE MOBILE,5G NR 3500,3 AVENUE DE VERDUN 92390 VILLENEUVE LA GARENNE,92078,"48.9353,2.3353",Immeuble,"53,7m","Copropriété, Syndic, SCI",2026-08-03,ALL,,False,False
1799921,ORANGE,5G NR 2100,D 40 (LE CHAUSSET) 43320 FIX ST GENEYS,43095,"45.1481,3.6692",Pylône autostable,33m,TOTEM,2026-07-30,ALL,,False,False
1800319,ORANGE,5G NR 3500,1 R LUCIEN ET SACHA GUITRY 75020 PARIS 20,75120,"48.8481,2.4039",Immeuble,30m,Société HLM,2026-07-27,ALL,,False,False
1800564,ORANGE,"LTE 1800, 5G NR 2100",CHATEAU D'EAU (PEDEGAGE) 40190 HONTANX,40127,"43.8006,-0.2836",Château d'eau - réservoir,"44,6m","Syndicat des eaux, Adduction",,AJO,,True,False
1801034,ORANGE,5G NR 2100,ROUTE DE BÉZUT (LA SALLELE) 30700 BARON,30030,"44.0572,4.2717",Pylône autostable,24m,SFR,2026-07-30,ALL,,False,False
1803742,BOUYGUES TELECOM,5G NR 2100,CHEM DU CARCOUET À EVREUX (LA BRUYÈRE DES MARNIÈRES) 27930 ST GERMAIN DES ANGLES,27546,"49.0958,1.1478",Pylône tubulaire,30m,HIVORY,2026-06-19,ART,,False,False
1803742,BOUYGUES TELECOM,LTE 2100,CHEM DU CARCOUET À EVREUX (LA BRUYÈRE DES MARNIÈRES) 27930 ST GERMAIN DES ANGLES,27546,"49.0958,1.1478",Pylône tubulaire,30m,HIVORY,,SUP,,False,False
1804153,BOUYGUES TELECOM,UMTS 2100,995 AV DE BREDASQUE (SCI ARCHIBAOU) 13540 AIX EN PROVENCE,13001,"43.5386,5.4111",Pylône autostable,14m,BOUYGUES,2019-04-29,SUP,,False,False
1806220,BOUYGUES TELECOM,LTE 2100,V COMMUNALE N°2 (MARCHAIS DES MESSETS) 86100 SENILLE ST SAUVEUR,86245,"46.8175,0.6533",Pylône autostable,"49,3m",TDF,2026-01-06,SUP,,False,False
1809159,BOUYGUES TELECOM,UMTS 2100, (LA GROSSE AUBERGE) 71390 ST MARTIN D AUXY,71449,"46.7372,4.5503",Pylône autostable,23m,TDF,2008-11-21,SUP,,False,False
1810571,BOUYGUES TELECOM,LTE 700, (LA LANDE DU BREIL CAULNETTE) 35720 PLEUGUENEUC,35226,"48.4194,-1.8975",Pylône autostable,33m,HIVORY,2026-08-10,AAV,,False,False
1811490,SFR,LTE 700, (LE BRETON) 42660 ST ROMAIN LES ATHEUX,42286,"45.3531,4.3856",Pylône autostable,"29,7m",ATC FRANCE,,AJO,,False,False
1818537,BOUYGUES TELECOM,UMTS 2100, (HEISSER BUEHL) 68580 FRIESEN,68098,"47.5653,7.1633",Pylône autostable,"37,9m",ATC FRANCE,2011-05-13,SUP,,False,False
1820465,ORANGE,"LTE 700, LTE 800, LTE 1800, 5G NR 2100",CHEMIN DU HERRENWEG (WITZ) 57510 RICHELING,57581,"49.0222,6.9492",Pylône autostable,"25,4m",HIVORY,,SUP,,False,True
1823718,BOUYGUES TELECOM,LTE 2100,RTE DE KERAUDY (ER CRANOHIC) 22420 PLOUARET,22207,"48.6389,-3.4978",Pylône autostable,32m,HIVORY,2022-08-04,SUP,,False,False
1823808,BOUYGUES TELECOM,LTE 2100, (RESTOURNEC) 22540 TREGLAMUS,22354,"48.5653,-3.2756",Pylône autostable,49m,HIVORY,2025-09-30,SUP,,False,False
1827356,BOUYGUES TELECOM,UMTS 2100, (REC DE FALS) 11800 BARBAIRA,11027,"43.1794,2.5153",Pylône autostable,"17,6m",HIVORY,2017-12-07,SUP,,False,False
1829717,BOUYGUES TELECOM,LTE 700, (LES CHAMPS BLANCS) 35134 STE COLOMBE,35262,"47.8883,-1.4358",Pylône autostable,33m,HIVORY,2026-08-06,ALL,,False,False
1830368,BOUYGUES TELECOM,LTE 2100, (VAILLE) 72300 AUVERS LE HAMON,72016,"47.8903,-0.3094",Pylône autostable,41m,TDF,2025-09-01,SUP,,False,False
1830376,BOUYGUES TELECOM,LTE 2100,D 301 (LES ARCHES) 72460 SAVIGNE L EVEQUE,72329,"48.0956,0.3192",Pylône autostable,"30,5m",TDF,2024-09-19,SUP,,False,False
1832726,BOUYGUES TELECOM,UMTS 2100, (COTE COURANT) 38860 LES DEUX ALPES,38253,"45.0122,6.1319",Pylône autostable,30m,TDF,2023-01-12,SUP,,False,False
1834455,BOUYGUES TELECOM,LTE 2100, (LA JACTIÈRE) 35450 VAL D IZE,35347,"48.1794,-1.2867",Pylône autostable,32m,HIVORY,2021-12-17,SUP,,False,False
1835558,BOUYGUES TELECOM,UMTS 2100, (BOIS DEL DEVEZ) 12740 SEBAZAC CONCOURES,12264,"44.4417,2.6767",Château d'eau - réservoir,"31,4m","Commune, communauté de communes",2017-12-19,SUP,,False,False
1840081,BOUYGUES TELECOM,LTE 2100,COOPERATIVE AGRICOLE (PORS AN DIOURIS) 22540 LOUARGAT,22135,"48.5661,-3.3497",Pylône autostable,32m,HIVORY,,SUP,,False,False
1840200,BOUYGUES TELECOM,LTE 2100,LA VRIGNAIS 85140 CHAUCHE,85064,"46.8383,-1.2892",Pylône autostable,32m,HIVORY,2023-01-12,SUP,,False,False
1843824,FREE MOBILE,"LTE 2100, 5G NR 700",CHEMIN DE LA STATION D'ÉPURATION (LE COURTILLET) 60400 SALENCY,60603,"49.5781,3.0575",Pylône autostable,30m,TOTEM,2026-08-03,ALL,,False,False
1847585,FREE MOBILE,"LTE 2100, 5G NR 700",ROUTE DE BOLLÈNE TERRAIN DE SPORT (LA GARENNE) 26790 SUZE LA ROUSSE,26345,"44.2861,4.8339",Pylône tubulaire,"22,7m",TOTEM,2026-08-03,ALL,,False,False
1853178,BOUYGUES TELECOM,UMTS 2100,CHEM DU MOULIN RESERVOIR 62630 WIDEHEM,62887,"50.5742,1.6467",Pylône autostable,"13,5m",ATC FRANCE,2008-10-17,SUP,,False,False
1855591,BOUYGUES TELECOM,UMTS 2100,PRÈS DU RÉSERVOIR (MONTAUBAN) 34730 PRADES LE LEZ,34217,"43.6956,3.8675",Pylône tubulaire,"18,8m",TDF,2008-07-10,SUP,,False,False
1856939,DIGICEL,LTE 700,20 AV DU GÉNÉRAL DE GAULLE 2 R MOLE 97300 CAYENNE,97302,"4.9383,-52.3331",Immeuble,29m,Société HLM,2026-07-15,ALL,,False,False
1856939,FREE CARAIBES,LTE 700,20 AV DU GÉNÉRAL DE GAULLE 2 R MOLE 97300 CAYENNE,97302,"4.9383,-52.3331",Immeuble,29m,Société HLM,2026-07-15,ALL,,False,False
1861841,BOUYGUES TELECOM,LTE 2100,CHE DE CROIX JACQUES (KERLIC) 22620 PLOUBAZLANEC,22210,"48.8067,-3.0322",Château d'eau - réservoir,54m,"Syndicat des eaux, Adduction",2022-12-14,SUP,,False,False
1862765,FREE MOBILE,"LTE 2100, 5G NR 700", (BOIS DU CHANOIS) 70400 HERICOURT,70285,"47.5617,6.7644",Pylône autostable,"40,5m",TDF,2026-08-03,ALL,,False,False
1863938,BOUYGUES TELECOM,UMTS 2100,12 RUE DE LA LIBERTÉ PATRIMOINE SERVICE 83700 ST RAPHAEL,83118,"43.4253,6.7689",Bâtiment,9m,Société Privée,2018-06-14,SUP,,True,False
1865250,BOUYGUES TELECOM,UMTS 2100, (LA REMISE DE MESSY) 77138 LUZANCY,77265,"48.9864,3.1797",Pylône autostable,25m,HIVORY,2018-11-21,SUP,,False,False
1865663,BOUYGUES TELECOM,UMTS 2100,CHEMIN VERT PARC COMMUNAL LES FONTIGNEUX 78126 AULNAY SUR MAULDRE,78033,"48.9231,1.8475",Pylône autostable,32m,HIVORY,2018-05-30,SUP,,False,False
1869736,SFR,"GSM 900, UMTS 900, LTE 800",37 R DE L'OISANS (LIVET) 38220 LIVET ET GAVET,38212,"45.1069,5.9328",Immeuble,24m,"Copropriété, Syndic, SCI",2019-11-21,SUP,,False,False
1869750,ORANGE,5G NR 2100,R NEUVE CHEM RURAL N°1 (LE CHAPERON) 80240 LIERAMONT,80475,"49.9944,3.0447",Pylône autostable,32m,TOTEM,2026-07-31,ALL,,False,False
1870882,BOUYGUES TELECOM,UMTS 2100,CHEM DÉPARTEMENTAL N°100 D'ASSENCIÈRES À VILLEHARDON (LE FOND DU MOULIN) 10220 ASSENCIERES,10014,"48.3625,4.2142",Pylône autostable,"42,9m",HIVORY,2017-09-28,SUP,,False,False
1874354,ORANGE,"LTE 2600, 5G NR 2100",LE PRÉ DES NOÈS (L'AUBOURGÈRE) 35113 DOMAGNE,35096,"48.0639,-1.4189",Pylône autostable,"32,5m",TDF,2026-07-22,ALL,,False,False
1875896,ORANGE,5G NR 2100,RUE DU CHARDONNET 91740 CHALOU MOULINEUX,91131,"48.3867,2.0203",Château d'eau - réservoir,"33,8m","Commune, communauté de communes",2026-07-27,ALL,,False,False
1877538,ORANGE,LTE 700, (LES BAS GADOIS) 72380 JOUE L ABBE,72150,"48.0986,0.2169",Pylône autostable,30m,TDF,2026-07-31,ALL,,False,False
1878381,BOUYGUES TELECOM,UMTS 2100, (LE CROCQ) 80540 MOLLIENS DREUIL,80554,"49.8872,2.0428",Château d'eau - réservoir,28m,"Commune, communauté de communes",2010-12-10,SUP,,False,False
1879463,BOUYGUES TELECOM,UMTS 2100,RUE DEHARBE EGLISE ABBATIALE STE RICHARDE (L'ABBAYE) 67140 ANDLAU,67010,"48.3878,7.415",Monument religieux,"64,5m","Commune, communauté de communes",2018-07-19,SUP,,False,False
1883014,BOUYGUES TELECOM,LTE 2100,LA THIAULAIS  (GERVIS) 35530 NOYAL SUR VILAINE,35207,"48.0722,-1.5",Pylône autostable,"32,5m",TDF,2024-09-18,SUP,,False,False
1884177,ORANGE,5G NR 2100,ROUTE DE FONCOUVERT (MONT PENSARD) 38570 GONCELIN,38181,"45.3464,5.9867",Pylône autostable,29m,HIVORY,2026-07-27,ALL,,False,False
1886455,BOUYGUES TELECOM,LTE 2100, (BOUGE) 53210 LOUVIGNE,53141,"48.0631,-0.6169",Pylône autostable,"30,5m",TDF,2025-11-28,SUP,,False,False
1894966,ORANGE,"LTE 800, LTE 2600",ROUTE DE DIEZ - D111 TABLE D'ORIENTATION 04500 STE CROIX DU VERDON,04176,"43.7633,6.1481",Pylône tubulaire,12m,TOTEM,,AJO,,False,False
1896489,FREE MOBILE,,ROUTE DE LA JUPINIÈRE (LA LUPINIÈRE) 49330 ETRICHE,49132,"47.6367,-0.4511",Pylône autostable,"30,7m",HIVORY,2024-07-15,CHI,2781525,False,True
1913133,BOUYGUES TELECOM,UMTS 2100,9 R ST JEAN DE DIEU 69007 LYON 07,69387,"45.7278,4.8456",Pylône tubulaire,"25,5m",BOUYGUES,2018-09-12,SUP,,False,False
1915332,BOUYGUES TELECOM,UMTS 2100,CHEMIN DETOURS SUR MARNE (ENTRE DEUX VOIES) 51160 AY CHAMPAGNE,51030,"49.0456,4.0983",Silo,34m,"Coopérative Agricole, Vinicole",2011-05-10,SUP,,False,False
1918166,BOUYGUES TELECOM,LTE 2100,CARDRY 2 (CARDRY) 22800 ST BRANDAN,22277,"48.3942,-2.9111",Pylône autostable,62m,TDF,2022-10-12,SUP,,False,False
1919799,BOUYGUES TELECOM,UMTS 2100,40 QUAI RAMBAUD 69002 LYON 02,69382,"45.74,4.8144",Bâtiment,"19,6m",Société Privée,2018-12-17,SUP,,False,False
1933033,BOUYGUES TELECOM,UMTS 2100,RD107 PRÈS CHATEAU D'EAU (LA PLAINE DE BERTREVILLE) 76590 LINTOT LES BOIS,76389,"49.8019,1.0683",Pylône autostable,"45,3m",HIVORY,2020-02-26,SUP,,False,False
1934423,BOUYGUES TELECOM,LTE 2100,LES PIRONNIÈRES (LA JUBERDIÈRE) 53810 CHANGE,53054,"48.1103,-0.7472",Pylône autostable,31m,TDF,2024-12-26,SUP,,False,False
1934747,BOUYGUES TELECOM,LTE 2100,ZONE DE LA COOPÉRATIVE AGRICOLE (KERDREIN) 29180 GUENGAT,29066,"48.0481,-4.2069",Pylône autostable,39m,ATC FRANCE,2023-03-08,SUP,,False,False
1937238,ORANGE,"LTE 700, 5G NR 2100",LA GARELLE NORD (LA GARELLE) 42510 BALBIGNY,42011,"45.8417,4.1592",Pylône autostable,30m,TOTEM,2026-07-27,ALL,,False,False
1946834,BOUYGUES TELECOM,UMTS 2100,BD AIMÉ CÉSAIRE TUNNEL A 14 92000 NANTERRE,92050,"48.895,2.2283",Tunnel,"6,5m",Société Privée,2018-03-28,SUP,,False,False
1962350,BOUYGUES TELECOM,LTE 2100,RTE DE LAGAMAS (RUE GUILHEM) 34150 GIGNAC,34114,"43.6597,3.5469",Pylône autostable,"36,5m",TOTEM,2025-02-03,SUP,,False,False
1970460,BOUYGUES TELECOM,LTE 2100, (LA MÉSANGERAIE) 22580 PLOUHA,22222,"48.6769,-2.9536",Pylône autostable,50m,HIVORY,2023-02-15,SUP,,False,False
1975303,FREE MOBILE,"LTE 2100, 5G NR 700", (LE RIONDET) 73260 LES AVANCHERS VALMOREL,73024,"45.4442,6.4144",Pylône tubulaire,12m,ON TOWER FRANCE,2026-08-03,ALL,,False,False
1979040,BOUYGUES TELECOM,UMTS 2100,2-4 R ANDREA PALLADIO (LE POTEAU) 78280 GUYANCOURT,78297,"48.7656,2.0764",Immeuble,"20,1m",Société HLM,2018-11-15,SUP,,False,False
1982433,BOUYGUES TELECOM,LTE 2100, (LES PLANS) 34670 ST BRES,34244,"43.6667,4.0494",Pylône autostable,39m,TOTEM,2025-03-04,SUP,,False,False
1988375,BOUYGUES TELECOM,LTE 2100,CHE DU CLOS D'EN BAS (LA LANDE TOUZE) 22800 COHINIAC,22045,"48.4469,-2.9428",Pylône autostable,31m,HIVORY,2024-11-07,SUP,,False,False
1991213,BOUYGUES TELECOM,UMTS 2100,LIEU-DIT LES CHABUTS (LES CHABUTS) 95220 HERBLAY SUR SEINE,95306,"49.0117,2.1603",Pylône autostable,30m,CELLNEX,2021-05-31,SUP,,False,False
1993887,BOUYGUES TELECOM,LTE 2100, (LA LANDE HUEL) 22800 ST BRANDAN,22277,"48.3797,-2.8672",Pylône autostable,51m,HIVORY,2022-09-29,SUP,,False,False
1993915,BOUYGUES TELECOM,LTE 2100,RTE DÉPART. (BOURBOUTEL) 22120 HILLION,22081,"48.4983,-2.6319",Pylône autostable,51m,HIVORY,2023-03-15,SUP,,False,False
2000528,ORANGE,"LTE 700, LTE 800, 5G NR 2100",D 672 (LA LAURENCE EST) 33490 ST ANDRE DU BOIS,33367,"44.5989,-0.1986",Château d'eau - réservoir,27m,"Syndicat des eaux, Adduction",,AJO,,False,False
2000528,ORANGE,LTE 2100,D 672 (LA LAURENCE EST) 33490 ST ANDRE DU BOIS,33367,"44.5989,-0.1986",Château d'eau - réservoir,27m,"Syndicat des eaux, Adduction",2019-08-01,SUP,,False,False
2029112,BOUYGUES TELECOM,LTE 2100,ZA DES BREHOLLES (LES GRANDS CLOS) 14540 SOLIERS,14675,"49.1375,-0.3039",Pylône tubulaire,48m,HIVORY,2022-03-15,SUP,,False,False
2029722,ORANGE,LTE 700, (LE PLESSAC) 24530 BRANTOME EN PERIGORD,24064,"45.4125,0.58",Pylône autostable,26m,TOTEM,2026-08-10,AAV,,False,False
2029816,BOUYGUES TELECOM,UMTS 2100,55 COURS KENNEDY (MÉTRO J.F KENNEDY) 35700 RENNES,35238,"48.1214,-1.7114",Intérieur sous-terrain,0m,"Commune, communauté de communes",2018-10-01,SUP,,False,False
2029822,BOUYGUES TELECOM,UMTS 2100,5 PLACE RECTEUR HENRI LE MOAL (METRO VILLLEJEAN UNIVERSITE) 35700 RENNES,35238,"48.1214,-1.7042",Intérieur sous-terrain,0m,"Commune, communauté de communes",2018-10-01,SUP,,False,False
2029828,BOUYGUES TELECOM,UMTS 2100,26 RUE JEAN OGEE (METRO PUITS TUMOINE) 35700 RENNES,35238,"48.1197,-1.6892",Intérieur sous-terrain,0m,"Commune, communauté de communes",2018-10-01,SUP,,False,False
2029834,BOUYGUES TELECOM,UMTS 2100,20 RUE DU CARDINAL PAUL GOUYON (METRO ANATOLE FRANCE) 35700 RENNES,35238,"48.1181,-1.6878",Intérieur sous-terrain,0m,"Commune, communauté de communes",2018-10-01,SUP,,False,False
2029840,BOUYGUES TELECOM,UMTS 2100,20 PLACE SAINT ANNE (METRO SAINTE ANNE) 35700 RENNES,35238,"48.1144,-1.6806",Intérieur sous-terrain,0m,"Commune, communauté de communes",2018-10-01,SUP,,False,False
2029858,BOUYGUES TELECOM,UMTS 2100,17 RUE DE CHATILLON (METRO PUITS QUINELEU) 35700 RENNES,35238,"48.1025,-1.6722",Intérieur sous-terrain,0m,"Commune, communauté de communes",2018-10-01,SUP,,False,False
2029900,FREE MOBILE,LTE 900,18 PLACE DE LA GARE (METRO GARES) 35700 RENNES,35238,"48.1039,-1.6722",Intérieur sous-terrain,0m,"Commune, communauté de communes",2026-08-03,ALL,,False,False
2039898,FREE MOBILE,LTE 2100,N 57 (GRANGE DESSUS) 25300 VUILLECIN,25634,"46.9678,6.3469",Pylône autostable,35m,HIVORY,2026-08-03,ALL,,False,False
2042986,BOUYGUES TELECOM,UMTS 2100,RUE DE SAINT MARTIN 60420 MAIGNELAY MONTIGNY,60374,"49.5489,2.5206",Château d'eau - réservoir,36m,"Commune, communauté de communes",2011-01-21,SUP,,False,False
2046261,SFR,LTE 700,15 RUE DU BOURG - STADE MUNICIPAL-PRES 45140 BOULAY LES BARRES,45046,"47.985,1.7844",Pylône autostable,16m,ATC FRANCE,2026-07-30,ALL,,False,False
2060115,ORANGE,5G NR 2100, (HENZEBERG) 57920 VECKRING,57704,"49.3419,6.3817",Pylône autostable,20m,ON TOWER FRANCE,2026-07-22,ALL,,False,False
2068215,ORANGE,"LTE 1800, LTE 2100, LTE 2600, 5G NR 3500",2-6 R FRANCOIS LEVEQUE 33800 BORDEAUX,33063,"44.8617,-0.5758",Immeuble,50m,"Copropriété, Syndic, SCI",2026-07-28,ALL,,False,False
2097353,ORANGE,5G NR 2100,RUE DE LA GENDARMERIE 03190 VALLON EN SULLY,03297,"46.535,2.6178",Pylône tubulaire,25m,TOTEM,,AJO,,False,False
2098546,BOUYGUES TELECOM,"GSM 900, LTE 2100",ROUTE DE FOUQUIERES 62440 HARNES,62413,"50.4392,2.9042",Pylône autostable,"42,3m",TOTEM,2019-02-13,SUP,,False,False
2102499,BOUYGUES TELECOM,LTE 2100,AIRE DE REPOS A7 (LES FANETS) 13680 LANCON PROVENCE,13051,"43.5881,5.1878",Pylône autostable,30m,Sociétés d'Autoroutes,2023-12-29,SUP,,False,False
2107117,BOUYGUES TELECOM,LTE 2100,HERBAGE DU BOIS PRÈS VOIE DE CHEMIN DE FER (LA PERRUQUE) 14400 RANCHY,14529,"49.2581,-0.7722",Pylône autostable,40m,ATC FRANCE,2024-03-25,SUP,,False,False
2112935,ORANGE,,LES DUCS DE SAVOIE RUE DE LA POSTE (LAC DE TIGNES) 73320 TIGNES,73296,"45.4689,6.9053",Bâtiment,"33,7m",Particulier,2021-11-26,CHH,30m,False,False
2121226,BOUYGUES TELECOM,LTE 2100,RUE FERRÉE (LA CHEVALERIE) 37140 COTEAUX SUR LOIRE,37232,"47.2894,0.2817",Pylône autostable,30m,ATC FRANCE,2025-02-11,SUP,,False,False
2142215,BOUYGUES TELECOM,LTE 2100,LA JASSE DE REBOUL (MAS DE BRESSON) 34400 LUNEL VIEL,34146,"43.6903,4.0867",Pylône autostable,38m,TOTEM,2025-02-11,SUP,,False,False
2149765,SFR,5G NR 2100,ROUTE DE CREHAL ENTRE CRÉHAL ET LOMENER A CÔTÉ DU CHÂTEAU D'EAU 56590 GROIX,56069,"47.6328,-3.4589",Pylône autostable,47m,TOTEM,2026-07-30,ALL,,False,False
2159238,BOUYGUES TELECOM,LTE 2100,CH RURAL N°2 DIT DU MOULIN DU PONT NEUF PRÈS DU CHEMIN DE FER DE PARIS À BREST (LANNEC RIHOUAN) 22420 LE VIEUX MARCHE,22387,"48.6092,-3.4361",Pylône autostable,42m,TOTEM,2025-09-04,SUP,,False,False
2159267,ORANGE,"LTE 2100, 5G NR 3500",CHEMIN RURAL DE ST AUBIN À ST LOUP (LA GRANDE CORVÉE) 39410 ST AUBIN,39476,"47.0286,5.3203",Pylône autostable,30m,ATC FRANCE,2026-07-28,ALL,,False,False
2167413,BOUYGUES TELECOM,LTE 2100,VC N° 12 DE LA CHESNAIE (LE BAS DE LA CHESNAIE) 14420 USSY,14720,"48.9581,-0.2889",Pylône autostable,30m,ATC FRANCE,2023-10-12,SUP,,False,False
2171519,BOUYGUES TELECOM,LTE 2100,VC N° 17 D'AZÉ À VENDÔME PRÈS LIGNE TGV (BOIS DE LA VIRGINITÉ) 41100 AZE,41010,"47.8372,1.0269",Pylône autostable,36m,ATC FRANCE,2025-10-01,SUP,,False,False
2176323,FREE MOBILE,"LTE 2100, 5G NR 700",V COMMUNALE N° 1 DE CHARLY AU MONT SION (LES POURMONTS) 74350 ANDILLY,74009,"46.0719,6.0778",Pylône autostable,17m,TDF,2026-08-03,ALL,,False,False
2180933,ORANGE,5G NR 2100, (LA BOUSCARE) 09100 ST MARTIN D OYDES,09270,"43.1664,1.5033",Pylône tubulaire,20m,TOTEM,2026-07-30,ALL,,False,False
2185903,BOUYGUES TELECOM,5G NR 3500,4 PL LIBERTE ADM : 4 PL THIERS HOTEL TURONE 37200 TOURS,37261,"47.3794,0.6919",Bâtiment,27m,Société Privée,,AJO,,False,False
2186547,BOUYGUES TELECOM,LTE 2100,RUE DE FENITON PRÈS D212 14111 LOUVIGNY,14383,"49.1519,-0.4028",Pylône autostable,36m,TOTEM,2024-09-04,SUP,,False,False
2205071,FREE MOBILE,5G NR 700,PRES DE LA MOYE 86330 ANGLIERS,86005,"46.9489,0.115",Pylône autostable,28m,ON TOWER FRANCE,2026-08-03,ALL,,False,False
2227157,ORANGE,GSM 900,RUE DE MAUVEZIN CHEMIN DE CHRISTIANIE 32430 COLOGNE,32106,"43.7236,0.9717",Pylône autostable,20m,TOTEM,2016-08-17,SUP,,False,False
2231813,FREE MOBILE,,ROUTE D'ETOUTTEVILLE RD 53 76190 HAUTOT ST SULPICE,76348,"49.6786,0.7439",Pylône autostable,33m,ATC FRANCE,2023-11-30,CHI,2514743,False,True
2246848,BOUYGUES TELECOM,LTE 2100,PRÈS VC N°3 DITE DU BOURG À LA DUNE DE KÉRURUS GOASUFAL COMMUNE PLOUNEOUR BRIGOGNAN PLAGES (MENBLEÏZ) 29890 PLOUNEOUR BRIGNOGAN PLAGES,29021,"48.6572,-4.3158",Pylône autostable,30m,ATC FRANCE,2023-06-22,SUP,,False,False
2247552,ORANGE,LTE 700,VOIE COMMUNALE DE CHEVILLON SUR HUILLARD (LA MOSSERIE) 45260 NOYERS,45230,"47.9028,2.5244",Pylône autostable,33m,TOTEM,2026-08-03,AJA,,False,False
2247552,ORANGE,5G NR 2100,VOIE COMMUNALE DE CHEVILLON SUR HUILLARD (LA MOSSERIE) 45260 NOYERS,45230,"47.9028,2.5244",Pylône autostable,33m,TOTEM,,AJO,,False,False
2247552,ORANGE,LTE 2100,VOIE COMMUNALE DE CHEVILLON SUR HUILLARD (LA MOSSERIE) 45260 NOYERS,45230,"47.9028,2.5244",Pylône autostable,33m,TOTEM,2021-04-06,SUP,,False,False
2256589,BOUYGUES TELECOM,LTE 2100,CHEM DU HAUT DES TERTRES (LA NOE BRIEND) 22120 HILLION,22081,"48.5106,-2.6544",Pylône autostable,35m,ATC FRANCE,2022-11-03,SUP,,False,False
2258475,BOUYGUES TELECOM,"GSM 900, LTE 2100",RUE LANDY 62750 LOOS EN GOHELLE,62528,"50.4589,2.7903",Monument religieux,"32,1m",CELLNEX,2020-12-14,SUP,,False,False
2264444,ZEOP,UMTS 900,143 CHEMIN DE LA POUDRIÈRE (GRANDE FONTAINE) 97460 ST PAUL,97415,"-21.0153,55.2797",Mât béton,12m,ZEOP,,AJO,,False,False
2269938,BOUYGUES TELECOM,LTE 2100,CHEMIN RURAL DIT CHEMIN DES FOURS (LA MINE) 14420 SOUMONT ST QUENTIN,14678,"48.9778,-0.2556",Pylône autostable,36m,ATC FRANCE,2025-07-03,SUP,,False,False
2273749,BOUYGUES TELECOM,LTE 2100,CHEMIN DE LA VIERGE (LAS COMBES) 34800 ASPIRAN,34013,"43.5642,3.4539",Pylône autostable,30m,ATC FRANCE,2025-11-25,SUP,,False,False
2276820,BOUYGUES TELECOM,LTE 2100,RTE DES POMMERIENS ROUTE DU BOCAGE D924 50510 ST SAUVEUR LA POMMERAYE,50549,"48.8353,-1.4344",Pylône autostable,"46,5m",BOUYGUES,2025-04-17,SUP,,False,False
2285473,BOUYGUES TELECOM,LTE 2100,ROUTE DE KERIGOU KERADENNEC (POULGUEN) 29760 PENMARCH,29158,"47.8106,-4.3058",Pylône autostable,30m,TOTEM,2025-12-04,SUP,,False,False
2290430,ORANGE,5G NR 2100,D802 (CAMBES) 46100 LISSAC ET MOURET,46175,"44.6217,1.9433",Pylône autostable,27m,TOTEM,2026-08-03,ALL,,False,False
2291720,ORANGE,5G NR 2100, (LE COURNOUILLER DURBANS) 46320 DURBANS,46090,"44.6769,1.7367",Pylône autostable,24m,ATC FRANCE,,AJO,,False,False
2298151,ORANGE,5G NR 2100,ALIENOR7 PR 147.000 (ROUTE D'UZEIN) 64230 BOUGARBER,64142,"43.38,-0.4517",Pylône autostable,30m,ATC FRANCE,2026-07-28,ALL,,False,False
2310595,ORANGE,5G NR 2100, (LES PECHES) 43370 BAINS,43018,"45.0156,3.785",Pylône autostable,30m,ATC FRANCE,2026-07-27,ALL,,False,False
2311680,ORANGE,"LTE 2100, 5G NR 3500",CHEMIN DE LA MONTAGNE (LA MONTAGNE) 60162 VIGNEMONT,60675,"49.5072,2.7758",Pylône autostable,"40,6m",TDF,2026-07-27,ALL,,False,False
2312797,FREE MOBILE,LTE 700,22 R DU CHÂTEAU D'EAU 33800 BORDEAUX,33063,"44.8411,-0.5833",Bâtiment,39m,ORANGE Services Fixes,2026-08-10,AAV,,False,True
2315103,BOUYGUES TELECOM,LTE 2100,52 CLOS DES PERRUCHES PARCELLE 318 SECTION ZK 49320 BRISSAC LOIRE AUBANCE,49050,"47.3878,-0.4153",Pylône autostable,36m,ORANGE,2024-03-06,SUP,,False,False
2315514,BOUYGUES TELECOM,LTE 2100,LE DOMPTAIRE CHEMIN DE LA VOIE FERRÉE (LES FIRMINELLES) 30300 BEAUCAIRE,30032,"43.7886,4.5436",Pylône autostable,24m,ATC FRANCE,2024-11-13,SUP,,False,False
2323380,BOUYGUES TELECOM,LTE 2100,CHE RURAL N°67 DU CARROI DES ROCHES LES PICASSES (LA CAVE PELLETIER) 37420 BEAUMONT EN VERON,37022,"47.2036,0.1969",Pylône autostable,24m,ATC FRANCE,2025-03-13,SUP,,False,False
2329232,BOUYGUES TELECOM,LTE 2100,LE GRAND ROUCHON (LE PETIT FRIGOULET) 84420 PIOLENC,84091,"44.1619,4.7364",Pylône autostable,39m,TDF,2025-09-01,SUP,,False,False
2330558,BOUYGUES TELECOM,5G NR 2100, (LIMANDRE) 43320 VAZEILLES LIMANDRE,43254,"45.12,3.7136",Pylône autostable,30m,SFR,,AJO,,False,False
2331636,BOUYGUES TELECOM,LTE 2100,KOZKEROU 29190 PLEYBEN,29162,"48.2642,-3.9417",Pylône autostable,35m,BOUYGUES,2026-03-06,SUP,,False,False
2344058,BOUYGUES TELECOM,LTE 2100,AVENUE DE L EUROPE Z.I. DE LA JUSTICE 37800 NOYANT DE TOURAINE,37176,"47.1156,0.5756",Pylône autostable,33m,TDF,2023-06-14,SUP,,False,False
2344665,ORANGE,"LTE 700, LTE 800, LTE 1800, 5G NR 2100",DÉPARTEMENTALE D903  VERS LE SILO (LE TRONCHOIS) 21120 CHAIGNAY,21127,"47.4686,5.0808",Pylône autostable,38m,HIVORY,,SUP,,False,True
2347702,ORANGE,5G NR 2100,RUE DU MONT MAZOU (MAS DE MOUTOU) 34480 FOUZILHON,34105,"43.5122,3.2392",Pylône autostable,30m,TOTEM,2026-07-30,ALL,,False,False
2365927,BOUYGUES TELECOM,LTE 2100,RUE DES PERFONDERIES LA FOSSE TERRIÈRE (HAMEAU ES FRANCS) 50340 SIOUVILLE HAGUE,50576,"49.5661,-1.8233",Pylône autostable,24m,ATC FRANCE,2023-10-19,SUP,,False,False
2369713,ORANGE,5G NR 700,34 RUE SAINTE-ANNE PLACE MAURICE FOUQUES 14000 CAEN,14118,"49.1869,-0.3561",Immeuble,"17,8m",Société Privée,2026-08-06,ALL,,False,False
2370230,ORANGE,5G NR 2100,PROCHE CIMETIÈRE ROUTE DU CIMETIÈRE LA MAISON BLANCHE (LA MAISON BLANCHE) 76480 ST PAER,76631,"49.5147,0.8886",Pylône autostable,30m,TDF,2026-07-30,ALL,,False,False
2370676,ORANGE,"LTE 2100, 5G NR 700, 5G NR 3500",CHEMIN DE LA PATURE 49170 LA POSSONNIERE,49247,"47.3706,-0.7128",Pylône autostable,30m,ATC FRANCE,,AJO,,False,False
2370676,ORANGE,LTE 700,CHEMIN DE LA PATURE 49170 LA POSSONNIERE,49247,"47.3706,-0.7128",Pylône autostable,30m,ATC FRANCE,2022-01-17,SUP,,False,False
2375886,ORANGE,5G NR 2100,RTE D' ASNIERES D 97 (LA MANCELLERIE) 27260 MORAINVILLE JOUVEAUX,27415,"49.2253,0.4489",Pylône autostable,36m,TOTEM,2026-07-30,ALL,,False,False
2380094,BOUYGUES TELECOM,LTE 2100,LE MOULIN ROUGE 85200 BOURNEAU,85033,"46.5497,-0.8069",Pylône autostable,36m,BOUYGUES,2025-12-15,SUP,,False,False
2385666,ORANGE,5G NR 2100,LE BOURG PROCHE D 174 16450 ST LAURENT DE CERIS,16329,"45.9447,0.4817",Pylône autostable,32m,TDF,2026-07-29,ALL,,False,False
2397178,FREE MOBILE,LTE 900,18 PLACE DE LA GARE (MÉTRO STATION GARES) 35700 RENNES,35238,"48.1042,-1.6722",Intérieur sous-terrain,0m,"Commune, communauté de communes",2026-08-03,ALL,,False,False
2397860,FREE MOBILE,LTE 900,20 RUE DU PUITS MAUGER (METRO STATION COLOMBIER) 35700 RENNES,35238,"48.1058,-1.6819",Intérieur sous-terrain,0m,"Commune, communauté de communes",2026-08-03,ALL,,False,False
2397862,FREE MOBILE,LTE 900,PLACE SAINT GERMAIN (METRO STATION ST GERMAIN) 35700 RENNES,35238,"48.1106,-1.6761",Intérieur sous-terrain,0m,"Commune, communauté de communes",2026-08-03,ALL,,False,False
2399354,BOUYGUES TELECOM,LTE 2100,25 RUE JEAN DUBOIS (LES AUZIÈRES) 18800 BAUGY,18023,"47.0767,2.7297",Pylône autostable,36m,ATC FRANCE,2024-06-19,SUP,,False,False
2402894,FREE MOBILE,LTE 900,CTR ST-AUBIN PLACE SAINTE ANNE (METRO STATION ST ANNE) 35700 RENNES,35238,"48.1147,-1.68",Intérieur sous-terrain,0m,"Commune, communauté de communes",2026-08-03,ALL,,False,False
2404143,BOUYGUES TELECOM,5G NR 2100,ROUTE DE SOUCHON 43260 ST HOSTIEN,43194,"45.0653,4.0458",Pylône autostable,42m,HIVORY,2026-07-26,AJA,,False,False
2409887,ORANGE,"LTE 800, LTE 1800, LTE 2100, LTE 2600, 5G NR 700, 5G NR 3500",17/21 RUE LÉON GAMBETTA RÉSIDENCE JULES FERRY (RÉSIDENCE JULES FERRY) 59170 CROIX,59163,"50.6753,3.1472",Immeuble,31m,Société HLM,,AJO,,False,True
2410092,FREE MOBILE,LTE 900,50 RUE DE REDON (MÉTRO STATION MABILAIS) 35700 RENNES,35238,"48.1053,-1.6928",Intérieur sous-terrain,0m,"Commune, communauté de communes",2026-08-03,ALL,,False,False
2420641,BOUYGUES TELECOM,LTE 2100,ROUTE DÉPARTEMENTALE N°22 (LES ESCOURCHES) 13350 CHARLEVAL,13024,"43.7147,5.2481",Pylône autostable,21m,TOTEM,2025-03-27,SUP,,False,False
2421309,BOUYGUES TELECOM,LTE 2100,ROUTE DE PUY CHABOT 85200 L ORBRIE,85167,"46.4953,-0.7794",Pylône autostable,67m,TDF,2025-12-18,SUP,,False,False
2425877,ORANGE,"5G NR 700, 5G NR 3500", (ALÉ FAÜ) 56930 PLUMELIAU BIEUZY,56173,"47.9531,-3.0053",Pylône autostable,45m,TOTEM,,AJO,,False,False
2431262,BOUYGUES TELECOM,LTE 2100,LES TOUCHES 44590 SION LES MINES,44197,"47.7264,-1.5931",Pylône autostable,43m,ON TOWER FRANCE,2025-12-08,SUP,,False,False
2432402,BOUYGUES TELECOM,LTE 2100,50 RUE DU FLANEUR (LA GRANDE COUTURE) 27560 LIEUREY,27367,"49.2347,0.5042",Pylône autostable,30m,TOTEM,2023-03-15,SUP,,False,False
2436194,BOUYGUES TELECOM,LTE 2100,PROCHE CHEMIN DES BOURBES (PRE SAINT VINCENT) 85360 LA TRANCHE SUR MER,85294,"46.3533,-1.4511",Pylône autostable,"20,2m",Société Privée,2022-05-31,SUP,,False,False
2437569,BOUYGUES TELECOM,LTE 700,62 R JEAN JAURES 86000 POITIERS,86194,"46.5819,0.3436",Immeuble,"20,4m",Société Privée,2026-08-06,ALL,,False,False
2439237,BOUYGUES TELECOM,LTE 2100,ROUTE DE LA VENDEE D23 (L HERMITAGE) 85130 BAZOGES EN PAILLERS,85013,"46.9117,-1.1478",Pylône autostable,31m,ATC FRANCE,2024-03-27,SUP,,False,False
2439268,ORANGE,5G NR 2100,CHEMIN DIT DU BREULEUX 21130 BILLEY,21074,"47.1361,5.4194",Pylône autostable,39m,TDF,2026-07-31,ALL,,False,False
2439766,BOUYGUES TELECOM,LTE 2100,CHEM DE LA BERCHE 85630 BARBATRE,85011,"46.9569,-2.1889",Pylône autostable,19m,PHOENIX FRANCE INFRASTRUCTURES,2022-05-31,SUP,,False,False
2440729,BOUYGUES TELECOM,LTE 2100,L'OMBRAGERIE (L'OMBRAGERIE) 36150 AIZE,36002,"47.0922,1.6708",Pylône autostable,"32,3m",PHOENIX FRANCE INFRASTRUCTURES,2024-03-14,SUP,,False,False
2446478,BOUYGUES TELECOM,LTE 2100,CHEMIN DE BRISEVENT (BRISEVENT) 36110 BRETAGNE,36024,"46.9989,1.6967",Pylône autostable,"32,3m",PHOENIX FRANCE INFRASTRUCTURES,2026-01-05,SUP,,False,False
2447575,BOUYGUES TELECOM,LTE 700,LES ALEUX DEPARTEMENTALE 37 86400 LINAZAY,86134,"46.1708,0.17",Pylône autostable,"26,3m","Commune, communauté de communes",2026-08-03,ALL,,False,False
2449721,BOUYGUES TELECOM,LTE 2100,LA MAISON NEUVE 49220 GREZ NEUVILLE,49155,"47.5983,-0.6964",Pylône autostable,39m,TOTEM,2025-05-21,SUP,,False,False
2452000,BOUYGUES TELECOM,LTE 2100, (LE BOUSQUET) 34700 PEGAIROLLES DE L ESCALETTE,34196,"43.7967,3.3203",Pylône autostable,28m,BOUYGUES,2025-12-15,SUP,,False,False
2452004,BOUYGUES TELECOM,LTE 2100, (ZA DES PATIS) 56910 ST NICOLAS DU TERTRE,56230,"47.7928,-2.2264",Pylône autostable,"42,3m",BOUYGUES,2026-03-16,SUP,,False,False
2452008,BOUYGUES TELECOM,LTE 2100,1 CHEM DE LA MERGEOIRE 72200 CLERMONT CREANS,72084,"47.7044,-0.0311",Pylône tubulaire,"37,5m",PHOENIX FRANCE INFRASTRUCTURES,2022-09-22,SUP,,False,False
2453595,SFR,"LTE 700, LTE 800, LTE 1800, LTE 2100, LTE 2600, 5G NR 2100",CHEMIN DU VIEUX PONT (BUISSON SEUILLE) 39500 ABERGEMENT LA RONCE,39001,"47.0675,5.3525",Pylône autostable,36m,TOTEM,2026-07-31,AJA,,False,True
2453634,BOUYGUES TELECOM,LTE 2100,LE PARC ERBRON (LES BRUYERES) 72130 GESNES LE GANDELIN,72141,"48.3631,0.0214",Pylône autostable,45m,PHOENIX FRANCE INFRASTRUCTURES,2026-04-27,SUP,,False,False
2454172,FREE MOBILE,,ROUTE D'ARCULINGE (LA VALETTE ) 74930 REIGNIER ESERY,74220,"46.1269,6.2611",Pylône autostable,36m,ATC FRANCE,2024-11-04,CHI,2835937,False,True
2455893,FREE MOBILE,,21  ROUTE DE MONCEY 25640 RIGNEY,25490,"47.3792,6.1697",Pylône autostable,42m,SFR,2023-09-29,CHI,2707970,False,True
2459945,BOUYGUES TELECOM,LTE 2100,56 ALLÉE DES SPORTS TERRAIN DE SPORTS (LA VIGNARDIÈRE) 49600 MONTREVAULT SUR EVRE,49218,"47.2233,-1.0478",Pylône autostable,"30,8m",ATC FRANCE,2025-11-06,SUP,,False,False
2472812,ORANGE,"LTE 1800, 5G NR 2100",ROUTE DE LAJASSE (LAJASSE) 24560 FAUX EN PERIGORD,24177,"44.7931,0.6361",Château d'eau - réservoir,20m,"Syndicat des eaux, Adduction",2026-08-03,ALL,,False,False
2477903,BOUYGUES TELECOM,"LTE 700, 5G NR 2100",1 RUE DU CHÊNE 39270 DOMPIERRE SUR MONT,39200,"46.5578,5.6006",Pylône autostable,42m,HIVORY,,AJO,,False,False
2478074,BOUYGUES TELECOM,LTE 2100,VOIE COMMUNALE N°4 DU BOURG AU PONT-LAURENT PRÈS STATION D'ÉPURATION (LA HOUSSAYE) 49170 ST AUGUSTIN DES BOIS,49266,"47.4625,-0.7928",Pylône autostable,31m,ATC FRANCE,2025-10-16,SUP,,False,False
2478145,BOUYGUES TELECOM,LTE 2100,D113 - RUE MARC LE FLOCH (PARC ER GROEZ) 56240 CALAN,56029,"47.8786,-3.3286",Pylône autostable,32m,ATC FRANCE,2025-12-04,SUP,,False,False
2481925,BOUYGUES TELECOM,LTE 2100,LA GUILLOTERIE 37290 TOURNON ST PIERRE,37259,"46.7533,0.9517",Pylône autostable,"32,3m",PHOENIX FRANCE INFRASTRUCTURES,2022-10-12,SUP,,False,False
2481939,BOUYGUES TELECOM,5G NR 3500,11-13 BD WINSTON CHURCHILL 76620 LE HAVRE,76351,"49.4936,0.1356",Immeuble,"23,2m",Société HLM,2026-07-01,ART,,False,False
2483958,BOUYGUES TELECOM,LTE 2100,PONT AU COQ (PRES DES NOES) 56200 ST MARTIN SUR OUST,56229,"47.7631,-2.2872",Pylône autostable,"40,5m",PHOENIX FRANCE INFRASTRUCTURES,2026-01-05,SUP,,False,False
2488332,BOUYGUES TELECOM,LTE 2100,LE GRAND BOIS DE GIVRAND 85800 GIVRAND,85100,"46.6919,-1.8747",Pylône autostable,"26,6m",PHOENIX FRANCE INFRASTRUCTURES,2022-05-31,SUP,,False,False
2497774,BOUYGUES TELECOM,LTE 2100,7 R MARGUERITE YOURCENAR 62950 NOYELLES GODAULT,62624,"50.4139,2.9956",Immeuble,16m,"Copropriété, Syndic, SCI",2022-09-30,SUP,,False,False
2508890,BOUYGUES TELECOM,LTE 2100,R DES ARTISANS 85220 L AIGUILLON SUR VIE,85002,"46.6733,-1.8347",Pylône autostable,"20,6m",PHOENIX FRANCE INFRASTRUCTURES,2022-05-31,SUP,,False,False
2510398,BOUYGUES TELECOM,LTE 2100,ROUTE DU MAY SUR EVRE D147 STATION ÉPURATION 49122 BEGROLLES EN MAUGES,49027,"47.1392,-0.9275",Pylône autostable,42m,ATC FRANCE,2024-01-31,SUP,,False,False
2510405,BOUYGUES TELECOM,LTE 2100,CHEMIN RURAL PRÈS STATION ÉPURATION (LE MARAIS) 50290 BREHAL,50076,"48.8903,-1.5569",Pylône autostable,30m,ATC FRANCE,2023-07-25,SUP,,False,False
2510840,SFR,5G NR 2100,D730 (TIRRIER DE BEAUMORE) 17120 MORTAGNE SUR GIRONDE,17248,"45.5158,-0.7558",Pylône autostable,32m,HIVORY,2026-07-31,AJA,,False,False
2511535,FREE MOBILE,5G NR 3500,28 AVENUE AUDRA 92700 COLOMBES,92025,"48.9275,2.2478",Immeuble,54m,"Copropriété, Syndic, SCI",2026-08-03,ALL,,False,False
2515412,BOUYGUES TELECOM,LTE 2100,AV DE POMEROLS VILLA COQUETTE (REC DE RIEUX) 34510 FLORENSAC,34101,"43.3856,3.4792",Pylône autostable,38m,TOTEM,2023-11-02,SUP,,False,False
2515442,ORANGE,"LTE 800, LTE 1800, LTE 2100, LTE 2600, 5G NR 700, 5G NR 3500",3 RUE FERDINAND BUISSON 95190 GOUSSAINVILLE,95280,"49.0303,2.4761",Château d'eau - réservoir,38m,Société Privée,2026-07-27,ALL,,False,True
2520213,BOUYGUES TELECOM,LTE 2100,L'ERAUDIERE 85440 AVRILLE,85010,"46.4631,-1.4911",Pylône autostable,"26,6m",PHOENIX FRANCE INFRASTRUCTURES,2022-09-29,SUP,,False,False
2521130,FREE MOBILE,5G NR 3500,CHEMIN DU RESERVOIR (COURION) 07400 LE TEIL,07319,"44.5589,4.6678",Pylône autostable,20m,SFR,2026-08-03,ALL,,False,False
2522131,ORANGE,5G NR 700,9 VOIE DE LA RUE HAUTE DES VIGNES (REVELON) 59258 LES RUES DES VIGNES,59517,"50.1025,3.2428",Pylône autostable,40m,TOTEM,2026-08-14,AAV,,False,False
2526474,ORANGE,5G NR 2100,RUE DES CROTOTS 21130 VILLERS ROTIN,21701,"47.1578,5.4022",Pylône autostable,"36,6m",TDF,2026-07-28,ALL,,False,False
2527762,BOUYGUES TELECOM,LTE 700,A71 LA VERGNE (LES PETTES BEAUX) 18340 ST GERMAIN DES BOIS,18212,"46.8953,2.4183",Pylône autostable,30m,BOUYGUES,2026-08-03,ALL,,False,False
2528148,BOUYGUES TELECOM,"LTE 700, LTE 1800, 5G NR 2100","LES COIGNETS (LES COIGNETS, SAINT GERMAIN DE) 50690 LA HAGUE",50041,"49.7036,-1.9267",Pylône autostable,46m,PHOENIX FRANCE INFRASTRUCTURES,2026-08-10,AJO,,False,False
2529362,BOUYGUES TELECOM,LTE 2100,PL FRANCOIS QUESNAY PARKING LES PYRAMIDES 79260 LA CRECHE,79048,"46.3481,-0.3117",Pylône autostable,"37,7m",TDF,2022-10-06,SUP,,False,False
2529906,BOUYGUES TELECOM,LTE 2100,ROUTE DE BEAUVOIR 85160 ST JEAN DE MONTS,85234,"46.7992,-2.0686",Pylône autostable,"20,3m",BOUYGUES,2022-11-30,SUP,,False,False
2531758,SFR,"LTE 700, LTE 1800, LTE 2100, 5G NR 2100",LA LANDE CHALUBOT DEPARTEMENTALE 306 (LA CROIX MARIE) 72800 THOREE LES PINS,72357,"47.6878,0.0225",Pylône autostable,"38,6m",PHOENIX FRANCE INFRASTRUCTURES,,AJO,,False,False
2536190,ORANGE,5G NR 700,LA VOIE GUILLEMETTE (CHEMIN RURAL DIT D'ARLEUX) 62580 NEUVIREUIL,62612,"50.3528,2.9028",Pylône autostable,36m,ATC FRANCE,2026-08-06,ALL,,False,False
2536260,BOUYGUES TELECOM,LTE 2100,BANDE ENTRE CLARET ET LAND (LE LANDA) 56220 PEILLAC,56154,"47.7308,-2.2514",Pylône tubulaire,36m,BOUYGUES,2025-10-21,SUP,,False,False
2537608,BOUYGUES TELECOM,LTE 2100,RUE DU STADE D82 (LE GRAND PRE) 18240 BELLEVILLE SUR LOIRE,18026,"47.5025,2.8442",Pylône tubulaire,35m,ATC FRANCE,2025-10-30,SUP,,False,False
2538183,BOUYGUES TELECOM,LTE 2100,15  ROUTE DU PETIT BREUIL 23100 LA COURTINE,23067,"45.7169,2.2444",Pylône autostable,33m,BOUYGUES,2022-12-28,SUP,,False,False
2543508,BOUYGUES TELECOM,LTE 2100,5 R DES MOULINS A HUILE 34300 AGDE,34003,"43.31,3.5019",Pylône tubulaire,25m,BOUYGUES,2022-12-22,SUP,,False,False
2547162,SFR,5G NR 2100,ROICHEFONT ET LES TERRIERS D16 (CHEZ TRAPE) 16380 MARTHON,16211,"45.6225,0.4456",Pylône autostable,42m,SFR,2026-07-31,AJA,,False,False
2556651,BOUYGUES TELECOM,LTE 2100,LE COSQUERIC 56330 PLUVIGNER,56177,"47.8064,-3.0919",Pylône autostable,"42,5m",BOUYGUES,2025-10-06,SUP,,False,False
2557686,BOUYGUES TELECOM,LTE 2100,R PIERRE DE COUBERTIN COMPLEXE SPORTIF (STADE RAYMOND BOISSET) 34725 ST ANDRE DE SANGONIS,34239,"43.6536,3.5022",Pylône tubulaire,30m,PHOENIX FRANCE INFRASTRUCTURES,2023-05-16,SUP,,False,False
2559320,BOUYGUES TELECOM,LTE 2100,LES PLACES SUD DÉPARTEMENTALE D178 49260 ST JUST SUR DIVE,49291,"47.175,-0.0914",Pylône autostable,"34,5m",BOUYGUES,2022-12-08,SUP,,False,False
2559324,BOUYGUES TELECOM,LTE 2100,CHEMIN DU PONTILLON 86100 CHATELLERAULT,86066,"46.8208,0.5044",Pylône autostable,"32,2m",PHOENIX FRANCE INFRASTRUCTURES,2022-12-22,SUP,,False,False
2559515,BOUYGUES TELECOM,LTE 2100,LES BROSSES (LES BROSSES) 18400 ST FLORENT SUR CHER,18207,"47.0075,2.2664",Pylône autostable,"28,5m",BOUYGUES,2022-12-22,SUP,,False,False
2560064,BOUYGUES TELECOM,LTE 2100,279 ROUTE DES CHEVALIERS (L'OUCHE MARQUE) 18500 VIGNOUX SUR BARANGEON,18281,"47.1939,2.1822",Pylône autostable,"28,8m",BOUYGUES,2023-09-25,SUP,,False,False
2560134,BOUYGUES TELECOM,LTE 2100,118 CHEMIN DE LA CHAUSSEE DE CESAR 18500 MEHUN SUR YEVRE,18141,"47.1425,2.2006",Pylône autostable,"28,5m",PHOENIX FRANCE INFRASTRUCTURES,2023-01-12,SUP,,False,False
2560923,BOUYGUES TELECOM,LTE 2100,LES GUERCHES POINTUES 79370 CELLES SUR BELLE,79061,"46.215,-0.2689",Pylône autostable,32m,BOUYGUES,2023-11-06,SUP,,False,False
2563180,BOUYGUES TELECOM,LTE 2100,PRE DE LA CURE 49630 MAZE MILON,49194,"47.4517,-0.2769",Pylône autostable,"40,5m",BOUYGUES,2022-10-06,SUP,,False,False
2563186,BOUYGUES TELECOM,LTE 2100,110 R DE PAUCOURT 45200 AMILLY,45004,"48.0022,2.7714",Pylône autostable,"24,2m",BOUYGUES,2022-12-22,SUP,,False,False
2563383,BOUYGUES TELECOM,LTE 2100,ROUTE D'ENSOUAN (L'ALLÉE) 79170 ENSIGNE,79111,"46.0836,-0.2447",Pylône autostable,30m,TDF,2024-02-22,SUP,,False,False
2564125,BOUYGUES TELECOM,LTE 2100,"CHEMIN DE LA LOUPE STATION DE TRAITEMENT DES EAUX, R DU BOURG 45300 VRIGNY",45347,"48.0844,2.2397",Pylône autostable,"32,6m",PHOENIX FRANCE INFRASTRUCTURES,2023-01-18,SUP,,False,False
2564127,BOUYGUES TELECOM,LTE 2100,PARC CROAS HENT 22290 PLEHEDEL,22178,"48.6825,-3.0042",Pylône autostable,"32,6m",PHOENIX FRANCE INFRASTRUCTURES,2023-08-03,SUP,,False,False
2564358,ORANGE,"LTE 2100, 5G NR 3500",RUE WALDECK ROUSSEAU D118 D114 (MALVAU) 59277 RIEUX EN CAMBRESIS,59502,"50.2058,3.3531",Pylône tubulaire,26m,ORANGE,2026-07-28,ALL,,False,False
2564382,BOUYGUES TELECOM,LTE 2100,LES PIECES A PRIEUR 79170 LUSSERAY,79160,"46.1403,-0.1614",Pylône autostable,"31,3m",BOUYGUES,2023-09-28,SUP,,False,False
2566175,BOUYGUES TELECOM,LTE 2100,LA MUE 14130 ST GATIEN DES BOIS,14578,"49.3606,0.1936",Pylône autostable,"40,2m",PHOENIX FRANCE INFRASTRUCTURES,2024-09-19,SUP,,False,False
2567297,BOUYGUES TELECOM,LTE 2100,6 RUE DES PAGERIES 14500 VIRE NORMANDIE,14762,"48.7978,-0.9008",Pylône autostable,"20,3m",BOUYGUES,2022-10-20,SUP,,False,False
2576012,BOUYGUES TELECOM,LTE 2100,12 PARC D ACTIVITE DE BEL AIR 22600 ST CARADEC,22279,"48.1875,-2.8725",Pylône autostable,32m,PHOENIX FRANCE INFRASTRUCTURES,2022-06-30,SUP,,False,False
2576402,BOUYGUES TELECOM,LTE 2100,PRE DE LA RTE (LES PERVENCHES) 14100 ST GERMAIN DE LIVET,14582,"49.0658,0.2025",Pylône autostable,"32,3m",BOUYGUES,2022-10-12,SUP,,False,False
2577713,BOUYGUES TELECOM,LTE 2100,CHEM DE BASSES RTES (LA PAGNELLE) 49800 LOIRE AUTHION,49307,"47.4767,-0.3494",Pylône autostable,25m,BOUYGUES,2022-10-06,SUP,,False,False
2578076,BOUYGUES TELECOM,LTE 2100,R DES DORMANTS (L'OUCHE AU FIEF) 37140 ST NICOLAS DE BOURGUEIL,37228,"47.2778,0.1247",Pylône autostable,"40,5m",BOUYGUES,2022-12-28,SUP,,False,False
2580002,BOUYGUES TELECOM,LTE 2100,D57 TRÉVINOU (AN HANVOD NEVEZ) 29120 PLOMEUR,29171,"47.8536,-4.2819",Pylône autostable,"29,8m",SFR,2024-10-15,SUP,,False,False
2580002,ORANGE,"LTE 800, 5G NR 700",D57 TRÉVINOU (AN HANVOD NEVEZ) 29120 PLOMEUR,29171,"47.8536,-4.2819",Pylône autostable,"29,8m",SFR,2026-08-03,ALL,,False,True
2581056,SFR,UMTS 900,1 RUE GUY MOQUET 95100 ARGENTEUIL,95018,"48.9497,2.2244",Pylône autostable,30m,"Copropriété, Syndic, SCI",,SUP,,False,False
2582346,BOUYGUES TELECOM,LTE 2100,LE CROEZOU VIEILLE ROUTE DE QUIMPER 29180 PLOGONNEC,29169,"48.0553,-4.1564",Pylône autostable,"26,7m",PHOENIX FRANCE INFRASTRUCTURES,2023-03-01,SUP,,False,False
2582756,BOUYGUES TELECOM,LTE 2100,2 GRAND RUE (ZA DE LANGELIN) 29510 EDERN,29048,"48.1019,-3.9814",Pylône autostable,"26,5m",PHOENIX FRANCE INFRASTRUCTURES,2022-10-06,SUP,,False,False
2582894,ORANGE,"LTE 2100, 5G NR 3500",5 LA PASQUERIE RUE DES SPORTS 50750 BOURGVALLEES,50546,"49.0464,-1.1244",Pylône tubulaire,24m,ATC FRANCE,2026-07-24,ALL,,False,False
2583097,BOUYGUES TELECOM,LTE 2100,VILLAGE DE LA RIVIERE (LA PIECE DU DOIGT) 50580 PORT BAIL SUR MER,50412,"49.3333,-1.6858",Pylône autostable,"25,5m",PHOENIX FRANCE INFRASTRUCTURES,2022-09-29,SUP,,False,False
2583545,BOUYGUES TELECOM,LTE 2100,LES PARE BALLES 50730 ST HILAIRE DU HARCOUET,50484,"48.5764,-1.1081",Pylône autostable,37m,PHOENIX FRANCE INFRASTRUCTURES,2022-12-22,SUP,,False,False
2583677,BOUYGUES TELECOM,LTE 2100,D91 HOTEL DE LA HEUP (LA MARE) 50680 VILLIERS FOSSARD,50641,"49.1578,-1.0778",Pylône autostable,"26,5m",PHOENIX FRANCE INFRASTRUCTURES,2023-02-02,SUP,,False,False
2583926,BOUYGUES TELECOM,LTE 2100,ROUTE DE GLENIC (LES PEUX) 23380 AJAIN,23002,"46.2106,1.9872",Pylône autostable,"30,3m",PHOENIX FRANCE INFRASTRUCTURES,2023-03-01,SUP,,False,False
2583938,BOUYGUES TELECOM,LTE 2100,132 R DES CHAUDRONNIERS (ZI LE PATIS 1) 85440 TALMONT ST HILAIRE,85288,"46.4528,-1.5958",Pylône autostable,"27,8m",PHOENIX FRANCE INFRASTRUCTURES,2022-09-29,SUP,,False,False
2584392,BOUYGUES TELECOM,LTE 2100,BD DE THOUARS 79300 BRESSUIRE,79049,"46.8514,-0.4686",Pylône autostable,30m,PHOENIX FRANCE INFRASTRUCTURES,2022-10-06,SUP,,False,False
2584394,BOUYGUES TELECOM,LTE 2100,ALL LOUIS BLERIOT 79200 PARTHENAY,79202,"46.6478,-0.2217",Pylône autostable,"26,5m",PHOENIX FRANCE INFRASTRUCTURES,2022-12-22,SUP,,False,False
2584396,BOUYGUES TELECOM,LTE 2100,R DU NORD 79000 NIORT,79191,"46.3072,-0.4622",Pylône tubulaire,30m,PHOENIX FRANCE INFRASTRUCTURES,2022-10-06,SUP,,False,False
2586025,BOUYGUES TELECOM,LTE 2100,R DU GRAND LARGE (ZI DE KERGROIX) 56510 ST PIERRE QUIBERON,56234,"47.5219,-3.1475",Pylône autostable,"38,6m",CELLNEX,2022-07-25,SUP,,False,False
2586922,BOUYGUES TELECOM,LTE 2100,LA CLOSE 35600 STE MARIE,35294,"47.6878,-2.0069",Pylône autostable,37m,PHOENIX FRANCE INFRASTRUCTURES,2023-03-15,SUP,,False,False
2586960,BOUYGUES TELECOM,LTE 2100,PAR VOIE COMMUNALE N°3 DIT DE LA DORICIÈRE LA PETITE LANDE (LA PILOTERIE) 44330 LA REGRIPPIERE,44140,"47.1833,-1.1878",Pylône autostable,40m,ATC FRANCE,2022-08-03,SUP,,False,False
2587623,BOUYGUES TELECOM,LTE 2100,RUE DE LA REPUBLIQUE N158 D658 D41 (LES LONGRAIS) 14540 CASTINE EN PLAINE,14538,"49.0936,-0.3106",Pylône autostable,38m,TDF,2022-12-22,SUP,,False,False
2587759,BOUYGUES TELECOM,LTE 2100,LES LONGS SILLONS 61400 ST LANGIS LES MORTAGNE,61414,"48.5075,0.5475",Pylône autostable,"24,5m",PHOENIX FRANCE INFRASTRUCTURES,2023-09-25,SUP,,False,False
2590980,BOUYGUES TELECOM,LTE 2100,R DES BOLETS 85110 CHANTONNAY,85051,"46.7036,-1.0542",Pylône autostable,27m,PHOENIX FRANCE INFRASTRUCTURES,2022-11-09,SUP,,False,False
2590984,BOUYGUES TELECOM,LTE 2100,R DE VILLIERS 72170 VIVOIN,72380,"48.2386,0.1667",Pylône autostable,19m,PHOENIX FRANCE INFRASTRUCTURES,2022-12-28,SUP,,False,False
2590998,BOUYGUES TELECOM,LTE 2100,ZAC DU ROUBIAN (STADE DU ROUBIAN -LE GRAND ROU) 13150 TARASCON,13108,"43.7956,4.6872",Pylône tubulaire,"25,6m",PHOENIX FRANCE INFRASTRUCTURES,2022-12-22,SUP,,False,False
2591330,BOUYGUES TELECOM,LTE 2100,ZI DE LA FONTAINE 49330 LES HAUTS D ANJOU,49080,"47.6642,-0.5611",Pylône autostable,"24,1m",PHOENIX FRANCE INFRASTRUCTURES,2022-11-09,SUP,,False,False
2591336,BOUYGUES TELECOM,LTE 2100,705 R DES FORGES 49600 BEAUPREAU EN MAUGES,49023,"47.2083,-0.9731",Pylône autostable,36m,PHOENIX FRANCE INFRASTRUCTURES,2022-12-22,SUP,,False,False
2591344,BOUYGUES TELECOM,LTE 2100,R DES TISSERANDS (ZA LA GAUTRAIS) 35360 MONTAUBAN DE BRETAGNE,35184,"48.1958,-2.0325",Pylône autostable,"38,6m",PHOENIX FRANCE INFRASTRUCTURES,2023-03-15,SUP,,False,False
2591350,BOUYGUES TELECOM,LTE 2100,15 R JEAN MONNET 49750 CHEMILLE EN ANJOU,49092,"47.2392,-0.7228",Pylône autostable,26m,PHOENIX FRANCE INFRASTRUCTURES,2022-11-09,SUP,,False,False
2591352,BOUYGUES TELECOM,LTE 2100,BAILLEE DU CHENE SEC (LA CROISETTE) 35340 LIFFRE,35152,"48.215,-1.5175",Pylône autostable,"26,6m",PHOENIX FRANCE INFRASTRUCTURES,2022-12-22,SUP,,False,False
2592858,BOUYGUES TELECOM,LTE 2100,63 CHEMIN DU MARAIS 86100 CHATELLERAULT,86066,"46.8436,0.5533",Pylône autostable,"26,2m",PHOENIX FRANCE INFRASTRUCTURES,2022-12-22,SUP,,False,False
2592875,BOUYGUES TELECOM,LTE 2100,9001 RUE DU BRANDAIS RESIDENCE LES MARINES DU BRANDAIS 85470 BREM SUR MER,85243,"46.6053,-1.8425",Pylône tubulaire,27m,PHOENIX FRANCE INFRASTRUCTURES,2022-12-22,SUP,,False,False
2593309,BOUYGUES TELECOM,LTE 2100,LE CHEM DE MAREAU LES BUTTES 45300 ESCRENNES,45137,"48.1192,2.1875",Pylône autostable,36m,TDF,2022-05-25,SUP,,False,False
2594257,BOUYGUES TELECOM,LTE 2100,17 RUE DU GUE DE L'ANGE DEPARTEMENTALE 157 18800 FARGES EN SEPTAINE,18092,"47.0783,2.6511",Pylône autostable,"34,5m",PHOENIX FRANCE INFRASTRUCTURES,2022-10-06,SUP,,False,False
2594495,BOUYGUES TELECOM,LTE 2100,D 55 (LE PERRON) 35550 SIXT SUR AFF,35328,"47.7619,-2.035",Pylône autostable,52m,PHOENIX FRANCE INFRASTRUCTURES,2024-11-27,SUP,,False,False
2594797,BOUYGUES TELECOM,LTE 2100,LA LUZERNE (LES POMMERETS) 61500 SEES,61464,"48.6125,0.1872",Pylône autostable,20m,PHOENIX FRANCE INFRASTRUCTURES,2022-05-31,SUP,,False,False
2594801,BOUYGUES TELECOM,LTE 2100,171 ALL DES SARDENAS 13680 LANCON PROVENCE,13051,"43.5881,5.1122",Pylône autostable,14m,PHOENIX FRANCE INFRASTRUCTURES,2022-11-16,SUP,,False,False
2594807,BOUYGUES TELECOM,LTE 2100,141 R DES INDUSTRIES 50470 CHERBOURG EN COTENTIN,50129,"49.6333,-1.5875",Pylône autostable,"24,5m",PHOENIX FRANCE INFRASTRUCTURES,2022-12-28,SUP,,False,False
2595648,BOUYGUES TELECOM,LTE 2100,KERGUS 22170 PLOUVARA,22234,"48.5081,-2.9497",Pylône autostable,"32,6m",PHOENIX FRANCE INFRASTRUCTURES,2022-10-06,SUP,,False,False
2595652,BOUYGUES TELECOM,LTE 2100,LANDE DE L'ECU 72270 MEZERAY,72195,"47.8608,0.0053",Pylône autostable,38m,PHOENIX FRANCE INFRASTRUCTURES,2023-03-01,SUP,,False,False
2595786,BOUYGUES TELECOM,LTE 2100,KERCARADEC 29350 MOELAN SUR MER,29150,"47.8033,-3.6758",Pylône autostable,37m,ON TOWER FRANCE,2024-07-17,SUP,,False,False
2595790,BOUYGUES TELECOM,LTE 2100,LA BANDE JINCIEN 56220 PLUHERLIN,56171,"47.7144,-2.3842",Pylône autostable,38m,PHOENIX FRANCE INFRASTRUCTURES,2024-04-29,SUP,,False,False
2595864,BOUYGUES TELECOM,LTE 2100,BOTERBLAYE (BOT ER BLEI) 56310 MELRAND,56128,"47.99,-3.1261",Pylône autostable,36m,BOUYGUES,2024-09-18,SUP,,False,False
2596753,BOUYGUES TELECOM,LTE 2100,SENTIER DES BOUSSAGUES (LE CAUSSE DE BOUSSAGUES) 34600 BEDARIEUX,34028,"43.6225,3.1567",Pylône autostable,7m,PHOENIX FRANCE INFRASTRUCTURES,2024-10-15,SUP,,False,False
2597052,BOUYGUES TELECOM,LTE 2100, (BEL AIR) 56330 PLUVIGNER,56177,"47.7869,-2.9658",Pylône autostable,44m,BOUYGUES,2025-07-23,SUP,,False,False
2597075,BOUYGUES TELECOM,LTE 2100,1 RUE CHEZ BAILLY (CHEZ BAILLY) 86410 ST LAURENT DE JOURDES,86228,"46.3844,0.5481",Pylône autostable,34m,BOUYGUES,2024-03-14,SUP,,False,False
2597381,BOUYGUES TELECOM,LTE 2100,7 R DES FORGES 53440 ARON,53008,"48.2953,-0.5597",Pylône autostable,"23,4m",PHOENIX FRANCE INFRASTRUCTURES,2022-12-22,SUP,,False,False
2597391,BOUYGUES TELECOM,LTE 2100,709 R DE LA GARE 14400 CROUAY,14209,"49.2569,-0.8175",Pylône autostable,"26,7m",PHOENIX FRANCE INFRASTRUCTURES,2022-12-22,SUP,,False,False
2599269,BOUYGUES TELECOM,LTE 2100,RUE DES PENATS 49730 VARENNES SUR LOIRE,49361,"47.2453,0.0572",Pylône autostable,"40,5m",BOUYGUES,2022-12-22,SUP,,False,False
2603815,ZEOP,UMTS 900,25 RUE DES ETOURNEAUX SHLMR BAT N°3 (LES COTEAUX DU BERNICA) 97460 ST PAUL,97415,"-21.0219,55.2706",Immeuble,13m,Société HLM,,AJO,,False,False
2604477,BOUYGUES TELECOM,5G NR 2100,ACCÈS PAR ROUTE D'ANJOUIN (LES SAPINS) 18310 GENOUILLY,18100,"47.1933,1.8703",Pylône autostable,36m,BOUYGUES,2026-06-10,ART,,False,False
2607333,BOUYGUES TELECOM,LTE 2100,ALLS LES FRENOTS CHEMIN DE LA CROIX DE PIERRE 14670 ST PAIR,14640,"49.1744,-0.1906",Pylône autostable,41m,PHOENIX FRANCE INFRASTRUCTURES,2023-05-31,SUP,,False,False
2608595,BOUYGUES TELECOM,LTE 2100,15 RTE DE MONCOUTANT (QUATRES MOULINS) 79200 CHATILLON SUR THOUET,79080,"46.6558,-0.2511",Pylône autostable,"26,3m",PHOENIX FRANCE INFRASTRUCTURES,2022-12-22,SUP,,False,False
2608601,BOUYGUES TELECOM,LTE 2100,844 LES ROUGES TERRES 50470 CHERBOURG EN COTENTIN,50129,"49.6167,-1.6094",Pylône autostable,43m,PHOENIX FRANCE INFRASTRUCTURES,2022-12-22,SUP,,False,False
2610972,BOUYGUES TELECOM,LTE 2100,PL DE LA GARE 56230 QUESTEMBERT,56184,"47.6822,-2.4531",Pylône autostable,"36,6m",PHOENIX FRANCE INFRASTRUCTURES,2022-12-08,SUP,,False,False
2610978,BOUYGUES TELECOM,"LTE 2600, 5G NR 3500",LA LANDE (LA LANDE) 50710 CREANCES,50151,"49.2006,-1.5358",Pylône autostable,"46,5m",PHOENIX FRANCE INFRASTRUCTURES,2026-06-24,ART,,False,False
2610978,BOUYGUES TELECOM,LTE 2100,LA LANDE (LA LANDE) 50710 CREANCES,50151,"49.2006,-1.5358",Pylône autostable,"46,5m",PHOENIX FRANCE INFRASTRUCTURES,2022-11-09,SUP,,False,False
2611556,BOUYGUES TELECOM,LTE 2100,16 RTE DE ST-BENOIT-D'HEBERTOT (LE VAL DE L'AIR) 14130 ST GATIEN DES BOIS,14578,"49.3403,0.2222",Pylône autostable,38m,BOUYGUES,2023-12-29,SUP,,False,False
2611558,BOUYGUES TELECOM,LTE 2100,CHE BAS DE MARGUERITES (CAMAU) 30320 MARGUERITTES,30156,"43.8556,4.4269",Pylône autostable,19m,BOUYGUES,2024-01-04,SUP,,False,False
2611560,BOUYGUES TELECOM,LTE 2100,RTE DES PINEDES 49160 ST PHILBERT DU PEUPLE,49311,"47.3889,-0.0392",Pylône autostable,"46,5m",PHOENIX FRANCE INFRASTRUCTURES,2022-11-09,SUP,,False,False
2612672,BOUYGUES TELECOM,LTE 2100,LES MILLARDS (LA NOË MENNAIS) 56800 LOYAT,56122,"47.9864,-2.3939",Pylône autostable,"38,6m",PHOENIX FRANCE INFRASTRUCTURES,2023-07-25,SUP,,False,False
2612682,BOUYGUES TELECOM,LTE 2100,IMP DE LA TOUR 87800 LA MEYZE,87096,"45.6156,1.2208",Pylône autostable,"38,5m",BOUYGUES,2023-09-26,SUP,,False,False
2612686,BOUYGUES TELECOM,LTE 2100,15 CHEM DES SERENNES 45530 SURY AUX BOIS,45316,"47.9381,2.3603",Pylône autostable,"38,3m",PHOENIX FRANCE INFRASTRUCTURES,2023-07-12,SUP,,False,False
2613054,BOUYGUES TELECOM,LTE 2100,901 R DE BRANVILLE 27930 GAUVILLE LA CAMPAGNE,27282,"49.0447,1.0769",Pylône autostable,"38,3m",PHOENIX FRANCE INFRASTRUCTURES,2023-06-30,SUP,,False,False
2616749,BOUYGUES TELECOM,LTE 700,LERAUD D122 56420 CRUGUEL,56051,"47.8828,-2.5808",Pylône autostable,32m,PHOENIX FRANCE INFRASTRUCTURES,2026-08-06,ALL,,False,False
2616988,BOUYGUES TELECOM,LTE 2100,48 RUE DES ESSARTS (LE BRULOT) 18320 MARSEILLES LES AUBIGNY,18139,"47.0594,3.0067",Pylône autostable,"28,5m",BOUYGUES,2022-12-22,SUP,,False,False
2618502,BOUYGUES TELECOM,LTE 2100,9 RUE DE BRIANGAUD ZONE INDUSTRIELLE DE REDON 35600 REDON,35236,"47.6697,-2.0708",Pylône autostable,"33,8m",PHOENIX FRANCE INFRASTRUCTURES,2022-12-28,SUP,,False,False
2618869,BOUYGUES TELECOM,LTE 2100,ACCÈS DEPUIS LE CHEMIN RURAL N°22 (CRABADAIS) 44530 DREFFEAC,44053,"47.4739,-2.0542",Pylône autostable,40m,ATC FRANCE,2022-12-28,SUP,,False,False
2624143,BOUYGUES TELECOM,LTE 2100,32 AV DES CITES UNIES 56300 PONTIVY,56178,"48.0542,-2.9489",Pylône autostable,26m,PHOENIX FRANCE INFRASTRUCTURES,2022-10-12,SUP,,False,False
2624145,BOUYGUES TELECOM,LTE 2100,SCOZ BRAZ 29860 PLOUVIEN,29209,"48.5319,-4.4992",Pylône autostable,"32,5m",PHOENIX FRANCE INFRASTRUCTURES,2022-08-10,SUP,,False,False
2625624,BOUYGUES TELECOM,LTE 2100,L'EPAUD 85570 MARSAIS STE RADEGONDE,85137,"46.5561,-0.8922",Pylône autostable,38m,PHOENIX FRANCE INFRASTRUCTURES,2024-05-06,SUP,,False,False
2626156,BOUYGUES TELECOM,LTE 2100,4 AVENUE DE HECQUEUX 44380 PORNICHET,44132,"47.2572,-2.3167",Pylône tubulaire,"31,3m",PHOENIX FRANCE INFRASTRUCTURES,2024-03-07,SUP,,False,False
2626156,FREE MOBILE,,4 AVENUE DE HECQUEUX 44380 PORNICHET,44132,"47.2572,-2.3167",Pylône tubulaire,"31,3m",PHOENIX FRANCE INFRASTRUCTURES,2020-12-28,CHI,1843309,False,True
2627200,BOUYGUES TELECOM,LTE 2100,CHEM DU PONT CARLIN 13103 ST ETIENNE DU GRES,13094,"43.7931,4.7539",Pylône autostable,32m,BOUYGUES,2022-10-06,SUP,,False,False
2627543,BOUYGUES TELECOM,LTE 2100,ROUTE DE TROGOUR ROUTE DE QUIMPER (TROGOUR- HUELLA) 29180 PLOGONNEC,29169,"48.0481,-4.1228",Pylône autostable,"30,3m",PHOENIX FRANCE INFRASTRUCTURES,2024-07-31,SUP,,False,False
2628775,BOUYGUES TELECOM,LTE 2100,DECHETTERIE IMP ANDRE-MARIE AMPERE (ACTIPARC DE LA SABLONNIERE) 49220 LE LION D ANGERS,49176,"47.6392,-0.7044",Pylône autostable,26m,PHOENIX FRANCE INFRASTRUCTURES,2022-12-22,SUP,,False,False
2629350,BOUYGUES TELECOM,LTE 2100,397 R ANDRE BOULLE (ZA DE BRUEGES) 30100 ALES,30007,"44.1486,4.1008",Pylône autostable,"26,5m",PHOENIX FRANCE INFRASTRUCTURES,2022-10-06,SUP,,False,False
2629827,BOUYGUES TELECOM,LTE 2100, (LE COUDRAY) 45500 ST BRISSON SUR LOIRE,45271,"47.6411,2.6753",Pylône autostable,39m,ATC FRANCE,2023-12-18,SUP,,False,False
2630906,BOUYGUES TELECOM,,CHEMIN ROUVEYROLLES (MOSTROPAN) 34160 SAUSSINES,34296,"43.7511,4.0619",Pylône autostable,"36,6m",TDF,2025-12-11,CHH,36m,False,False
2630906,FREE MOBILE,,CHEMIN ROUVEYROLLES (MOSTROPAN) 34160 SAUSSINES,34296,"43.7511,4.0619",Pylône autostable,"36,6m",TDF,2024-01-22,CHH,36m,False,False
2630906,ORANGE,,CHEMIN ROUVEYROLLES (MOSTROPAN) 34160 SAUSSINES,34296,"43.7511,4.0619",Pylône autostable,"36,6m",TDF,2025-02-18,CHH,36m,False,False
2630906,SFR,,CHEMIN ROUVEYROLLES (MOSTROPAN) 34160 SAUSSINES,34296,"43.7511,4.0619",Pylône autostable,"36,6m",TDF,2025-12-11,CHH,36m,False,False
2632211,BOUYGUES TELECOM,LTE 2100,RUE DU GRAND FRAICHE 49300 CHOLET,49099,"47.0672,-0.8319",Pylône tubulaire,22m,HIVORY,2025-07-03,SUP,,False,False
2632801,ORANGE,"LTE 2100, 5G NR 3500",CHEMIN DES ANNELIERS (LES POINTIERES) 73720 QUEIGE,73211,"45.6919,6.4297",Pylône autostable,36m,TOTEM,2026-07-23,ALL,,False,False
2632853,BOUYGUES TELECOM,LTE 2100,R LAVOISIER 27940 LE VAL D HAZEY,27022,"49.1758,1.3442",Pylône autostable,"32,3m",PHOENIX FRANCE INFRASTRUCTURES,2023-12-27,SUP,,False,False
2633666,BOUYGUES TELECOM,LTE 2100,2 CHEMIN DU BOIS SOLEIL (LE MOULIN NEUF) 85270 ST HILAIRE DE RIEZ,85226,"46.7828,-1.9697",Pylône autostable,39m,PHOENIX FRANCE INFRASTRUCTURES,2022-12-22,SUP,,False,False
2633689,BOUYGUES TELECOM,LTE 2100,RUE DU PAVÉ STATION EPURATION (GRENELLE) 49400 ROU MARSON,49262,"47.2408,-0.1411",Pylône autostable,32m,PHOENIX FRANCE INFRASTRUCTURES,2024-03-04,SUP,,False,False
2633702,BOUYGUES TELECOM,LTE 2100,3 RUE LA VILLE AU VENT (LES CHAMPS DE LA MOTTE) 56220 PEILLAC,56154,"47.7147,-2.1931",Pylône autostable,"30,9m",PHOENIX FRANCE INFRASTRUCTURES,2024-04-09,SUP,,False,False
2635662,BOUYGUES TELECOM,LTE 2100,LE FRESNE DES MARES 27230 BAZOQUES,27046,"49.18,0.5639",Pylône autostable,32m,PHOENIX FRANCE INFRASTRUCTURES,2023-09-13,SUP,,False,False
2635688,BOUYGUES TELECOM,LTE 2100,CHEMIN DU PONTET ZONE ARTISANALE QUARTIER DU SANTI DEPARTEMENTALE 994 (SANTI) 84840 LAMOTTE DU RHONE,84063,"44.2611,4.6589",Pylône autostable,20m,PHOENIX FRANCE INFRASTRUCTURES,2023-05-24,SUP,,False,False
2636194,BOUYGUES TELECOM,LTE 2100,16 ALLÉE PIERRE LOUET 29000 QUIMPER,29232,"48.0183,-4.0864",Pylône tubulaire,42m,ON TOWER FRANCE,2022-12-22,SUP,,False,False
2636201,BOUYGUES TELECOM,LTE 2100,RUE DU PONT PROCHE DEPARTEMENTALE 2152 (LA VALLÉE VERRIER) 45130 BAULE,45024,"47.8047,1.66",Pylône autostable,40m,ATC FRANCE,2023-06-14,SUP,,False,False
2637275,BOUYGUES TELECOM,LTE 2100,CHEMIN D'EXPLOITATION PROCHE STATION EPURATION DEPARTEMENTALE 363 (LA MIRANDOLE) 30670 AIGUES VIVES,30004,"43.7253,4.1925",Pylône autostable,"20,5m",PHOENIX FRANCE INFRASTRUCTURES,2023-12-27,SUP,,False,False
2637871,BOUYGUES TELECOM,LTE 2100,CHEMIN ROLAND ENTRE LES DEPARTEMENTALES 125 ET 46 STATION EPURATION (LES PRES DES PALLEES) 44290 MASSERAC,44092,"47.6722,-1.9236",Pylône autostable,51m,PHOENIX FRANCE INFRASTRUCTURES,2022-09-29,SUP,,False,False
2638059,FREE MOBILE,"LTE 900, LTE 2100",1 ALLEE DE COCTEAU A20 (LE PUY IMBERT) 87280 LIMOGES,87085,"45.8408,1.2825",Immeuble,"31,6m",Société HLM,2026-08-03,ALL,,False,False
2639488,BOUYGUES TELECOM,LTE 2100,LES COUARDES 79600 PLAINE ET VALLEES,79196,"46.9247,-0.0264",Pylône autostable,32m,PHOENIX FRANCE INFRASTRUCTURES,2023-11-29,SUP,,False,False
2639492,BOUYGUES TELECOM,LTE 2100,CHEMIN DE LA GOURSIERE (DE LA GOURSIERE) 00404 ERR CONV INSEE,79060,"46.2053,0.0908",Pylône autostable,33m,PHOENIX FRANCE INFRASTRUCTURES,2024-01-22,SUP,,False,False
2640265,BOUYGUES TELECOM,LTE 2100, (TRIGONAIS) 86260 VICQ SUR GARTEMPE,86288,"46.7267,0.8042",Pylône autostable,"46,5m",PHOENIX FRANCE INFRASTRUCTURES,2023-02-02,SUP,,False,False
2642275,BOUYGUES TELECOM,LTE 2100,CHEMIN D'EXPLOITATION N°240 PRÈS DE LA GARE (LE BAS MONTENAC) 35660 LANGON,35145,"47.7319,-1.8578",Pylône autostable,32m,ATC FRANCE,2025-08-22,SUP,,False,False
2644391,BOUYGUES TELECOM,LTE 2100,ALLEE JEAN-PIERRE CALLOC'H CIMETIERE PARK BLEÏ MOR (CLOS ER AVELEN) 56670 RIANTEC,56193,"47.715,-3.2983",Pylône autostable,"26,6m",PHOENIX FRANCE INFRASTRUCTURES,,SUP,,False,False
2644395,BOUYGUES TELECOM,LTE 2100,8 ALLEE NEWTON (LA PERRIERE) 49800 LOIRE AUTHION,49307,"47.4628,-0.4058",Pylône autostable,"34,5m",PHOENIX FRANCE INFRASTRUCTURES,2022-12-22,SUP,,False,False
2644397,BOUYGUES TELECOM,LTE 2100,RUE MICHELINE OSTERMEYER 14500 VIRE NORMANDIE,14762,"48.8447,-0.8903",Pylône tubulaire,38m,BOUYGUES,2023-12-29,SUP,,False,False
2644585,BOUYGUES TELECOM,LTE 2100,COMBE CHATAIGNIER COMBE L (COMBE CHATAIGNIER) 34380 CAUSSE DE LA SELLE,34060,"43.8128,3.6392",Pylône autostable,25m,PHOENIX FRANCE INFRASTRUCTURES,2024-01-22,SUP,,False,False
2645116,BOUYGUES TELECOM,LTE 2100,RUE DES RLLES (LES JARDINS) 14320 LAIZE CLINCHAMPS,14349,"49.0725,-0.4036",Pylône autostable,"38,2m",PHOENIX FRANCE INFRASTRUCTURES,2023-08-24,SUP,,False,False
2647547,BOUYGUES TELECOM,LTE 2100,10 R DE LOZERE 30100 ALES,30007,"44.1414,4.0864",Immeuble,"28,6m","Copropriété, Syndic, SCI",2023-04-12,SUP,,False,False
2648005,BOUYGUES TELECOM,LTE 2100,D137 (NOGET) 50250 DOVILLE,50166,"49.3347,-1.565",Pylône autostable,44m,PHOENIX FRANCE INFRASTRUCTURES,2024-05-21,SUP,,False,False
2649987,BOUYGUES TELECOM,LTE 2100,AV DE LA JETEE 34300 AGDE,34003,"43.2789,3.5122",Pylône tubulaire,"18,8m",BOUYGUES,2025-03-04,SUP,,False,False
2652656,BOUYGUES TELECOM,LTE 2100,ROUTE DE SAINT PIERRE SUR DIVES (LE PETIT BOIS) 14700 FALAISE,14258,"48.9128,-0.1989",Pylône autostable,"26,7m",PHOENIX FRANCE INFRASTRUCTURES,2023-03-29,SUP,,False,False
2653099,BOUYGUES TELECOM,LTE 2100, (LA FILEE) 85300 CHALLANS,85047,"46.8544,-1.8903",Pylône autostable,"34,5m",PHOENIX FRANCE INFRASTRUCTURES,2023-05-16,SUP,,False,False
2653607,BOUYGUES TELECOM,LTE 2100,CLOS DE LA PICARDIERE 41000 BLOIS,41018,"47.59,1.2806",Pylône autostable,"32,6m",PHOENIX FRANCE INFRASTRUCTURES,2023-01-12,SUP,,False,False
2653803,BOUYGUES TELECOM,LTE 2100,CHEMIN DU MOULIN PROCHE STATION EPURATION (LE MOULIN DE PREAUX) 61340 PERCHE EN NOCE,61309,"48.325,0.7067",Pylône autostable,46m,PHOENIX FRANCE INFRASTRUCTURES,2022-09-12,SUP,,False,False
2655552,BOUYGUES TELECOM,LTE 2100,TENEMENT DE ROCHE HENRI ROUTE DE LA LONGÉE (LA ROCHE HENRI) 85220 LANDEVIEILLE,85120,"46.6331,-1.7939",Pylône autostable,"28,5m",BOUYGUES,2022-12-22,SUP,,False,False
2655557,BOUYGUES TELECOM,LTE 2100,COAT MEZ 29410 GUICLAN,29068,"48.5442,-3.9697",Pylône autostable,31m,PHOENIX FRANCE INFRASTRUCTURES,2023-03-01,SUP,,False,False
2656794,BOUYGUES TELECOM,LTE 2100,7B-9 BD LOUIS BLANC 30100 ALES,30007,"44.1258,4.0803",Immeuble,37m,ON TOWER FRANCE,2023-06-22,SUP,,False,False
2656812,BOUYGUES TELECOM,LTE 2100,72 R DES PETITES GRANGES 49400 SAUMUR,49328,"47.2803,-0.06",Pylône tubulaire,36m,ON TOWER FRANCE,2023-03-15,SUP,,False,False
2657244,BOUYGUES TELECOM,LTE 2100,SUR LE VAL 14610 FONTAINE HENRY,14275,"49.29,-0.4611",Pylône autostable,"46,2m",PHOENIX FRANCE INFRASTRUCTURES,2024-10-21,SUP,,False,False
2657981,BOUYGUES TELECOM,LTE 2100,DÉPARTEMENTALE RD 66 (CARRIERE DES LANDES CAVERNES) 44640 ROUANS,44145,"47.1675,-1.8733",Pylône tubulaire,12m,SFR,2024-09-18,SUP,,False,False
2658649,BOUYGUES TELECOM,LTE 2100,5 IMPASSE DES PINS PARASOLS ROUTE DES CARRIERES ROUTE D'ANGERS (LES JAURAUX) 49320 BRISSAC LOIRE AUBANCE,49050,"47.3603,-0.4436",Pylône autostable,42m,ORANGE,2022-12-28,SUP,,False,False
2658925,BOUYGUES TELECOM,LTE 2100,KEROURIOU (KERREC) 29180 QUEMENEVEN,29229,"48.115,-4.1417",Pylône autostable,30m,ATC FRANCE,,SUP,,False,False
2659804,BOUYGUES TELECOM,LTE 2100,RTE DE CHAMPDENIERS (LA FAUGERE) 79220 GERMOND ROUVRE,79133,"46.4375,-0.4019",Pylône autostable,"24,5m",PHOENIX FRANCE INFRASTRUCTURES,2023-09-26,SUP,,False,False
2659804,ORANGE,"LTE 1800, 5G NR 2100",RTE DE CHAMPDENIERS (LA FAUGERE) 79220 GERMOND ROUVRE,79133,"46.4375,-0.4019",Pylône autostable,"24,5m",PHOENIX FRANCE INFRASTRUCTURES,2026-07-28,ALL,,False,False
2660583,BOUYGUES TELECOM,LTE 2100,LE DOMAINE-D68 (LA JANNERAIE DU BAIL) 35137 PLEUMELEUC,35227,"48.175,-1.9208",Pylône autostable,"24,1m",PHOENIX FRANCE INFRASTRUCTURES,2023-03-21,SUP,,False,False
2662681,BOUYGUES TELECOM,LTE 2100, (MON DESIR) 85230 ST URBAIN,85273,"46.8856,-2.0081",Pylône autostable,"28,5m",BOUYGUES,2022-01-05,SUP,,False,False
2663907,BOUYGUES TELECOM,LTE 2100,2 PKG AUVERGNE AV DES LAVANDIÈRES 34300 AGDE,34003,"43.2922,3.525",Pylône tubulaire,19m,BOUYGUES,2023-07-12,SUP,,False,False
2665751,BOUYGUES TELECOM,LTE 2100,R JEAN BAPTISTE DE LESSEPS RESIDENCE LE PONANT BATIMENT A & B 34200 SETE,34301,"43.4025,3.6625",Immeuble,21m,ON TOWER FRANCE,2023-12-27,SUP,,False,False
2668770,BOUYGUES TELECOM,LTE 2100,LIEU-DIT LA PETITE HAIE (LA PETITE HAIE) 14610 THAON,14685,"49.2603,-0.4675",Pylône autostable,"20,3m",PHOENIX FRANCE INFRASTRUCTURES,2023-03-01,SUP,,False,False
2669691,BOUYGUES TELECOM,LTE 2100,ALLS KERVAZIOU AN DERIENNEN 29140 TOURCH,29281,"48.0292,-3.8217",Pylône autostable,"26,9m",PHOENIX FRANCE INFRASTRUCTURES,2022-12-28,SUP,,False,False
2670099,BOUYGUES TELECOM,LTE 2100,1976 F R AMIRAL DE LA GRANDIERE 29510 LANGOLEN,29110,"48.0686,-3.9119",Pylône tubulaire,"20,5m",PHOENIX FRANCE INFRASTRUCTURES,2023-11-20,SUP,,False,False
2670645,BOUYGUES TELECOM,LTE 2100,RUE DE L AERODROME 56170 QUIBERON,56186,"47.48,-3.1014",Pylône autostable,22m,PHOENIX FRANCE INFRASTRUCTURES,2022-12-22,SUP,,False,False
2670732,BOUYGUES TELECOM,LTE 2100,5 RES LES HAUTS DE LOPERHET (KERGROSSE) 56410 ERDEVEN,56054,"47.6181,-3.1461",Pylône autostable,"30,7m",PHOENIX FRANCE INFRASTRUCTURES,2023-09-13,SUP,,False,False
2671300,BOUYGUES TELECOM,LTE 2100,3 CHEMIN DE PISSEVACHES 11560 FLEURY,11145,"43.1906,3.1983",Pylône tubulaire,"20,5m",PHOENIX FRANCE INFRASTRUCTURES,2023-12-18,SUP,,False,False
2671992,BOUYGUES TELECOM,LTE 2100,ROUTE DE CANDE (LE GRAND MENARDEAU) 49123 INGRANDES LE FRESNE SUR LOIRE,49160,"47.4119,-0.9381",Pylône autostable,"39,8m",PHOENIX FRANCE INFRASTRUCTURES,2023-06-07,SUP,,False,False
2673409,BOUYGUES TELECOM,LTE 2100,ST-MIREL VERS STATION ÉPURATION (SAINT-MIREL) 22330 LE MENE,22046,"48.2917,-2.5025",Pylône autostable,"38,6m",PHOENIX FRANCE INFRASTRUCTURES,2023-05-16,SUP,,False,False
2674093,BOUYGUES TELECOM,LTE 2100,CHEMIN DE LA BOURGANIÈRE (LA SAINT DENIS) 27160 VERNEUIL D AVRE ET D ITON,27679,"48.7428,0.9364",Pylône autostable,"26,5m",PHOENIX FRANCE INFRASTRUCTURES,2023-12-28,SUP,,False,False
2674207,BOUYGUES TELECOM,LTE 2100,CHEM DE DERRIERE MONTMOU 84550 MORNAS,84083,"44.2228,4.7361",Pylône autostable,31m,BOUYGUES,2022-11-24,SUP,,False,False
2674634,BOUYGUES TELECOM,LTE 2100,R DE CHENAILLE 45550 ST DENIS DE L HOTEL,45273,"47.8722,2.1361",Pylône autostable,"38,5m",PHOENIX FRANCE INFRASTRUCTURES,2023-08-03,SUP,,False,False
2674658,BOUYGUES TELECOM,"GSM 900, LTE 2100",RUE ROLAND SERGEANT 62880 PONT A VENDIN,62666,"50.4689,2.8872",Pylône tubulaire,"37,6m",CELLNEX,2023-04-05,SUP,,False,False
2676152,BOUYGUES TELECOM,LTE 2100,547 CHEM DE LA PLAINE DE LARNAC (PARCELLE COMMUNALE) 30560 ST HILAIRE DE BRETHMAS,30259,"44.1036,4.1058",Pylône autostable,17m,PHOENIX FRANCE INFRASTRUCTURES,2024-11-27,SUP,,False,False
2680968,BOUYGUES TELECOM,LTE 2100,STATION D'ÉPURATION DU BOURG D 224 (LE BOURG) 11200 ORNAISONS,11267,"43.1761,2.8419",Pylône autostable,31m,PHOENIX FRANCE INFRASTRUCTURES,2022-12-22,SUP,,False,False
2682731,BOUYGUES TELECOM,LTE 2100,DIGUE DE MALESPINE VOIE COMMUNALE N°12 DITE ANCIENNE ROUTE NATIONALE ROUTE DE SÉNAS (MALESPINE-SUD) 13370 MALLEMORT,13053,"43.7444,5.1317",Pylône autostable,43m,TDF,2022-11-24,SUP,,False,False
2683309,BOUYGUES TELECOM,LTE 2100,LA RUESSE MARCEAU 18400 ST CAPRAIS,18201,"46.9764,2.2792",Pylône autostable,"27,8m",PHOENIX FRANCE INFRASTRUCTURES,2023-08-02,SUP,,False,False
2684150,BOUYGUES TELECOM,LTE 2100,6289 RTE DE TAILLEVILLE STADE JEAN CHARTON (STADE JEAN CHARTON) 14750 ST AUBIN SUR MER,14562,"49.3228,-0.3978",Pylône tubulaire,"20,8m",PHOENIX FRANCE INFRASTRUCTURES,2023-04-12,SUP,,False,False
2684152,BOUYGUES TELECOM,LTE 2100,10 R DU STADE 29217 PLOUGONVELIN,29190,"48.3436,-4.7228",Pylône autostable,"26,7m",PHOENIX FRANCE INFRASTRUCTURES,2023-01-18,SUP,,False,False
2684154,BOUYGUES TELECOM,LTE 2100,R DENIS PAPIN (MOTTEN GUERLUHEC) 56890 ST AVE,56206,"47.695,-2.7686",Pylône autostable,"32,6m",PHOENIX FRANCE INFRASTRUCTURES,2023-08-02,SUP,,False,False
2684156,BOUYGUES TELECOM,LTE 2100,LAVALOT- PEN AN DREFF 29400 LOC EGUINER,29128,"48.4764,-4.0831",Pylône autostable,"26,7m",PHOENIX FRANCE INFRASTRUCTURES,2024-05-30,SUP,,False,False
2684160,BOUYGUES TELECOM,LTE 2100, (LES LOGES) 85400 CHASNAIS,85058,"46.4658,-1.2206",Pylône autostable,"26,8m",PHOENIX FRANCE INFRASTRUCTURES,2023-12-27,SUP,,False,False
2684162,BOUYGUES TELECOM,LTE 2100,96 VIEILLE ROUTE DES SALINDRES (LE HAUT VIGET) 30340 ST PRIVAT DES VIEUX,30294,"44.1586,4.1258",Pylône autostable,"26,5m",PHOENIX FRANCE INFRASTRUCTURES,2025-02-20,SUP,,False,False
2684164,BOUYGUES TELECOM,LTE 2100,LES GROUAS 72390 LE LUART,72172,"48.0781,0.5981",Pylône autostable,"26,5m",PHOENIX FRANCE INFRASTRUCTURES,2025-03-04,SUP,,False,False
2685029,BOUYGUES TELECOM,LTE 2100,GRAND PORT MARITIME DE MARSEILLE ZONE D'ACTIVITÉ DE MALEBARGE AVENUE MARX DORMOY 13230 PORT ST LOUIS DU RHONE,13078,"43.3944,4.8117",Pylône autostable,31m,ON TOWER FRANCE,2022-12-28,SUP,,False,False
2685606,BOUYGUES TELECOM,LTE 2100,LES LILLAS DE GOUFFE 86200 ST LAON,86227,"46.9733,-0.0319",Pylône autostable,30m,PHOENIX FRANCE INFRASTRUCTURES,2022-12-28,SUP,,False,False
2685608,BOUYGUES TELECOM,LTE 2100,LES TAILLES DU BOURG 23220 BONNAT,23025,"46.3231,1.9047",Pylône tubulaire,"25,5m",BOUYGUES,2023-07-12,SUP,,False,False
2685610,BOUYGUES TELECOM,LTE 2100, (LA CHAPELLE) 86100 CHATELLERAULT,86066,"46.8253,0.5767",Pylône autostable,30m,PHOENIX FRANCE INFRASTRUCTURES,2023-09-28,SUP,,False,False
2685686,BOUYGUES TELECOM,LTE 2100,RUE DES PEUPLIERS STATION EPURATION (LA LUCERE) 85150 LES ACHARDS,85152,"46.5858,-1.6519",Pylône autostable,"26,7m",PHOENIX FRANCE INFRASTRUCTURES,2024-02-07,SUP,,False,False
2685690,BOUYGUES TELECOM,LTE 2100,LES GROLETTES 79230 FORS,79125,"46.2339,-0.3972",Pylône autostable,30m,PHOENIX FRANCE INFRASTRUCTURES,2023-05-24,SUP,,False,False
2687237,BOUYGUES TELECOM,LTE 2100,17 R DE GUINGAMP 22140 BEGARD,22004,"48.6253,-3.2983",Pylône tubulaire,24m,PHOENIX FRANCE INFRASTRUCTURES,2023-05-10,SUP,,False,False
2687279,BOUYGUES TELECOM,LTE 2100, (LES TESNIERES) 61600 LA FERTE MACE,61168,"48.5783,-0.3767",Pylône autostable,"27,2m",PHOENIX FRANCE INFRASTRUCTURES,2023-04-20,SUP,,False,False
2688716,BOUYGUES TELECOM,LTE 2100,RUE DU CHENE A DEUX JAMBES (LES HAMETS) 45340 NIBELLE,45228,"48.0081,2.3225",Pylône autostable,"32,6m",PHOENIX FRANCE INFRASTRUCTURES,2023-03-29,SUP,,False,False
2689039,BOUYGUES TELECOM,LTE 2100,ANCIENNE STATION D'EPURATION AV DU 6 JUIN (LES AUGES) 14880 HERMANVILLE SUR MER,14325,"49.2947,-0.3017",Pylône tubulaire,"13,1m",BOUYGUES,2022-12-22,SUP,,False,False
2690681,ORANGE,5G NR 2100,CHEMIN RURAL 12 (CHAMP BLANCHARD) 21130 VILLERS LES POTS,21699,"47.2028,5.3564",Pylône autostable,33m,TDF,2026-07-23,ALL,,False,False
2690747,ORANGE,5G NR 2100,LA GARDIE 34820 GUZARGUES,34118,"43.7289,3.925",Pylône autostable,18m,ATC FRANCE,2026-07-28,ALL,,False,False
2692243,BOUYGUES TELECOM,LTE 2100,AVENUE DE LA DAME 30132 CAISSARGUES,30060,"43.8003,4.38",Pylône tubulaire,22m,PHOENIX FRANCE INFRASTRUCTURES,2023-10-26,SUP,,False,False
2693905,BOUYGUES TELECOM,LTE 2100,CHEM DES PARQUETS 61200 ARGENTAN,61006,"48.7561,-0.015",Pylône autostable,25m,PHOENIX FRANCE INFRASTRUCTURES,2024-04-09,SUP,,False,False
2693907,BOUYGUES TELECOM,LTE 2100,R DES ENCLOS 35350 LA GOUESNIERE,35122,"48.6128,-1.9019",Pylône autostable,31m,PHOENIX FRANCE INFRASTRUCTURES,2023-01-18,SUP,,False,False
2695983,FREE MOBILE,"LTE 700, LTE 900, LTE 1800, LTE 2100, LTE 2600, 5G NR 700, 5G NR 3500", (ROQUE DE BARAU) 11200 LEZIGNAN CORBIERES,11203,"43.2119,2.7503",Pylône autostable,35m,TOTEM,,AJO,,False,True
2697896,SFR,LTE 700,PROCHE DE D55 (PIALTELLU) 20166 COGNOCOLI MONTICCHI,2A091,"41.8067,8.8492",Pylône autostable,36m,SFR,2026-07-30,ALL,,False,False
2700077,BOUYGUES TELECOM,LTE 2100,CHE DE LA BLANCHARDIERE 85300 FROIDFOND,85095,"46.8725,-1.7558",Pylône autostable,"26,5m",PHOENIX FRANCE INFRASTRUCTURES,2024-06-17,SUP,,False,False
2700365,BOUYGUES TELECOM,LTE 2100,8 R THOMAS EDISON 44650 LEGE,44081,"46.8933,-1.5956",Pylône autostable,"28,5m",PHOENIX FRANCE INFRASTRUCTURES,2023-05-31,SUP,,False,False
2700369,BOUYGUES TELECOM,LTE 2100, (LE BOUISSOUNAS) 30960 LES MAGES,30152,"44.2333,4.1622",Pylône autostable,27m,PHOENIX FRANCE INFRASTRUCTURES,2023-08-24,SUP,,False,False
2700371,BOUYGUES TELECOM,LTE 2100,8 R LA PETITE GUERETTE 86170 AVANTON,86016,"46.6589,0.2861",Pylône autostable,43m,PHOENIX FRANCE INFRASTRUCTURES,2023-12-28,SUP,,False,False
2700373,BOUYGUES TELECOM,LTE 2100,ROUTE DE VILLIERS (LA POITEVINE) 86170 YVERSAY,86300,"46.6742,0.2011",Pylône autostable,44m,PHOENIX FRANCE INFRASTRUCTURES,2023-11-16,SUP,,False,False
2700375,BOUYGUES TELECOM,LTE 2100,15 MONTMATIN DE PAYRE (LES COUDRAIES) 86700 VALENCE EN POITOU,86082,"46.3628,0.2019",Pylône autostable,20m,PHOENIX FRANCE INFRASTRUCTURES,2023-10-19,SUP,,False,False
2701754,BOUYGUES TELECOM,LTE 2100,240 ALLEE DES FRUITIERS (PARC DU VERGER) 44690 LA HAIE FOUASSIERE,44070,"47.1658,-1.3872",Pylône autostable,"26,6m",PHOENIX FRANCE INFRASTRUCTURES,2023-06-14,SUP,,False,False
2702293,ORANGE,5G NR 2100,RTE DE LA GALERIE (LA GALERIE EST) 76360 BOUVILLE,76135,"49.5508,0.8831",Pylône autostable,48m,FREE-MOBILE,2026-07-30,ALL,,False,False
2707955,BOUYGUES TELECOM,LTE 2100,KERMEZ 29300 QUIMPERLE,29233,"47.8458,-3.5906",Pylône autostable,"32,3m",PHOENIX FRANCE INFRASTRUCTURES,2024-09-18,SUP,,False,False
2708328,BOUYGUES TELECOM,LTE 2100,RD N°39 PRÈS D463 (LA ROCHE CHAUDE) 35410 DOMLOUP,35099,"48.0483,-1.5167",Pylône autostable,38m,Towercast,2024-07-09,SUP,,False,False
2711849,BOUYGUES TELECOM,LTE 2100,3 AV DU FORUM 11100 NARBONNE,11262,"43.1572,2.9858",Immeuble,14m,PHOENIX FRANCE INFRASTRUCTURES,2023-08-03,SUP,,False,False
2712369,BOUYGUES TELECOM,LTE 2100,8 ALL DES ROSES ART ROYALE 30130 PONT ST ESPRIT,30202,"44.2447,4.6408",Pylône tubulaire,20m,BOUYGUES,2023-01-12,SUP,,False,False
2713836,BOUYGUES TELECOM,LTE 2100,CHEMIN DES PEUPLIERS (LE BOULODROME) 11120 ST MARCEL SUR AUDE,11353,"43.2453,2.9292",Pylône autostable,33m,PHOENIX FRANCE INFRASTRUCTURES,2023-12-28,SUP,,False,False
2713838,BOUYGUES TELECOM,LTE 2100,CHEM DE COURSAN 11100 NARBONNE,11262,"43.1994,3.0144",Pylône autostable,21m,PHOENIX FRANCE INFRASTRUCTURES,2024-10-09,SUP,,False,False
2714277,BOUYGUES TELECOM,LTE 2100,9052 AV DU 22 AOÛT 1944 (QUARTIER DU VIEUX CHEMIN D'IST) 13300 SALON DE PROVENCE,13103,"43.6361,5.0769",Pylône tubulaire,25m,PHOENIX FRANCE INFRASTRUCTURES,2025-01-02,SUP,,False,False
2715209,BOUYGUES TELECOM,LTE 2100,13 BD DE LA SEINE 27460 LE MANOIR,27386,"49.3103,1.1983",Pylône autostable,"32,6m",TDF,2023-12-27,SUP,,False,False
2715531,BOUYGUES TELECOM,LTE 2100,LA ROUSSALIÈRE (GRÉGOUSSÉ) 86380 CHABOURNAY,86048,"46.7181,0.2811",Pylône autostable,43m,PHOENIX FRANCE INFRASTRUCTURES,2023-10-25,SUP,,False,False
2715537,BOUYGUES TELECOM,LTE 2100,BEAUREGARD D135 (LANDE DE GOANIVINEN) 56890 ST AVE,56206,"47.6883,-2.7267",Pylône autostable,"42,1m",CELLNEX,2023-06-22,SUP,,False,False
2715832,BOUYGUES TELECOM,LTE 2600,14 AVENUE DES SPORTS 56140 PLEUCADEUC,56159,"47.7597,-2.3708",Pylône tubulaire,37m,ON TOWER FRANCE,2026-07-21,ALL,,False,False
2715832,BOUYGUES TELECOM,LTE 2100,14 AVENUE DES SPORTS 56140 PLEUCADEUC,56159,"47.7597,-2.3708",Pylône tubulaire,37m,ON TOWER FRANCE,2024-05-13,SUP,,False,False
2715832,SFR,LTE 2600,14 AVENUE DES SPORTS 56140 PLEUCADEUC,56159,"47.7597,-2.3708",Pylône tubulaire,37m,ON TOWER FRANCE,2026-07-30,ALL,,False,False
2715844,BOUYGUES TELECOM,LTE 2100,LA SOUCHAIS 85500 BEAUREPAIRE,85017,"46.8986,-1.0792",Pylône autostable,32m,TDF,2023-08-02,SUP,,False,False
2715976,BOUYGUES TELECOM,LTE 2100,LIEU-DIT LES PLANTES (LES PLANTES) 85470 BRETIGNOLLES SUR MER,85035,"46.6264,-1.8497",Pylône tubulaire,"26,5m",PHOENIX FRANCE INFRASTRUCTURES,2024-12-19,SUP,,False,False
2716168,BOUYGUES TELECOM,LTE 2100,CHEM DE LA CAPELANE (VALAT DE LA FONT) 30740 LE CAILAR,30059,"43.6853,4.2292",Pylône autostable,24m,BOUYGUES,2022-01-05,SUP,,False,False
2717531,BOUYGUES TELECOM,LTE 2100,RUE DU STADE 36190 ORSENNES,36146,"46.4569,1.6769",Pylône autostable,49m,FREE-MOBILE,2024-12-20,SUP,,False,False
2719423,BOUYGUES TELECOM,LTE 2100,CHEMIN DE LA VERRERIE STATION EPURATION (LE PETIT PRE) 53200 MENIL,53150,"47.7731,-0.6756",Pylône autostable,"33,1m",PHOENIX FRANCE INFRASTRUCTURES,2023-04-12,SUP,,False,False
2719426,BOUYGUES TELECOM,LTE 2100,30 RUE DE L'INDUSTRIE 44310 ST PHILBERT DE GRAND LIEU,44188,"47.0519,-1.6278",Pylône autostable,"32,3m",PHOENIX FRANCE INFRASTRUCTURES,2023-04-20,SUP,,False,False
2719431,BOUYGUES TELECOM,LTE 2100,6 LES BATAILLES (CHAMP DE LA COTELAIS) 35160 MONTFORT SUR MEU,35188,"48.1444,-1.9647",Pylône autostable,"32,6m",PHOENIX FRANCE INFRASTRUCTURES,2023-05-03,SUP,,False,False
2719441,BOUYGUES TELECOM,LTE 2100,RUE DE SAINTE-POMPEE COMPLEXE SPORTIF PORZOU (PORZOU) 22450 LANGOAT,22101,"48.7522,-3.2811",Pylône tubulaire,30m,PHOENIX FRANCE INFRASTRUCTURES,2023-12-20,SUP,,False,False
2719443,BOUYGUES TELECOM,LTE 2100,17 RUE DU MOULIN 56870 LARMOR BADEN,56106,"47.5903,-2.8928",Pylône arbre,"26,6m",Société Privée,2023-06-07,SUP,,False,False
2719445,BOUYGUES TELECOM,LTE 2100,AVENUE DE LA LIBERATION ZONE ARTISANLE DU REDO (KERJOUANNO) 56640 ARZON,56005,"47.5417,-2.8814",Pylône arbre,"26,6m",Société Privée,2023-06-30,SUP,,False,False
2721289,BOUYGUES TELECOM,LTE 2100,ROUTE LES MAISONS INTERSECTION DES DEPARTEMENTALES 4 ET 24 (LA CROIX DES MAISONS) 22170 LANRODEC,22116,"48.5,-3.0297",Pylône autostable,38m,PHOENIX FRANCE INFRASTRUCTURES,2023-09-13,SUP,,False,False
2721659,BOUYGUES TELECOM,LTE 2100,LA JUBAUDIERE (LES BAILLIS) 49600 BEAUPREAU EN MAUGES,49023,"47.1706,-0.9011",Pylône autostable,32m,ATC FRANCE,2023-11-06,SUP,,False,False
2721682,BOUYGUES TELECOM,LTE 2100,C.R. DE MONTILLIERS AU GRAND BREIL (LE TREILLEBOUR) 49310 MONTILLIERS,49211,"47.1833,-0.4975",Pylône autostable,"32,3m",ATC FRANCE,2024-11-27,SUP,,False,False
2721732,BOUYGUES TELECOM,LTE 2100,377 LE CLOS DIT BARDIN PROCHE ROUTE D'AUBIGNY (LE CHAMP PATRON) 18380 LA CHAPELLE D ANGILLON,18047,"47.3714,2.4331",Pylône autostable,"33,1m",PHOENIX FRANCE INFRASTRUCTURES,2023-07-12,SUP,,False,False
2721734,BOUYGUES TELECOM,LTE 2100,CHEMIN DE SOULIGNE (LA PLAINE DU MOULIN A VENT) 79270 ST SYMPHORIEN,79298,"46.2725,-0.4797",Pylône autostable,"26,5m",PHOENIX FRANCE INFRASTRUCTURES,2024-12-12,SUP,,False,False
2722477,BOUYGUES TELECOM,LTE 2100,MPASSE DES ALLOITERIES (LA CHARREE) 44170 ABBARETZ,44001,"47.545,-1.5356",Pylône autostable,32m,PHOENIX FRANCE INFRASTRUCTURES,2023-06-30,SUP,,False,False
2726399,BOUYGUES TELECOM,LTE 2100,CHEMIN DE LANGLADE AUTOROUTE 9 (LOUBIERE) 30540 MILHAUD,30169,"43.7947,4.3025",Pylône autostable,39m,ON TOWER FRANCE,2023-11-16,SUP,,False,False
2726434,BOUYGUES TELECOM,5G NR 3500,RUE SAINT-HERVÉ D 788 (RULÉA) 29430 LANHOUARNEAU,29111,"48.5806,-4.2019",Pylône autostable,30m,TOTEM,2026-07-06,ART,,False,False
2726434,BOUYGUES TELECOM,LTE 2100,RUE SAINT-HERVÉ D 788 (RULÉA) 29430 LANHOUARNEAU,29111,"48.5806,-4.2019",Pylône autostable,30m,TOTEM,2024-12-12,SUP,,False,False
2727110,BOUYGUES TELECOM,LTE 2100,85 RUE DES MADRONS 36000 CHATEAUROUX,36044,"46.7958,1.6603",Pylône autostable,39m,PHOENIX FRANCE INFRASTRUCTURES,2023-11-02,SUP,,False,False
2728480,BOUYGUES TELECOM,LTE 2100,R PIERRE CHANTELAUZE FIEF DE LA TRAINE 79000 NIORT,79191,"46.3086,-0.4328",Pylône autostable,31m,BOUYGUES,2022-12-22,SUP,,False,False
2728863,BOUYGUES TELECOM,LTE 2100,3 RUE NATIONALE (LES VENTES DERRIERES) 45520 CERCOTTES,45062,"47.9903,1.8831",Pylône autostable,33m,TOTEM,2024-07-18,SUP,,False,False
2728915,BOUYGUES TELECOM,LTE 2100,ROUTE D'ORLEANS ANGLE LE PLACEAU 41200 ROMORANTIN LANTHENAY,41194,"47.4078,1.7497",Pylône autostable,"32,6m",PHOENIX FRANCE INFRASTRUCTURES,2023-10-26,SUP,,False,False
2728938,BOUYGUES TELECOM,LTE 2100,14 RUE DES LOMBARDS (CHEMIN ET RUISSEAU BULLY) 62160 AIX NOULETTE,62019,"50.4294,2.7117",Pylône autostable,"32,3m",ON TOWER FRANCE,2023-08-02,SUP,,False,False
2729019,BOUYGUES TELECOM,LTE 2100,ZAC ZA DU RIGAL CHEMIN DE LA SAUZAIE (PIECE DE RIGALE) 49620 MAUGES SUR LOIRE,49244,"47.3303,-1.0569",Pylône autostable,"28,5m",PHOENIX FRANCE INFRASTRUCTURES,2023-12-28,SUP,,False,False
2730999,BOUYGUES TELECOM,LTE 2100,189 R DENIS PAPIN 50180 AGNEAUX,50002,"49.1111,-1.1328",Pylône tubulaire,25m,PHOENIX FRANCE INFRASTRUCTURES,2023-07-12,SUP,,False,False
2731657,FREE MOBILE,"LTE 2100, 5G NR 700",CHE DE COUPIAC (BOIS DE COUPIAC) 46300 GOURDON,46127,"44.7133,1.3389",Pylône autostable,35m,ON TOWER FRANCE,2026-08-03,ALL,,False,False
2732860,BOUYGUES TELECOM,LTE 2100,93 B AV DE BORDEAUX 11100 NARBONNE,11262,"43.1814,2.9806",Immeuble,19m,"Copropriété, Syndic, SCI",2024-05-06,SUP,,False,False
2734887,BOUYGUES TELECOM,LTE 2100,AV DU PRESIDENT RENE COTY 14390 VARAVILLE,14724,"49.2811,-0.155",Pylône tubulaire,"36,9m",ON TOWER FRANCE,2024-07-25,SUP,,False,False
2736456,BOUYGUES TELECOM,LTE 700,3 R DES VOSGES 50470 CHERBOURG EN COTENTIN,50129,"49.6278,-1.6208",Immeuble,30m,"Copropriété, Syndic, SCI",2026-08-06,ALL,,False,False
2736527,BOUYGUES TELECOM,LTE 2100,LA TUILERIE D762 (LE PIN EN MAUGES) 49600 BEAUPREAU EN MAUGES,49023,"47.2644,-0.8853",Pylône autostable,40m,ON TOWER FRANCE,2023-10-19,SUP,,False,False
2738968,BOUYGUES TELECOM,LTE 2100,TERRES DU CLEGUERIO (ZA DE CLEGUER) 56420 GUEHENNO,56071,"47.8917,-2.63",Pylône autostable,"30,1m",PHOENIX FRANCE INFRASTRUCTURES,2022-12-28,SUP,,False,False
2740088,BOUYGUES TELECOM,LTE 2100,CHEMIN DE LA MAISON NEUVE DEPARTEMENTALE 275 (LES CHATIAUX) 53150 MONTSURS,53161,"48.1219,-0.6092",Pylône autostable,46m,FREE-MOBILE,2024-07-10,SUP,,False,False
2740129,BOUYGUES TELECOM,LTE 2100,CHEMIN DES BOUILLANTS DEPARTEMENTALE 302 (LA LONGRAIE) 72160 THORIGNE SUR DUE,72358,"48.0453,0.5244",Pylône autostable,21m,TDF,2024-11-27,SUP,,False,False
2740170,BOUYGUES TELECOM,LTE 2100,CHEMIN  DE LA CROIX GONIER (LA BIEURQUE) 27210 MANNEVILLE LA RAOULT,27384,"49.37,0.3311",Pylône autostable,"26,6m",BOUYGUES,2023-10-12,SUP,,False,False
2742005,BOUYGUES TELECOM,LTE 2100,1401 R DES TROIS PONTS 27160 VERNEUIL D AVRE ET D ITON,27679,"48.7936,0.8469",Pylône autostable,"26,5m",PHOENIX FRANCE INFRASTRUCTURES,2023-10-12,SUP,,False,False
2742615,BOUYGUES TELECOM,LTE 2100,COUETILLIEC 56160 PERSQUEN,56156,"47.9875,-3.2397",Pylône autostable,"38,5m",PHOENIX FRANCE INFRASTRUCTURES,2023-10-05,SUP,,False,False
2742617,BOUYGUES TELECOM,LTE 2100,LA NOUETTE 85140 ESSARTS EN BOCAGE,85084,"46.7947,-1.2431",Pylône autostable,"38,6m",PHOENIX FRANCE INFRASTRUCTURES,2023-06-30,SUP,,False,False
2742619,BOUYGUES TELECOM,LTE 2100,LANDIER DE LA BELLE AURORE 56500 REGUINY,56190,"47.985,-2.7511",Pylône autostable,"32,6m",PHOENIX FRANCE INFRASTRUCTURES,2023-10-05,SUP,,False,False
2742635,BOUYGUES TELECOM,LTE 2100,367 RUE DE TOMBELAINE 50380 ST PAIR SUR MER,50532,"48.7919,-1.5617",Pylône autostable,"26,3m",PHOENIX FRANCE INFRASTRUCTURES,2024-12-18,SUP,,False,False
2744288,BOUYGUES TELECOM,LTE 2100,AVENUE NELSON MANDELA (LES MARTINES) 87200 ST JUNIEN,87154,"45.8956,0.9214",Pylône autostable,"38,3m",BOUYGUES,2024-03-06,SUP,,False,False
2744362,BOUYGUES TELECOM,LTE 2100,R DU STADE 85700 ST MESMIN,85254,"46.7914,-0.7392",Pylône tubulaire,26m,PHOENIX FRANCE INFRASTRUCTURES,2023-09-07,SUP,,False,False
2744804,BOUYGUES TELECOM,LTE 2100,654 RTE DE LA CORNICHE 14510 GONNEVILLE SUR MER,14305,"49.3069,-0.0383",Pylône tubulaire,31m,ON TOWER FRANCE,2024-07-18,SUP,,False,False
2745327,BOUYGUES TELECOM,"UMTS 900, LTE 700, LTE 800, LTE 1800, LTE 2100, 5G NR 2100",60 RUE PRINCIPALE (KATSTENWALD OBERWALD) 68600 WOLFGANTZEN,68379,"48.035,7.4861",Pylône autostable,42m,HIVORY,2026-07-30,ALL,,False,True
2745601,BOUYGUES TELECOM,LTE 2100,CHEMIN DES PLAINES RTE D'ARAMON PRÈS DÉCHÈTERIE 30390 DOMAZAN,30103,"43.9217,4.6622",Pylône autostable,30m,TDF,2022-12-22,SUP,,False,False
2745601,ORANGE,5G NR 2100,CHEMIN DES PLAINES RTE D'ARAMON PRÈS DÉCHÈTERIE 30390 DOMAZAN,30103,"43.9217,4.6622",Pylône autostable,30m,TDF,,AJO,,True,False
2746085,BOUYGUES TELECOM,LTE 2100,64 GRAND-RUE DERRIERE LA MAIRIE 22570 LESCOUET GOUAREC,22124,"48.1608,-3.2364",Pylône autostable,"26,6m",PHOENIX FRANCE INFRASTRUCTURES,2023-10-12,SUP,,False,False
2746158,ORANGE,"LTE 800, LTE 1800, LTE 2100, LTE 2600, 5G NR 700, 5G NR 3500",ROUTE DE LA POSTE (PLACE DE LA GARE) 62155 MERLIMONT,62571,"50.46,1.5814",Pylône arbre,"25,1m",TOWEO,2026-08-03,AJA,,False,True
2748077,ORANGE,5G NR 2100,PRÈS DE LA N116-AV PAUL SEJOURNE (LIOU) 66360 FONTPEDROUSE,66080,"42.5133,2.1881",Pylône autostable,27m,ON TOWER FRANCE,,AJO,,False,False
2749281,BOUYGUES TELECOM,LTE 2100,ROUTE DU BOSC RENOULT 61470 SAP EN AUGE,61460,"48.8981,0.3306",Pylône autostable,27m,CELLNEX,2023-05-24,SUP,,False,False
2749565,BOUYGUES TELECOM,LTE 2100,9025 CHEM DU MAS DE DEVEZE 30900 NIMES,30189,"43.8094,4.3386",Pylône autostable,"20,5m",BOUYGUES,2023-12-29,SUP,,False,False
2749664,BOUYGUES TELECOM,LTE 2100,AV ROBERT JONIS 30900 NIMES,30189,"43.8258,4.3839",Pylône autostable,21m,BOUYGUES,2024-12-31,SUP,,False,False
2749996,BOUYGUES TELECOM,LTE 2100,4 R DENIS PAPIN 79230 PRAHECQ,79216,"46.2697,-0.3725",Pylône autostable,48m,TDF,2023-08-03,SUP,,False,False
2753129,BOUYGUES TELECOM,LTE 2100,D76 (LOIRECOPARK 1) 72500 VAAS,72364,"47.6794,0.3003",Pylône autostable,24m,BOUYGUES,2023-04-05,SUP,,False,False
2753131,BOUYGUES TELECOM,LTE 2100,738 CHEM DU MINERAI 61300 ST SULPICE SUR RISLE,61456,"48.7586,0.6469",Pylône autostable,25m,BOUYGUES,2023-12-04,SUP,,False,False
2754381,BOUYGUES TELECOM,LTE 2100,COTEAU DE RACAULT (COTEAU DE RACAULT) 86370 VIVONNE,86293,"46.4272,0.2494",Pylône autostable,30m,PHOENIX FRANCE INFRASTRUCTURES,2023-11-23,SUP,,False,False
2755796,BOUYGUES TELECOM,LTE 2100,LA PINELLE (LE COTEAU DU BOIS MOUSSARD) 00404 ERR CONV INSEE,49069,"47.3356,-1.1256",Pylône autostable,"28,5m",PHOENIX FRANCE INFRASTRUCTURES,2023-06-30,SUP,,False,False
2756190,BOUYGUES TELECOM,LTE 2100,ROUTE DE HONFLEUR (LES HUNIERES) 14600 FOURNEVILLE,14286,"49.3653,0.2283",Pylône autostable,"44,3m",PHOENIX FRANCE INFRASTRUCTURES,2023-07-12,SUP,,False,False
2756194,BOUYGUES TELECOM,LTE 2100,COTE DE LA JUSTICE 27400 LOUVIERS,27375,"49.2033,1.16",Pylône tubulaire,"25,5m",PHOENIX FRANCE INFRASTRUCTURES,2024-07-26,SUP,,False,False
2757608,BOUYGUES TELECOM,LTE 2100,VENELLE DE KEROUEL (KEROUEL) 29910 TREGUNC,29293,"47.8586,-3.8681",Pylône autostable,32m,ON TOWER FRANCE,2024-07-25,SUP,,False,False
2757713,BOUYGUES TELECOM,LTE 2100,CHEM DE LA GRANDE CALINIÈRE RTE DE LUNEL 34590 MARSILLARGUES,34151,"43.6639,4.165",Pylône tubulaire,"26,2m",BOUYGUES,2023-11-23,SUP,,False,False
2760020,BOUYGUES TELECOM,LTE 2100,3 RUE DE FREVILLE 27170 GOUPIL OTHON,27290,"49.1161,0.7606",Pylône autostable,"26,5m",BOUYGUES,2024-08-07,SUP,,False,False
2760062,BOUYGUES TELECOM,LTE 2100,LE GRAND CHAMP RUE ST MAURICE (LE GRAND CHAMPS) 44540 VALLONS DE L ERDRE,44180,"47.5472,-1.1289",Pylône autostable,"26,5m",BOUYGUES,2023-09-13,SUP,,False,False
2760091,BOUYGUES TELECOM,LTE 2100,CHEMIN DU PAS BODIN (LE BOIS DU LINOT TERVES) 79300 BRESSUIRE,79049,"46.8019,-0.5156",Pylône autostable,30m,PHOENIX FRANCE INFRASTRUCTURES,2025-02-12,SUP,,False,False
2760495,BOUYGUES TELECOM,LTE 2100,6994A GUERAND PARC NEVEZ 29620 PLOUEGAT GUERAND,29182,"48.6253,-3.6858",Pylône autostable,"32,6m",PHOENIX FRANCE INFRASTRUCTURES,2023-10-12,SUP,,False,False
2762036,BOUYGUES TELECOM,LTE 2100,LA BUTTE SUD 50410 MONTABOT,50334,"48.9333,-1.1564",Pylône autostable,32m,PHOENIX FRANCE INFRASTRUCTURES,2023-08-24,SUP,,False,False
2762038,BOUYGUES TELECOM,LTE 2100,LA LANDE CAUDARD 50340 PIERREVILLE,50401,"49.4839,-1.7933",Pylône autostable,"40,5m",Société Privée,2023-09-20,SUP,,False,False
2762541,BOUYGUES TELECOM,LTE 2100,LA CHAMPAGNE 50490 ST SAUVEUR VILLAGES,50550,"49.1542,-1.4064",Pylône autostable,"28,5m",PHOENIX FRANCE INFRASTRUCTURES,2023-08-09,SUP,,False,False
2763105,BOUYGUES TELECOM,LTE 2100,LE CLOS NEUF 50330 ST PIERRE EGLISE,50539,"49.6903,-1.3906",Pylône autostable,"28,5m",Société Privée,2023-07-25,SUP,,False,False
2763107,BOUYGUES TELECOM,LTE 2100,2 LA ROQUE A LE CLOS DE LA FOSSE D115 50630 TEURTHEVILLE BOCAGE,50593,"49.5883,-1.4042",Pylône autostable,"40,5m",Société Privée,2023-10-05,SUP,,False,False
2763111,BOUYGUES TELECOM,LTE 2100,D84 (LES PERRIÈRES) 41250 MASLIVES,41129,"47.6367,1.4711",Pylône autostable,"38,6m",PHOENIX FRANCE INFRASTRUCTURES,2024-06-19,SUP,,False,False
2763481,BOUYGUES TELECOM,LTE 2100,CHE RURAL 10 DIT DES CHAMPS DU PONT (LA COUR DES PRESSOIRS) 45260 THIMORY,45321,"47.9214,2.6103",Pylône autostable,"35,1m",ON TOWER FRANCE,2024-02-26,SUP,,False,False
2763497,BOUYGUES TELECOM,LTE 2100,ROUTE DE LA PALLIERE 50340 HELLEVILLE,50240,"49.5575,-1.7925",Pylône autostable,"28,5m",PHOENIX FRANCE INFRASTRUCTURES,2023-08-02,SUP,,False,False
2763499,BOUYGUES TELECOM,LTE 2100,ROUTE DE LA PRUNERIE 50890 CONDE SUR VIRE,50139,"49.0267,-1.0786",Pylône autostable,"28,5m",PHOENIX FRANCE INFRASTRUCTURES,2023-09-28,SUP,,False,False
2763501,BOUYGUES TELECOM,LTE 2100,22 ROUTE LA CHESNAIE 50700 ST GERMAIN DE TOURNEBUT,50478,"49.5411,-1.3908",Pylône autostable,"34,4m",PHOENIX FRANCE INFRASTRUCTURES,2023-09-28,SUP,,False,False
2763503,BOUYGUES TELECOM,LTE 2100,91 LA SAISONNAIS 22830 PLOUASNE,22208,"48.3286,-1.9669",Pylône autostable,"34,5m",PHOENIX FRANCE INFRASTRUCTURES,2024-02-20,SUP,,False,False
2763938,BOUYGUES TELECOM,LTE 2100,RUE DU STADE (KERSULANT) 29260 KERNILIS,29093,"48.5772,-4.4142",Pylône autostable,"28,5m",PHOENIX FRANCE INFRASTRUCTURES,2023-05-10,SUP,,False,False
2764370,BOUYGUES TELECOM,LTE 2100,14 RUE DU 11 NOVEMBRE (TERRE DE PETITES RIVIÈRES) 86530 AVAILLES EN CHATELLERAULT,86014,"46.7617,0.5828",Pylône autostable,34m,TOTEM,2025-09-04,SUP,,False,False
2764956,BOUYGUES TELECOM,LTE 2100,39 RTE DES GRANITS 22100 BOBITAL,22008,"48.4097,-2.0839",Pylône autostable,25m,BOUYGUES,2023-09-13,SUP,,False,False
2764958,BOUYGUES TELECOM,LTE 2100,RUE DE SAINTE ANNE (LES SALLES) 22940 ST JULIEN,22307,"48.4514,-2.8178",Pylône tubulaire,30m,PHOENIX FRANCE INFRASTRUCTURES,2023-12-29,SUP,,False,False
2765246,BOUYGUES TELECOM,LTE 2100,PROCHE RUE DES LILAS LA NOE PLESSIS DEPARTEMENTALE 18 (LES MESLIERS) 44522 LA ROCHE BLANCHE,44222,"47.4456,-1.1456",Pylône autostable,36m,PHOENIX FRANCE INFRASTRUCTURES,2023-08-09,SUP,,False,False
2766181,BOUYGUES TELECOM,LTE 2100,26 RUE DE LA COMTESSE IMM VERDIER 30900 NIMES,30189,"43.8356,4.3822",Immeuble,17m,"Copropriété, Syndic, SCI",2024-12-09,SUP,,False,False
2769233,BOUYGUES TELECOM,LTE 2100,CHEM DU PIOCH ARNAUD 34600 HEREPIAN,34119,"43.6,3.1117",Château d'eau - réservoir,"7,4m",PHOENIX FRANCE INFRASTRUCTURES,2024-09-10,SUP,,False,False
2769387,BOUYGUES TELECOM,LTE 2100,CHEMIN DE MORANNES (LES RAVIREES) 72300 COURTILLERS,72106,"47.8139,-0.3225",Pylône autostable,43m,PHOENIX FRANCE INFRASTRUCTURES,2023-05-24,SUP,,False,False
2769945,BOUYGUES TELECOM,LTE 2100,32 CHEM DU CAMP MIAULAIRE 34400 LUNEL VIEL,34146,"43.6778,4.0992",Pylône tubulaire,32m,PHOENIX FRANCE INFRASTRUCTURES,2024-03-28,SUP,,False,False
2775071,SFR,GSM 900,2 RUE MARSOULAN SQUARE COURTELINE 75012 PARIS 12,75112,"48.8453,2.4028",Bâtiment,30m,Particulier,,SUP,,False,False
2777363,BOUYGUES TELECOM,LTE 2100,4 RUE JOSEPH RAINARD 13280 ARLES,13004,"43.7083,4.6328",Pylône autostable,27m,PHOENIX FRANCE INFRASTRUCTURES,2024-01-11,SUP,,False,False
2778167,ORANGE,5G NR 2100, (BOUYSOUNADE) 47300 LEDAT,47146,"44.455,0.6642",Pylône autostable,"35,8m",TOTEM,,AJO,,False,False
2778242,BOUYGUES TELECOM,LTE 2100, (LA RASCLAOUZA) 34320 GABIAN,34109,"43.5153,3.2603",Pylône autostable,18m,BOUYGUES,2024-04-30,SUP,,False,False
2779143,BOUYGUES TELECOM,LTE 2100,26 RUE DU ST-VICTOR 34500 VILLENEUVE LES BEZIERS,34336,"43.3328,3.2822",Pylône autostable,21m,BOUYGUES,2023-12-29,SUP,,False,False
2779145,BOUYGUES TELECOM,LTE 2100,RTE DE LA LIBERTÉ 50190 GORGES,50210,"49.2644,-1.4239",Pylône autostable,"40,5m",PHOENIX FRANCE INFRASTRUCTURES,2023-08-24,SUP,,False,False
2779432,ORANGE,5G NR 2100,LE PARC DES CHÂTAIGNIERS (KEROLIER) 56230 QUESTEMBERT,56184,"47.6917,-2.4656",Pylône autostable,40m,TOTEM,,AJO,,False,False
2779566,BOUYGUES TELECOM,LTE 2100,ROUTE DE SAINT-GEORGES SUR LOIRE DEPARTEMENTALE 723 (GRANDE PIECE DE SAINT MART) 49123 CHAMPTOCE SUR LOIRE,49068,"47.4128,-0.8508",Pylône autostable,32m,PHOENIX FRANCE INFRASTRUCTURES,2024-04-09,SUP,,False,False
2779842,BOUYGUES TELECOM,LTE 2100,R DE LA GARDE (LES CORNIERES OUEST) 79160 VILLIERS EN PLAINE,79351,"46.4089,-0.5442",Pylône autostable,24m,PHOENIX FRANCE INFRASTRUCTURES,2024-10-06,SUP,,False,False
2779849,BOUYGUES TELECOM,LTE 2100,ROUTE DE VAUMOREAU (LES BAS DE GUERCHES) 79260 LA CRECHE,79048,"46.3289,-0.3169",Pylône autostable,30m,PHOENIX FRANCE INFRASTRUCTURES,2024-12-17,SUP,,False,False
2779875,BOUYGUES TELECOM,LTE 2100,LES PIERRES 45320 COURTENAY,45115,"48.0008,3.0628",Pylône autostable,44m,CELLNEX,2023-12-29,SUP,,False,False
2780973,BOUYGUES TELECOM,LTE 2100,ROUTE LES RUETTES 50160 TORIGNY LES VILLES,50601,"49.0169,-1.0203",Pylône autostable,"28,5m",PHOENIX FRANCE INFRASTRUCTURES,2023-09-20,SUP,,False,False
2780975,BOUYGUES TELECOM,LTE 2100,ROUTE DE LA CROIX BLONDEL (LA CAMPAGNE) 50390 BESNEVILLE,50049,"49.3567,-1.6092",Pylône autostable,"40,5m",PHOENIX FRANCE INFRASTRUCTURES,2023-08-09,SUP,,False,False
2780977,BOUYGUES TELECOM,LTE 2100,RUE DES LANDES (LE BORD DE LA LANDE) 50480 PICAUVILLE,50400,"49.3458,-1.4344",Pylône autostable,"28,5m",PHOENIX FRANCE INFRASTRUCTURES,2023-08-03,SUP,,False,False
2780979,BOUYGUES TELECOM,LTE 2100,CHEMIN DE LA LANDE 50700 YVETOT BOCAGE,50648,"49.5031,-1.5114",Pylône autostable,"34,5m",PHOENIX FRANCE INFRASTRUCTURES,2023-10-12,SUP,,False,False
2782218,BOUYGUES TELECOM,LTE 2100,LE MARABIN 72160 TUFFE VAL DE LA CHERONNE,72363,"48.1164,0.5319",Pylône autostable,24m,CELLNEX,2025-03-04,SUP,,False,False
2782636,BOUYGUES TELECOM,LTE 2100,ROUTE DES LIZIARDS LA MARDELLE TAILLE FER (LES LIZIARDS) 45220 CHATEAU RENARD,45083,"47.9236,2.8981",Pylône autostable,"46,5m",PHOENIX FRANCE INFRASTRUCTURES,2023-12-28,SUP,,False,False
2783174,BOUYGUES TELECOM,LTE 2100,RUE LA ROUGE TERRE 50620 REMILLY LES MARAIS,50431,"49.1561,-1.2639",Pylône autostable,"31,1m",PHOENIX FRANCE INFRASTRUCTURES,2023-10-05,SUP,,False,False
2783390,BOUYGUES TELECOM,LTE 2100,14 RUE DE LA NOUETTE 85150 VAIRE,85298,"46.6039,-1.765",Pylône autostable,34m,ON TOWER FRANCE,2024-12-12,SUP,,False,False
2783395,BOUYGUES TELECOM,LTE 2100,ZONE ARTISANALE DU VIVIER DEPARTEMENTALE 36 (LE VIVIER) 85430 NIEUL LE DOLENT,85161,"46.57,-1.5169",Pylône autostable,33m,TDF,2024-05-30,SUP,,False,False
2784065,BOUYGUES TELECOM,LTE 2100,ALLEE DU PRE VERT 72360 MAYET,72191,"47.7608,0.2625",Pylône autostable,37m,BOUYGUES,2023-09-13,SUP,,False,False
2786409,BOUYGUES TELECOM,LTE 2100,ROUTE DE SAINT LO (LA COQUERIE - LA VACQUERIE) 14240 CAUMONT SUR AURE,14143,"49.0928,-0.8536",Pylône autostable,"28,5m",PHOENIX FRANCE INFRASTRUCTURES,2023-09-28,SUP,,False,False
2786411,BOUYGUES TELECOM,LTE 2100,ROUTE DE LA DEVOUGERIE (LES LONGS CHAMPS) 50270 LA HAYE D ECTOT,50235,"49.3878,-1.7214",Pylône autostable,"28,5m",PHOENIX FRANCE INFRASTRUCTURES,2023-10-31,SUP,,False,False
2786429,BOUYGUES TELECOM,LTE 2100,8 CROAS GUEN 22200 POMMERIT LE VICOMTE,22248,"48.6133,-3.0681",Pylône autostable,"32,6m",PHOENIX FRANCE INFRASTRUCTURES,2024-04-22,SUP,,False,False
2786464,BOUYGUES TELECOM,LTE 2100,KERBELLEC 56930 PLUMELIAU BIEUZY,56173,"47.9842,-2.935",Pylône autostable,"32,6m",PHOENIX FRANCE INFRASTRUCTURES,2023-10-12,SUP,,False,False
2786737,BOUYGUES TELECOM,LTE 2100,ROUTE DE SAINT HELENE (LE GUERNEVÉ) 56700 MERLEVENEZ,56130,"47.73,-3.2272",Pylône autostable,34m,TDF,2024-03-19,SUP,,False,False
2786803,BOUYGUES TELECOM,LTE 2100,LE JUCHERET (LES ECURIOUX) 86500 SAULGE,86254,"46.4106,0.8606",Pylône autostable,42m,PHOENIX FRANCE INFRASTRUCTURES,2024-12-18,SUP,,False,False
2787323,BOUYGUES TELECOM,LTE 2100,RUE DES SAISONS (LE CHAUSSAY) 41330 AVERDON,41009,"47.68,1.3272",Pylône autostable,"45,7m",Société Privée,2023-12-27,SUP,,False,False
2787960,BOUYGUES TELECOM,LTE 2100,RUE KERJOLY (TRAOU MAUDEZ) 22200 ST AGATHON,22272,"48.5672,-3.1339",Pylône autostable,37m,ON TOWER FRANCE,2025-09-18,SUP,,False,False
2788106,BOUYGUES TELECOM,LTE 2100,LES DROUETS ROUTE DU MOULIN 50320 FOLLIGNY,50188,"48.8033,-1.4239",Pylône autostable,"32,3m",PHOENIX FRANCE INFRASTRUCTURES,2024-10-21,SUP,,False,False
2788154,BOUYGUES TELECOM,LTE 2100,CHEMIN DE LA PREVOSTAIS (LA GONNERAIS) 35630 ST GONDRAN,35276,"48.2614,-1.8342",Pylône autostable,"26,3m",PHOENIX FRANCE INFRASTRUCTURES,2023-09-20,SUP,,False,False
2788656,BOUYGUES TELECOM,LTE 2100,CHEGURAT (LES COUTURES) 87250 FROMENTAL,87068,"46.1703,1.4069",Pylône autostable,"38,5m",CELLNEX,2023-12-18,SUP,,False,False
2789305,BOUYGUES TELECOM,LTE 2100,D51 (LA JUSTICE) 62160 AIX NOULETTE,62019,"50.4128,2.7308",Pylône autostable,"38,3m",CELLNEX,2023-12-20,SUP,,False,False
2789697,BOUYGUES TELECOM,LTE 2100,PROCHE ZA DES QUATRES TEMPS D65 (LA BUTTE DES AVENRYS) 22450 MANTALLOT,22141,"48.7144,-3.2897",Pylône autostable,"42,5m",PHOENIX FRANCE INFRASTRUCTURES,2023-12-27,SUP,,False,False
2790982,BOUYGUES TELECOM,LTE 2100,CHE DE SOUS LA MOR 50530 ST JEAN LE THOMAS,50496,"48.7267,-1.5178",Pylône autostable,44m,PHOENIX FRANCE INFRASTRUCTURES,2023-04-12,SUP,,False,False
2791061,BOUYGUES TELECOM,LTE 2100,LE LONG PRE 14260 MALHERBE SUR AJON,14037,"49.0664,-0.5667",Pylône autostable,"28,4m",PHOENIX FRANCE INFRASTRUCTURES,2023-07-12,SUP,,False,False
2791390,BOUYGUES TELECOM,LTE 2100,3 ZAC DU GROS BOIS (GROS BOIS) 22100 TRELIVAN,22364,"48.4436,-2.1156",Pylône autostable,"18,5m",PHOENIX FRANCE INFRASTRUCTURES,2024-06-24,SUP,,False,False
2793260,BOUYGUES TELECOM,LTE 2100,D20 LES ROCHERS (LA RUELLE GOUÈZEL) 35190 ST PERN,35307,"48.2847,-1.9783",Pylône autostable,36m,ATC FRANCE,2023-09-20,SUP,,False,False
2796247,BOUYGUES TELECOM,LTE 2100,172 B CHEM DE MENENPENTY 83720 TRANS EN PROVENCE,83141,"43.5103,6.4825",Pylône tubulaire,31m,ON TOWER FRANCE,2025-04-21,SUP,,False,False
2796297,BOUYGUES TELECOM,LTE 2100,RIGOURLES 22540 LOUARGAT,22135,"48.6069,-3.36",Pylône autostable,"38,3m",Société Privée,2023-04-05,SUP,,False,False
2798734,BOUYGUES TELECOM,LTE 2100,CHEMIN DE MALACHE (MALACHE) 86230 ST GERVAIS LES TROIS CLOCHERS,86224,"46.8856,0.4194",Pylône autostable,32m,TDF,2024-02-20,SUP,,False,False
2798741,BOUYGUES TELECOM,LTE 2100,7 ROUTE DU MOULIN DE BOUTAULT (LES CHAMPS) 86540 THURE,86272,"46.855,0.4028",Pylône autostable,32m,TDF,2024-02-07,SUP,,False,False
2798760,BOUYGUES TELECOM,LTE 2100,LA TOUR SAVARY (LES VARENNES DE LA PRÉE) 86490 COLOMBIERS,86081,"46.7614,0.3964",Pylône autostable,32m,TDF,2023-11-20,SUP,,False,False
2798768,BOUYGUES TELECOM,LTE 2100,LA GRAND MAISON 86230 ST GERVAIS LES TROIS CLOCHERS,86224,"46.9144,0.4433",Pylône autostable,32m,TDF,2023-11-02,SUP,,False,False
2798776,BOUYGUES TELECOM,LTE 2100,RUE DU BOIS-JACQUOT (LA CHATIERE) 86140 SCORBE CLAIRVAUX,86258,"46.8111,0.3894",Pylône autostable,37m,BOUYGUES,2023-10-12,SUP,,False,False
2798780,BOUYGUES TELECOM,LTE 2100,RUEZ DES VIGNES (LA GRANDE BRILLANTIÈRE) 44360 VIGNEUX DE BRETAGNE,44217,"47.3325,-1.7047",Pylône autostable,37m,ATC FRANCE,2023-09-28,SUP,,False,False
2798784,BOUYGUES TELECOM,LTE 2100,CHEMIN DES GRANDS BOIS  (LE PASSAUDRU) 86140 SCORBE CLAIRVAUX,86258,"46.7908,0.3894",Pylône autostable,39m,TDF,2023-10-18,SUP,,False,False
2800880,BOUYGUES TELECOM,LTE 2100, (LA BOUTELAYE) 86140 ST GENEST D AMBIERE,86221,"46.8364,0.3933",Pylône autostable,32m,BOUYGUES,2024-02-07,SUP,,False,False
2801403,BOUYGUES TELECOM,LTE 2100, (PECH SABATIER ET LES CAMPA) 34270 VALFLAUNES,34322,"43.7908,3.8653",Pylône autostable,"11,5m",CELLNEX,2023-11-06,SUP,,False,False
2802536,BOUYGUES TELECOM,LTE 2100,VALLEE DE LA TANNERIE STATION ÉPURATION LA PIGEONNIERE 45240 SENNELY,45309,"47.6858,2.1467",Pylône autostable,50m,BOUYGUES,2023-10-05,SUP,,False,False
2803454,BOUYGUES TELECOM,LTE 2100,RTE DE BRETHEL (LE HURLE) 61270 AUBE,61008,"48.7333,0.5425",Pylône autostable,"26,5m",CELLNEX,2023-12-28,SUP,,False,False
2804561,BOUYGUES TELECOM,LTE 2100,RTE DE PARTHENAY (BEAUVOIR) 79340 MENIGOUTE,79176,"46.5011,-0.0644",Pylône autostable,"40,4m",TDF,2023-10-18,SUP,,False,False
2804948,BOUYGUES TELECOM,LTE 2100,LE CHAMPS DU BOIS ROUFFIGNY RD 486 (LA JAUNAIE) 50800 VILLEDIEU LES POELES ROUFFIGNY,50639,"48.8089,-1.2658",Pylône autostable,"45,3m",ON TOWER FRANCE,2024-05-30,SUP,,False,False
2804963,BOUYGUES TELECOM,LTE 2100,RUE DE MERON IMPASSE DU CIMETIERE (LA HERSE) 49260 MONTREUIL BELLAY,49215,"47.1311,-0.1481",Pylône autostable,"26,3m",PHOENIX FRANCE INFRASTRUCTURES,2024-02-20,SUP,,False,False
2809000,BOUYGUES TELECOM,LTE 2100,11 R DES CHAMPS PROUST (ZI) 79100 THOUARS,79329,"46.9944,-0.2017",Pylône autostable,25m,PHOENIX FRANCE INFRASTRUCTURES,2023-11-16,SUP,,False,False
2809065,SFR,"UMTS 900, LTE 700, LTE 800, LTE 1800, LTE 2100, 5G NR 2100",VOIE COMMUNALE N°6 (LE FOND DE PILLIERS) 77250 VILLECERF,77501,"48.3294,2.8681",Pylône autostable,36m,TDF,,SUP,,False,True
2812381,BOUYGUES TELECOM,LTE 2100,ROUTE DES LAUDOUINS (LA CAMBRETTE) 14710 ASNIERES EN BESSIN,14023,"49.3675,-0.9322",Pylône autostable,"46,2m",CELLNEX,2023-12-18,SUP,,False,False
2812407,BOUYGUES TELECOM,LTE 2100,R ETIENNE BRULE ROUTE DU PARCOU 29260 PLOUDANIEL,29179,"48.5611,-4.3169",Pylône autostable,32m,BOUYGUES,2023-11-29,SUP,,False,False
2814176,BOUYGUES TELECOM,LTE 2100,139 RTE DES SOUCHES CHAMP DU BONHOMME 61210 MONTREUIL AU HOULME,61290,"48.6881,-0.2839",Pylône autostable,46m,PHOENIX FRANCE INFRASTRUCTURES,2023-05-10,SUP,,False,False
2816042,BOUYGUES TELECOM,LTE 2100, (LES PETITS BARBOTEAUX) 86230 MONDION,86162,"46.9442,0.4578",Pylône autostable,42m,TDF,2023-10-12,SUP,,False,False
2816194,BOUYGUES TELECOM,5G NR 3500,67 R DES CHARDONNERETS 93290 TREMBLAY EN FRANCE,93073,"48.9825,2.5156",Pylône tubulaire,30m,CELLNEX,,AJO,,False,False
2817478,BOUYGUES TELECOM,LTE 2100,29 B LA CAMPAGNE (LA CAMPAGNE) 50160 LAMBERVILLE,50261,"49.0633,-0.9194",Pylône autostable,"40,5m",PHOENIX FRANCE INFRASTRUCTURES,2023-08-02,SUP,,False,False
2817547,BOUYGUES TELECOM,LTE 2100,R DE RENAUDEAU 44150 VAIR SUR LOIRE,44163,"47.3767,-1.1089",Pylône autostable,33m,TDF,2023-11-13,SUP,,False,False
2817551,BOUYGUES TELECOM,LTE 2100,LES RENARDIERES 79120 ROM,79230,"46.3342,0.1472",Pylône autostable,32m,TDF,2023-10-18,SUP,,False,False
2818367,BOUYGUES TELECOM,LTE 2100,VOIE RURALE DITE DU BAS DES PLAINES (LES PLAINES) 27600 HEUDEBOUVILLE,27332,"49.2011,1.2264",Pylône autostable,"51,9m",CELLNEX,2024-01-18,SUP,,False,False
2818765,BOUYGUES TELECOM,LTE 2100,5 AV DE LA POINTE 56340 CARNAC,56034,"47.5731,-3.0564",Pylône tubulaire,"24,2m",CELLNEX,2024-07-25,SUP,,False,False
2818973,BOUYGUES TELECOM,LTE 2100,ROUTE DU MOTTAY (CHAMP DU HOUX) 72150 ST VINCENT DU LOROUER,72325,"47.8219,0.5103",Pylône autostable,44m,CELLNEX,2024-05-28,SUP,,False,False
2819277,BOUYGUES TELECOM,LTE 2100,RUE DE LA PAILLE (LE CHAMP PERDU) 18340 PLAIMPIED GIVAUDINS,18180,"46.995,2.445",Pylône autostable,30m,ATC FRANCE,2024-06-24,SUP,,False,False
2819277,SFR,5G NR 3500,RUE DE LA PAILLE (LE CHAMP PERDU) 18340 PLAIMPIED GIVAUDINS,18180,"46.995,2.445",Pylône autostable,30m,ATC FRANCE,2026-07-30,ALL,,False,False
2819331,BOUYGUES TELECOM,LTE 2100,CHEM DU GRAND BEAUMONT (LE GRAND BEAUMONT) 50300 ST LOUP,50505,"48.6764,-1.2869",Pylône autostable,26m,PHOENIX FRANCE INFRASTRUCTURES,2023-09-13,SUP,,False,False
2819812,ZEOP,UMTS 900,NOUVELLE ROUTE DU LITTORAL (LA GRANDE CHALOUPE) 97419 LA POSSESSION,97408,"-20.8975,55.3697",Pylône tubulaire,8m,TDF,,AJO,,False,False
2819823,BOUYGUES TELECOM,LTE 2100,60 RUE DES MÉTIERS 50400 GRANVILLE,50218,"48.8408,-1.5606",Pylône autostable,34m,BOUYGUES,2023-06-30,SUP,,False,False
2820275,ORANGE,5G NR 2100,CHEMIN DES FORGES  CHEMIN RURAL (LA CROUZETTE) 24220 ST CYPRIEN,24396,"44.915,0.995",Pylône autostable,30m,TOTEM,2026-07-28,ALL,,False,False
2820407,BOUYGUES TELECOM,LTE 2100, (L'ESSART) 86370 MARCAY,86145,"46.4542,0.2092",Pylône autostable,45m,TDF,2024-03-14,SUP,,False,False
2820434,BOUYGUES TELECOM,LTE 2100,480 RUE PASTEUR 85170 LE POIRE SUR VIE,85178,"46.7419,-1.4353",Pylône autostable,49m,Société Privée,2023-12-29,SUP,,False,False
2820458,BOUYGUES TELECOM,LTE 2100,D31 ROZ AVEL (MELCHENNEC) 29400 GUIMILIAU,29074,"48.4978,-3.9953",Pylône autostable,"38,3m",PHOENIX FRANCE INFRASTRUCTURES,2023-10-18,SUP,,False,False
2821637,BOUYGUES TELECOM,LTE 2100,R DU CHÊNE 86450 PLEUMARTIN,86193,"46.7361,0.7558",Pylône autostable,36m,PHOENIX FRANCE INFRASTRUCTURES,2024-05-30,SUP,,False,False
2823888,ORANGE,5G NR 2100,A65 (MOULIN LARRIEU) 64450 ARGELOS,64043,"43.4636,-0.3583",Pylône autostable,36m,ATC FRANCE,2026-07-30,ALL,,False,False
2824662,BOUYGUES TELECOM,LTE 2100,ROUTE DE LA FONTAINE ST COME LA MAISON DES BOIS (LES FOURNEAUX) 45450 FAY AUX LOGES,45142,"47.9361,2.1419",Pylône autostable,36m,ORANGE,2024-09-18,SUP,,False,False
2825282,BOUYGUES TELECOM,LTE 2100,ROUTE DE L'EGALITE (LES GARLANDES) 34310 MONTADY,34161,"43.3406,3.1186",Pylône autostable,"20,3m",BOUYGUES,2024-06-17,SUP,,False,False
2825284,BOUYGUES TELECOM,LTE 2100,PROCHE CHEMIN DES CONDAMINES TRAVERSE ROUVIERES (LES CONDAMINES) 34230 POPIAN,34208,"43.6183,3.5275",Pylône autostable,26m,PHOENIX FRANCE INFRASTRUCTURES,2025-12-04,SUP,,False,False
2825674,BOUYGUES TELECOM,LTE 2100,184 RUE DU 21 SEPTEMBRE 1792 CHEMIN RURAL LA CROUX (LA CROUX) 30350 DOMESSARGUES,30104,"43.9839,4.1647",Pylône autostable,32m,CELLNEX,2023-12-29,SUP,,False,False
2825973,BOUYGUES TELECOM,LTE 2100,CHEMIN DU KLEGUER CHEMIN D'EXPLOITATION 227 (MENEZ CAON) 29560 TELGRUC SUR MER,29280,"48.2264,-4.3808",Pylône autostable,30m,TDF,2023-08-17,SUP,,False,False
2826380,BOUYGUES TELECOM,LTE 2100,LES BOIS DES MONTS (BELLEVUE) 87310 COGNAC LA FORET,87046,"45.8367,1.0022",Pylône autostable,38m,TDF,2023-10-25,SUP,,False,False
2826801,BOUYGUES TELECOM,LTE 2100,22 R PIERRE FOUSCHIER 85200 FONTENAY LE COMTE,85092,"46.4622,-0.7833",Immeuble,"40,3m",Société HLM,2024-07-31,SUP,,False,False
2826843,BOUYGUES TELECOM,LTE 2100,CHEM DES GARENNES (LES VALLEES) 86600 CELLE LEVESCAULT,86045,"46.3747,0.1844",Pylône autostable,42m,TDF,2023-10-19,SUP,,False,False
2827904,BOUYGUES TELECOM,LTE 2100,ROUTE DE LA VILLEDIEU CHAMPS DE LA CURE 86340 ASLONNES,86010,"46.4464,0.3411",Pylône autostable,"25,3m",BOUYGUES,2024-05-21,SUP,,False,False
2828378,BOUYGUES TELECOM,LTE 2100, (25 RUE HENRI KRATZ) 27380 DOUVILLE SUR ANDELLE,27205,"49.3364,1.3033",Pylône autostable,36m,ATC FRANCE,2025-12-11,SUP,,False,False
2830225,BOUYGUES TELECOM,LTE 2100,RUE DU BOIS TERRAIN DES SPORTS (LE BOIS DE LA HAIE) 22350 CAULNES,22032,"48.2792,-2.165",Pylône autostable,"28,5m",BOUYGUES,2024-10-01,SUP,,False,False
2830229,BOUYGUES TELECOM,LTE 2100, (LES TRANCHIS COUHE) 86700 VALENCE EN POITOU,86082,"46.2881,0.1814",Pylône autostable,34m,CELLNEX,2024-10-22,SUP,,False,False
2830233,BOUYGUES TELECOM,LTE 2100,5 ROUTE DE VERGNE (LES PATIS DES FAYOLLES) 86400 SAVIGNE,86255,"46.1619,0.3131",Pylône autostable,"26,3m",CELLNEX,2024-03-06,SUP,,False,False
2832833,BOUYGUES TELECOM,LTE 2100,2 RTE DU PETIT MOULIN SERVICE TECHNIQUE MUNICIPAL (LA VILLE BÉE) 22800 PLAINE HAUTE,22170,"48.4497,-2.8575",Pylône autostable,"32,3m",CELLNEX,2023-11-16,SUP,,False,False
2835239,BOUYGUES TELECOM,LTE 2100,R DU CLOS MOULIN LES BROUILLARDS OUEST 86200 MOUTERRE SILLY,86173,"46.9961,0.0464",Pylône autostable,"38,3m",BOUYGUES,2023-11-09,SUP,,False,False
2835310,BOUYGUES TELECOM,LTE 2100,ROUTE D'OLIVET STATION D'ÉPURATION ET DÉCHÈTERIE (BOISGIBAULT) 45160 ARDON,45006,"47.7828,1.8675",Pylône autostable,38m,BOUYGUES,2024-02-19,SUP,,False,False
2836332,BOUYGUES TELECOM,LTE 2100,58 AV DU ROCHER CSEC (LE CHAMP HUE) 50300 AVRANCHES,50025,"48.6753,-1.3308",Bâtiment,41m,"SDIS, secours, incendie",2024-03-04,SUP,,False,False
2836811,BOUYGUES TELECOM,LTE 2100,PROCHE D20 (BOIS FOUET) 86140 CERNAY,86047,"46.8281,0.2958",Pylône autostable,"31,2m",ATC FRANCE,2024-06-05,SUP,,False,False
2836929,BOUYGUES TELECOM,LTE 2100,1 ROUTE DE DOMFRONT DEPARTEMENTALE 21 (LES MALIS) 61220 BRIOUZE,61063,"48.6936,-0.3756",Pylône autostable,27m,CELLNEX,2024-03-14,SUP,,False,False
2836942,BOUYGUES TELECOM,LTE 2100,ROUTE BUTTE DE LAURAY D19 86330 MONCONTOUR,86161,"46.8414,-0.0075",Pylône autostable,"38,3m",CELLNEX,2023-10-31,SUP,,False,False
2837011,BOUYGUES TELECOM,LTE 2100,R MAS DU BAYLE 30250 COMBAS,30088,"43.8547,4.105",Pylône autostable,21m,PHOENIX FRANCE INFRASTRUCTURES,2025-05-05,SUP,,False,False
2838335,BOUYGUES TELECOM,LTE 2100,BOIS DE NEUILLÉ CHEMIN D'EXPLOITATION (LA VOYETTE) 86200 CEAUX EN LOUDUN,86044,"47.055,0.2356",Pylône autostable,"32,3m",BOUYGUES,2024-02-20,SUP,,False,False
2838338,BOUYGUES TELECOM,LTE 2100,CHEMIN DU GOH VELENEC	 (COMPLEXE SPORTIF YVES CHAPRON) 56640 ARZON,56005,"47.5531,-2.9014",Pylône tubulaire,"25,5m",CELLNEX,2025-03-13,SUP,,False,False
2839223,BOUYGUES TELECOM,LTE 2100,RUE DU PENQUER (KERROUE) 29400 PLOUNEVENTER,29204,"48.5164,-4.2164",Pylône autostable,32m,ATC FRANCE,2024-07-18,SUP,,False,False
2839240,BOUYGUES TELECOM,LTE 2100,ROUTE DE LANGONERY (KERNONEN) 29810 BRELES,29017,"48.4808,-4.7083",Pylône autostable,33m,ATC FRANCE,2023-11-29,SUP,,False,False
2842481,BOUYGUES TELECOM,LTE 2100,CH. COM. (ROZ AR BEUZ) 29610 GARLAN,29059,"48.6228,-3.7589",Pylône autostable,"25,3m",PHOENIX FRANCE INFRASTRUCTURES,2024-03-14,SUP,,False,False
2843606,BOUYGUES TELECOM,LTE 2100,ROUTE DU MESNIL JOSSELIN 27270 LA TRINITE DE REVILLE,27660,"48.9689,0.5158",Pylône autostable,44m,CELLNEX,2023-10-31,SUP,,False,False
2843619,BOUYGUES TELECOM,LTE 2100,ROUTE DU MARECHAL SAXE 41220 ST LAURENT NOUAN,41220,"47.6786,1.5564",Pylône autostable,30m,PHOENIX FRANCE INFRASTRUCTURES,2024-10-06,SUP,,False,False
2844702,SFR,UMTS 900,20 RUE DES ALOUETTES LES HIRONDELLES 67380 LINGOLSHEIM,67267,"48.5533,7.6911",Immeuble,43m,Société Privée,,SUP,,False,False
2845156,BOUYGUES TELECOM,5G NR 3500,PROCHE RUE DE L ÉGALITÉ (EN MARGILLAT) 01851 MARBOZ,01232,"46.3439,5.2619",Pylône autostable,"37,5m",ATC FRANCE,2026-06-18,ART,,False,False
2845824,BOUYGUES TELECOM,LTE 2100,LES GLAUDES 18110 FUSSY,18097,"47.1283,2.4114",Pylône autostable,"33,8m",CELLNEX,2023-12-27,SUP,,False,False
2848483,BOUYGUES TELECOM,LTE 2100,RUE DE BEAUSEJOUR (LES MARES) 85150 LES ACHARDS,85152,"46.6231,-1.6528",Pylône autostable,26m,CELLNEX,2024-02-20,SUP,,False,False
2849008,BOUYGUES TELECOM,LTE 2100,CHEMIN PROCHE STATION ÉPURATION (PERICHAT) 86380 ST MARTIN LA PALLU,86281,"46.7067,0.3019",Pylône autostable,19m,BOUYGUES,2024-05-21,SUP,,False,False
2849426,BOUYGUES TELECOM,LTE 2100,RUE DES MARRONNIERS (PROLONGEMENT) 86400 ST GAUDENT,86220,"46.1278,0.2733",Pylône autostable,"38,3m",BOUYGUES,2024-11-13,SUP,,False,False
2850684,BOUYGUES TELECOM,LTE 2100,RUE DU CHENE FERRE (CHAMPS PERRINE) 86420 GUESNES,86109,"46.9089,0.1664",Pylône autostable,"34,5m",CELLNEX,2023-10-31,SUP,,False,False
2851037,BOUYGUES TELECOM,LTE 2100, (LES VALADIERES) 86370 MARIGNY CHEMEREAU,86147,"46.4128,0.205",Pylône autostable,33m,TDF,2024-10-10,SUP,,False,False
2851061,BOUYGUES TELECOM,LTE 2100,LA CRIÈRE 50420 TESSY BOCAGE,50592,"48.9475,-1.0514",Pylône autostable,47m,TDF,2024-10-21,SUP,,False,False
2851170,BOUYGUES TELECOM,LTE 2100,RTE DE KERLAZ 29650 PLOUIGNEAU,29199,"48.5994,-3.7206",Pylône autostable,"32,6m",PHOENIX FRANCE INFRASTRUCTURES,2024-04-22,SUP,,False,False
2851914,BOUYGUES TELECOM,LTE 2100,ROUTE DE GIEVILLE D86 CHEMIN D'EXPLOITATION N°1 50890 CONDE SUR VIRE,50139,"49.0464,-1.0331",Pylône autostable,33m,ATC FRANCE,2024-06-17,SUP,,False,False
2852301,ORANGE,"UMTS 900, LTE 700",RUE DE LA BATTEUSE (BRUNNNENGAERTEL) 67190 HEILIGENBERG,67188,"48.5425,7.3911",Pylône autostable,30m,ORANGE,2023-07-25,SUP,,True,False
2852495,BOUYGUES TELECOM,LTE 2100,24 CHEMIN DES NOUES HIPPODROME DE CHALLANS 85300 CHALLANS,85047,"46.8306,-1.8869",Pylône autostable,39m,BOUYGUES,2022-12-22,SUP,,False,False
2853004,BOUYGUES TELECOM,LTE 2100,24 R DU PLESSIS 79200 LE TALLUD,79322,"46.6378,-0.2956",Pylône autostable,30m,CELLNEX,2024-11-27,SUP,,False,False
2855066,BOUYGUES TELECOM,LTE 2100,VOIE COMMUNALE N°238 ARGOUGES (LA MAISON NEUVE) 50240 ST JAMES,50487,"48.4906,-1.3831",Pylône autostable,"44,3m",CELLNEX,2024-04-22,SUP,,False,False
2856897,BOUYGUES TELECOM,LTE 2100,LE CAMZON 56390 LOCMARIA GRAND CHAMP,56115,"47.7647,-2.7764",Pylône autostable,"38,6m",PHOENIX FRANCE INFRASTRUCTURES,2024-11-25,SUP,,False,False
2856900,BOUYGUES TELECOM,LTE 2100,RTE DE LANGUEDOC 86530 CENON SUR VIENNE,86046,"46.7692,0.5269",Pylône autostable,32m,CELLNEX,2025-03-04,SUP,,False,False
2857021,ORANGE,LTE 1800,RUE MENAGE (LES COTES) 62990 CONTES,62236,"50.4108,1.9636",Pylône autostable,"33,3m",CELLNEX,,AJO,,True,False
2858811,BOUYGUES TELECOM,LTE 2100,11 R DE L'HIPPOCAMPE 11430 GRUISSAN,11170,"43.1017,3.1108",Pylône tubulaire,15m,PHOENIX FRANCE INFRASTRUCTURES,2025-10-30,SUP,,False,False
2861213,BOUYGUES TELECOM,LTE 2100,CHEMIN DE L'ESPERANCE 49750 CHEMILLE EN ANJOU,49092,"47.2147,-0.7344",Pylône autostable,30m,CELLNEX,2024-04-09,SUP,,False,False
2863351,BOUYGUES TELECOM,LTE 2100,ROUTE DE GAVRAY 50450 LE MESNIL VILLEMAN,50326,"48.8681,-1.3197",Pylône autostable,"32,3m",CELLNEX,2023-10-12,SUP,,False,False
2863820,BOUYGUES TELECOM,LTE 2100,PROCHE ROUTE DE LA PUYE (LES CHAMPS BALLINS) 86300 BONNES,86031,"46.6097,0.6114",Pylône autostable,"36,5m",TDF,2023-09-21,SUP,,False,False
2864664,BOUYGUES TELECOM,LTE 2100, (KERMOGAN) 56620 PONT SCORFF,56179,"47.8161,-3.4008",Pylône autostable,52m,CELLNEX,2023-12-28,SUP,,False,False
2864691,BOUYGUES TELECOM,LTE 2100,LA PETITE LANDE 35360 LA CHAPELLE DU LOU DU LAC,35060,"48.2175,-1.9792",Pylône autostable,"32,6m",PHOENIX FRANCE INFRASTRUCTURES,2023-12-14,SUP,,False,False
2865213,BOUYGUES TELECOM,LTE 2100,138 L'ORME DE LA GARDE 18290 POISIEUX,18182,"47.0275,2.0922",Pylône autostable,"33,8m",PHOENIX FRANCE INFRASTRUCTURES,2024-07-18,SUP,,False,False
2865215,BOUYGUES TELECOM,LTE 2100,RUE DU TRAM (MOUDESIA) 22980 PLELAN LE PETIT,22180,"48.4283,-2.2194",Pylône autostable,32m,CELLNEX,2025-01-10,SUP,,False,False
2866056,BOUYGUES TELECOM,LTE 2100,43 R JULES LE BOURDIEC 56570 LOCMIQUELIC,56118,"47.7253,-3.3297",Pylône tubulaire,"31,5m",BOUYGUES,2024-11-05,SUP,,False,False
2866058,BOUYGUES TELECOM,LTE 2100,RTE DU GRANIT 50670 ST MICHEL DE MONTJOIE,50525,"48.7628,-1.0239",Pylône autostable,32m,CELLNEX,2023-10-18,SUP,,False,False
2866062,BOUYGUES TELECOM,LTE 2100,16 LE PLESSIX BEUSCHER (LE  PLESSIX-BEUSCHER) 35220 CHATEAUBOURG,35068,"48.1014,-1.3972",Pylône autostable,"32,6m",PHOENIX FRANCE INFRASTRUCTURES,2024-08-27,SUP,,False,False
2866417,BOUYGUES TELECOM,LTE 2100,CHEMIN DE LA FONTAINE BOISSELLE (LA BOISSELLE) 35260 CANCALE,35049,"48.6881,-1.8631",Pylône autostable,27m,ON TOWER FRANCE,2024-09-18,SUP,,False,False
2867326,BOUYGUES TELECOM,LTE 2100,14 RUE DU STADE 29710 GOURLIZON,29065,"48.0203,-4.265",Pylône tubulaire,"19,5m",CELLNEX,2024-03-14,SUP,,False,False
2868960,BOUYGUES TELECOM,LTE 2100,CHEMIN DE CHEUX LES GRANDS CHAMPS 14310 VILLERS BOCAGE,14752,"49.0861,-0.6425",Pylône autostable,"28,4m",CELLNEX,2023-12-29,SUP,,False,False
2869393,BOUYGUES TELECOM,LTE 2100,CHEM DU GRÈS (LE GRÈS) 30340 MEJANNES LES ALES,30165,"44.1025,4.1408",Pylône autostable,"20,5m",CELLNEX,2024-10-06,SUP,,False,False
2870181,BOUYGUES TELECOM,LTE 2100,5 R BAUTIAS AEROPOLE 30128 GARONS,30125,"43.7764,4.4242",Pylône autostable,27m,BOUYGUES,2024-10-06,SUP,,False,False
2870184,ORANGE,"LTE 700, LTE 800, LTE 1800, 5G NR 2100",LE GRAND DRUBE (SUR LES DAMIETTES) 89100 GRON,89195,"48.1544,3.2472",Pylône autostable,"32,3m",CELLNEX,,SUP,,False,True
2870252,BOUYGUES TELECOM,LTE 2100,RUE DE LA VALLEE (LA VALLEE) 45300 ASCOUX,45010,"48.1169,2.2472",Pylône autostable,32m,TDF,2024-01-22,SUP,,False,False
2870825,BOUYGUES TELECOM,LTE 2100,ROUTE DE REMOULINS DEPARTEMENTALE 986L 30300 COMPS,30089,"43.8517,4.5994",Pylône autostable,21m,BOUYGUES,2024-09-05,SUP,,False,False
2870833,BOUYGUES TELECOM,LTE 2100,R LA CHASSE CEINTURE (LE CORMORAN BOIT) 50620 CARENTAN LES MARAIS,50099,"49.305,-1.2203",Pylône autostable,"32,3m",CELLNEX,2024-11-21,SUP,,False,False
2872025,ORANGE,5G NR 2100,ROUTE DE LA COUSTÈTE (PELUHO) 40240 MAUVEZIN D ARMAGNAC,40176,"43.96,-0.1317",Pylône autostable,24m,TOTEM,2026-08-03,ALL,,False,False
2872068,BOUYGUES TELECOM,LTE 2100,R DES COMMUNS (LA VILLE ALLAIN) 22240 FREHEL,22179,"48.6228,-2.3747",Pylône autostable,30m,TDF,2023-12-29,SUP,,False,False
2872780,BOUYGUES TELECOM,LTE 2100,ROUTE DE BOURG (LA PRAIRIE) 01240 LENT,01211,"46.1278,5.1919",Pylône autostable,38m,CELLNEX,2024-04-22,SUP,,False,False
2873436,BOUYGUES TELECOM,LTE 2100,IMPASSE AMIOT 44150 ANCENIS ST GEREON,44003,"47.3986,-1.1831",Pylône autostable,32m,CELLNEX,2024-04-15,SUP,,False,False
2873771,BOUYGUES TELECOM,LTE 2100,3050 CHEMIN DONNE 13560 SENAS,13105,"43.7425,5.0728",Pylône autostable,"26,3m",PHOENIX FRANCE INFRASTRUCTURES,2024-12-19,SUP,,False,False
2873965,BOUYGUES TELECOM,LTE 2100,ROUTE LA VALETTE CIMETIERE (LE CHAMP DU FRESNE) 35440 GUIPEL,35128,"48.3006,-1.715",Pylône autostable,36m,ATC FRANCE,2023-11-27,SUP,,False,False
2874034,BOUYGUES TELECOM,LTE 2100,17 RUE ALPHONSE DAUDET 45700 VILLEMANDEUR,45338,"47.9883,2.7119",Pylône autostable,"26,3m",CELLNEX,2025-09-18,SUP,,False,False
2877708,BOUYGUES TELECOM,LTE 2100,LES CAILLOUX (LA BUTTE) 61110 REMALARD EN PERCHE,61345,"48.4131,0.7683",Pylône autostable,45m,TDF,2024-02-28,SUP,,False,False
2879657,BOUYGUES TELECOM,LTE 2100,ZA DU CHEM VERT ROUTE COMMUNALE 23 22550 MATIGNON,22143,"48.5936,-2.2767",Pylône autostable,"33,8m",CELLNEX,2024-07-25,SUP,,False,False
2879905,BOUYGUES TELECOM,LTE 2100,5001 R DE LA CHENAIE 49460 CANTENAY EPINARD,49055,"47.5422,-0.5703",Pylône autostable,"18,5m",CELLNEX,2024-03-14,SUP,,False,False
2879917,BOUYGUES TELECOM,"LTE 2100, 5G NR 3500",266 R DE FOUGÈRES 35700 RENNES,35238,"48.1278,-1.6475",Immeuble,"20,1m","Copropriété, Syndic, SCI",,SUP,,False,True
2880198,BOUYGUES TELECOM,LTE 2100,1 R DE LA LANDETTE 85500 MESNARD LA BAROTIERE,85144,"46.8533,-1.1039",Pylône autostable,"34,5m",CELLNEX,2024-11-27,SUP,,False,False
2880367,BOUYGUES TELECOM,LTE 2100,LA FUYE 37120 MARIGNY MARMANDE,37148,"46.9661,0.4886",Pylône autostable,33m,TDF,2024-05-29,SUP,,False,False
2881589,BOUYGUES TELECOM,LTE 2100,RTE D'ABBARETZ 44170 NOZAY,44113,"47.5639,-1.6089",Pylône autostable,31m,CELLNEX,2024-07-16,SUP,,False,False
2881877,BOUYGUES TELECOM,LTE 2100,CHEM DE SAINT-MACAIRE (LE PERUSSAS) 34120 TOURBES,34311,"43.4419,3.3728",Pylône autostable,"24,2m",ORANGE,2024-03-19,SUP,,False,False
2882736,BOUYGUES TELECOM,LTE 2100,AV DU GAL DE GAULLE 85200 FONTENAY LE COMTE,85092,"46.4661,-0.8256",Pylône tubulaire,"25,5m",CELLNEX,2025-10-24,SUP,,False,False
2883870,BOUYGUES TELECOM,LTE 2100,RTE DE NEUVILLE (LA FORET D'IVRY) 27220 ST ANDRE DE L EURE,27507,"48.9053,1.2914",Pylône autostable,42m,CELLNEX,2025-07-10,SUP,,False,False
2883990,BOUYGUES TELECOM,LTE 2100,417 R LÉON JOUHAUX 50000 ST LO,50502,"49.1136,-1.0544",Pylône autostable,26m,CELLNEX,2024-07-18,SUP,,False,False
2884326,BOUYGUES TELECOM,LTE 2100,BRUNGUEN 29510 LANDREVARZEC,29106,"48.0881,-4.0533",Pylône tubulaire,"24,4m",PHOENIX FRANCE INFRASTRUCTURES,2024-08-07,SUP,,False,False
2885076,BOUYGUES TELECOM,"LTE 700, LTE 800",PROCHE DE LA D979 (LE RHONY) 30470 AIMARGUES,30006,"43.7072,4.2131",Pylône autostable,33m,TOTEM,2026-08-06,ALL,,False,True
2885194,FREE MOBILE,"LTE 700, LTE 900, 5G NR 700",CHEMIN DE VIVOUR 87260 ST HILAIRE BONNEVAL,87148,"45.7283,1.3492",Pylône autostable,"44,6m",TDF,2026-08-03,ALL,,False,False
2885209,BOUYGUES TELECOM,LTE 2100,D69 (LA CLOTURE) 22600 TREVE,22376,"48.2169,-2.8019",Pylône autostable,"26,6m",CELLNEX,2024-09-10,SUP,,False,False
2885211,BOUYGUES TELECOM,LTE 2100,18 R HELENE BOUCHER 22190 PLERIN,22187,"48.5439,-2.7806",Pylône autostable,43m,CELLNEX,2024-05-21,SUP,,False,False
2885213,BOUYGUES TELECOM,LTE 2100,27 R DES ECOLES 41000 BLOIS,41018,"47.5939,1.3275",Pylône tubulaire,25m,CELLNEX,2024-11-13,SUP,,False,False
2885544,BOUYGUES TELECOM,LTE 2100,PROCHE RUE  LE POITEVIN (SAUDAIS) 37800 DRACHE,37098,"47.0817,0.6403",Pylône autostable,33m,TDF,2024-11-14,SUP,,False,False
2885642,BOUYGUES TELECOM,LTE 2100, (LA PLANCHE) 22130 CREHEN,22049,"48.5403,-2.1978",Pylône autostable,37m,CELLNEX,2025-03-06,SUP,,False,False
2885931,BOUYGUES TELECOM,LTE 2100,CHE DE LA HUCHETIÈRE (LA HUCHETIÈRE) 41270 CHAUVIGNY DU PERCHE,41048,"47.9556,1.0603",Pylône autostable,32m,TDF,2024-12-20,SUP,,False,False
2886094,BOUYGUES TELECOM,LTE 2100,LA COMBRIOU 49750 CHEMILLE EN ANJOU,49092,"47.225,-0.7197",Pylône autostable,26m,CELLNEX,2024-06-11,SUP,,False,False
2886277,BOUYGUES TELECOM,LTE 2100,LE GUE DES PIERRES (LA CAUDIÈRE) 37800 PUSSIGNY,37190,"46.9961,0.5367",Pylône autostable,52m,TDF,2024-04-29,SUP,,False,False
2886307,BOUYGUES TELECOM,LTE 2100,LES RUAUX 37250 SORIGNY,37250,"47.2397,0.6631",Pylône autostable,33m,TDF,2024-05-06,SUP,,False,False
2886462,BOUYGUES TELECOM,LTE 2100,LA LUNELIERE D473 50870 LE PARC,50535,"48.7481,-1.3039",Pylône autostable,45m,BOUYGUES,2024-05-28,SUP,,False,False
2887193,BOUYGUES TELECOM,LTE 2100,KERZU BRAS 29800 ST DIVY,29245,"48.4533,-4.3086",Pylône autostable,"34,4m",CELLNEX,2024-02-20,SUP,,False,False
2887197,BOUYGUES TELECOM,LTE 2100,LIEU-DIT  L'AUDOUINIÈRE (L'AUDOUINIÈRE) 85130 ST MARTIN DES TILLEULS,85247,"46.9733,-1.0408",Pylône autostable,"26,3m",CELLNEX,2024-09-19,SUP,,False,False
2887457,BOUYGUES TELECOM,LTE 2100,LES LANDES DE L'ETANG 85670 FALLERON,85086,"46.8586,-1.6933",Pylône autostable,33m,CELLNEX,2023-10-26,SUP,,False,False
2887459,BOUYGUES TELECOM,LTE 2100,160 CHEM DES GRENADIERS 34800 CANET,34051,"43.6028,3.4836",Château d'eau - réservoir,36m,"Syndicat des eaux, Adduction",2025-04-07,SUP,,False,False
2888208,BOUYGUES TELECOM,LTE 2100,A COTÉ DE LA DÉCHETTERIE DE LOUÉ (LES CURES) 72540 LOUE,72168,"47.9917,-0.1339",Pylône autostable,35m,CELLNEX,2024-12-20,SUP,,False,False
2888210,BOUYGUES TELECOM,LTE 2100,RUE YVES CONSTANTIN (PIECE DE LA TROUSSELIERE) 49330 LES HAUTS D ANJOU,49080,"47.6814,-0.5075",Pylône autostable,25m,CELLNEX,2024-07-18,SUP,,False,False
2888995,BOUYGUES TELECOM,LTE 2100,R DE L'ARAMON BASSIN DE RÉTENTION D'EAU (BASSIN DE RETENTION D'EAU CHAM) 34370 MARAUSSAN,34148,"43.3658,3.1461",Pylône autostable,33m,TOTEM,2025-03-04,SUP,,False,False
2889527,BOUYGUES TELECOM,LTE 2100,105 RUE DE L'ANCIEN CHATEAU D'EAU/R DU MOULIN 79230 AIFFRES,79003,"46.2964,-0.4183",Pylône autostable,24m,CELLNEX,2024-06-07,SUP,,False,False
2890422,BOUYGUES TELECOM,LTE 2100,STATION D'ÉPURATION D'ADISSAN (240 VALAT DE SICARD) 34230 ADISSAN,34002,"43.5286,3.4342",Pylône autostable,38m,TOTEM,2025-09-25,SUP,,False,False
2890863,BOUYGUES TELECOM,LTE 2100, D17 (LA BOURDONNIÈRE) 13760 ST CANNAT,13091,"43.59,5.2744",Pylône autostable,33m,TDF,2024-12-09,SUP,,False,False
2891322,BOUYGUES TELECOM,LTE 2100,LIEU-DIT LES PETITS GUES (LES PETITS GUES) 44130 BLAIN,44015,"47.4739,-1.7725",Pylône autostable,31m,CELLNEX,2025-08-13,SUP,,False,False
2891473,BOUYGUES TELECOM,LTE 2100,ROUTE DU QUESNAY (LE QUESNAY HAMEAU) 76160 PREAUX,76509,"49.4831,1.2425",Pylône autostable,"26,5m",CELLNEX,2024-12-26,SUP,,False,False
2891710,BOUYGUES TELECOM,LTE 2100,1 LES CHATAIGNIERS 37110 SAUNAY,37240,"47.5847,0.9914",Pylône autostable,37m,TDF,2024-10-15,SUP,,False,False
2891928,BOUYGUES TELECOM,LTE 2100,6 R DE L'ETANG 35320 SAULNIERES,35321,"47.9131,-1.59",Pylône autostable,"28,5m",CELLNEX,2024-12-12,SUP,,False,False
2891930,BOUYGUES TELECOM,LTE 2100,BRISEMUET 41270 LA FONTENELLE,41089,"48.0606,1.0747",Pylône autostable,"33,3m",TDF,2024-11-06,SUP,,False,False
2892771,BOUYGUES TELECOM,LTE 2100,CHEMIN DE COUHÉ 79120 STE SOLINE,79297,"46.25,0.0431",Pylône autostable,"32,3m",PHOENIX FRANCE INFRASTRUCTURES,2023-10-12,SUP,,False,False
2892867,BOUYGUES TELECOM,LTE 2100,LE GUERNOL 56920 ST GONNERY,56215,"48.1239,-2.8358",Pylône autostable,"32,6m",CELLNEX,2024-07-03,SUP,,False,False
2893249,BOUYGUES TELECOM,LTE 2100,ROUTE  LA PELOUSE ANGELARD 49650 BRAIN SUR ALLONNES,49041,"47.3094,0.0728",Pylône autostable,"26,6m",CELLNEX,2024-08-27,SUP,,False,False
2893251,BOUYGUES TELECOM,LTE 2100,CHEMIN VERS LE GOAZEL (MOULI CADIOU) 22290 GOUDELIN,22065,"48.6061,-3.0306",Pylône autostable,"38,5m",CELLNEX,2024-10-15,SUP,,False,False
2893257,BOUYGUES TELECOM,LTE 2100,LA COULEE 44130 LE GAVRE,44062,"47.5339,-1.7567",Pylône autostable,"38,5m",CELLNEX,2024-11-14,SUP,,False,False
2893685,BOUYGUES TELECOM,LTE 2100,LA GRANDE LAUDELE (LA MORANDIERE) 35220 ST JEAN SUR VILAINE,35283,"48.1203,-1.3492",Pylône autostable,"32,6m",CELLNEX,2025-01-22,SUP,,False,False
2893689,BOUYGUES TELECOM,LTE 2100,6 ZONE ARTISANALE DE KERGADIC RTE DE PLEUMEUR BODOU 22700 PERROS GUIREC,22168,"48.805,-3.4711",Pylône autostable,"32,6m",CELLNEX,2024-10-06,SUP,,False,False
2894108,BOUYGUES TELECOM,LTE 2100,RTE DE LA MAUGASSIERE 49150 BAUGE EN ANJOU,49018,"47.5978,-0.1658",Pylône autostable,"44,5m",CELLNEX,2025-03-11,SUP,,False,False
2894112,BOUYGUES TELECOM,LTE 2100,STATION D EPURATION (FIEF BRIAND) 44690 MAISDON SUR SEVRE,44088,"47.1289,-1.4028",Pylône autostable,"34,5m",CELLNEX,2024-09-12,SUP,,False,False
2894135,FREE MOBILE,"LTE 900, LTE 2100, 5G NR 700",301 RUE DE WALHALLA 34090 MONTPELLIER,34172,"43.6181,3.9172",Pylône tubulaire,"19,8m",FREE-MOBILE,2026-08-03,ALL,,False,False
2894641,BOUYGUES TELECOM,LTE 2100,4 R JEAN MOULIN 34800 CLERMONT L HERAULT,34079,"43.6325,3.4347",Immeuble,25m,BOUYGUES,2025-06-26,SUP,,False,False
2894643,BOUYGUES TELECOM,LTE 2100,24 RTE DE LA ROCHELLE 79000 BESSINES,79034,"46.3056,-0.4897",Pylône autostable,30m,CELLNEX,2025-02-18,SUP,,False,False
2895824,BOUYGUES TELECOM,LTE 2100,2 SQ DES ÉTRIERS (LE PUY SAINT BONNET) 49300 CHOLET,49099,"47.0022,-0.8889",Pylône autostable,20m,CELLNEX,2024-07-18,SUP,,False,False
2896980,BOUYGUES TELECOM,LTE 2100,PROCHE RUE DE COTENTI VOIE COMMUNALE 29 (LA VILLE GUYOT) 22590 PORDIC,22251,"48.5761,-2.7908",Pylône tubulaire,25m,TOTEM,2024-05-06,SUP,,False,False
2897146,BOUYGUES TELECOM,LTE 2100,D11 R DU PAVE 45170 ASCHERES LE MARCHE,45009,"48.1022,2.0228",Pylône autostable,"20,5m",CELLNEX,2025-03-04,SUP,,False,False
2897178,BOUYGUES TELECOM,LTE 2100,LES BAUVINIERES 45510 NEUVY EN SULLIAS,45226,"47.7878,2.2533",Pylône autostable,32m,CELLNEX,2024-11-05,SUP,,False,False
2898430,BOUYGUES TELECOM,LTE 2100,1565 CHEM SECTOR 26700 PIERRELATTE,26235,"44.3372,4.7",Pylône autostable,33m,TDF,2024-01-11,SUP,,False,False
2899307,BOUYGUES TELECOM,LTE 2100,RTE DE FAVEYROLLES 26700 PIERRELATTE,26235,"44.3561,4.7111",Pylône autostable,33m,TDF,2024-01-22,SUP,,False,False
2899405,BOUYGUES TELECOM,LTE 2100,LE CASTELAS 30980 ST DIONISY,30249,"43.8003,4.2331",Pylône autostable,"20,5m",BOUYGUES,2024-12-30,SUP,,False,False
2899522,BOUYGUES TELECOM,LTE 2100, R DE LA MAIRIE  PRAIRIE DE CORSEPT 44560 CORSEPT,44046,"47.2792,-2.055",Pylône autostable,"24,5m",CELLNEX,2024-09-18,SUP,,False,False
2899574,BOUYGUES TELECOM,LTE 2100,18 AV  DE VERDUN 79000 NIORT,79191,"46.3219,-0.4606",Immeuble,28m,CELLNEX,2025-04-02,SUP,,False,False
2900000,BOUYGUES TELECOM,LTE 2100,8 RUE DES CHAMPS SAINT MARTIN RUE DE LA MINE (LE MESNIL TOUFFRAY) 14220 BARBERY,14039,"49.0092,-0.3278",Pylône autostable,"34,5m",PHOENIX FRANCE INFRASTRUCTURES,2024-06-17,SUP,,False,False
2900372,BOUYGUES TELECOM,LTE 2100,CHE DE LA CHARRETTE 30630 GOUDARGUES,30131,"44.2106,4.4633",Pylône autostable,31m,TOTEM,2024-11-27,SUP,,False,False
2900383,BOUYGUES TELECOM,LTE 2100,20 RUE DES PETITS PRES ROUTE COMMUNALE N°34 DITE CHEMAINDE GLANDE À BAUDICHET (CHAMPS DU CHEMIN DE BAUDICHET) 79510 COULON,79100,"46.3286,-0.5933",Pylône autostable,36m,ATC FRANCE,2024-10-24,SUP,,False,False
2900953,BOUYGUES TELECOM,LTE 2100,65 PL DE LA MAIRIE 29790 BEUZEC CAP SIZUN,29008,"48.0742,-4.5125",Pylône autostable,36m,ATC FRANCE,2024-05-28,SUP,,False,False
2903165,BOUYGUES TELECOM,LTE 2100,CHEM DE FIERROU 34400 LUNEL,34145,"43.7039,4.1344",Pylône autostable,33m,TDF,2025-05-21,SUP,,False,False
2904557,BOUYGUES TELECOM,LTE 2100, (LANEYER COQ) 22570 BON REPOS SUR BLAVET,22107,"48.2192,-3.1028",Pylône autostable,"39,8m",BOUYGUES,2024-11-18,SUP,,False,False
2904728,BOUYGUES TELECOM,LTE 2100,RTE DE NÎMES D13 (BOIS CAMPAGNOL) 30540 MILHAUD,30169,"43.7567,4.3431",Pylône autostable,32m,TDF,2024-06-13,SUP,,False,False
2904925,BOUYGUES TELECOM,LTE 2100,CHEMIN D'EXPLOITATION PROCHE ROUTE DE KERVIGNON (DINEOU) 29120 TREMEOC,29296,"47.93,-4.1972",Pylône autostable,38m,CELLNEX,2025-03-04,SUP,,False,False
2905000,BOUYGUES TELECOM,LTE 2100,1 HAMEAU LE ROI 50760 STE GENEVIEVE,50469,"49.6603,-1.2958",Pylône autostable,"23,8m",PHOENIX FRANCE INFRASTRUCTURES,2024-06-10,SUP,,False,False
2905006,BOUYGUES TELECOM,LTE 2100,146 CHEM DU TERRAIET 34560 POUSSAN,34213,"43.4914,3.6728",Pylône tubulaire,18m,BOUYGUES,2024-09-27,SUP,,False,False
2905562,BOUYGUES TELECOM,5G NR 3500,211 BD DE TOURNAI HOTEL PARK INN 59650 VILLENEUVE D ASCQ,59009,"50.6131,3.1333",Bâtiment,33m,Société Privée,2026-07-30,ALL,,False,False
290566,ORANGE,"LTE 700, LTE 1800, 5G NR 2100",GARE DE PÉAGE DU VIADUC DE MILLAU A 75  PARKING PRIVÉ EIFFAGE 12100 MILLAU,12145,"44.1336,3.0247",Mât,13m,TOTEM,,AJO,,False,False
2905955,ORANGE,"LTE 800, LTE 1800, LTE 2100, 5G NR 700, 5G NR 3500",CHEMIN D'EXPLOITATION PROCHE D322 (LA FIN DE BOUXIERES) 54770 BOUXIERES AUX CHENES,54089,"48.7478,6.2442",Pylône autostable,42m,SFR,,SUP,,False,True
2906369,FREE MOBILE,LTE 2600,CHEMIN DE LA POUNCIA 06300 NICE,06088,"43.7247,7.2011",Pylône tubulaire,12m,FREE-MOBILE,2026-08-03,ALL,,False,True
2906762,BOUYGUES TELECOM,LTE 2100,RUE CREUSE (LES NOES) 35680 PIRE CHANCE,35220,"48.0067,-1.4347",Pylône autostable,"28,5m",CELLNEX,2024-01-07,SUP,,False,False
2906764,BOUYGUES TELECOM,LTE 2100,9 ROUTE DE BAGNOLS DEPARTEMENTALE 6 (JALARET) 30340 MONS,30173,"44.1358,4.1781",Pylône autostable,"26,5m",CELLNEX,2024-10-10,SUP,,False,False
2908021,BOUYGUES TELECOM,LTE 2100,ROUTE CHARLES X ROUTE FRANÇOIS 1ER 41250 CHAMBORD,41034,"47.6144,1.5092",Pylône autostable,39m,BOUYGUES,2023-11-20,SUP,,False,False
2908751,BOUYGUES TELECOM,LTE 2100,3 RUE DES COURTILS (LE CLOS DU PRIEURÉ) 35730 PLEURTUIT,35228,"48.5806,-2.0603",Immeuble,"16,7m","Copropriété, Syndic, SCI",2024-08-21,SUP,,False,False
2909154,BOUYGUES TELECOM,LTE 2100,14 LA HAYE DE TERRE 53100 MOULAY,53162,"48.2811,-0.6222",Pylône autostable,31m,CELLNEX,2024-10-06,SUP,,False,False
2909819,BOUYGUES TELECOM,LTE 2100,RTE DE ST-JEAN-DU-BOIS COURT MAISON - LE BRULON 72430 NOYEN SUR SARTHE,72223,"47.8744,-0.0883",Pylône autostable,35m,ORANGE,2024-08-19,SUP,,False,False
2910860,BOUYGUES TELECOM,LTE 2100,LES CARRIERES D2 36150 LA CHAPELLE ST LAURIAN,36041,"47.0706,1.7967",Pylône autostable,"26,5m",CELLNEX,2024-09-18,SUP,,False,False
2911679,BOUYGUES TELECOM,LTE 2100,LE FLECHERAY D32 53960 BONCHAMP LES LAVAL,53034,"48.0856,-0.7072",Pylône autostable,"27,5m",CELLNEX,2024-11-06,SUP,,False,False
2912347,BOUYGUES TELECOM,LTE 2100,3 CHEMIN DES FRESNAIS (LES FRESNAIS) 50140 ROMAGNY FONTENAY,50436,"48.6483,-0.9519",Pylône autostable,"28,5m",CELLNEX,2024-09-19,SUP,,False,False
2912745,BOUYGUES TELECOM,LTE 2100,CHEMIN DE LA MARE PROCHE DU STADE ET DE LA RD13 50420 DOMJEAN,50164,"48.9919,-1.0281",Pylône autostable,33m,ATC FRANCE,2024-06-24,SUP,,False,False
2915132,BOUYGUES TELECOM,LTE 2100, (PAILLASSIE) 30660 GALLARGUES LE MONTUEUX,30123,"43.7064,4.185",Pylône autostable,32m,TDF,2024-09-03,SUP,,False,False
2915925,BOUYGUES TELECOM,LTE 2100,CHEMIN D'EXPLOITATION PROCHE DEPARTEMENTALE 230 (LES TROIS JOURNAUX) 53200 CHEMAZE,53066,"47.7911,-0.7822",Pylône autostable,"28,5m",CELLNEX,2024-10-09,SUP,,False,False
2916091,BOUYGUES TELECOM,LTE 2100,LES EPINETTES 22440 PLOUFRAGAN,22215,"48.5011,-2.8161",Pylône autostable,28m,PHOENIX FRANCE INFRASTRUCTURES,2025-10-09,SUP,,False,False
2916916,FREE MOBILE,5G NR 700,BOULEVARD DU PLESSIS STADE JEAN BOUVERIE 71300 MONTCEAU LES MINES,71306,"46.6778,4.3808",Pylône autostable,35m,"Commune, communauté de communes",2026-08-03,ALL,,False,False
2916953,BOUYGUES TELECOM,LTE 2100,RUE DU BOST SAINT HILAIRE 87500 ST YRIEIX LA PERCHE,87187,"45.52,1.205",Pylône autostable,44m,CELLNEX,2023-12-14,SUP,,False,False
2918831,BOUYGUES TELECOM,LTE 2100,26 ZONE D'ACTIVITÉ DE L'ENSEIGNE (L'ENSEIGNE) 22510 TREDANIEL,22346,"48.3619,-2.6169",Pylône autostable,"44,5m",BOUYGUES,2024-06-17,SUP,,False,False
2920453,BOUYGUES TELECOM,LTE 2100,15 AV DU DOCTEUR ANDRE COLAS 86200 LOUDUN,86137,"47.0033,0.0767",Pylône autostable,"26,5m",BOUYGUES,2024-11-25,SUP,,False,False
2923083,BOUYGUES TELECOM,LTE 2100,CROISEMENT VILLA DES BORDES (LES BORDES) 79380 MONCOUTANT SUR SEVRE,79179,"46.7222,-0.6019",Pylône autostable,30m,CELLNEX,2025-11-25,SUP,,False,False
2923119,FREE MOBILE,LTE 700,RUE BONNAT RESIDENCE RANGUEIL 31500 TOULOUSE,31555,"43.5786,1.4603",Immeuble,"20,7m",Société HLM,2026-08-10,AAV,,False,True
2924124,BOUYGUES TELECOM,LTE 2100,766 R DE COCHEREL 27000 EVREUX,27229,"49.0186,1.1822",Pylône autostable,20m,CELLNEX,2024-12-16,SUP,,False,False
2924398,BOUYGUES TELECOM,LTE 2100,9 R DENIS PAPIN 56400 PLUNERET,56176,"47.6697,-2.9608",Pylône tubulaire,31m,ON TOWER FRANCE,2025-02-18,SUP,,False,False
2924562,DIGICEL,"UMTS 900, UMTS 2100, LTE 900, LTE 1800, LTE 2100",NESMOND  97140 CAPESTERRE DE MARIE GALANTE,97108,"15.9283,-61.2228",Pylône autostable,35m,Outremer Telecom,2026-07-09,ALL,,False,True
2924562,FREE CARAIBES,"UMTS 900, UMTS 2100, LTE 800, LTE 1800, LTE 2100",NESMOND  97140 CAPESTERRE DE MARIE GALANTE,97108,"15.9283,-61.2228",Pylône autostable,35m,Outremer Telecom,2026-07-09,ALL,,False,True
2925684,BOUYGUES TELECOM,LTE 2100,CHEMIN RURAL PROCHE RUE DU MANOIR (LA ROCHE) 22120 QUESSOY,22258,"48.4411,-2.6967",Pylône autostable,39m,CELLNEX,2024-05-16,SUP,,False,False
2925688,BOUYGUES TELECOM,LTE 2100,PATEFERINE 30360 VEZENOBRES,30348,"44.0556,4.1375",Château d'eau - réservoir,20m,"Syndicat des eaux, Adduction",2025-03-13,SUP,,False,False
2925827,BOUYGUES TELECOM,LTE 2100,1 LE CERISAY (LA PETITE EPINIÈRE) 37110 AUZOUER EN TOURAINE,37010,"47.5586,0.9697",Pylône autostable,32m,CELLNEX,2025-08-13,SUP,,False,False
2925829,BOUYGUES TELECOM,LTE 2100,PROCHE RUE DE CHAMPLOUET (CHAMPLOUET) 41260 LA CHAUSSEE ST VICTOR,41047,"47.6128,1.3525",Pylône autostable,"20,6m",CELLNEX,2025-11-06,SUP,,False,False
2925831,BOUYGUES TELECOM,LTE 2100,PROCHE RUE DE LA MARE DU GUÉ (LES CAVES GRANDES PORS ET EVE) 22950 TREGUEUX,22360,"48.4717,-2.7556",Pylône autostable,"26,6m",CELLNEX,2025-05-21,SUP,,False,False
2925833,BOUYGUES TELECOM,LTE 2100,RUE DE LA COUSSAIS (LES RIBOITES) 44580 VILLENEUVE EN RETZ,44021,"47.0269,-1.865",Pylône autostable,"28,6m",CELLNEX,2024-12-20,SUP,,False,False
2925841,BOUYGUES TELECOM,LTE 2100,2 RUE CHARLES TELLIER 56300 PONTIVY,56178,"48.0536,-2.9672",Pylône autostable,"38,5m",CELLNEX,2024-10-30,SUP,,False,False
2925843,BOUYGUES TELECOM,LTE 2100,3 RUE DU LUXEMBOURG 27500 PONT AUDEMER,27467,"49.3517,0.5236",Immeuble,"28,5m",Société HLM,2024-09-19,SUP,,False,False
2925850,BOUYGUES TELECOM,LTE 2100,61 R ANDRÉ BOULLE 41000 BLOIS,41018,"47.6122,1.3156",Pylône autostable,"32,6m",CELLNEX,2024-11-13,SUP,,False,False
2927400,BOUYGUES TELECOM,LTE 2100,LIEU-DIT LA ROUSSIE (LA ROUSSIE) 87500 ST YRIEIX LA PERCHE,87187,"45.5064,1.2144",Pylône autostable,38m,TDF,2024-11-06,SUP,,False,False
2927402,BOUYGUES TELECOM,LTE 2100,RUE DU CHATEAU D'EAU (LES POULINIERES) 37360 SONZAY,37249,"47.5319,0.4594",Pylône autostable,"26,6m",CELLNEX,2024-08-07,SUP,,False,False
2928419,BOUYGUES TELECOM,LTE 2100,340 AV VILLARD DE HONNECOURT 30900 NIMES,30189,"43.8331,4.3286",Pylône autostable,25m,ORANGE,2024-12-23,SUP,,False,False
2930692,ORANGE,"LTE 1800, 5G NR 2100",235 IMPASSE DU GUÉ (LA VERGNE DE LA JOURDE) 24450 MIALET,24269,"45.5489,0.9178",Pylône autostable,44m,TDF,2026-07-30,ALL,,False,False
2931000,FREE MOBILE,LTE 700,68 RUE DE LA COMPAGNIE DU MIDI 33800 BORDEAUX,33063,"44.8203,-0.5611",Immeuble,"28,6m","Copropriété, Syndic, SCI",2026-08-10,AAV,,False,True
2931494,FREE MOBILE,5G NR 700,RUE DE STOSSWIHR 67200 STRASBOURG,67482,"48.57,7.7736",Bâtiment,23m,Société HLM,2026-08-03,ALL,,False,False
2931725,BOUYGUES TELECOM,LTE 2100,20 AVENUE RAOUL VADEPIED 53600 EVRON,53097,"48.1422,-0.4133",Pylône autostable,"28,5m",CELLNEX,2024-10-22,SUP,,False,False
2932766,BOUYGUES TELECOM,LTE 2100,PRÈS D7 (LA CHAUSSÉE) 14920 MATHIEU,14407,"49.2517,-0.3822",Pylône autostable,30m,TOTEM,2024-11-18,SUP,,False,False
2933391,BOUYGUES TELECOM,LTE 2100,5 LA CROIX NICOLE DEPARTEMENTALE 177 (LA CROIX NICOLE) 50420 TESSY BOCAGE,50592,"48.9769,-1.0644",Pylône autostable,"26,3m",CELLNEX,2024-07-31,SUP,,False,False
2934664,FREE MOBILE,LTE 2600,14 RUE BENOÎT FRACHON 44800 ST HERBLAIN,44162,"47.2211,-1.6219",Pylône tubulaire,"19,2m",FREE-MOBILE,2026-08-03,ALL,,False,True
2937172,ORANGE,5G NR 2100, (LA BLÂCHE) 07270 NOZIERES,07166,"45.0306,4.5669",Pylône autostable,24m,ATC FRANCE,2026-06-25,ART,,False,False
2937401,BOUYGUES TELECOM,LTE 2100,3 RUE DES GRANDS CHAMPS 41130 SELLES SUR CHER,41242,"47.285,1.54",Pylône autostable,"38,6m",CELLNEX,2024-10-30,SUP,,False,False
2937640,BOUYGUES TELECOM,LTE 2100,LIEU-DIT BEL-AIR (BEL-AIR) 36220 TOURNON ST MARTIN,36224,"46.7264,0.9578",Pylône autostable,"26,6m",CELLNEX,2024-09-18,SUP,,False,False
2937758,BOUYGUES TELECOM,LTE 2100,527 CHEM DE PROVENCE 34400 LUNEL,34145,"43.6847,4.1453",Pylône tubulaire,36m,PHOENIX FRANCE INFRASTRUCTURES,2024-11-25,SUP,,False,False
2937821,BOUYGUES TELECOM,LTE 2100,RUE DU VIEUX CHATEAU (LES BOISSONNIERES) 37190 RIVARENNES,37200,"47.2606,0.3619",Pylône autostable,"32,6m",CELLNEX,2024-10-08,SUP,,False,False
2938186,BOUYGUES TELECOM,LTE 2100,34 RUE PIERRE BROSSOLETTE 85000 LA ROCHE SUR YON,85191,"46.6833,-1.4369",Immeuble,"21,3m","Copropriété, Syndic, SCI",2024-11-13,SUP,,False,False
2938579,BOUYGUES TELECOM,LTE 2100,ROUTE DE MENETREAU (LE GRAND CHAILLOUX) 18240 BOULLERET,18032,"47.4311,2.8808",Pylône autostable,"39,8m",CELLNEX,2024-10-30,SUP,,False,False
2938816,BOUYGUES TELECOM,LTE 2100, (LE GRAND HOUTEAU) 37800 SEPMES,37247,"47.1019,0.6794",Pylône autostable,38m,TDF,2024-11-27,SUP,,False,False
2940554,BOUYGUES TELECOM,LTE 2100,16 RUE DU DOCTEUR GOURET 44420 LA TURBALLE,44211,"47.3536,-2.5106",Pylône tubulaire,31m,ON TOWER FRANCE,2024-12-18,SUP,,False,False
2940637,BOUYGUES TELECOM,LTE 2100,CHEMIN DE LESKONAN (LESKONAN) 29700 PLUGUFFAN,29216,"47.9819,-4.1572",Pylône autostable,"40,5m",CELLNEX,2024-11-27,SUP,,False,False
2941697,BOUYGUES TELECOM,LTE 2100,3 RUE DES ARTISANS 44521 COUFFE,44048,"47.4017,-1.2808",Pylône autostable,38m,CELLNEX,2024-06-13,SUP,,False,False
2942150,BOUYGUES TELECOM,LTE 2100,RUE DE L'EPINAUBE DEPARTEMENTALE 75 (LES HUITS) 72240 CONLIE,72089,"48.1261,-0.0064",Pylône autostable,38m,TDF,2024-10-06,SUP,,False,False
2942229,BOUYGUES TELECOM,LTE 2100,226 RUE DE L'ETANG DE L'OR (CARNON) 34130 MAUGUIO,34154,"43.5456,3.9733",Pylône tubulaire,"20,3m",ATC FRANCE,2024-04-22,SUP,,False,False
2942871,BOUYGUES TELECOM,LTE 2100,55 CHEMIN DE CHAPPE PROMENADE SAINT FIACRE 18000 BOURGES,18033,"47.0944,2.4211",Pylône autostable,"26,5m",BOUYGUES,2025-11-25,SUP,,False,False
2942884,BOUYGUES TELECOM,LTE 2100,9 R BLAISE PASCAL 56300 PONTIVY,56178,"48.0708,-2.9597",Immeuble,"15,9m","Copropriété, Syndic, SCI",2024-11-21,SUP,,False,False
2943052,BOUYGUES TELECOM,LTE 2100,RUE DE LA VALLÉE D63 27930 HUEST,27347,"49.0414,1.2106",Pylône tubulaire,24m,CELLNEX,2025-02-18,SUP,,False,False
2943937,BOUYGUES TELECOM,LTE 2100,CHEMIN D'EXPLOITATION PROCHE ROUTE DE BREUIL A MAISONCELLE (LES RECLAUDIS) 86510 BRUX,86039,"46.265,0.1333",Pylône autostable,34m,CELLNEX,2025-07-31,SUP,,False,False
2944946,BOUYGUES TELECOM,LTE 2100,1 CHEMIN DE TREGASTEL (TREGASTEL) 29800 LA ROCHE MAURICE,29237,"48.4675,-4.1942",Pylône tubulaire,"31,2m",CELLNEX,2024-12-19,SUP,,False,False
2947184,BOUYGUES TELECOM,LTE 2100,ROUTE DE VILLEVEYRAC DEPARTEMENTALE 158E3 (NAIGUES SAUMES) 34140 LOUPIAN,34143,"43.4553,3.6106",Pylône tubulaire,22m,ATC FRANCE,2024-11-27,SUP,,False,False
2947243,BOUYGUES TELECOM,LTE 2100,CHEMIN DES PETITS CHENES (PETITS CHENES) 30650 SAZE,30315,"43.9392,4.6731",Pylône autostable,27m,BOUYGUES,2025-02-11,SUP,,False,False
2947247,BOUYGUES TELECOM,LTE 2100,ROUTE DES FOUGERAYS 44110 CHATEAUBRIANT,44036,"47.7097,-1.3606",Pylône autostable,"33,8m",CELLNEX,2024-08-27,SUP,,False,False
2947263,BOUYGUES TELECOM,LTE 2100,ZA DE PLACITRAY (MIRON) 50730 ST HILAIRE DU HARCOUET,50484,"48.5656,-1.075",Pylône autostable,"34,5m",CELLNEX,2024-09-05,SUP,,False,False
2947265,BOUYGUES TELECOM,LTE 2100,COMLEC'K VERS MOULIN DU RENAUD (LA CLOUÉE) 44680 ST HILAIRE DE CHALEONS,44164,"47.0931,-1.8511",Pylône autostable,"34,5m",CELLNEX,2025-04-09,SUP,,False,False
2947593,BOUYGUES TELECOM,LTE 2100,ROUTE DE BELLEVUE DEPARTEMENTALE 104 (LA VANRIE) 53240 ST GERMAIN LE FOUILLOUX,53224,"48.13,-0.7933",Pylône autostable,"34,5m",CELLNEX,2024-12-12,SUP,,False,False
2947946,BOUYGUES TELECOM,LTE 2100,D311 (LE FOURNEAU) 72610 ST PATERNE LE CHEVAIN,72308,"48.4156,0.1203",Pylône autostable,"38,5m",CELLNEX,2024-07-03,SUP,,False,False
2949252,BOUYGUES TELECOM,LTE 2100,RUE DE LA VIOLETTE STADE (LA VIOLETTE) 49220 THORIGNE D ANJOU,49344,"47.6422,-0.6597",Pylône autostable,"36,2m",ATC FRANCE,2025-02-20,SUP,,False,False
2949266,FREE MOBILE,"LTE 900, LTE 2100",CHEMIN DE LA HIGONNIERE (LES MILLOTS) 44640 ST JEAN DE BOISEAU,44166,"47.1964,-1.7097",Pylône autostable,36m,CELLNEX,2026-08-03,ALL,,False,False
2949304,BOUYGUES TELECOM,LTE 2100,RUE DE BELLEVUE DEPARTEMENTALE 151 (MAILLARD BEAULIEU) 79300 BRESSUIRE,79049,"46.8728,-0.5486",Pylône autostable,28m,CELLNEX,2025-07-31,SUP,,False,False
2949543,BOUYGUES TELECOM,LTE 2100,ZA LES FURETTERIES VILNIÈRE RUE DENIS PAPIN (LA CLAIRIERE) 49070 ST LAMBERT LA POTHERIE,49294,"47.4783,-0.6728",Pylône autostable,"34,5m",CELLNEX,2024-11-06,SUP,,False,False
2950614,ORANGE,5G NR 2100,GRANGE BOUVIER RADET (LES GRANGES BOUVIER) 74470 VAILLY,74287,"46.3017,6.5283",Pylône autostable,27m,TDF,2026-07-22,ALL,,False,False
2952018,BOUYGUES TELECOM,LTE 2100,144 RUE DE L'INDUSTRIE PROCHE DEPARTEMENTALE 23 85600 MONTAIGU VENDEE,85146,"46.9606,-1.2522",Pylône autostable,"42,5m",TDF,2024-04-22,SUP,,False,False
2952670,FREE MOBILE,5G NR 700,12 ROUTE D'ALTENHEIM	 67200 STRASBOURG,67482,"48.5428,7.7658",Immeuble,"23,2m","Copropriété, Syndic, SCI",2026-08-03,ALL,,False,False
2954914,BOUYGUES TELECOM,LTE 2100,ZONE ARTISANALE DE BEL AIR (ZA DE BEL AIR) 56130 MARZAN,56126,"47.5314,-2.3256",Pylône autostable,"36,5m",CELLNEX,2024-11-14,SUP,,False,False
2955359,FREE MOBILE,LTE 2600,8 B  ALLEE DES GRAND CHAMPS 93170 BAGNOLET,93006,"48.8739,2.4294",Bâtiment,"17,4m",Société HLM,2026-08-03,ALL,,False,True
2956429,BOUYGUES TELECOM,LTE 2100,21 LA FONTAINE THÉBAULT PROCHE ROUTE LA LANDE HUAN DEPARTEMENTALE 87 (LA FONTAINE THÉBAULT) 35440 DINGE,35094,"48.3753,-1.6875",Pylône autostable,"32,3m",BOUYGUES,2025-09-25,SUP,,False,False
2956431,BOUYGUES TELECOM,LTE 2100,RUE DE SAINT-ETIENNE DEPARTEMENTALE 14 (BRISALU) 85210 ST AUBIN LA PLAINE,85199,"46.5092,-1.0533",Pylône autostable,"26,6m",CELLNEX,2024-11-13,SUP,,False,False
2957769,BOUYGUES TELECOM,LTE 2100,"783, RUE DU FIEF MATHIAS PRÈS D949 (LA MICHELIERE) 85440 TALMONT ST HILAIRE",85288,"46.4728,-1.6456",Pylône autostable,44m,TDF,2025-03-25,SUP,,False,False
2958241,SFR,"UMTS 900, LTE 700, LTE 800, LTE 1800, LTE 2100, LTE 2600, 5G NR 3500",1 TER RUE DE PARIS 94370 SUCY EN BRIE,94071,"48.7739,2.5011",Pylône tubulaire,29m,CELLNEX,2026-07-30,ALL,,False,True
2958378,BOUYGUES TELECOM,LTE 2100,CHEMIN DE LA COMBE DE BOURDIE (LES GRANDS PLANTIERS) 30620 AUBORD,30020,"43.7406,4.3086",Pylône autostable,24m,CELLNEX,2024-12-24,SUP,,False,False
2958732,BOUYGUES TELECOM,LTE 2100,CHEMIN DU MAS DE PARAN MAS DAYON (VALDEBANNE SUD OUEST) 30900 NIMES,30189,"43.7653,4.3578",Pylône autostable,27m,CELLNEX,2025-05-27,SUP,,False,False
2958734,BOUYGUES TELECOM,LTE 2100,CHEMIN D'EXPLOITATION PROCHE ROUTE DE BOUILLARGUES DEPARTEMENTALE 442 (SPIREL) 30128 GARONS,30125,"43.7847,4.4258",Pylône autostable,"27,3m",CELLNEX,2024-12-12,SUP,,False,False
2959077,SFR,UMTS 900,100 AVENUE DE CHOISY 94190 VILLENEUVE ST GEORGES,94078,"48.7542,2.4314",Pylône autostable,30m,ON TOWER FRANCE,,SUP,,False,True
2959120,BOUYGUES TELECOM,LTE 2100,CHEMIN SOUTE DE L'USCLADE PROCHE DEPARTEMENTALE 216 (LE COUVENT) 30340 ST PRIVAT DES VIEUX,30294,"44.1375,4.1214",Pylône autostable,"26,5m",CELLNEX,2025-02-18,SUP,,False,False
2959122,BOUYGUES TELECOM,LTE 2100,170 AVENUE DE NANTES 79000 NIORT,79191,"46.3431,-0.4917",Pylône autostable,"38,5m",BOUYGUES,2024-11-25,SUP,,False,False
2961647,BOUYGUES TELECOM,LTE 2100,ROUTE DE REMOULINS DEPARTEMENTALE 986L (LE REAL) 30490 MONTFRIN,30179,"43.8608,4.5906",Pylône autostable,"32,3m",TOTEM,2024-12-26,SUP,,False,False
2964597,BOUYGUES TELECOM,LTE 2100, (LES BORIES) 34370 CREISSAN,34089,"43.3753,3.0003",Pylône autostable,"20,5m",CELLNEX,2025-10-16,SUP,,False,False
2964599,BOUYGUES TELECOM,LTE 2100,2 RUE NICOLAS APPERT 41700 LE CONTROIS EN SOLOGNE,41059,"47.4278,1.4428",Pylône autostable,"27,3m",CELLNEX,2024-09-18,SUP,,False,False
2964621,BOUYGUES TELECOM,LTE 2100,RUE DES BOURGADES BASSES STATION D'EPURATION PROCHE NATIONALE 7 84840 LAPALUD,84064,"44.2992,4.6869",Pylône autostable,27m,CELLNEX,2025-10-09,SUP,,False,False
2965512,FREE MOBILE,5G NR 700,4 RUE DE LA VALLÉE D'ANGUIN COOPÉRATIVE AGRICOLE (LA VALLÉE D'AUGUIN) 86800 ST JULIEN L ARS,86226,"46.5611,0.5078",Bâtiment,35m,"Commune, communauté de communes",2026-08-03,ALL,,False,False
2966042,BOUYGUES TELECOM,LTE 2100,RUE DES 4 HALLOTS 62160 BULLY LES MINES,62186,"50.4578,2.7114",Pylône tubulaire,36m,TOTEM,2024-11-28,SUP,,False,False
2966046,BOUYGUES TELECOM,LTE 2100,12 ROUTE DU CHATEAULIN COMPLEXE SPORTIF (LAUNAY CURUNET) 29550 PLOMODIERN,29172,"48.1853,-4.2278",Pylône autostable,"30,5m",TOTEM,2025-12-11,SUP,,False,False
2966212,BOUYGUES TELECOM,LTE 2100,2 R DE LA CHAMBROUILLERE 53960 BONCHAMP LES LAVAL,53034,"48.0769,-0.7192",Pylône tubulaire,"19,5m",CELLNEX,2025-07-24,SUP,,False,False
2966214,BOUYGUES TELECOM,LTE 2100,1 ZA DU GROS CHENE 53260 FORCE,53099,"48.0317,-0.7008",Pylône autostable,"34,5m",CELLNEX,2024-11-14,SUP,,False,False
2966898,BOUYGUES TELECOM,LTE 2100, (CAMP DAL PRAT) 11590 SALLELES D AUDE,11369,"43.2561,2.9539",Pylône autostable,"26,5m",BOUYGUES,2025-04-17,SUP,,False,False
2967991,BOUYGUES TELECOM,LTE 2100,4230 ROUTE DU PORAGE (LA BOUVERIE) 49640 MORANNES SUR SARTHE DAUMERAY,49220,"47.6944,-0.4317",Pylône autostable,"32,6m",CELLNEX,2025-07-03,SUP,,False,False
2967995,BOUYGUES TELECOM,LTE 2100,16 RUE DE LA CROIX BLANCHE 41100 VENDOME,41269,"47.7986,1.0525",Pylône tubulaire,31m,CELLNEX,2024-09-19,SUP,,False,False
2967999,BOUYGUES TELECOM,LTE 2100,715 CHEMIN DE PIERREFEU 34450 VIAS,34332,"43.3167,3.43",Pylône autostable,"26,5m",CELLNEX,2024-12-19,SUP,,False,False
2968444,BOUYGUES TELECOM,LTE 2100,D80 (LES GATIERES) 85140 LA MERLATIERE,85142,"46.7531,-1.3067",Pylône autostable,"28,5m",CELLNEX,2025-06-03,SUP,,False,False
2968454,BOUYGUES TELECOM,LTE 2100,CHEMIN LES TERRES (MAJARD EST) 30960 ST FLORENT SUR AUZONNET,30253,"44.2347,4.1114",Pylône autostable,30m,CELLNEX,2025-03-18,SUP,,False,False
2968625,BOUYGUES TELECOM,5G NR 2100,29 R DE TANGER 76100 ROUEN,76540,"49.4478,1.0769",Immeuble,"20,6m","Copropriété, Syndic, SCI",2026-06-16,ART,,False,False
2968666,ORANGE,5G NR 2100,4965 ROUTE DE GRIMAUD DOMAINE DE MIREMER (BÉRARD) 83680 LA GARDE FREINET,83063,"43.2931,6.4944",Pylône autostable,18m,TOTEM,,AJO,,False,True
2969928,ORANGE,5G NR 2100,850 LA FONDERIE (LES BEHEURDIS) 70440 HAUT DU THEM CHATEAU LAMBERT,70283,"47.8403,6.7639",Pylône autostable,30m,TDF,,AJO,,False,False
2970336,BOUYGUES TELECOM,LTE 2100,ALLEE DES QUATRE PAROISSES 27210 BEUZEVILLE,27065,"49.3367,0.3458",Pylône autostable,"25,6m",CELLNEX,2025-03-17,SUP,,False,False
2970686,BOUYGUES TELECOM,LTE 2100,QUAI VERNIER 85350 L ILE D YEU,85113,"46.7261,-2.3464",Bâtiment,"13,4m","CCI, Ch Métier, Port Aut, Aéroport",2025-10-01,SUP,,False,False
2970969,BOUYGUES TELECOM,"UMTS 900, LTE 700, LTE 800", PRÈS DE LA D71 (SPELONCATO) 20225 FELICETO,2B112,"42.5414,8.9358",Pylône autostable,12m,TOTEM,,AJO,,True,True
2972035,BOUYGUES TELECOM,LTE 2100,CHEMIN RURAL NUMERO 64 PROCHE STATION D'EPURATION (GRANDE PIECE DU PRIEURE) 49540 TERRANJOU,49086,"47.2647,-0.4553",Pylône autostable,"28,5m",CELLNEX,2024-11-04,SUP,,False,False
2972037,BOUYGUES TELECOM,LTE 2100,94 CAMIN DI SARSIN (SARSIN) 30330 ST PAUL LES FONTS,30355,"44.0869,4.6103",Pylône autostable,"20,5m",CELLNEX,2025-08-13,SUP,,False,False
2972546,BOUYGUES TELECOM,LTE 2100,1 LES PLANTES ROUTE SAINT-LÉZIN LA CHAPELLE DEPARTEMENTALE 349 49750 CHEMILLE EN ANJOU,49092,"47.245,-0.7847",Pylône autostable,"26,3m",Particulier,2025-04-14,SUP,,False,False
2973203,BOUYGUES TELECOM,LTE 2100,ROUTE DU CHATEAU BLANC (HAMEAU PIVRARD) 76570 STE AUSTREBERTHE,76566,"49.5942,0.9908",Pylône autostable,"34,5m",CELLNEX,2025-02-03,SUP,,False,False
2974576,BOUYGUES TELECOM,LTE 2100, (LAUGADRAN GOAREM HUELLA) 29650 PLOUIGNEAU,29199,"48.5708,-3.7433",Pylône autostable,31m,BOUYGUES,2025-07-10,SUP,,False,False
2975304,SFR,"UMTS 900, LTE 700, LTE 800",CHEMIN RURAL DIT CAMÌ DE LLEBRERA  (LASSADE) 66360 OREILLA,66128,"42.5586,2.25",Pylône tubulaire,12m,ORANGE,2024-11-08,SUP,,True,False
2975810,BOUYGUES TELECOM,LTE 2100,IMP DE LA VIGNONNERIE 18150 LA CHAPELLE HUGON,18048,"46.9053,2.9522",Pylône autostable,30m,CELLNEX,2024-12-16,SUP,,False,False
2980022,BOUYGUES TELECOM,LTE 2100,"CHEMIN DES BREVERIÈRES PROCHE ""LE MOULIN PINEAU"" (CLOS DES TAILLES) 49620 MAUGES SUR LOIRE",49244,"47.3614,-0.9414",Pylône autostable,30m,BOUYGUES,2024-10-21,SUP,,False,False
2980232,BOUYGUES TELECOM,LTE 2100,18 RUE DE LA COLONNE D207 (LE PATIS PRIEUR) 85260 LES BROUZILS,85038,"46.8833,-1.3122",Pylône autostable,"34,5m",CELLNEX,2025-07-31,SUP,,False,False
2980236,BOUYGUES TELECOM,LTE 2100,326 RTE DE CAIRANNE 84850 CAMARET SUR AIGUES,84029,"44.1711,4.8789",Pylône autostable,21m,PHOENIX FRANCE INFRASTRUCTURES,2026-01-08,SUP,,False,False
2980661,BOUYGUES TELECOM,LTE 2100,15 ROUTE DE KÉRÉRÉ (TAL ER LENNEGUEN ET ER MANNI) 56740 LOCMARIAQUER,56116,"47.5636,-2.9478",Pylône tubulaire,26m,ATC FRANCE,2024-10-30,SUP,,False,False
2980666,BOUYGUES TELECOM,LTE 2100,RUE DES AJONCS 44160 STE REINE DE BRETAGNE,44189,"47.445,-2.1781",Pylône autostable,32m,TDF,2024-12-17,SUP,,False,False
2980762,BOUYGUES TELECOM,LTE 2100,LIEU-DIT LA FERRIERE (LA FERRIERE) 30140 THOIRAS CORBES,30329,"44.0675,3.9461",Pylône autostable,"26,2m",BOUYGUES,2025-03-11,SUP,,False,False
2980770,BOUYGUES TELECOM,LTE 2100,808 LE BEC D'OISEAU CHEMIN DE LA GUILLONIERE (LE PIN) 49600 BEAUPREAU EN MAUGES,49023,"47.2308,-0.8992",Pylône tubulaire,"25,5m",Société Privée,2025-07-03,SUP,,False,False
2980912,BOUYGUES TELECOM,LTE 2100,ROUTE COMMUNALE (LES PIERRIÈRES) 85320 CORPE,85073,"46.5192,-1.1742",Pylône autostable,"33,8m",CELLNEX,2024-12-17,SUP,,False,False
2981167,BOUYGUES TELECOM,LTE 2100,ROUTE DES CEVENNES DEPARTEMENTALE 982 (ROUVE POMMIER) 30350 LEZAN,30147,"44.0206,4.0469",Pylône tubulaire,31m,ATC FRANCE,2025-02-11,SUP,,False,False
2984148,BOUYGUES TELECOM,LTE 2100,22 R NICOLAS APPERT IMPASSE DE KERDUDO 56520 GUIDEL,56078,"47.8086,-3.4772",Pylône autostable,"28,5m",CELLNEX,2025-05-27,SUP,,False,False
2984554,BOUYGUES TELECOM,LTE 2100,CHEM DES TUILERIES (L'ECIDE) 30390 THEZIERS,30328,"43.8956,4.6297",Pylône autostable,28m,BOUYGUES,2025-09-18,SUP,,False,False
2986694,BOUYGUES TELECOM,LTE 2100,CHEMIN RURAL (LES BOUCHARDES) 84840 LAPALUD,84064,"44.3025,4.7025",Pylône autostable,24m,CELLNEX,2024-12-26,SUP,,False,False
2987176,BOUYGUES TELECOM,LTE 2100,CHEMIN DE DASCANES ROUTE DES DEUX VILLAGES DEPARTEMENTALE 106 (CIMETIERE) 30720 RIBAUTE LES TAVERNES,30214,"44.0397,4.085",Pylône tubulaire,"22,5m",PHOENIX FRANCE INFRASTRUCTURES,2025-08-22,SUP,,False,False
2987178,BOUYGUES TELECOM,LTE 2100,69 LA BERILLAIS (LE CHEL BOIS) 44360 CORDEMAIS,44045,"47.2925,-1.8311",Pylône autostable,38m,TOTEM,2025-11-06,SUP,,False,False
2988050,BOUYGUES TELECOM,LTE 2100,R DE LA MOTTE 22400 LANDEHEN,22098,"48.4356,-2.5431",Pylône autostable,"26,6m",CELLNEX,2025-03-11,SUP,,False,False
2988097,ORANGE,"UMTS 900, LTE 700, LTE 800, LTE 1800, LTE 2100, LTE 2600, 5G NR 700, 5G NR 3500",245 BOULEVARD DE TOURNAI BAT ORANGE GRAND STADE BATIMENT ORANGE GRAND STADE 59650 VILLENEUVE D ASCQ,59009,"50.6117,3.1328",Bâtiment,"27,3m",ORANGE,2024-06-28,SUP,,False,False
2988402,BOUYGUES TELECOM,LTE 2100,CHEMIN DE L'EUROPE (LES DIXAINS) 86170 CISSE,86076,"46.6492,0.2383",Pylône autostable,"26,5m",BOUYGUES,2024-12-12,SUP,,False,False
2988776,ORANGE,"LTE 1800, 5G NR 2100",LES DOUCINS 17240 ST DIZANT DU GUA,17325,"45.4414,-0.6875",Pylône autostable,"36,3m",ATC FRANCE,2026-08-03,ALL,,False,False
2988942,BOUYGUES TELECOM,LTE 2100,ALLEE DU VERRON CROISEMENT DE LA RUE AYRAUD (CHAMP VERRON) 85200 LONGEVES,85126,"46.4644,-0.8589",Pylône autostable,"33,8m",CELLNEX,2025-05-21,SUP,,False,False
2989552,BOUYGUES TELECOM,LTE 2100,ROUTE LE PETIT COURCY DEPARTEMENTALE 302 (PETIT COURCY) 72320 MELLERAY,72193,"48.0856,0.7819",Pylône autostable,31m,CELLNEX,2025-08-07,SUP,,False,False
2989554,BOUYGUES TELECOM,LTE 2100,5 RUELLE DE LA GUILLOCHÈRE PROCHE STATION EPURATION (LE BOURG) 41170 LE PLESSIS DORIN,41177,"48.0872,0.8625",Pylône autostable,"32,6m",CELLNEX,2024-12-20,SUP,,False,False
2990885,BOUYGUES TELECOM,LTE 2100,CHEMIN D'EXPLOITATION PROCHE CHEMIN RURAL LES MEHEUDAIS (LES MEHEUDAIS) 35750 IFFENDIC,35133,"48.1761,-2.0175",Pylône autostable,"28,5m",BOUYGUES,2024-11-14,SUP,,False,False
2991718,FREE MOBILE,"LTE 700, LTE 900, 5G NR 700",147 BOULEVARD DE STRASBOURG 94130 NOGENT SUR MARNE,94052,"48.845,2.4883",Bâtiment,32m,Société Privée,2025-04-21,SUP,,False,False
2992129,BOUYGUES TELECOM,LTE 2100,CHEMIN DE ST SAUVEUR (LE PERTHUIS) 53940 ST BERTHEVIN,53201,"48.0778,-0.8908",Pylône autostable,"26,6m",CELLNEX,2025-02-11,SUP,,False,False
2992562,BOUYGUES TELECOM,LTE 2100,CHEMIN D'EXPLOITATION PROCHE RUE DU LAVOIR (TENEMENT DE LA PLISSONNIERE) 85120 ST PIERRE DU CHEMIN,85264,"46.6933,-0.7092",Pylône autostable,"34,5m",CELLNEX,2025-07-17,SUP,,False,False
2992564,BOUYGUES TELECOM,LTE 2100,GRANDE RUE DEPARTEMENTALE 302 (LOYAU) 72390 DOLLON,72118,"48.045,0.5536",Pylône autostable,"26,6m",CELLNEX,2025-10-24,SUP,,False,False
2992566,BOUYGUES TELECOM,"LTE 1800, 5G NR 2100",RUE DE LA BOITELLERIE (LA PIECE POINTUE) 44710 PORT ST PERE,44133,"47.1158,-1.7708",Pylône autostable,"32,6m",CELLNEX,2026-07-22,ALL,,False,False
2993030,BOUYGUES TELECOM,LTE 2100,CHEMIN DES 4 VENTS (LE VILLAGE PHILIPPE) 50660 QUETTREVILLE SUR SIENNE,50419,"48.9736,-1.4817",Pylône autostable,"34,5m",CELLNEX,2025-03-06,SUP,,False,False
2993348,BOUYGUES TELECOM,LTE 2100,CHEMIN D'EXPLOITATION (LE PRE CHAUVIN) 00404 ERR CONV INSEE,79212,"46.1639,0.1358",Pylône autostable,"26,5m",CELLNEX,2025-09-18,SUP,,False,False
2993680,ORANGE,"LTE 700, LTE 800",12 LE MAIL 79320 CHANTELOUP,79069,"46.7697,-0.5225",Pylône autostable,36m,TOTEM,2026-08-03,ALL,,False,True
2994160,BOUYGUES TELECOM,LTE 2100,R VINAUGER 45240 LA FERTE ST AUBIN,45146,"47.7181,1.9594",Pylône autostable,"40,5m",CELLNEX,2025-12-23,SUP,,False,False
2994416,BOUYGUES TELECOM,LTE 2100,CHEMIN DE LA GITE DE LA BILLERIE (LES ARPONIERES) 85540 LE CHAMP ST PERE,85050,"46.5119,-1.3358",Pylône autostable,32m,TDF,2024-12-12,SUP,,False,False
2994465,BOUYGUES TELECOM,LTE 2100,ROUTE DE LA PAYNAUDIERE (LA PAYNAUDIERE) 85700 SEVREMONT,85090,"46.8303,-0.7806",Pylône autostable,"24,5m",CELLNEX,2025-04-02,SUP,,False,False
2994467,BOUYGUES TELECOM,LTE 2100,CHEMIN D'EXPLOITATION DE L'ABREUVOIR PROCHE VOIE COMMUNALE 102 DE LA FORET (L'ABREUVOIR) 85260 LA COPECHAGNIERE,85072,"46.8539,-1.3386",Pylône autostable,"34,5m",CELLNEX,2025-10-24,SUP,,False,False
2995253,BOUYGUES TELECOM,LTE 2100,28 R DU 8 MAI 1945 44110 CHATEAUBRIANT,44036,"47.7083,-1.3839",Pylône autostable,"33,8m",CELLNEX,2024-11-25,SUP,,False,False
2995885,BOUYGUES TELECOM,LTE 2100,5 LA GRANGE CHEMIN DE LA GARDE (LA GRANGE) 87800 NEXON,87106,"45.6883,1.1892",Pylône autostable,"28,5m",TDF,2025-05-20,SUP,,False,False
2996278,BOUYGUES TELECOM,LTE 2100,CHEMIN DE PETOUT PROCHE AUTOROUTE 75 34700 LE BOSC,34036,"43.6803,3.3956",Pylône autostable,21m,BOUYGUES,2025-08-22,SUP,,False,False
2996651,BOUYGUES TELECOM,LTE 2100,RUE DU CHATEAU VOIE COMMUNALE 4 (LA PIECE DE LA CHICANE) 27120 BOISSET LES PREVANCHES,27076,"48.9786,1.3278",Pylône autostable,"36,8m",BOUYGUES,2025-04-14,SUP,,False,False
2998530,BOUYGUES TELECOM,LTE 2100,3393 RTE DE VIBRAYE 72320 LAMNAY,72156,"48.0886,0.7236",Pylône autostable,"32,8m",BOUYGUES,2024-09-19,SUP,,False,False
2998539,BOUYGUES TELECOM,LTE 2100,CHEMIN DES NEUFS FOULANTS (LES NEUFS FOULANTS) 27210 BOULLEVILLE,27100,"49.3694,0.3969",Pylône autostable,"34,5m",CELLNEX,2025-10-24,SUP,,False,False
2999758,BOUYGUES TELECOM,LTE 2100,41 AV DU MAL LECLERC 50610 JULLOUVILLE,50066,"48.7711,-1.5667",Pylône tubulaire,"25,5m",CELLNEX,2025-03-04,SUP,,False,False
2999760,BOUYGUES TELECOM,LTE 2100,2 RTE DE RAVENOVILLE 50480 STE MERE EGLISE,50523,"49.4158,-1.3111",Pylône tubulaire,"25,5m",CELLNEX,2025-02-18,SUP,,False,False
2999765,BOUYGUES TELECOM,LTE 2100,LES QUATRE AILES 56700 KERVIGNAC,56094,"47.7492,-3.2358",Pylône autostable,"40,5m",CELLNEX,2024-12-10,SUP,,False,False
3000362,BOUYGUES TELECOM,LTE 2100,9 RUE DENIS PAPIN 41600 LAMOTTE BEUVRON,41106,"47.5903,2.0183",Pylône autostable,45m,CELLNEX,2024-12-26,SUP,,False,False
3000565,BOUYGUES TELECOM,LTE 2100,CHEMIN DE TERRE (LA FONTANISSE) 30670 AIGUES VIVES,30004,"43.7447,4.1772",Pylône autostable,19m,BOUYGUES,2024-12-20,SUP,,False,False
3000960,FREE MOBILE,LTE 700,339 CHEMIN DES ROCHONS (LES ROCHONS) 01090 MONTMERLE SUR SAONE,01263,"46.0919,4.7631",Pylône autostable,29m,TOTEM,2026-08-10,AAV,,False,False
3001690,BOUYGUES TELECOM,LTE 2100,CHEM DU CROS CHEMIN COMMUNAL 34500 VILLENEUVE LES BEZIERS,34336,"43.3214,3.2947",Pylône autostable,36m,BOUYGUES,2025-01-29,SUP,,False,False
3001726,BOUYGUES TELECOM,LTE 2100,CHEMIN LA FAUVERIE PROCHE DEPARTEMENTALE 152 (LA FAUVERIE) 53170 ST DENIS DU MAINE,53212,"47.9797,-0.5153",Pylône autostable,38m,TDF,2024-11-06,SUP,,False,False
3002020,BOUYGUES TELECOM,LTE 2100,CHEMIN DE FOND CLAIR  (CHAMP DU ROY) 79370 AIGONDIGNE,79185,"46.3019,-0.2919",Pylône autostable,24m,CELLNEX,2025-07-24,SUP,,False,False
3002219,ORANGE,5G NR 2100,2728 ROUTE FÉNELON (LA BORNE BLANCHE) 24370 SIMEYROLS,24535,"44.9281,1.3494",Pylône autostable,30m,PHOENIX FRANCE INFRASTRUCTURES,2026-08-03,ALL,,False,False
3002312,BOUYGUES TELECOM,LTE 2100,CHEMIN DE L'OBSERVATOIRE PROCHE ROUTE DE MAUZÉ DEPARTEMENTALE 169 (LES CHÊNES) 79210 PRIN DEYRANCON,79220,"46.2178,-0.6403",Pylône autostable,"26,7m",CELLNEX,2025-03-04,SUP,,False,False
3002328,BOUYGUES TELECOM,LTE 2100,12 AV DE LIMOGES (RESIDENCE SAINT MARTIN) 87920 CONDAT SUR VIENNE,87048,"45.7936,1.2328",Immeuble,"17,8m",Société HLM,2025-12-23,SUP,,False,False
3002396,BOUYGUES TELECOM,LTE 2100,INTERSECTION R DU LAVOIR ET CHEMIN DE SORIGNE (CHAMP FRADIN) 79370 FRESSINES,79129,"46.3161,-0.3003",Pylône autostable,30m,CELLNEX,2025-10-16,SUP,,False,False
3002402,BOUYGUES TELECOM,LTE 2100,CHEMIN RURAL DE COULOMBIERS (BEAUVAIS) 86370 MARCAY,86145,"46.4861,0.2211",Pylône autostable,30m,CELLNEX,2026-03-19,SUP,,False,False
3002820,BOUYGUES TELECOM,LTE 2100,31 ZONE ARTISANALE DU LANDREAU DEPPARTEMENTALE 213 (LES CREUX CHEMINS) 49610 MOZE SUR LOUET,49222,"47.3683,-0.5675",Pylône autostable,45m,TOTEM,2025-09-11,SUP,,False,False
3003557,ORANGE,"LTE 800, 5G NR 700",60  RUE DU 8 MAI 1945 59293 NEUVILLE SUR ESCAUT,59429,"50.2903,3.3569",Pylône autostable,"36,5m",CELLNEX,2026-08-05,ALL,,False,True
30037,SFR,LTE 700, (LA SOUCARÈDE) 34790 GRABELS,34116,"43.6492,3.7703",Pylône autostable,39m,HIVORY,,SUP,,False,False
3004418,BOUYGUES TELECOM,LTE 2100,CHEMIN DE BELLEGARDE (LARRIERE) 30129 MANDUEL,30155,"43.8031,4.4781",Pylône autostable,32m,TOTEM,2025-09-18,SUP,,False,False
3004961,BOUYGUES TELECOM,LTE 2100,19 R R DU MOULIN DE LA GROIE 85200 FONTENAY LE COMTE,85092,"46.4472,-0.8044",Pylône autostable,"28,5m",CELLNEX,2025-11-25,SUP,,False,False
3005959,ORANGE,"LTE 800, 5G NR 700",VC5 DE ROUQUETTE GARENGUE (PRES DE L ARIESTE) 33210 PREIGNAC,33337,"44.5858,-0.3083",Pylône arbre,30m,SFR,2026-08-03,ALL,,False,True
3006468,BOUYGUES TELECOM,LTE 2100,RUE LES BAS CHAMPS (LE ROCHER) 22630 ST ANDRE DES EAUX,22274,"48.3742,-2.0147",Pylône autostable,"28,5m",CELLNEX,2025-03-04,SUP,,False,False
3007885,BOUYGUES TELECOM,LTE 2100,16 IMPASSE DE LA VALLEE 35530 NOYAL SUR VILAINE,35207,"48.1194,-1.5178",Pylône autostable,"32,3m",BOUYGUES,2025-12-11,SUP,,False,False
3008496,BOUYGUES TELECOM,LTE 2100,R DU MOULIN À VENT (TOMBE RENAUD) 79230 VOUILLE,79355,"46.3194,-0.3447",Pylône autostable,30m,CELLNEX,2026-03-12,SUP,,False,False
3008900,BOUYGUES TELECOM,LTE 2100,ROUTE DE BOTBODERN DEPARTEMENTALE 115 (BOTBODERN) 29370 ELLIANT,29049,"47.9858,-3.9589",Pylône autostable,"40,5m",BOUYGUES,2025-08-07,SUP,,False,False
3009766,BOUYGUES TELECOM,LTE 2100,RUE DE LA TOUR (VARENNES) 41100 MARCILLY EN BEAUCE,41124,"47.7742,0.9956",Pylône autostable,"32,6m",TDF,2024-11-06,SUP,,False,False
3010118,BOUYGUES TELECOM,LTE 2100,CHEM DE LA GARE D85  72390 DOLLON,72118,"48.0472,0.5861",Pylône autostable,33m,TDF,2024-12-12,SUP,,False,False
3011784,BOUYGUES TELECOM,LTE 2100,3 ZONE ARTISANALE DU GUE MENOIS RUE DE LA PETITE DOUSARDE 49750 VAL DU LAYON,49292,"47.3031,-0.6425",Pylône autostable,"24,8m",CELLNEX,2025-03-04,SUP,,False,False
3011786,BOUYGUES TELECOM,LTE 2100,16 LE PLANTY PRE DU PONT D'ANCENIS (LE PLANTY) 44150 VAIR SUR LOIRE,44163,"47.3719,-1.1661",Pylône autostable,"30,7m",CELLNEX,2025-08-07,SUP,,False,False
3011788,BOUYGUES TELECOM,LTE 2100,2 HAUTE PORTE PROCHE DEPARTEMENTALE 8 (HAUTE PORTE) 35120 EPINIAC,35104,"48.4958,-1.7183",Pylône arbre,"31,6m",CELLNEX,2025-05-27,SUP,,False,False
3011804,BOUYGUES TELECOM,LTE 2100,21 ALL  ANJELA DUVAL 29720 PLONEOUR LANVERN,29174,"47.8683,-4.2442",Pylône autostable,"30,5m",CELLNEX,2025-11-25,SUP,,False,False
3011806,BOUYGUES TELECOM,LTE 2100,CLOS DE LA ROCHE (COETMEUR) 22600 ST BARNABE,22275,"48.1433,-2.6889",Pylône autostable,"26,6m",CELLNEX,2025-12-23,SUP,,False,False
3012379,BOUYGUES TELECOM,LTE 2100,ROUTE LA CHAPELLE D'ADAINE (ZA LES FOURMIS) 61410 RIVES D ANDAINE,61096,"48.5278,-0.4672",Pylône autostable,26m,CELLNEX,2025-07-31,SUP,,False,False
3013524,BOUYGUES TELECOM,LTE 2100,12 IMP DES PLAISANCIERS (POSTE MAURIN) 34110 FRONTIGNAN,34108,"43.4442,3.8003",Immeuble,"15,3m","Copropriété, Syndic, SCI",2024-12-26,SUP,,False,False
3014264,BOUYGUES TELECOM,LTE 2100,"4, RUE DES JARRIERS 45700 VILLEMANDEUR",45338,"47.9864,2.6764",Pylône autostable,36m,BOUYGUES,2025-02-18,SUP,,False,False
3014307,BOUYGUES TELECOM,LTE 2100,CHAMP PLEINGUIN 35540 PLERGUER,35224,"48.5275,-1.8319",Pylône autostable,31m,CELLNEX,2024-12-17,SUP,,False,False
3014442,BOUYGUES TELECOM,LTE 2100,CHEMIN DU MOULIN NEUF LA LANDE DE BEAUCHENE (PIECE DE LA RIGOLE) 44110 ERBRAY,44054,"47.6964,-1.3458",Pylône autostable,"30,5m",CELLNEX,2025-02-11,SUP,,False,False
3014741,BOUYGUES TELECOM,LTE 2100, (CHEMIN DES ESSARTS) 49600 BEAUPREAU EN MAUGES,49023,"47.1781,-1.0131",Pylône autostable,31m,Particulier,2024-12-17,SUP,,False,False
3014776,BOUYGUES TELECOM,LTE 2100,11 CHEM DE BREHADOUR 44350 GUERANDE,44069,"47.3414,-2.4178",Pylône autostable,"24,1m",CELLNEX,2024-11-25,SUP,,False,False
3015443,BOUYGUES TELECOM,LTE 2100,RUE DE LA GRANDE NOË PROCHE STADE MARCEL GUILBAUD (LA PIECE DU PATIS) 44330 MOUZILLON,44108,"47.1375,-1.2878",Pylône autostable,36m,CELLNEX,2025-09-04,SUP,,False,False
3015446,BOUYGUES TELECOM,LTE 2100,ROUTE DE MARCOULE DEPARTEMENTALE 765A (LA CARRETIERE) 30200 ORSAN,30191,"44.1331,4.675",Pylône autostable,"26,2m",CELLNEX,2026-02-05,SUP,,False,False
3015778,BOUYGUES TELECOM,LTE 2100,19 R BERGSON 41100 ST OUEN,41226,"47.8053,1.0817",Pylône tubulaire,30m,CELLNEX,2025-10-09,SUP,,False,False
3015780,BOUYGUES TELECOM,LTE 2100,21 R DE L'ARTISANAT (ZA DE LANN BORNE) 56450 SURZUR,56248,"47.5722,-2.65",Pylône autostable,"38,5m",CELLNEX,2025-04-01,SUP,,False,False
3015789,BOUYGUES TELECOM,LTE 2100,RTE LES CHALONGES D 185 (LA MAISONETTE) 72390 LAVARE,72158,"48.0778,0.6992",Pylône autostable,"31,5m",CELLNEX,2025-08-13,SUP,,False,False
3015962,BOUYGUES TELECOM,LTE 2100,1710 ROUTE DE GIMEAUX 13280 ARLES,13004,"43.6678,4.5878",Pylône autostable,24m,BOUYGUES,2025-11-25,SUP,,False,False
3015967,BOUYGUES TELECOM,LTE 2100,VOIE COMMUNALE DU PASSOUÉ (LE PASSOUÉ) 56350 ALLAIRE,56001,"47.6706,-2.1503",Pylône autostable,37m,CELLNEX,2025-12-23,SUP,,False,False
3016142,BOUYGUES TELECOM,LTE 2100,CHEMIN DU CARMANTRAN 30650 ROCHEFORT DU GARD,30217,"43.9672,4.69",Pylône autostable,25m,TOTEM,2025-10-01,SUP,,False,False
3016222,BOUYGUES TELECOM,LTE 2100,CHEM D'EXPLOITATION NUMERO 7 (LES MARAIS SAINT AARON) 22400 LAMBALLE ARMOR,22093,"48.5189,-2.4933",Pylône autostable,"36,8m",CELLNEX,2025-05-21,SUP,,False,False
3016467,BOUYGUES TELECOM,LTE 2100,KEROUGUY 29950 GOUESNACH,29060,"47.9067,-4.1286",Pylône autostable,42m,ON TOWER FRANCE,2025-07-03,SUP,,False,False
3017930,FREE MOBILE,5G NR 700,14 RUE ENTRE LES 2 PORTES 88000 EPINAL,88160,"48.1764,6.4519",Pylône arbre,7m,FREE-MOBILE,2026-08-03,ALL,,False,False
3018456,BOUYGUES TELECOM,LTE 2100,257 LES COUVETTES RUE DES ENTREPRISES (LES COUVETTES) 61170 STE SCOLASSE SUR SARTHE,61454,"48.5814,0.3861",Pylône autostable,"24,6m",BOUYGUES,2025-04-02,SUP,,False,False
3018615,BOUYGUES TELECOM,LTE 2100,RUE DES AMANDIERS 79290 LORETZ D ARGENTON,79014,"47.0367,-0.2611",Pylône autostable,"26,5m",CELLNEX,2025-11-25,SUP,,False,False
3018632,BOUYGUES TELECOM,5G NR 3500,CHEM DU PARQUIER DE LA BOURBINE 71160 DIGOIN,71176,"46.4967,4.005",Pylône autostable,24m,CELLNEX,,AJO,,False,False
3018684,BOUYGUES TELECOM,LTE 2100,R DES RESERVOIRS (HAMEAU ISAMBERT) 76710 MONTVILLE,76452,"49.5381,1.0997",Pylône autostable,"34,6m",CELLNEX,2025-11-25,SUP,,False,False
3018871,BOUYGUES TELECOM,LTE 2100,V COM. N°103 DITE DE LA ROUSSELIÈRE (LA PERRIERE) 35130 MOUTIERS,35200,"47.9658,-1.2014",Pylône autostable,36m,ATC FRANCE,2025-06-19,SUP,,False,False
3019269,BOUYGUES TELECOM,LTE 2100,2369 RUE DE LA VILLETTE (LA VILLETTE) 49170 ST GEORGES SUR LOIRE,49283,"47.3867,-0.7764",Pylône autostable,30m,ATC FRANCE,2025-03-04,SUP,,False,False
3019329,FREE MOBILE,"LTE 900, LTE 2100",53 RUE DE RENNES 75006 PARIS 06,75106,"48.8528,2.3325",Immeuble,27m,"Copropriété, Syndic, SCI",2026-08-03,ALL,,False,False
3021678,ORANGE,LTE 2600,24 RUE DE LA CÔTE 57050 LE BAN ST MARTIN,57049,"49.1261,6.1456",Immeuble,17m,"Copropriété, Syndic, SCI",2026-07-31,ALL,,False,False
3021814,BOUYGUES TELECOM,LTE 2100,43 AV DE L' HIPPODROME 14390 CABOURG,14117,"49.2808,-0.1156",Pylône tubulaire,"31,3m",CELLNEX,2024-12-26,SUP,,False,False
3022071,FREE MOBILE,"LTE 900, LTE 2100, 5G NR 700",PLACE DU CHAMPS DE BATAILLE MAIRIE DU CASTELLET 83330 LE CASTELLET,83035,"43.2036,5.7767",Bâtiment,"19,1m","Commune, communauté de communes",2026-08-03,ALL,,False,False
3022450,BOUYGUES TELECOM,LTE 2100,LE BOIS RONDEAU 44650 TOUVOIS,44206,"46.8925,-1.685",Pylône autostable,35m,TDF,2025-05-27,SUP,,False,False
3022899,BOUYGUES TELECOM,LTE 2100,11 RUE DE LA CANTINAIS 44750 QUILLY,44139,"47.4594,-1.9481",Pylône autostable,30m,Société Privée,2025-06-03,SUP,,False,False
3022901,BOUYGUES TELECOM,LTE 2100,D 69 (PATIS DE LA HOUDINAIS) 35160 LE VERGER,35351,"48.0758,-1.9328",Pylône autostable,30m,ATC FRANCE,2025-08-13,SUP,,False,False
3024001,BOUYGUES TELECOM,LTE 2100,ROUTE COMMUNALE N°4 (LA PETITE BEIMETTE) 00404 ERR CONV INSEE,35112,"48.3694,-1.1408",Pylône autostable,"26,5m",CELLNEX,2025-03-06,SUP,,False,False
3025563,BOUYGUES TELECOM,LTE 2100, (CLEURUN) 56110 GOURIN,56066,"48.1472,-3.6156",Pylône autostable,30m,CELLNEX,2025-12-23,SUP,,False,False
3025576,BOUYGUES TELECOM,LTE 2100,6 IMP DU LAVOIR 56620 CLEGUER,56040,"47.85,-3.3822",Pylône autostable,30m,CELLNEX,2025-07-10,SUP,,False,False
3025604,BOUYGUES TELECOM,LTE 2100,BOULEVARD DU QUÉBEC  (PIECE DES BREGEONS) 72200 LA FLECHE,72154,"47.7089,-0.0736",Pylône autostable,"36,5m",BOUYGUES,2025-06-03,SUP,,False,False
3026221,BOUYGUES TELECOM,LTE 2100,RUE DES BOURDETTES (LES MONTMARTINS) 41350 VINEUIL,41295,"47.6017,1.4083",Pylône autostable,25m,CELLNEX,2025-04-17,SUP,,False,False
3026223,BOUYGUES TELECOM,LTE 2100,135 CHEMIN DES GOULIDONS CHEMIN DES GOULIDONS (LA CURE) 49290 CHALONNES SUR LOIRE,49063,"47.3431,-0.765",Pylône autostable,"42,8m",BOUYGUES,2025-10-16,SUP,,False,False
3026230,BOUYGUES TELECOM,LTE 2100,LA GARE (LA DORNIERE) 41170 COUETRON AU PERCHE,41248,"48.075,0.9611",Pylône autostable,31m,CELLNEX,2025-11-27,SUP,,False,False
3026233,BOUYGUES TELECOM,LTE 2100,D51 (PARC MONNIER) 44410 ST LYPHARD,44175,"47.3683,-2.3578",Pylône autostable,"24,3m",CELLNEX,2025-10-30,SUP,,False,False
3026265,BOUYGUES TELECOM,LTE 2100,CHEMIN RURAL (LE FRICHE) 49600 MONTREVAULT SUR EVRE,49218,"47.2453,-0.9719",Pylône autostable,"30,5m",BOUYGUES,2025-09-18,SUP,,False,False
3026267,BOUYGUES TELECOM,LTE 2100,LA COYERE (LA GUIBERDIERE-LES PEUPLIERS) 53340 PREAUX,53184,"47.9511,-0.4694",Pylône autostable,25m,CELLNEX,2025-03-06,SUP,,False,False
3026711,BOUYGUES TELECOM,LTE 2100,CHEMIN DE BRIVOLANT 49170 ST GEORGES SUR LOIRE,49283,"47.3875,-0.7497",Pylône autostable,"25,5m",CELLNEX,2025-02-20,SUP,,False,False
3026713,BOUYGUES TELECOM,LTE 2100,BOIS DES LOGES (LA PETITE MORINIÈRE) 49640 MORANNES SUR SARTHE DAUMERAY,49220,"47.7281,-0.4208",Pylône autostable,36m,CELLNEX,2025-09-18,SUP,,False,False
3027093,BOUYGUES TELECOM,LTE 2100,2 ROUTE DE FONTENAY 88 CHEMIN DE PÉTRÉ 85400 LUCON,85128,"46.4578,-1.1319",Pylône autostable,"42,8m",CELLNEX,2024-12-09,SUP,,False,False
3027143,BOUYGUES TELECOM,LTE 2100,18 BD DU GAL DE GAULLE 11100 NARBONNE,11262,"43.1858,3.0089",Immeuble,33m,"Copropriété, Syndic, SCI",2025-09-11,SUP,,False,False
3027417,BOUYGUES TELECOM,LTE 2100,CHEMIN DU PRÉ DES OIES (LE PRÉ DES OIES) 85740 L EPINE,85083,"46.9853,-2.2594",Pylône tubulaire,"30,5m",CELLNEX,2025-04-08,SUP,,False,False
3027499,BOUYGUES TELECOM,LTE 2100,CHEM BEL AIR (LA GRANDE VALLEE) 53240 ST JEAN SUR MAYENNE,53229,"48.1261,-0.7403",Pylône autostable,24m,CELLNEX,2025-12-04,SUP,,False,False
3027670,BOUYGUES TELECOM,LTE 2100,CHEMIN DE L'ILE VIEILLE (ILE DU BANASTIER) 84430 MONDRAGON,84078,"44.2322,4.6928",Pylône autostable,25m,CELLNEX,2026-03-19,SUP,,False,False
3027677,BOUYGUES TELECOM,LTE 2100,ROUTE DE LA BUARDERIE AU CROISEMENT CHEMIN DE LA CROIX ROUGE (LE CLOS MAUCOU) 72500 MONTVAL SUR LOIR,72071,"47.6894,0.3931",Pylône autostable,"24,5m",CELLNEX,2025-07-03,SUP,,False,False
3027685,BOUYGUES TELECOM,LTE 2100, (COATQUELVEN) 29400 LANDIVISIAU,29105,"48.4986,-4.085",Pylône autostable,"36,5m",BOUYGUES,2024-12-12,SUP,,False,False
3027913,ORANGE,5G NR 700,4  RUE SAINT-ROCH 75001 PARIS 01,75101,"48.8642,2.3317",Bâtiment,31m,"Copropriété, Syndic, SCI",,AJO,,False,False
3027913,ORANGE,LTE 700,4  RUE SAINT-ROCH 75001 PARIS 01,75101,"48.8642,2.3317",Bâtiment,31m,"Copropriété, Syndic, SCI",2025-02-26,SUP,,False,False
3027985,BOUYGUES TELECOM,LTE 2100,CHE RURAL DU GAI LIEU PROCHE CHEMIN DE FER DE RENNES À REDON VILAINE (GLANRET) 35580 GUICHEN,35126,"47.9289,-1.7628",Pylône autostable,31m,BOUYGUES,2025-11-27,SUP,,False,False
3029641,BOUYGUES TELECOM,LTE 2100,LA CHAMOISERIE OUEST 86530 NAINTRE,86174,"46.77,0.4722",Pylône autostable,24m,CELLNEX,2025-07-31,SUP,,False,False
3029702,ORANGE,"UMTS 900, LTE 700, LTE 800, LTE 1800, LTE 2100, LTE 2600, 5G NR 700, 5G NR 3500",3 RUE JOSEPH POISSONNIER (TERRAIN) 59147 GONDECOURT,59266,"50.5411,2.9911",Pylône tubulaire,30m,ORANGE,2026-03-06,SUP,,False,False
3029794,SFR,"LTE 700, LTE 800, LTE 1800, LTE 2100, LTE 2600, 5G NR 2100",CHEMIN DE PIED BEL (LA GENESTIÈRE) 26110 MIRABEL AUX BARONNIES,26182,"44.3053,5.0956",Pylône autostable,24m,ATC FRANCE,2026-07-29,ALL,,False,True
3030160,BOUYGUES TELECOM,LTE 2100, (LE BROSSAY) 72300 PRECIGNE,72244,"47.77,-0.3706",Pylône autostable,43m,TDF,2024-12-12,SUP,,False,False
3030261,BOUYGUES TELECOM,LTE 2100,RTE BEAU SOLEIL A 81 72550 DEGRE,72113,"48.0453,0.0928",Pylône autostable,45m,Société Privée,2025-11-06,SUP,,False,False
3030940,BOUYGUES TELECOM,LTE 2100,RUE DU COQ HARDI 2 ZA DE LA BIGOTIERE 37390 CERELLES,37047,"47.5061,0.6756",Pylône autostable,"36,5m",CELLNEX,2025-11-25,SUP,,False,False
3032028,BOUYGUES TELECOM,LTE 2100, (LE MONT GROS) 34260 AVENE,34019,"43.7356,3.0581",Pylône autostable,"24,5m",BOUYGUES,,SUP,,False,True
3032351,BOUYGUES TELECOM,LTE 2100,938 RUE DOCTEUR PAUL VERMALE 30160 BESSEGES,30037,"44.2881,4.1019",Pylône autostable,25m,CELLNEX,2025-09-25,SUP,,False,False
3032393,BOUYGUES TELECOM,LTE 2100,CHEMIN DE L'ÉPICIÈRE À LA CROSNERIE (LE MARCHAIS) 41270 BOUFFRY,41022,"48.0131,1.045",Pylône autostable,"36,5m",BOUYGUES,2025-07-10,SUP,,False,False
3034968,BOUYGUES TELECOM,LTE 2100,386 RUE  AUGUSTIN JEAN FRESNEL 34500 BEZIERS,34032,"43.37,3.2228",Pylône autostable,18m,BOUYGUES,2025-10-30,SUP,,False,False
3034970,BOUYGUES TELECOM,LTE 2100,13 RUE LAFAYETTE 36130 DIORS,36064,"46.8167,1.7758",Pylône autostable,25m,CELLNEX,2025-09-25,SUP,,False,False
3035377,BOUYGUES TELECOM,LTE 2100,ROUTE DE L'ALLEUD DEPARTEMENTALE 111 (LE MARIET) 49170 LA POSSONNIERE,49247,"47.3719,-0.7122",Pylône autostable,"30,8m",CELLNEX,2025-09-25,SUP,,False,False
3035708,BOUYGUES TELECOM,"LTE 1800, LTE 2600",RTE DU BOIS DES TRÉANS PRÉ DU BOIS SAUVIN (LE GÂT PELLERIN) 44760 LES MOUTIERS EN RETZ,44106,"47.0719,-2.0092",Pylône tubulaire,28m,TOTEM,2026-07-30,ALL,,False,False
3035708,BOUYGUES TELECOM,"5G NR 2100, 5G NR 3500",RTE DU BOIS DES TRÉANS PRÉ DU BOIS SAUVIN (LE GÂT PELLERIN) 44760 LES MOUTIERS EN RETZ,44106,"47.0719,-2.0092",Pylône tubulaire,28m,TOTEM,2026-06-17,ART,,False,False
3035708,SFR,"LTE 700, LTE 800, LTE 1800, LTE 2600, 5G NR 2100, 5G NR 3500",RTE DU BOIS DES TRÉANS PRÉ DU BOIS SAUVIN (LE GÂT PELLERIN) 44760 LES MOUTIERS EN RETZ,44106,"47.0719,-2.0092",Pylône tubulaire,28m,TOTEM,2026-07-31,ALL,,False,True
3037207,BOUYGUES TELECOM,LTE 2100,R DU STADE 29710 LANDUDEC,29108,"47.9978,-4.3281",Pylône tubulaire,24m,CELLNEX,2025-10-24,SUP,,False,False
3037240,BOUYGUES TELECOM,LTE 2100,CHEMIN LE BOIS GAUTHIER (BOIS GAUTHIER) 35440 DINGE,35094,"48.3606,-1.7219",Pylône autostable,"36,9m",BOUYGUES,2025-10-30,SUP,,False,False
3038162,BOUYGUES TELECOM,LTE 2100,16 BOULEVARD DE GROSLAY 35300 FOUGERES,35115,"48.3558,-1.1878",Pylône tubulaire,30m,CELLNEX,2025-09-04,SUP,,False,False
3039706,BOUYGUES TELECOM,"LTE 700, LTE 800",107A MONTÉE DES PRÉS FLEURIS (LA COTE) 42230 ST ETIENNE,42218,"45.4383,4.2775",Pylône autostable,24m,TOTEM,2026-08-06,ALL,,False,True
3040236,BOUYGUES TELECOM,LTE 2100,RTE DES PEUPLIERS (LES FONTAINES) 86110 THURAGEAU,86271,"46.7842,0.25",Pylône autostable,37m,BOUYGUES,2025-06-12,SUP,,False,False
3041285,BOUYGUES TELECOM,LTE 2100,ROUTE DE LA BOISELLERIE (LA BELLE INDIENNE) 86230 SERIGNY,86260,"46.9361,0.3056",Pylône autostable,30m,TOTEM,2024-12-26,SUP,,False,False
3041989,FREE MOBILE,5G NR 700,1 PLACE JEAN JAURÈS MAIRIE 71100 ST REMY,71475,"46.7694,4.8283",Immeuble,21m,"Commune, communauté de communes",2026-08-03,ALL,,False,False
3042070,BOUYGUES TELECOM,LTE 2100,RUE DES ARDENTES (LA CROIX PERE) 86210 VOUNEUIL SUR VIENNE,86298,"46.7222,0.5422",Pylône tubulaire,"24,5m",BOUYGUES,2025-11-06,SUP,,False,False
3042141,ORANGE,UMTS 900,6 VOIE COMMUNALE (LE ROUGEROL) 48150 HURES LA PARADE,48074,"44.2544,3.4369",Pylône autostable,"18,1m",TOTEM,2026-08-03,ALL,,True,False
3042141,SFR,UMTS 900,6 VOIE COMMUNALE (LE ROUGEROL) 48150 HURES LA PARADE,48074,"44.2544,3.4369",Pylône autostable,"18,1m",TOTEM,2026-07-22,ALL,,True,True
3042534,BOUYGUES TELECOM,LTE 2100,CHEMIN LA CICARDIERE 72430 AVOISE,72021,"47.8678,-0.2414",Pylône autostable,25m,CELLNEX,2025-11-25,SUP,,False,False
3042537,BOUYGUES TELECOM,LTE 2100,50 RUE ILURIC (LAN VIHAN) 56370 SARZEAU,56240,"47.5208,-2.7878",Pylône autostable,37m,CELLNEX,2025-10-23,SUP,,False,False
3043162,BOUYGUES TELECOM,LTE 2100,ROUTE DE LA PELLERIE (LE PETIT CHATELLIER) 49170 ST GERMAIN DES PRES,49284,"47.4053,-0.8131",Pylône autostable,19m,CELLNEX,2025-07-31,SUP,,False,False
3043164,BOUYGUES TELECOM,LTE 2100,CHEMIN RURAL DE LA PLAINE DE CHAMPAGNE (LA VIGNE FILTAUPIER) 49260 VAUDELNAY,49364,"47.1397,-0.2256",Pylône autostable,"36,8m",CELLNEX,2025-10-16,SUP,,False,False
3044405,FREE MOBILE,LTE 700,2 RUE DE LA RIVAUDIERE 44800 ST HERBLAIN,44162,"47.2211,-1.6544",Pylône tubulaire,30m,FREE-MOBILE,2026-08-10,AAV,,False,True
3045542,SFR,"LTE 700, LTE 800, LTE 1800, LTE 2600, 5G NR 2100",ROUTE DÉPARTEMENTALE D 107 (LE CHAMP ST-ANTOINE) 18500 MARMAGNE,18138,"47.1192,2.2347",Pylône autostable,31m,ON TOWER FRANCE,2026-07-31,ALL,,False,True
3045718,BOUYGUES TELECOM,LTE 2100,LE TERTRE (LE TERTRE) 41270 LE POISLAY,41179,"48.0694,1.0242",Pylône autostable,"18,1m",CELLNEX,2025-05-27,SUP,,False,False
3046245,BOUYGUES TELECOM,LTE 2100,4 RUE DU CHER 37800 NOUATRE,37174,"47.0622,0.5531",Pylône autostable,"30,1m",CELLNEX,2025-05-05,SUP,,False,False
3046247,BOUYGUES TELECOM,LTE 2100,PROCHE R DE LA ROSELIERE (LES GRANDES ROUILLERES) 85360 LA TRANCHE SUR MER,85294,"46.3489,-1.4028",Pylône tubulaire,24m,CELLNEX,2025-10-30,SUP,,False,False
3047552,BOUYGUES TELECOM,LTE 2100,D24 RUE DE THIBIE (LA THIBIE) 85420 RIVES D AUTISE,85162,"46.3972,-0.6744",Pylône autostable,40m,ATC FRANCE,2025-07-31,SUP,,False,False
3049113,BOUYGUES TELECOM,LTE 2100,R DU VIEUX MOULIN STADE 79700 MAULEON,79079,"46.9433,-0.6944",Pylône tubulaire,30m,ON TOWER FRANCE,2025-08-13,SUP,,False,False
3050082,BOUYGUES TELECOM,LTE 2100, (CHAMPAGNE DES VALLEES) 72300 PARCE SUR SARTHE,72228,"47.8347,-0.205",Pylône autostable,36m,CELLNEX,2025-09-01,SUP,,False,False
3050084,BOUYGUES TELECOM,LTE 2100,9 RTE DE LA GAUBRIERE (LE PRE ROUET) 85130 TIFFAUGES,85293,"47.0056,-1.1019",Pylône autostable,43m,CELLNEX,2025-04-21,SUP,,False,False
3050267,FREE MOBILE,5G NR 700,28 RUE ALEXANDRE BARRABÉ 76100 ROUEN,76540,"49.4294,1.0753",Immeuble,16m,Société Privée,2026-08-03,ALL,,False,False
3050441,BOUYGUES TELECOM,LTE 2100,15 R DU MITRON STADE (STADE) 79700 MAULEON,79079,"46.9153,-0.7106",Pylône autostable,24m,CELLNEX,2025-11-25,SUP,,False,False
3050444,BOUYGUES TELECOM,LTE 2100,L'AUDONNIÈRE CHAPELLE LARGEAU 79700 MAULEON,79079,"46.9356,-0.8314",Pylône autostable,30m,CELLNEX,2025-12-11,SUP,,False,False
3050448,BOUYGUES TELECOM,LTE 2100,DÉPARTEMENTALE D329 PROCHE IMPASSE BELLEVUE (BEL AIR) 79800 PAMPROUX,79201,"46.4006,-0.0564",Pylône autostable,24m,CELLNEX,2025-11-27,SUP,,False,False
3050889,BOUYGUES TELECOM,LTE 2100,CHEM DE LA CROIX (LES COSSES) 49125 TIERCE,49347,"47.6014,-0.4775",Pylône autostable,"24,1m",CELLNEX,2025-09-18,SUP,,False,False
3051347,BOUYGUES TELECOM,LTE 2100,12 ZA DE LESTY (LA LANDE DU MOULIN DU LEST) 56190 AMBON,56002,"47.5417,-2.5567",Pylône autostable,"42,5m",ATC FRANCE,2025-09-25,SUP,,False,False
3054051,SFR,"LTE 700, LTE 800, LTE 1800, LTE 2100, LTE 2600, 5G NR 2100",CHEMIN DE MONDI (MONDI) 31530 LASSERRE PRADERE,31277,"43.6406,1.1939",Pylône autostable,36m,ATC FRANCE,2026-07-29,ALL,,False,True
3054196,FREE MOBILE,5G NR 700,RUE DE LA GARE (LA TOUCHE) 72190 NEUVILLE SUR SARTHE,72217,"48.0694,0.2008",Pylône autostable,"36,4m",FREE-MOBILE,2026-08-03,ALL,,False,False
3055006,BOUYGUES TELECOM,LTE 2100,LA ROUGERE (DEVANT LINIERS) 86380 ST MARTIN LA PALLU,86281,"46.7003,0.1642",Pylône autostable,"36,6m",BOUYGUES,2025-11-27,SUP,,False,False
3055421,BOUYGUES TELECOM,LTE 2100,RUE DE L'ECOTAY PARC D'ACTIVITES DE L'ECOTAY 35410 NOUVOITOU,35204,"48.0417,-1.5372",Pylône autostable,31m,BOUYGUES,2025-09-01,SUP,,False,False
3055980,BOUYGUES TELECOM,"5G NR 2100, 5G NR 3500",7 R ALBERTO SANTOS DUMONT (PARC MARCEL DASSAULT) 34430 ST JEAN DE VEDAS,34270,"43.5575,3.8481",Pylône autostable,12m,BOUYGUES,2026-08-03,ALL,,False,False
3056438,BOUYGUES TELECOM,"LTE 1800, 5G NR 2100",5 R BOURGEOISE 92800 PUTEAUX,92062,"48.8803,2.2419",Immeuble,"25,5m","Copropriété, Syndic, SCI",2026-07-21,ALL,,False,False
3057131,BOUYGUES TELECOM,LTE 2100,GR39 PROCHE DE LA VILAINE (LA GOHERAIS) 35890 BOURG DES COMPTES,35033,"47.9089,-1.7611",Pylône autostable,"36,4m",ATC FRANCE,2025-12-04,SUP,,False,False
306390,SFR,"GSM 900, UMTS 900, LTE 700, LTE 800",VC DE LACHAU AU DAT (LE DAT SOUBEYROL) 15130 CARLAT,15028,"44.8803,2.5522",Pylône autostable,"20,4m",HIVORY,2005-12-26,SUP,,False,False
3065301,BOUYGUES TELECOM,LTE 2100,1780 GARE DE LA FORET PROCHE DEPARTEMENTALE 178 (LE BREIL) 35130 RANNEE,35235,"47.8803,-1.2714",Pylône autostable,"36,3m",BOUYGUES,2025-10-24,SUP,,False,False
3065337,BOUYGUES TELECOM,LTE 2100,KERGARIOU (KERGARIOU) 29000 QUIMPER,29232,"48.0261,-4.1081",Pylône autostable,"36,8m",CELLNEX,2025-07-03,SUP,,False,False
3067308,FREE MOBILE,"LTE 900, LTE 2100",5 RUE ANTONIO VIVALDI 31500 TOULOUSE,31555,"43.6053,1.4147",Immeuble,"16,8m",Société HLM,2026-08-03,ALL,,False,False
3072120,BOUYGUES TELECOM,UMTS 900,RUE DU CHÂTEAU D'EAU RUE DU PARC 11230 VAL DE LAMBRONNE,11080,"43.0731,1.9744",Pylône autostable,"24,4m",FREE-MOBILE,2026-07-28,ALL,,True,True
3073314,BOUYGUES TELECOM,LTE 2100,ZAC LA CROISEE RUE LOUIS BORDIER (LOUBLANDE) 79700 MAULEON,79079,"46.985,-0.8467",Pylône autostable,30m,CELLNEX,2026-02-19,SUP,,False,False
3073608,BOUYGUES TELECOM,LTE 2100,LA RATAUDIERE (COUBAUDRON) 85370 LE LANGON,85121,"46.4469,-0.9314",Pylône autostable,"30,8m",CELLNEX,2025-10-24,SUP,,False,False
3073610,BOUYGUES TELECOM,LTE 2100,10 RUE DE CHOISEL (LES CHOISAUX) 35320 POLIGNE,35231,"47.8917,-1.6844",Pylône autostable,32m,CELLNEX,2025-07-10,SUP,,False,False
3073621,BOUYGUES TELECOM,LTE 2100,12 RUE DE LA GARE 85420 RIVES D AUTISE,85162,"46.4072,-0.6775",Pylône autostable,"24,6m",CELLNEX,2025-08-07,SUP,,False,False
3075313,BOUYGUES TELECOM,LTE 2100,1011 ZA MONTREMY (LE CLOS DU CHATEAU) 49600 MONTREVAULT SUR EVRE,49218,"47.2708,-1.0669",Pylône autostable,24m,CELLNEX,2025-11-06,SUP,,False,False
3075486,BOUYGUES TELECOM,LTE 2100,R DE LA CROIX MARTEAU IMPASSE DE LA FORGE (ZAE DE LA CROIX MARTEAU) 44640 VUE,44220,"47.2,-1.9033",Pylône autostable,31m,TDF,2025-06-05,SUP,,False,False
3075768,BOUYGUES TELECOM,LTE 2100, (VILLE PORTEE D AMOUR) 22170 PLOUVARA,22234,"48.5189,-2.9258",Pylône autostable,37m,CELLNEX,2025-08-13,SUP,,False,False
3076677,BOUYGUES TELECOM,LTE 2100,IMP DE LA FLOURE (ZONE D'ACTIVITÉS DE BERRET) 30200 BAGNOLS SUR CEZE,30028,"44.1514,4.6378",Pylône autostable,18m,BOUYGUES,2025-09-18,SUP,,False,False
3077844,BOUYGUES TELECOM,"LTE 700, LTE 800, LTE 1800, LTE 2600",COTE DES RUS 22130 LANGUENAN,22105,"48.5081,-2.1347",Pylône autostable,"30,5m",CELLNEX,2026-07-30,ALL,,False,True
3077844,BOUYGUES TELECOM,5G NR 2100,COTE DES RUS 22130 LANGUENAN,22105,"48.5081,-2.1347",Pylône autostable,"30,5m",CELLNEX,2026-06-25,ART,,False,True
3077844,SFR,"LTE 700, LTE 800, LTE 1800, LTE 2600, 5G NR 2100",COTE DES RUS 22130 LANGUENAN,22105,"48.5081,-2.1347",Pylône autostable,"30,5m",CELLNEX,2026-07-31,ALL,,False,True
3077848,BOUYGUES TELECOM,LTE 2100,RUE DU STADE (LE PETIT PATIS DE LA GITE) 85150 MARTINET,85138,"46.6767,-1.6733",Pylône autostable,"30,5m",BOUYGUES,2025-12-17,SUP,,False,False
3077850,BOUYGUES TELECOM,LTE 2100,IMPASSE DE LA FORET 53350 BALLOTS,53018,"47.8906,-1.045",Pylône autostable,"24,5m",BOUYGUES,2025-12-17,SUP,,False,False
3077852,BOUYGUES TELECOM,LTE 2100,ROUTE DE BEAULIEU (LE PRE DU BREON) 53230 MERAL,53151,"47.965,-0.9847",Pylône autostable,"42,5m",BOUYGUES,2025-11-27,SUP,,False,False
3078177,BOUYGUES TELECOM,LTE 2100,5085 RUE DU CHATEAU D'EAU 36120 ARDENTES,36005,"46.7428,1.8403",Pylône autostable,"36,7m",CELLNEX,2026-02-19,SUP,,False,False
3086024,BOUYGUES TELECOM,LTE 2100,1807 RTE DE VILLEDIEU 50400 GRANVILLE,50218,"48.8383,-1.5375",Pylône autostable,"24,6m",CELLNEX,2025-05-20,SUP,,False,False
3086026,BOUYGUES TELECOM,LTE 2100,RUE DU NAVINEAU (ZA LANDE DU NAVINEAU) 85260 MONTREVERD,85197,"46.9047,-1.4414",Pylône autostable,"36,5m",CELLNEX,2025-08-07,SUP,,False,False
3086496,BOUYGUES TELECOM,LTE 2100,313 CHEMIN DU VAL 14123 IFS,14341,"49.1475,-0.3414",Pylône tubulaire,24m,CELLNEX,2025-10-24,SUP,,False,False
3086500,BOUYGUES TELECOM,LTE 2100,LA CORNILLIERE  BRAFFAIS 50870 LE PARC,50535,"48.7606,-1.2789",Pylône autostable,"24,6m",CELLNEX,2025-11-06,SUP,,False,False
3086511,BOUYGUES TELECOM,LTE 2100,CHEMIN DES FOSSES (FIEF DU ROBILLON) 85220 COMMEQUIERS,85071,"46.7733,-1.8306",Pylône autostable,"24,5m",CELLNEX,2025-05-27,SUP,,False,False
3087226,BOUYGUES TELECOM,LTE 2100,133 R ROGER AINI 14100 LISIEUX,14366,"49.1444,0.2503",Pylône tubulaire,36m,CELLNEX,2025-09-01,SUP,,False,False
3087398,BOUYGUES TELECOM,LTE 2100, (LA BASTIDE NEUVE ET LA ROU) 30390 ARAMON,30012,"43.9086,4.65",Pylône autostable,"18,2m",BOUYGUES,2026-01-22,SUP,,False,False
3087511,ORANGE,UMTS 900,PROCHE DE ROUTE DÉPARTEMENTALE N°69 (COL DE VERDE) 20227 GHISONI,2B124,"42.0294,9.1939",Pylône autostable,36m,SFR,2026-07-23,ALL,,True,True
3089983,FREE MOBILE,5G NR 700,15 RUE FRANÇAIS 88000 CHANTRAINE,88087,"48.1711,6.4375",Bâtiment,"34,9m","Copropriété, Syndic, SCI",2026-08-03,ALL,,False,False
3091243,ORANGE,UMTS 900,RUE DE CRECY D135 (LE CHEM DE DOMPIERRE) 62140 CAPELLE LES HESDIN,62212,"50.3339,1.9925",Pylône autostable,42m,HIVORY,2026-04-27,ART,,True,False
3093914,BOUYGUES TELECOM,LTE 2100, (L'ARCHERIE) 35370 LE PERTRE,35217,"48.0242,-1.05",Pylône autostable,36m,BOUYGUES,2025-12-11,SUP,,False,False
3094078,BOUYGUES TELECOM,LTE 2100, (BEAU MORTIER) 72430 NOYEN SUR SARTHE,72223,"47.8672,-0.0667",Pylône autostable,"30,6m",CELLNEX,2025-10-30,SUP,,False,False
3095691,ORANGE,,RUE LUC BOURGUIGNON CENTRE TECHNIQUE DE LA CANNE ET DU SUCRE DE LA GUADELOUPE 97142 LES ABYMES,97101,"16.2669,-61.5144",Pylône tubulaire,25m,ORANGE,2025-02-18,CHT,Pylône autostable,False,False
3095691,OUTREMER TELECOM,,RUE LUC BOURGUIGNON CENTRE TECHNIQUE DE LA CANNE ET DU SUCRE DE LA GUADELOUPE 97142 LES ABYMES,97101,"16.2669,-61.5144",Pylône tubulaire,25m,ORANGE,2025-12-30,CHT,Pylône autostable,False,False
3096758,BOUYGUES TELECOM,"LTE 700, LTE 800, LTE 1800, LTE 2100, LTE 2600, 5G NR 2100",33 ALLÉES DES LETTRES PERSANES (A LÉCHAC) 33650 LA BREDE,33213,"44.6864,-0.5211",Pylône autostable,"36,3m",TOTEM,2026-07-30,ALL,,False,True
3097310,BOUYGUES TELECOM,LTE 2100,65 ALL DE LOC'HILAIRE 29170 FOUESNANT,29058,"47.8889,-4.0097",Pylône tubulaire,"36,6m",CELLNEX,2025-12-23,SUP,,False,False
3100705,BOUYGUES TELECOM,LTE 2100,LANDIER DES DROUETS 35380 MAXENT,35169,"47.9731,-2.0228",Pylône autostable,"36,5m",HIVORY,2025-11-20,SUP,,False,False
3102091,BOUYGUES TELECOM,LTE 2100,5 ROUTE DE SÉES (LA BATAILLE) 61570 MORTREE,61294,"48.6364,0.0911",Pylône autostable,"36,5m",TOTEM,2025-12-17,SUP,,False,False
3102660,SFR,"LTE 700, LTE 800, LTE 1800, LTE 2100, LTE 2600, 5G NR 2100",ROUTE DE VANDRE D114 PROCHE DE LA ROSIERE (SAINT PIERRE) 17700 SURGERES,17434,"46.0925,-0.7533",Pylône autostable,36m,HIVORY,2026-07-29,ALL,,False,True
3104650,BOUYGUES TELECOM,LTE 2100,RUE JEAN NOEL JEGO (LA MONTAGNE DU SALUT) 56600 LANESTER,56098,"47.7875,-3.3144",Pylône autostable,"36,1m",CELLNEX,2025-12-04,SUP,,False,False
3105337,BOUYGUES TELECOM,LTE 2100,RTE DE ST ALOUR 29740 PLOBANNALEC LESCONIL,29165,"47.8158,-4.2281",Pylône tubulaire,"24,5m",CELLNEX,2026-02-26,SUP,,False,False
3105836,BOUYGUES TELECOM,LTE 2100,CHEM. DE L'EMBRANCHEMENT PROCHE DE STATION D'ÉPURATION (SOUS LES VIGNES) 27730 BUEIL,27119,"48.9389,1.4317",Pylône autostable,37m,BOUYGUES,2026-02-26,SUP,,False,False
3107416,BOUYGUES TELECOM,"UMTS 900, LTE 700, LTE 800",ROUTE DE BRAS PENDU TERRAIN PRIVÉ 19120 LA CHAPELLE AUX SAINTS,19044,"44.9953,1.7231",Pylône autostable,36m,FREE-MOBILE,,AJO,,True,True
3107416,SFR,"UMTS 900, LTE 700, LTE 800",ROUTE DE BRAS PENDU TERRAIN PRIVÉ 19120 LA CHAPELLE AUX SAINTS,19044,"44.9953,1.7231",Pylône autostable,36m,FREE-MOBILE,,AJO,,True,True
3107446,FREE MOBILE,5G NR 700,RUE DE POITIERS ARTHUR L'AVENTURE 4D (PARC DU FUTUROSCOPE) 86380 JAUNAY MARIGNY,86115,"46.6717,0.3719",Immeuble,"35,6m",Société Privée,2026-08-03,ALL,,False,False
3107675,FREE MOBILE,LTE 700,14/20 RUE DES GRAVIERS 92200 NEUILLY SUR SEINE,92051,"48.8819,2.2625",Bâtiment,"30,8m",Établissement de soins,2026-08-10,AAV,,False,False
3107690,BOUYGUES TELECOM,"UMTS 900, LTE 700, LTE 800",378 RTE D'AUGIORS STATION D'ÉPURATION (EN CROUPET) 01560 ST JEAN SUR REYSSOUZE,01364,"46.4031,5.0661",Pylône autostable,"48,4m",FREE-MOBILE,,AJO,,True,True
3108400,FREE MOBILE,"LTE 900, LTE 2100, 5G NR 700",ROUTE DE LA LANDETTE (LA LANDETTE) 85310 NESMY,85160,"46.5897,-1.4119",Pylône autostable,30m,FREE-MOBILE,2026-08-03,ALL,,False,False
3109321,BOUYGUES TELECOM,LTE 2100,CHEMIN D'EXPLOITATION PROCHE DEPARTEMENTALE 56 (LA RONCHÈRE ) 44140 REMOUILLE,44142,"47.05,-1.3864",Pylône autostable,"24,1m",CELLNEX,2025-12-30,SUP,,False,False
3111502,BOUYGUES TELECOM,LTE 2100,IMPASSE DE LA JAUNIERE (LES TERTRES) 49330 ETRICHE,49132,"47.6731,-0.4522",Pylône autostable,"30,1m",CELLNEX,2025-11-06,SUP,,False,False
3111538,BOUYGUES TELECOM,LTE 2100,RTE DE KERVERN (KERVERN BIHAN) 29650 PLOUEGAT MOYSAN,29183,"48.5772,-3.5956",Pylône autostable,31m,BOUYGUES,2025-11-25,SUP,,False,False
3111559,BOUYGUES TELECOM,LTE 2100,CHEM DES GRAVIERES (HERMASSE DE PONT MARTIN) 30131 PUJAUT,30209,"43.9806,4.7381",Pylône autostable,"25,5m",BOUYGUES,2025-11-25,SUP,,False,False
3111640,BOUYGUES TELECOM,LTE 2100,ROUTE DU MOULIN D'YVRAY (LE BOIS DE BRIOLAY) 49330 ETRICHE,49132,"47.6483,-0.4597",Pylône autostable,"37,1m",CELLNEX,2025-11-25,SUP,,False,False
3111795,BOUYGUES TELECOM,LTE 2100,286 RUE DE LA REINE MATHILDE (LA GRANDE FONTAINE) 14500 VIRE NORMANDIE,14762,"48.8672,-0.8764",Pylône autostable,"24,6m",BOUYGUES,,SUP,,False,True
3112186,ORANGE,"UMTS 900, LTE 700, LTE 800",PROCHE ROUTE DES CHARABOTTES (A BUCHEZOU) 19190 SERILHAC,19257,"45.0992,1.7269",Pylône autostable,30m,FREE-MOBILE,2026-08-03,ALL,,True,True
3112186,SFR,"UMTS 900, LTE 700, LTE 800",PROCHE ROUTE DES CHARABOTTES (A BUCHEZOU) 19190 SERILHAC,19257,"45.0992,1.7269",Pylône autostable,30m,FREE-MOBILE,2026-07-21,ALL,,True,True
3113425,BOUYGUES TELECOM,LTE 2100,21 AV DES ANCIENS DE LA 2EME DB 50230 AGON COUTAINVILLE,50003,"49.0436,-1.5739",Pylône autostable,"42,5m",CELLNEX,2025-12-18,SUP,,False,False
3114252,FREE MOBILE,5G NR 700,2 AVENUE DES COULOMBIERS USINE TEXTILE 59780 BAISIEUX,59044,"50.6083,3.2564",Bâtiment,"26,7m",Société Privée,2026-08-03,ALL,,False,False
3114317,BOUYGUES TELECOM,UMTS 900,386 CHEMIN DU PIGEONNIER (EN DURAND) 81500 CABANES,81044,"43.7231,1.9464",Pylône autostable,30m,FREE-MOBILE,2026-07-28,ALL,,True,True
3114843,ORANGE,"LTE 700, LTE 800",RUE DU PARQUET (LA COGNE) 62990 LOISON SUR CREQUOISE,62522,"50.4411,1.9178",Pylône autostable,42m,SFR,2026-06-22,ART,,True,False
3115947,BOUYGUES TELECOM,LTE 2100,LE BROUAISSAIS 44850 ST MARS DU DESERT,44179,"47.36,-1.4272",Pylône autostable,"37,2m",CELLNEX,2025-10-30,SUP,,False,False
3115949,BOUYGUES TELECOM,"UMTS 900, LTE 700, LTE 800",LE CRÉPOU (MEILLADE) 48250 LUC,48086,"44.6244,3.8756",Pylône autostable,"30,5m",CELLNEX,2026-07-15,ALL,,True,True
3115949,ORANGE,"UMTS 900, LTE 700, LTE 800",LE CRÉPOU (MEILLADE) 48250 LUC,48086,"44.6244,3.8756",Pylône autostable,"30,5m",CELLNEX,2026-08-03,ALL,,True,True
3116145,BOUYGUES TELECOM,LTE 2100,4 R DU STADE 29570 CAMARET SUR MER,29022,"48.2753,-4.6061",Pylône tubulaire,24m,BOUYGUES,2025-11-25,SUP,,False,False
3116734,SFR,5G NR 3500,3 RUE PHILIPPE FABIA 69008 LYON 08,69388,"45.7294,4.8692",Immeuble,"35,8m","Copropriété, Syndic, SCI",2026-07-31,AJA,,False,False
3116734,SFR,5G NR 2100,3 RUE PHILIPPE FABIA 69008 LYON 08,69388,"45.7294,4.8692",Immeuble,"35,8m","Copropriété, Syndic, SCI",,SUP,,False,False
3117643,ORANGE,"LTE 800, 5G NR 700",739 ALL DU POURROUCET 83700 ST RAPHAEL,83118,"43.4256,6.8547",Pylône tubulaire,"22,2m",BOUYGUES,2026-07-20,ALL,,False,True
3117643,SFR,5G NR 3500,739 ALL DU POURROUCET 83700 ST RAPHAEL,83118,"43.4256,6.8547",Pylône tubulaire,"22,2m",BOUYGUES,2026-07-31,AJA,,False,False
3117643,SFR,UMTS 900,739 ALL DU POURROUCET 83700 ST RAPHAEL,83118,"43.4256,6.8547",Pylône tubulaire,"22,2m",BOUYGUES,2025-08-22,SUP,,False,False
3118097,BOUYGUES TELECOM,LTE 2100,8484 CHEMIN DU STADE 27370 LE BOSC DU THEIL,27302,"49.2189,0.8397",Pylône tubulaire,"24,5m",BOUYGUES,2025-12-11,SUP,,False,False
3118316,BOUYGUES TELECOM,LTE 2100,AV DES  LENS CHEMIN DES LOUBATIÈRES (LA DEVEZE) 30730 FONS,30112,"43.9142,4.1953",Pylône autostable,18m,BOUYGUES,,SUP,,False,False
3119088,BOUYGUES TELECOM,LTE 2100,1 R DU PONT NEUF (LANNEYER IZELLAN) 22310 PLUFUR,22238,"48.5828,-3.5683",Pylône autostable,39m,PHOENIX FRANCE INFRASTRUCTURES,2025-11-27,SUP,,False,False
3119422,BOUYGUES TELECOM,"LTE 1800, LTE 2600, 5G NR 2100",STATION D'EPURATION (LE PRE GATEL) 14130 PONT L EVEQUE,14514,"49.29,0.1725",Pylône tubulaire,"24,5m",CELLNEX,2026-07-22,ALL,,False,False
3119422,BOUYGUES TELECOM,5G NR 3500,STATION D'EPURATION (LE PRE GATEL) 14130 PONT L EVEQUE,14514,"49.29,0.1725",Pylône tubulaire,"24,5m",CELLNEX,2026-07-08,ART,,False,False
3119422,SFR,"LTE 700, LTE 800, LTE 1800, LTE 2600, 5G NR 2100, 5G NR 3500",STATION D'EPURATION (LE PRE GATEL) 14130 PONT L EVEQUE,14514,"49.29,0.1725",Pylône tubulaire,"24,5m",CELLNEX,2026-07-31,ALL,,False,True
3119426,BOUYGUES TELECOM,LTE 2100, (TERRES DE KERGOUNIOUX) 56250 LA VRAIE CROIX,56261,"47.6886,-2.4897",Pylône autostable,"30,1m",CELLNEX,2025-10-30,SUP,,False,False
3120860,SFR,5G NR 3500,30 RUE DES EGLANTIERS 11200 LEZIGNAN CORBIERES,11203,"43.1964,2.7542",Pylône autostable,24m,TDF,2026-07-31,ALL,,False,True
3121089,BOUYGUES TELECOM,LTE 2100,ZAC DU PETIT SOUPER (LES TERRES DE LA CROIX) 36110 VINEUIL,36247,"46.905,1.6439",Pylône autostable,"24,1m",CELLNEX,2025-11-25,SUP,,False,False
3122227,SFR,"LTE 700, LTE 800",49 AV DE LA SAINTE-VICTOIRE D 46C 13720 BELCODENE,13013,"43.4256,5.59",Pylône autostable,18m,TOTEM,2026-06-12,ART,,True,False
3123963,BOUYGUES TELECOM,"UMTS 900, LTE 700, LTE 800",ROUTE DE SORE (LA TROUGNE) 33113 ST SYMPHORIEN,33484,"44.375,-0.5372",Pylône autostable,36m,FREE-MOBILE,,AJO,,True,True
3123963,ORANGE,"UMTS 900, LTE 700, LTE 800",ROUTE DE SORE (LA TROUGNE) 33113 ST SYMPHORIEN,33484,"44.375,-0.5372",Pylône autostable,36m,FREE-MOBILE,,AJO,,True,True
3124255,ORANGE,"LTE 700, LTE 800, LTE 1800, 5G NR 2100",CHEMIN RURAL (BUISSON JOBARD) 21110 IZIER,21320,"47.2758,5.1936",Pylône autostable,"35,7m",ATC FRANCE,,SUP,,False,True
3125358,BOUYGUES TELECOM,LTE 2100,RUE DE LA CHAPELLE (LES MOTTES) 49360 LA PLAINE,49240,"47.0636,-0.6292",Pylône autostable,"30,6m",BOUYGUES,2025-11-25,SUP,,False,False
3125781,FREE MOBILE,5G NR 700,33 RUE DES ECUYERS STADE 76810 LUNERAY,76400,"49.8319,0.9219",Pylône autostable,"31,6m",FREE-MOBILE,2026-08-03,ALL,,False,False
3125937,BOUYGUES TELECOM,"LTE 700, LTE 800, LTE 1800, LTE 2600, 5G NR 2100",CHEMIN DE SAINT THIEBAUT 54850 MEREVILLE,54364,"48.5836,6.1519",Pylône autostable,36m,SFR,2026-07-30,ALL,,False,True
3126654,ORANGE,"LTE 700, LTE 800",30 RUE DE L'ÉGLISE 80290 MORVILLERS ST SATURNIN,80573,"49.7742,1.8094",Pylône autostable,42m,TOTEM,2026-08-11,AAV,,False,True
3126993,ORANGE,5G NR 2100,1 PASSAGE DU BOUT DU MONDE D112 87120 EYMOUTIERS,87064,"45.67,1.7672",Pylône autostable,30m,TOTEM,,AJO,,False,False
3128320,SFR,"LTE 700, LTE 800, LTE 1800, LTE 2100, LTE 2600, 5G NR 2100, 5G NR 3500",CHEMIN DE LA SPOSATA CENTRE DE SECOURS PRINCIPAL D'AJACCIO 20167 AJACCIO,2A004,"41.9458,8.7567",Bâtiment,"25,2m","Commune, communauté de communes",,SUP,,False,True
3129258,BOUYGUES TELECOM,"LTE 700, LTE 800",34 R STE-HELENE 69002 LYON 02,69382,"45.7536,4.8322",Immeuble,29m,Société Privée,2026-08-03,ALL,,False,True
3130038,BOUYGUES TELECOM,LTE 2100,R DU GRAND CHEMIN (LES TERRES DE ST URSIN) 18570 TROUY,18267,"47.0089,2.3631",Pylône autostable,"24,3m",CELLNEX,2026-03-19,SUP,,False,False
3130212,BOUYGUES TELECOM,LTE 2100,7 AV DU BOIS ROBIN (LA GRANDE TAILLE) 44500 LA BAULE ESCOUBLAC,44055,"47.2956,-2.3522",Pylône tubulaire,"27,2m",CELLNEX,,SUP,,False,False
3130294,FREE MOBILE,"LTE 700, LTE 900, LTE 1800, LTE 2100, LTE 2600, 5G NR 3500",ROUTE DE TOURVILLE (LES FEUGRAIS) 76410 CLEON,76178,"49.3067,1.0283",Pylône tubulaire,"25,5m",CELLNEX,2026-08-03,ALL,,False,True
3132431,BOUYGUES TELECOM,LTE 2100,13 LA HAUTE LANDE 50690 COUVILLE,50149,"49.5597,-1.6592",Pylône autostable,"36,7m",CELLNEX,2025-11-20,SUP,,False,False
3132957,ORANGE,LTE 800,102 ROUTE D'ESCHAU (HERTENMATTEN) 67400 ILLKIRCH GRAFFENSTADEN,67218,"48.4944,7.7183",Pylône autostable,36m,TOTEM,2026-07-31,ALL,,False,True
3134666,ORANGE,"LTE 700, LTE 800, LTE 1800, LTE 2100",CHEMIN DES VIGNES (VIGNES DES HILLIERS) 89210 CHAMPLOST,89076,"48.0533,3.6339",Pylône autostable,36m,TOTEM,,SUP,,False,True
3135013,ORANGE,"LTE 700, LTE 800, LTE 1800, 5G NR 2100",CHEMIN DU SOREL (CROIX D'ARGENT) 54113 CHARMES LA COTE,54120,"48.6219,5.8319",Pylône autostable,36m,ATC FRANCE,,SUP,,False,True
3136531,SFR,"UMTS 900, LTE 700, LTE 800",D 368 ROUTE DE L'OSPEDALE (TEPPA BUSCINAJA) 20137 PORTO VECCHIO,2A247,"41.6767,9.2078",Pylône autostable,"21,5m",SFR,2026-07-29,ALL,,True,True
3138120,FREE MOBILE,LTE 700,ROUTE DE VIARMES (LES COQUILLETTES) 95570 VILLAINES SOUS BOIS,95660,"49.0758,2.3478",Pylône tubulaire,42m,TDF,2026-08-10,AAV,,False,True
3138143,BOUYGUES TELECOM,"UMTS 900, LTE 700, LTE 800",RUE DE L ECOLE (LE HAUT DE CHERRIER) 54450 BARBAS,54044,"48.5725,6.8428",Pylône autostable,"36,3m",FREE-MOBILE,,AJO,,True,True
3138143,ORANGE,"UMTS 900, LTE 700, LTE 800",RUE DE L ECOLE (LE HAUT DE CHERRIER) 54450 BARBAS,54044,"48.5725,6.8428",Pylône autostable,"36,3m",FREE-MOBILE,2026-07-27,ALL,,True,True
3138231,ORANGE,"LTE 700, LTE 800",ROUTE DE PARIS A DIJON D119 (GRAND CHAMP) 21350 MARCELLOIS,21377,"47.3436,4.6289",Pylône autostable,30m,SFR,2026-06-18,ART,,True,False
3138263,BOUYGUES TELECOM,LTE 2100,PARC TRAOU AN HENT D11 (GUERBASQUIOU) 22420 PLOUARET,22207,"48.6011,-3.49",Pylône autostable,"24,6m",CELLNEX,2025-11-06,SUP,,False,False
3139561,ORANGE,"UMTS 900, LTE 700, LTE 800",CHEMIN DE MAUREGNY (LA ROUTE DE COUCY) 02350 MARCHAIS,02457,"49.5775,3.8144",Pylône autostable,"36,3m",FREE-MOBILE,2026-08-03,AJA,,True,True
3141232,SFR,"LTE 700, LTE 800, LTE 1800, LTE 2600, 5G NR 2100",CHEMIN COMMUNAL (BOIS DE VILLETUBOEUF) 41310 HUISSEAU EN BEAUCE,41103,"47.7267,0.9978",Pylône autostable,"18,1m",CELLNEX,2026-07-31,ALL,,False,True
3142100,ORANGE,"LTE 800, 5G NR 700",35 RUE DE L'AVENIR ZA LES BIAUCES 35550 LOHEAC,35155,"47.8622,-1.8903",Pylône autostable,"24,1m",TOTEM,2026-08-10,AAV,,False,True
3143596,FREE MOBILE,"LTE 700, LTE 900, LTE 1800, LTE 2100, LTE 2600, 5G NR 3500",38 RUE PASTEUR 59155 FACHES THUMESNIL,59220,"50.6106,3.0639",Immeuble,"20,4m","Copropriété, Syndic, SCI",2026-08-03,ALL,,False,True
3143604,FREE MOBILE,"LTE 700, LTE 900, LTE 1800, LTE 2100, LTE 2600, 5G NR 700",CHEMIN DE OIHAN TTIKI (DORRIA) 64310 ASCAIN,64065,"43.3569,-1.6456",Pylône autostable,"26,3m",CELLNEX,2026-08-03,ALL,,False,True
3145420,ORANGE,"UMTS 900, LTE 700, LTE 800",CHEMIN D EXPLOITATION DES SARRES (LES SARRES) 01800 RIGNIEUX LE FRANC,01325,"45.9472,5.1944",Pylône autostable,"36,2m",CELLNEX,,AJO,,True,True
3145940,BOUYGUES TELECOM,"LTE 700, LTE 800",612 CHEM DE COURRENS 83140 SIX FOURS LES PLAGES,83129,"43.0708,5.8261",Pylône arbre,"24,8m",BOUYGUES,2026-08-06,ALL,,False,True
3149410,BOUYGUES TELECOM,LTE 2100,ZA DU CHARBON BLANC (LES GAUBUS) 56800 AUGAN,56006,"47.9217,-2.2894",Pylône autostable,24m,CELLNEX,,SUP,,False,False
3151541,ORANGE,"LTE 700, LTE 800",CHEMIN DE DEZE 840 AV DE L'OCEAN 40990 HERM,40123,"43.8022,-1.1522",Pylône autostable,36m,TDF,2026-08-10,AAV,,False,True
3152436,FREE MOBILE,LTE 700,RUE DE TOURNAI 59500 DOUAI,59178,"50.3986,3.1147",Pylône tubulaire,39m,TOTEM,2026-08-10,AAV,,False,True
3152635,BOUYGUES TELECOM,LTE 2100,RUE DES FILATURES (LE CORMIER) 44190 CLISSON,44043,"47.0775,-1.2886",Pylône autostable,43m,CELLNEX,2025-11-27,SUP,,False,False
3155002,ORANGE,"UMTS 900, LTE 700, LTE 800",4 ROUTE DES BATS 15310 FREIX ANGLARDS,15072,"45.0231,2.3858",Pylône autostable,33m,FREE-MOBILE,,AJO,,True,True
3155032,FREE MOBILE,"LTE 900, LTE 2100, 5G NR 700",LE BAS TERTRE (LE TERTRE) 72270 DUREIL,72123,"47.8344,-0.1369",Pylône autostable,"36,3m",FREE-MOBILE,2026-08-03,ALL,,False,False
3157013,BOUYGUES TELECOM,LTE 2100,8 RUE CLAUDE CHAPPE (LE PRE DU PUITS) 53950 LOUVERNE,53140,"48.1208,-0.7261",Pylône autostable,"46,2m",BOUYGUES,2025-12-17,SUP,,False,False
3169817,BOUYGUES TELECOM,"UMTS 900, LTE 700, LTE 800",RUE LA GUINGUETTE (LE PRE CORNAILLE) 08240 BRIEULLES SUR BAR,08085,"49.4822,4.8503",Pylône autostable,42m,FREE-MOBILE,,AJO,,True,True
3169817,SFR,"UMTS 900, LTE 700, LTE 800",RUE LA GUINGUETTE (LE PRE CORNAILLE) 08240 BRIEULLES SUR BAR,08085,"49.4822,4.8503",Pylône autostable,42m,FREE-MOBILE,,AJO,,True,True
3170175,BOUYGUES TELECOM,"UMTS 900, LTE 700, LTE 800",ROUTE DE LA BOUYSSIERE (TONASSE) 81340 ST CIRGUE,81247,"43.9453,2.3553",Pylône autostable,36m,FREE-MOBILE,,AJO,,True,True
3173530,ORANGE,"UMTS 900, LTE 700, LTE 800",845 ROUTE DU GEVAUDAN (MOULINS DU MAZEL) 43170 VENTEUGES,43256,"44.9808,3.4708",Pylône autostable,36m,FREE-MOBILE,,AJO,,True,True
3173652,SFR,"UMTS 900, LTE 700, LTE 800, LTE 1800, LTE 2100, LTE 2600, 5G NR 3500",7 RUE DU DÉBARCADÈRE 93500 PANTIN,93055,"48.8975,2.3975",Immeuble,"18,1m","Copropriété, Syndic, SCI",2026-08-03,ALL,,False,True
3180442,ORANGE,"UMTS 900, LTE 800, LTE 1800, LTE 2100, LTE 2600, 5G NR 700, 5G NR 3500",POSTE EDF CHAUSSÉE DU BAN-LA-DAME (GRAND PRÉ DE CLEVENT) 54670 CUSTINES,54150,"48.7647,6.1397",Pylône tubulaire,"33,3m",HIVORY,,SUP,,False,True
3182574,BOUYGUES TELECOM,"UMTS 900, LTE 700, LTE 800",CHEMIN VERS FORT DU GONDRAN FORT DU GONDRAN (PRA DU LAUX) 05100 CERVIERES,05027,"44.8903,6.7117",Pylône autostable,"19,8m","État, Ministère",2026-08-11,AAV,,True,True
3182815,BOUYGUES TELECOM,LTE 2100,ROUTE LE CLOS AU COQ DEPARTEMENTALE 10 (LA NOE MAFRAIS) 35720 MESNIL ROC H,35308,"48.4542,-1.8831",Pylône autostable,"37,5m",PHOENIX FRANCE INFRASTRUCTURES,2025-12-11,SUP,,False,False
3182908,ORANGE,"LTE 700, LTE 800",CHEMIN RURAL N°40 (LES GRANDES VIGNES) 17500 CHAMPAGNAC,17082,"45.4228,-0.3431",Pylône autostable,42m,SFR,2026-08-03,ALL,,True,False
3182927,ORANGE,"LTE 700, LTE 800",ROUTE DÉPARTEMENTALE N°3 (IMMENSTEIN) 67510 OBERSTEINBACH,67353,"49.0406,7.6664",Pylône autostable,42m,SFR,2026-06-25,ART,,True,False
3183227,BOUYGUES TELECOM,"LTE 700, LTE 800, LTE 1800, LTE 2600",RUE DE FOLKLING CHEMIN RURAL DIT ALLMENDWEG (KIRCHENSTUCK) 57600 OETING,57521,"49.1678,6.9075",Pylône tubulaire,24m,SFR,2026-08-01,ALL,,False,True
3183227,SFR,"LTE 700, LTE 800, LTE 1800, LTE 2600, 5G NR 2100, 5G NR 3500",RUE DE FOLKLING CHEMIN RURAL DIT ALLMENDWEG (KIRCHENSTUCK) 57600 OETING,57521,"49.1678,6.9075",Pylône tubulaire,24m,SFR,2026-07-31,ALL,,False,True
3190758,BOUYGUES TELECOM,"UMTS 900, LTE 700, LTE 800", (MUSCADEL) 11700 MONTBRUN DES CORBIERES,11241,"43.2011,2.6936",Pylône autostable,30m,FREE-MOBILE,,AJO,,True,True
3194525,BOUYGUES TELECOM,"LTE 700, LTE 800",RUE DE DE LA RENARDIÈRE 35850 PARTHENAY DE BRETAGNE,35216,"48.1842,-1.8342",Pylône autostable,"24,3m",BOUYGUES,2026-08-03,ALL,,False,True
3195357,BOUYGUES TELECOM,"UMTS 900, LTE 700, LTE 800",BOIS DES GLANDS PROCHE D158 45220 DOUCHY MONTCORBON,45129,"47.9731,3.0825",Pylône autostable,42m,FREE-MOBILE,,AJO,,True,True
3195357,FREE MOBILE,LTE 700,BOIS DES GLANDS PROCHE D158 45220 DOUCHY MONTCORBON,45129,"47.9731,3.0825",Pylône autostable,42m,FREE-MOBILE,2026-08-10,AAV,,True,True
3196175,FREE MOBILE,"LTE 900, LTE 2100",ROUTE LES FRETTES LE GRAND PARC 61420 ST DENIS SUR SARTHON,61382,"48.4625,-0.0369",Pylône autostable,42m,ATC FRANCE,2026-08-03,ALL,,False,False
3196727,ORANGE,"LTE 700, LTE 800",ROUTE DU BOIS CHAILLET (A LA CHAUMETTE) 39110 ARESCHES,39586,"46.8972,5.9164",Pylône autostable,"42,3m",SFR,2026-07-03,ART,,True,False
3197331,BOUYGUES TELECOM,5G NR 3500,RUE DU MOULIN STADE GEORGES MARRANE (LA PATURE) 02700 TERGNIER,02738,"49.6711,3.2972",Pylône tubulaire,40m,SFR,,AJO,,False,True
3197331,BOUYGUES TELECOM,LTE 2100,RUE DU MOULIN STADE GEORGES MARRANE (LA PATURE) 02700 TERGNIER,02738,"49.6711,3.2972",Pylône tubulaire,40m,SFR,,SUP,,False,True
3197357,ORANGE,"5G NR 700, 5G NR 3500",PLATEAU DE BEILLE 09310 ALBIES,09004,"42.7233,1.6967",Pylône autostable,30m,TOTEM,2026-08-03,ALL,,False,False
3197753,BOUYGUES TELECOM,"LTE 700, LTE 800, LTE 1800, LTE 2100, LTE 2600, 5G NR 2100",STADE DE ST LAURENT CHEMIN DES DOUÉS 17450 ST LAURENT DE LA PREE,17353,"45.9939,-1.0283",Pylône autostable,42m,ON TOWER FRANCE,,AJO,,False,True
3197800,BOUYGUES TELECOM,LTE 2100,CHEM LA FOURCHETTE  (LANDE DE LA CROIX) 56120 PLEUGRIFFET,56160,"47.9828,-2.6731",Pylône autostable,"44,6m",Société Privée,,SUP,,False,False
3199194,ORANGE,"LTE 1800, LTE 2100, LTE 2600",969 RUE DE LA PAIX (PETIT BARITEAU) 17550 DOLUS D OLERON,17140,"45.935,-1.2586",Pylône tubulaire,30m,TOTEM,2026-07-27,ALL,,False,False
3202607,FREE MOBILE,5G NR 700,265 RUE DES PRÉS VERTS 27210 BEUZEVILLE,27065,"49.3378,0.3503",Pylône autostable,"38,2m",FREE-MOBILE,2026-08-03,ALL,,False,False
3204727,ORANGE,5G NR 2100,1110 CHEMIN DES SPEGI 06430 TENDE,06163,"44.0794,7.5922",Pylône autostable,24m,TOTEM,,AJO,,False,True
3205076,BOUYGUES TELECOM,"UMTS 900, LTE 700, LTE 800",ROUTE DARGENTAT (PUY CHAUD) 19320 ST MARTIN LA MEANNE,19222,"45.1622,1.9858",Pylône autostable,42m,FREE-MOBILE,,AJO,,True,True
3205076,ORANGE,UMTS 900,ROUTE DARGENTAT (PUY CHAUD) 19320 ST MARTIN LA MEANNE,19222,"45.1622,1.9858",Pylône autostable,42m,FREE-MOBILE,2026-08-30,AAV,,True,True
3205076,ORANGE,"LTE 700, LTE 800",ROUTE DARGENTAT (PUY CHAUD) 19320 ST MARTIN LA MEANNE,19222,"45.1622,1.9858",Pylône autostable,42m,FREE-MOBILE,2026-08-03,ALL,,True,True
3205287,BOUYGUES TELECOM,"LTE 700, LTE 800",ROUTE DE LA PLANCHE CHEVRIER CROISEMENT DEPARTEMENTALE 76 ET 100 (LE PUITS DE L'HERMITE) 18150 APREMONT SUR ALLIER,18007,"46.9097,3.0397",Pylône tubulaire,42m,PHOENIX FRANCE INFRASTRUCTURES,2026-08-03,ALL,,True,False
3205287,ORANGE,"UMTS 900, LTE 700, LTE 800",ROUTE DE LA PLANCHE CHEVRIER CROISEMENT DEPARTEMENTALE 76 ET 100 (LE PUITS DE L'HERMITE) 18150 APREMONT SUR ALLIER,18007,"46.9097,3.0397",Pylône tubulaire,42m,PHOENIX FRANCE INFRASTRUCTURES,2026-07-27,ALL,,True,True
3205304,BOUYGUES TELECOM,LTE 1800,RTE DE L'ANCIENNE RAFFINERIE 57280 HAUCONCOURT,57303,"49.2114,6.1875",Pylône autostable,31m,CELLNEX,2026-07-29,ALL,,False,False
3206476,BOUYGUES TELECOM,"LTE 1800, LTE 2600",2-4 SQ BERTHIER (LA GROGNARDE) 13011 MARSEILLE 11,13211,"43.2942,5.4344",Immeuble,"45,7m","Copropriété, Syndic, SCI",2026-07-28,ALL,,False,False
3216350,BOUYGUES TELECOM,"LTE 1800, LTE 2600, 5G NR 2100",3 RUE CHARLES DURAND 18000 BOURGES,18033,"47.0617,2.3636",Pylône tubulaire,15m,CELLNEX,2026-07-15,ALL,,False,False
3216350,SFR,"LTE 800, LTE 1800, 5G NR 2100",3 RUE CHARLES DURAND 18000 BOURGES,18033,"47.0617,2.3636",Pylône tubulaire,15m,CELLNEX,2026-07-31,ALL,,False,True
3217789,ORANGE,"LTE 700, LTE 800",167 IMPASSE DU CENTRE COMMERCIAL 24250 GROLEJAC,24207,"44.8203,1.2892",Pylône autostable,"36,3m",SFR,2026-08-03,ALL,,True,False
3218279,ORANGE,UMTS 900,D77 (LE FAUCOUNEIX) 19340 FEYT,19083,"45.6972,2.4644",Pylône autostable,"24,8m",TOTEM,2026-08-03,ALL,,True,False
3228214,BOUYGUES TELECOM,"LTE 1800, LTE 2600",14 ALLÉE DU MARÉCHAL GÉRARD 93270 SEVRAN,93071,"48.9297,2.5164",Immeuble,"18,9m",Particulier,2026-07-29,ALL,,False,False
3236505,ORANGE,"LTE 700, LTE 800",CHEMIN DE L'ECOLE (SONDERHOLZ) 67330 BOSSELSHAUSEN,67057,"48.8008,7.5175",Pylône autostable,30m,SFR,2026-06-30,ART,,True,False
3237688,FREE MOBILE,"LTE 900, LTE 2100, 5G NR 700",12 RUE DE LA CROIX BERGER 38370 ST CLAIR DU RHONE,38378,"45.4478,4.7794",Pylône autostable,33m,TDF,2026-08-03,ALL,,False,False
3238541,ORANGE,"LTE 700, LTE 800",LES ECAUGNELLES GRAND RUE (LES BALIÈRES) 08390 LES GRANDES ARMOISES,08019,"49.5336,4.8936",Pylône autostable,36m,SFR,2026-06-30,ART,,True,False
3238987,BOUYGUES TELECOM,"LTE 1800, LTE 2600, 5G NR 2100",ROUTE DE PARIS (LES BOULEAUX) 28130 ST MARTIN DE NIGELLES,28352,"48.5964,1.6064",Pylône autostable,"36,5m",BOUYGUES,2026-07-22,ALL,,False,False
3238987,SFR,"LTE 700, LTE 800, LTE 1800, LTE 2600, 5G NR 2100",ROUTE DE PARIS (LES BOULEAUX) 28130 ST MARTIN DE NIGELLES,28352,"48.5964,1.6064",Pylône autostable,"36,5m",BOUYGUES,2026-07-31,ALL,,False,True
3239539,BOUYGUES TELECOM,LTE 2100,26 AVENUE JEAN JAURES 08000 CHARLEVILLE MEZIERES,08105,"49.77,4.7217",Immeuble,"22,5m","Copropriété, Syndic, SCI",,SUP,,False,False
3239829,ORANGE,"LTE 1800, 5G NR 2100",LE RAVEL (LE DESSUS DE LA COTE) 88240 LA VOGE LES BAINS,88029,"47.9875,6.2614",Pylône autostable,42m,TDF,2026-07-27,ALL,,False,False
3239864,BOUYGUES TELECOM,"LTE 700, LTE 800, LTE 1800, LTE 2100, LTE 2600, 5G NR 2100",ROUTE DE SAINT-CIRQ (ARMANHAC) 82800 MONTRICOUX,82132,"44.0836,1.6161",Pylône autostable,"36,3m",HIVORY,,AJO,,False,True
3244368,BOUYGUES TELECOM,"LTE 700, LTE 800, LTE 1800, LTE 2600, 5G NR 2100",GRANDE RUE (LES POTIÈRES) 45190 VILLORCEAU,45344,"47.8058,1.5894",Pylône autostable,24m,PHOENIX FRANCE INFRASTRUCTURES,2026-07-15,ALL,,False,True
3244368,SFR,"LTE 700, LTE 800, LTE 1800, LTE 2600, 5G NR 2100",GRANDE RUE (LES POTIÈRES) 45190 VILLORCEAU,45344,"47.8058,1.5894",Pylône autostable,24m,PHOENIX FRANCE INFRASTRUCTURES,2026-07-31,ALL,,False,True
3244378,BOUYGUES TELECOM,"LTE 1800, LTE 2600, 5G NR 2100",40 RUE DU TERTRE GRIS (LES CHAMPS DU BOIS) 35320 PANCE,35212,"47.8839,-1.6664",Pylône tubulaire,30m,BOUYGUES,2026-07-17,ALL,,False,False
3244378,SFR,"LTE 700, LTE 800, LTE 1800, LTE 2600, 5G NR 2100",40 RUE DU TERTRE GRIS (LES CHAMPS DU BOIS) 35320 PANCE,35212,"47.8839,-1.6664",Pylône tubulaire,30m,BOUYGUES,2026-07-31,ALL,,False,True
3244419,BOUYGUES TELECOM,"LTE 700, LTE 800",ROTONDE ROUTE DE MENGNÉ 61150 TANQUES,61479,"48.6983,-0.0789",Pylône autostable,36m,BOUYGUES,2026-08-03,ALL,,False,True
3244588,BOUYGUES TELECOM,"LTE 1800, LTE 2600, 5G NR 2100",ROUTE DES PEUX (LA CORE) 03310 ST GENEST,03233,"46.2742,2.6094",Pylône autostable,"36,8m",PHOENIX FRANCE INFRASTRUCTURES,2026-07-09,ALL,,False,False
3244588,SFR,"LTE 700, LTE 800, LTE 1800, LTE 2600, 5G NR 2100",ROUTE DES PEUX (LA CORE) 03310 ST GENEST,03233,"46.2742,2.6094",Pylône autostable,"36,8m",PHOENIX FRANCE INFRASTRUCTURES,2026-07-31,ALL,,False,True
3255481,ORANGE,"LTE 1800, 5G NR 2100",CHEMIN DE BARAQUE (BARAQUE) 47120 LEVIGNAC DE GUYENNE,47147,"44.6225,0.2033",Pylône autostable,36m,ATC FRANCE,2026-07-30,ALL,,False,False
3255581,ORANGE,"LTE 700, LTE 800",CHEMIN DE BOURBEREAU (BOIS MAUDRU) 10210 VANLAY,10395,"48.0311,4.0258",Pylône autostable,"30,5m",SFR,2026-06-18,ART,,True,False
3255834,Gouv Nelle Calédonie (OPT),"UMTS 2100, LTE 1800",TOUTOUTA VILLAGE LOT 41 RUE RENÉ ALLLAIS (TONTOUTA AGENCE OPT) 98890 PAITA,98821,"-22.0169,166.2267",Mât béton,12m,Office des Postes et Télécom,2026-05-13,ART,,False,True
3256325,ORANGE,"LTE 1800, LTE 2100, LTE 2600, 5G NR 3500",38 B QUAI JAYR 69009 LYON 09,69389,"45.7753,4.8081",Immeuble,"34,6m",Société Privée,2026-07-22,ALL,,False,False
3258745,ORANGE,LTE 2100,453 D ROUTE DES VOIRONS 74140 VEIGY FONCENEX,74293,"46.2689,6.2617",Pylône tubulaire,24m,TOTEM,2026-07-15,ALL,,False,False
3263862,ORANGE,"LTE 700, LTE 800",ROUTE DU HAMEAU DE THIAS (HOURQUETS) 65130 TILHOUSE,65445,"43.0917,0.2953",Pylône autostable,30m,SFR,2026-07-06,ART,,True,False
3267806,FREE MOBILE,LTE 2600,50 RUE DU REMPART 17410 ST MARTIN DE RE,17369,"46.2014,-1.3719",Bâtiment,"8,2m",Particulier,2026-08-03,ALL,,False,True
3268612,ORANGE,"LTE 700, 5G NR 2100",1001 RUE DES MAUGES RUE D'ANJOU (BOUZILLÉ) 00404 ERR CONV INSEE,49069,"47.3381,-1.1108",Monument religieux,"40,9m","Commune, communauté de communes",,AJO,,False,False
3270161,Gouv Nelle Calédonie (OPT),"UMTS 900, LTE 800", (NEAOUA CENTRALE ENERCAL) 98838 HOUAILOU,98808,"-21.3331,165.5683",Bâtiment,2m,Office des Postes et Télécom,,SUP,,False,True
3270978,ORANGE,"UMTS 900, LTE 700, LTE 800",CHEMIN COMMUNAL (LE LAC) 30570 ST ANDRE DE MAJENCOULES,30229,"44.0167,3.6717",Pylône autostable,18m,BOUYGUES,,AJO,,True,True
3274689,ORANGE,"UMTS 900, LTE 800, LTE 1800, LTE 2100, LTE 2600, 5G NR 700, 5G NR 3500",AVENUE GASPARD-GUSTAVE CORIOLIS 71210 TORCY,71540,"46.7633,4.4936",Pylône autostable,42m,TOTEM,,SUP,,False,True
3275550,ORANGE,"LTE 700, LTE 800",ROUTE DE TORPES (PEROUSE) 25410 OSSELLE ROUTELLE,25438,"47.1492,5.8581",Pylône autostable,42m,ATC FRANCE,2026-08-13,AAV,,False,True
3282617,ORANGE,"LTE 700, LTE 800",VOIE COMMNALE N°18 (LA BERTROUDE) 48700 LES LAUBIES,48083,"44.6828,3.4256",Pylône autostable,24m,TOTEM,2026-08-10,AAV,,True,True
3283156,ORANGE,"UMTS 900, LTE 800, LTE 1800, LTE 2100, LTE 2600, 5G NR 700, 5G NR 3500",5 RUE DE NIEDERBRONN 13 ZONE INDUSTRIELLE ZINSEL AUCHAN 67590 SCHWEIGHOUSE SUR MODER,67458,"48.8322,7.7428",Pylône autostable,30m,TOTEM,,SUP,,False,True
3283566,ORANGE,"LTE 700, LTE 800",LOT DE LA FORÊT BECKERHOLZ (PETITE KALENHOVEN) 57320 FILSTROFF,57213,"49.3228,6.5156",Pylône autostable,36m,SFR,2026-05-29,ART,,True,False
3284031,ORANGE,"LTE 700, LTE 800",CHEMIN RURAL DIT ROSSBERGWEG (SCHWIEBACH) 68690 MOOSCH,68217,"47.8475,7.0244",Pylône autostable,42m,HIVORY,2026-06-25,ART,,True,False
3284375,ORANGE,"LTE 800, LTE 1800, LTE 2100, 5G NR 700, 5G NR 3500",ENTRE L OUCHE ET LE CANAL DE BOURGOGNE LE LONG DE LA VOIE FERRÉE (EN BOURBOUX) 21370 PLOMBIERES LES DIJON,21485,"47.3283,4.9375",Pylône autostable,"30,4m",FREE-MOBILE,,SUP,,False,True
3285888,ORANGE,"LTE 700, LTE 800, LTE 1800, 5G NR 2100",VOIE COMMUNALE DIT KIRRWILLER STRAESSCHEN (ALTENBERG) 67350 BUSWILLER,67068,"48.8183,7.5511",Pylône autostable,24m,ATC FRANCE,,SUP,,False,True
3286741,ORANGE,"LTE 800, LTE 1800, LTE 2100, 5G NR 700, 5G NR 3500",PROCHE CHEMIN DE LA LISIÈRE 21560 BRESSEY SUR TILLE,21105,"47.3092,5.1719",Pylône haubané,"36,4m",FREE-MOBILE,,SUP,,False,True
3288493,BOUYGUES TELECOM,"LTE 700, LTE 800",CIMETIÈRE DE CHAVAGNE (CHAMP DU BOEUF) 35310 CHAVAGNE,35076,"48.055,-1.8019",Pylône tubulaire,"31,5m",SFR,2026-08-06,ALL,,False,True
3291028,SFR,"UMTS 900, LTE 700, LTE 800",STRADA DI CAVRU D27 (ALSITELLA) 20119 BASTELICA,2A031,"41.9228,8.9558",Pylône autostable,"24,3m",TOTEM,,AJO,,True,True
3292155,ORANGE,"LTE 800, 5G NR 700",1 RUE DE LA VILLE BENET (LE PONT HAZARD) 35590 ST GILLES,35275,"48.1572,-1.8372",Pylône autostable,30m,ATC FRANCE,2026-08-04,ALL,,False,True
3292297,BOUYGUES TELECOM,"UMTS 900, LTE 700, LTE 800",PRÈS DE L'ETANG DE LA BALOUP (BALOUP) 39120 PLEURE,39429,"46.9231,5.4531",Pylône autostable,30m,TOTEM,,AJO,,True,True
3292297,SFR,"UMTS 900, LTE 700, LTE 800",PRÈS DE L'ETANG DE LA BALOUP (BALOUP) 39120 PLEURE,39429,"46.9231,5.4531",Pylône autostable,30m,TOTEM,,AJO,,True,True
3292375,ORANGE,"LTE 800, LTE 1800, LTE 2100, 5G NR 700, 5G NR 3500",ROUTE DE LA PLAINE (LES CHAMPAGNES) 58640 VARENNES VAUZELLES,58303,"47.0269,3.1556",Pylône autostable,"38,9m",ON TOWER FRANCE,2026-07-31,ALL,,False,True
3292654,ORANGE,"LTE 700, LTE 800",CHEMIN DE L'EFFICIÈRE (LA FELLERIE) 53970 MONTIGNE LE BRILLANT,53157,"48.0042,-0.8175",Pylône autostable,30m,ATC FRANCE,2026-08-03,ALL,,False,True
3292725,SFR,"UMTS 900, LTE 800, LTE 1800, LTE 2100, LTE 2600, 5G NR 2100", (LA CHAMARY) 42120 ST VINCENT DE BOISSET,42294,"46.0025,4.1078",Mât,"13,8m",BOUYGUES,2026-07-31,ALL,,False,True
3294339,BOUYGUES TELECOM,"UMTS 900, LTE 700, LTE 800",25 GRANDE RUE (LE BREUCHET ALTERER) 63940 MARSAC EN LIVRADOIS,63211,"45.4864,3.7142",Pylône autostable,30m,TDF,,AJO,,True,True
3294339,SFR,"UMTS 900, LTE 700, LTE 800",25 GRANDE RUE (LE BREUCHET ALTERER) 63940 MARSAC EN LIVRADOIS,63211,"45.4864,3.7142",Pylône autostable,30m,TDF,,AJO,,True,True
3294408,BOUYGUES TELECOM,"UMTS 900, LTE 700, LTE 800",D101 HAMEAU DE LA GLORIETTE (LA GLORIETTE) 60130 FOURNIVAL,60252,"49.4694,2.3917",Pylône autostable,24m,TOTEM,,AJO,,True,True
3294408,SFR,"UMTS 900, LTE 700, LTE 800",D101 HAMEAU DE LA GLORIETTE (LA GLORIETTE) 60130 FOURNIVAL,60252,"49.4694,2.3917",Pylône autostable,24m,TOTEM,,AJO,,True,True
3295341,ORANGE,"LTE 800, 5G NR 700",120 RUE KEMPF 67200 STRASBOURG,67482,"48.6103,7.7956",Pylône autostable,36m,ORANGE,2026-08-10,AAV,,False,True
3295928,ORANGE,"LTE 1800, 5G NR 2100",CÔTE DE CAPSUS (SARRABÈRE) 64530 LIVRON,64344,"43.23,-0.1222",Pylône autostable,36m,ATC FRANCE,2026-07-30,ALL,,False,False
3296715,BOUYGUES TELECOM,"UMTS 900, LTE 700, LTE 800",RUE DE ROZOY D865 02540 DHUYS ET MORIN EN BRIE,02458,"48.9192,3.4692",Pylône autostable,"42,1m",TOTEM,,AJO,,True,True
3296715,SFR,"UMTS 900, LTE 700, LTE 800",RUE DE ROZOY D865 02540 DHUYS ET MORIN EN BRIE,02458,"48.9192,3.4692",Pylône autostable,"42,1m",TOTEM,,AJO,,True,True
3298170,ORANGE,"LTE 700, LTE 800",CHEMIN DES VINS (LES CONSTANTENINS) 33480 STE HELENE,33417,"45.0053,-0.8981",Pylône autostable,"30,2m",TOTEM,2026-08-03,ALL,,False,True
3298351,BOUYGUES TELECOM,"LTE 700, LTE 800",4 IMP JACQUES PREVERT 69960 CORBAS,69273,"45.6619,4.8956",Immeuble,19m,Société HLM,2026-08-06,ALL,,False,True
3298637,BOUYGUES TELECOM,"UMTS 900, LTE 700, LTE 800",24 RUE DE LA GARENNE (LES GRAINS - SAINT MARTIN) 77320 ST MARTIN DU BOSCHET,77424,"48.7364,3.4211",Pylône autostable,30m,TOTEM,,AJO,,True,True
3298686,BOUYGUES TELECOM,"UMTS 900, LTE 700, LTE 800",CHEMIN D'EXPLOITATION N°32 DIT DU STADE (STADE JACQUES COLLOT) 51110 HEUTREGIVILLE,51293,"49.3261,4.2686",Pylône autostable,30m,ORANGE,,AJO,,True,True
3298686,SFR,"UMTS 900, LTE 700, LTE 800",CHEMIN D'EXPLOITATION N°32 DIT DU STADE (STADE JACQUES COLLOT) 51110 HEUTREGIVILLE,51293,"49.3261,4.2686",Pylône autostable,30m,ORANGE,,AJO,,True,True
3299152,BOUYGUES TELECOM,"UMTS 900, LTE 700, LTE 800",RUE DU VIEUX MOULIN (DERRIÈRE LE MOULIN) 57920 ABONCOURT,57001,"49.2597,6.3422",Pylône autostable,24m,TOTEM,,AJO,,True,True
3299152,SFR,"UMTS 900, LTE 700, LTE 800",RUE DU VIEUX MOULIN (DERRIÈRE LE MOULIN) 57920 ABONCOURT,57001,"49.2597,6.3422",Pylône autostable,24m,TOTEM,,AJO,,True,True
3299515,SFR,5G NR 3500,2 RUE GEORGES GAUDOT 25000 BESANCON,25056,"47.2494,5.9958",Bâtiment,"24,8m",Société Privée,2026-07-31,ALL,,False,True
3302383,ORANGE,"LTE 700, LTE 800",RUE DE LA BAGUE (LA FARGUE NOVA) 66360 NYER,66123,"42.5333,2.2733",Pylône autostable,"24,3m",SFR,2026-07-06,ART,,True,False
3303226,ORANGE,"LTE 700, LTE 800",49 RUE DU GÉNÉRAL DE GAULLE 22140 CAVAN,22034,"48.6761,-3.3522",Pylône autostable,30m,ATC FRANCE,2026-08-11,AAV,,False,True
3304967,BOUYGUES TELECOM,"UMTS 900, LTE 700, LTE 800",ROUTE DE PRUNIÉRETTE (CHON DEL COUDERC) 48310 FOURNELS,48064,"44.8011,3.1328",Pylône autostable,18m,TOTEM,,AJO,,True,True
3304967,SFR,"UMTS 900, LTE 700, LTE 800",ROUTE DE PRUNIÉRETTE (CHON DEL COUDERC) 48310 FOURNELS,48064,"44.8011,3.1328",Pylône autostable,18m,TOTEM,,AJO,,True,True
3305051,ORANGE,"LTE 800, 5G NR 700",45 BIS BOULEVARD CARNOT (HÔTEL L'ARBRE VOYAGEUR) 59800 LILLE,59350,"50.6397,3.0675",Bâtiment,"25,2m",Société HLM,2026-08-13,AAV,,False,True
3305061,ORANGE,"LTE 800, 5G NR 700, 5G NR 3500",5 AVENUE DE L'EUROPE (CIT DE RONCQ) 59223 RONCQ,59508,"50.7522,3.1397",Pylône tubulaire,30m,ORANGE,2026-08-03,ALL,,False,True
3305547,BOUYGUES TELECOM,5G NR 2100,R DE TOURS 37150 BLERE,37027,"47.33,0.9833",Pylône autostable,36m,ON TOWER FRANCE,2026-07-30,ALL,,False,False
3305718,BOUYGUES TELECOM,"UMTS 900, LTE 700, LTE 800","D46, 10 ROUTE DES DEUX PROVINCES (FIEF A COLLIN) 16300 ST AULAIS LA CHAPELLE",16301,"45.4428,-0.0325",Pylône autostable,36m,TOTEM,,AJO,,True,True
3305718,SFR,"UMTS 900, LTE 700, LTE 800","D46, 10 ROUTE DES DEUX PROVINCES (FIEF A COLLIN) 16300 ST AULAIS LA CHAPELLE",16301,"45.4428,-0.0325",Pylône autostable,36m,TOTEM,,AJO,,True,True
3308011,ORANGE,"LTE 700, LTE 800",631 ROUTE DE BARJAC ANCIENNE S.F.A (PUECH BLANC) 30430 ST JEAN DE MARUEJOLS ET AVEJAN,30266,"44.2678,4.2958",Pylône autostable,18m,TOTEM,2026-08-10,AAV,,False,True
3308351,BOUYGUES TELECOM,5G NR 3500,CHEMIN LE PAQUIS (LE SECOURS) 54136 BOUXIERES AUX DAMES,54090,"48.7483,6.16",Pylône autostable,31m,CELLNEX,,AJO,,False,True
3308623,ORANGE,"UMTS 900, LTE 700, LTE 800, LTE 1800, 5G NR 2100",CHEMIN RURAL VERS GAVARRET ROUTE DE CEZAN (LE MONGE) 32500 LA SAUVETAT,32417,"43.8392,0.5228",Pylône autostable,36m,TOTEM,,AJO,,False,True
3311932,FREE MOBILE,"LTE 700, LTE 900, LTE 1800, 5G NR 700",LES CHAMPS DE BALAIS (LE LAC) 18360 SAULZAIS LE POTIER,18245,"46.5964,2.5136",Pylône autostable,30m,TOTEM,,AJO,,False,True
3313603,ORANGE,"LTE 1800, 5G NR 2100",ROUTE DE MAZÈRES 65150 MAZERES DE NESTE,65307,"43.0692,0.5494",Pylône autostable,30m,TOTEM,2026-07-22,ALL,,False,False
3314142,BOUYGUES TELECOM,"UMTS 900, LTE 700, LTE 800",SAINT-JULES (LANDE DE LA CROIX ST VIAUD) 44680 CHAUMES EN RETZ,44005,"47.2,-1.9858",Pylône autostable,42m,TOTEM,,AJO,,True,True
3314150,BOUYGUES TELECOM,"UMTS 900, LTE 700, LTE 800",32 ROUTE DE BAUGY (CHAMPS RODOT) 18800 VILLEQUIERS,18286,"47.0719,2.7947",Pylône autostable,36m,TOTEM,,AJO,,True,True
3314150,SFR,UMTS 900,32 ROUTE DE BAUGY (CHAMPS RODOT) 18800 VILLEQUIERS,18286,"47.0719,2.7947",Pylône autostable,36m,TOTEM,2026-07-31,AJA,,True,True
3314150,SFR,"LTE 700, LTE 800",32 ROUTE DE BAUGY (CHAMPS RODOT) 18800 VILLEQUIERS,18286,"47.0719,2.7947",Pylône autostable,36m,TOTEM,,AJO,,True,True
3314182,BOUYGUES TELECOM,"UMTS 900, LTE 700, LTE 800",RUE DE DAMPIERRE 18100 ST GEORGES SUR LA PREE,18210,"47.2242,1.9453",Pylône autostable,30m,ATC FRANCE,,AJO,,True,True
3314182,SFR,"UMTS 900, LTE 700, LTE 800",RUE DE DAMPIERRE 18100 ST GEORGES SUR LA PREE,18210,"47.2242,1.9453",Pylône autostable,30m,ATC FRANCE,,AJO,,True,True
3314192,BOUYGUES TELECOM,"UMTS 900, LTE 700, LTE 800",2 LE VAUZEAU (LE BOUT DES MURS) 37220 RILLY SUR VIENNE,37199,"47.0514,0.4903",Pylône autostable,30m,TOTEM,,AJO,,True,True
3314825,ORANGE,"LTE 800, LTE 1800, LTE 2100, LTE 2600, 5G NR 700, 5G NR 3500",31 BOULEVARD HENRI DUNANT 95190 GOUSSAINVILLE,95280,"49.0392,2.4603",Immeuble,26m,Société HLM,2026-07-29,ALL,,False,True
3314970,SFR,"LTE 700, LTE 800, LTE 1800, LTE 2100, LTE 2600, 5G NR 2100",LIEU-DIT LA BERGEROTTE 89600 VERGIGNY,89439,"47.9647,3.7136",Pylône autostable,36m,PHOENIX FRANCE INFRASTRUCTURES,,AJO,,False,True
3314990,SFR,"LTE 700, LTE 800, LTE 1800, LTE 2600, 5G NR 2100",RTE DE LA BRUYERE (L'EGAILLERIE) 37130 CINQ MARS LA PILE,37077,"47.3567,0.4372",Pylône autostable,42m,BOUYGUES,,AJO,,False,True
3315703,BOUYGUES TELECOM,"UMTS 900, LTE 700, LTE 800",CHEMIN DE CABANAC (LAS VINALS) 12130 STE EULALIE D OLT,12219,"44.47,2.9364",Pylône autostable,45m,SFR,,AJO,,True,True
3315718,SFR,"LTE 700, LTE 800, LTE 1800, LTE 2600, 5G NR 2100, 5G NR 3500",RD 28 (LA GRANGE HAUTE) 34550 BESSAN,34031,"43.3644,3.4072",Pylône autostable,24m,CELLNEX,,AJO,,False,True
3315828,SFR,"LTE 700, LTE 800, LTE 1800, LTE 2600, 5G NR 2100, 5G NR 3500",40 CHEM ST-LAMBERT 83600 FREJUS,83061,"43.4361,6.7483",Pylône tubulaire,"20,2m",BOUYGUES,2026-07-31,AJA,,False,True
3315828,SFR,LTE 2100,40 CHEM ST-LAMBERT 83600 FREJUS,83061,"43.4361,6.7483",Pylône tubulaire,"20,2m",BOUYGUES,,AJO,,False,True
3316453,SFR,"LTE 700, LTE 800, LTE 1800, LTE 2100, LTE 2600, 5G NR 2100",LE BOIS DE LA CURE LE BOIS GOULLARD 86300 CHAPELLE VIVIERS,86059,"46.4794,0.7308",Pylône autostable,"24,5m",PHOENIX FRANCE INFRASTRUCTURES,,AJO,,False,True
3316499,SFR,"LTE 700, LTE 800, LTE 1800, LTE 2600, 5G NR 2100",CHEM DU PINSON LES MURIERS (CHEMIN DU PINSON) 49430 HUILLE LEZIGNE,49174,"47.6378,-0.3089",Pylône autostable,"37,5m",BOUYGUES,,AJO,,False,True
3316556,SFR,"LTE 700, LTE 800, LTE 1800, LTE 2600, 5G NR 2100",D147 (TERRES DE MARJOLEINE) 45210 BAZOCHES SUR LE BETZ,45026,"48.1311,3.0122",Pylône autostable,"36,5m",PHOENIX FRANCE INFRASTRUCTURES,,AJO,,False,True
3316563,ORANGE,"LTE 700, LTE 800",ROUTE DE CONDÉ (LE BOIS DES MUTTES) 02370 CHASSEMY,02167,"49.3833,3.5019",Pylône autostable,"41,6m",ATC FRANCE,2026-08-10,AAV,,False,True
3316635,SFR,"LTE 700, LTE 800, LTE 1800, LTE 2600, 5G NR 2100",RTE DE VALERGUES (LA JULIANE) 34130 LANSARGUES,34127,"43.6594,4.0722",Pylône autostable,38m,TOTEM,,AJO,,False,True
3316694,SFR,"LTE 700, LTE 800, LTE 1800, LTE 2100, LTE 2600, 5G NR 2100",RTE DE MONTRACOL (DALOY) 01960 ST ANDRE SUR VIEUX JONC,01336,"46.1644,5.145",Pylône autostable,31m,BOUYGUES,,AJO,,False,True
3316791,BOUYGUES TELECOM,"UMTS 900, LTE 700, LTE 800",RUE DÉPARTEMENTALE N°154 (LE CHANI) 55160 BONZEE,55060,"49.0908,5.5775",Pylône autostable,36m,SFR,,AJO,,True,True
3319478,BOUYGUES TELECOM,"UMTS 900, LTE 700, LTE 800",CHEMIN RURAL DU MAS DE GUILLAUME AU TEISSIÉ LES BRUGES (MECHMONT) 46150 MECHMONT,46190,"44.5778,1.4458",Pylône autostable,30m,SFR,,AJO,,True,True
3319496,BOUYGUES TELECOM,"LTE 800, LTE 1800, 5G NR 2100, 5G NR 3500",20  QUAI SADI CARNOT 77100 MEAUX,77284,"48.9564,2.8808",Mât,"12,5m",SFR,,AJO,,False,True
3319887,SFR,"LTE 700, LTE 800, LTE 1800, LTE 2600, 5G NR 2100, 5G NR 3500",12 AV DU MARECHAL FOCH 34250 PALAVAS LES FLOTS,34192,"43.5253,3.9297",Pylône tubulaire,"12,5m",BOUYGUES,2026-07-31,AJA,,False,True
3320069,SFR,"LTE 700, LTE 800, LTE 1800, LTE 2600, 5G NR 2100",CHEM DES MARES (LE PETIT CHATEAU DE MONTMIREL) 14400 ST LOUP HORS,14609,"49.2597,-0.7256",Pylône autostable,"24,5m",PHOENIX FRANCE INFRASTRUCTURES,,AJO,,False,True
3320382,SFR,"LTE 700, LTE 800, LTE 1800, LTE 2600, 5G NR 2100",650 RUE DE LA RÉPUBLIQUE (LA PLASSOTE) 42590 NEULISE,42156,"45.9086,4.1792",Pylône autostable,25m,BOUYGUES,,AJO,,False,True
3320391,SFR,"LTE 700, LTE 800, LTE 1800, LTE 2600, 5G NR 2100",RTE DES POMMERAIES 01540 PERREX,01291,"46.2503,4.9719",Pylône autostable,31m,BOUYGUES,,AJO,,False,True
3320971,ORANGE,"LTE 1800, LTE 2100, LTE 2600, 5G NR 3500",1 RÉSIDENCE DU CONNÉTABLE 59163 CONDE SUR L ESCAUT,59153,"50.4478,3.5889",Bâtiment,"20,1m",TDF,2026-07-21,ALL,,False,False
3321225,ORANGE,"UMTS 900, LTE 1800, 5G NR 2100",33 RUE D'ANJOU (L'HOTELLERIE DE FLÉE) 49520 SEGRE EN ANJOU BLEU,49331,"47.7456,-0.8889",Pylône autostable,30m,TOTEM,2026-07-27,ALL,,False,False
3321604,BOUYGUES TELECOM,"UMTS 900, LTE 700, LTE 800",CHEMIN RURAL DE LA MARNIERE (LE CHATEAU) 65350 GONEZ,65204,"43.2328,0.2089",Pylône autostable,36m,SFR,,AJO,,True,True
3321823,FREE MOBILE,"UMTS 2100, LTE 900, LTE 1800, 5G NR 3500",ROUTE DE SACLAY 91120 PALAISEAU,91477,"48.7189,2.2139",Mât,14m,TDF,,AJO,,False,True
3322408,ORANGE,"LTE 1800, LTE 2100, LTE 2600, 5G NR 3500",5 RUE DE PARIS 94450 LIMEIL BREVANNES,94044,"48.7461,2.4739",Immeuble,"32,5m",Société HLM,2026-07-28,ALL,,False,False
3322506,ORANGE,5G NR 3500,ZONE PYRENE AEROPOLE 65380 LANNE,65257,"43.1728,-0.0028",Pylône tubulaire,30m,TOTEM,2026-06-12,ART,,False,False
3323918,ORANGE,"LTE 700, LTE 800",ROUTE DE WANGENBOURG (FREUDENECK) 67710 WANGENBOURG ENGENTHAL,67122,"48.6275,7.3308",Pylône autostable,30m,TOTEM,2026-08-14,AAV,,False,True
3324345,ORANGE,"LTE 700, LTE 800, LTE 1800, 5G NR 2100",RUE DES CHAMOIS (CERNEUX BOUCHARD) 25500 LES COMBES,25160,"47.0286,6.5153",Pylône autostable,36m,TOTEM,,SUP,,False,True
3328740,ORANGE,"LTE 1800, 5G NR 2100",2239 CHEMIN DE SAINT-MICHEL (LE GAILLOU) 32360 JEGUN,32162,"43.7672,0.4442",Pylône autostable,30m,TOTEM,2026-07-30,ALL,,False,False
3329787,SFR,"UMTS 900, LTE 700, LTE 800",CHEMIN DES CARRIERES (SOUS LA DOIE) 74560 MONNETIER MORNEX,74185,"46.16,6.2025",Pylône autostable,36m,SFR,2026-07-30,ALL,,True,True
3330141,SFR,5G NR 3500,ROUTE DE TAXO A LA MER (LA GAVARRA) 66700 ARGELES SUR MER,66008,"42.5703,3.0111",Pylône tubulaire,12m,TOWEO,2026-07-31,ALL,,False,True
3331706,FREE MOBILE,"LTE 700, LTE 900, LTE 1800, LTE 2100, LTE 2600, 5G NR 700, 5G NR 3500",GARE INTERMÉDIAIRE DU TELECABINE DE L'OLYMP (LE RAFFORT) 73550 LES ALLUES,73015,"45.4081,6.5611",Bâtiment,21m,"Commune, communauté de communes",,AJO,,False,True
3332773,ORANGE,"UMTS 900, LTE 800",RÉSERVOIR (LES TONNELLES) 79130 SECONDIGNY,79311,"46.6192,-0.4072",Pylône autostable,36m,TOTEM,2026-08-30,AAV,,False,True
3332810,ORANGE,"LTE 700, LTE 800, LTE 1800, 5G NR 2100",RUE RITTI (HERRENFELD) 67290 WIMMENAU,67535,"48.9072,7.4172",Pylône autostable,42m,HIVORY,,SUP,,False,True
3332924,SFR,UMTS 900,5163  ROUTE DE HOUIEILLES 47700 FARGUES SUR OURBISE,47093,"44.2053,0.1297",Pylône autostable,36m,HIVORY,2026-07-30,ALL,,True,False
3333743,ORANGE,"LTE 800, 5G NR 700",2  R LÉO LAGRANGE RÉSIDENCE FONTAINEBLEAU 59580 ANICHE,59008,"50.3256,3.2561",Bâtiment,"16,9m",Société Privée,2026-08-14,AAV,,False,True
3333852,BOUYGUES TELECOM,"LTE 700, LTE 800, LTE 1800, LTE 2600, 5G NR 2100",1 R ST MARTIN DU MAIL 45100 ORLEANS,45234,"47.9042,1.9106",Immeuble,24m,Société Privée,,AJO,,False,True
3333889,ORANGE,"LTE 800, LTE 1800, LTE 2100, 5G NR 700, 5G NR 3500",RUE JULES VERNES 60190 MOYVILLERS,60441,"49.4156,2.6422",Pylône autostable,"35,7m",ORANGE,2026-08-03,AJA,,False,True
3333909,ORANGE,"LTE 700, LTE 800, LTE 1800, 5G NR 2100",RUE DE MAINTENAY SENTIER DU CIMETIERE 62870 BUIRE LE SEC,62183,"50.3814,1.8278",Pylône autostable,36m,ORANGE,,AJO,,False,True
3334361,BOUYGUES TELECOM,"LTE 700, LTE 800, LTE 1800, LTE 2600, 5G NR 2100",1 D R DU BOIS DE ST PAUL 27600 ST AUBIN SUR GAILLON,27517,"49.1436,1.3097",Pylône autostable,"24,5m",PHOENIX FRANCE INFRASTRUCTURES,,AJO,,False,True
3335193,BOUYGUES TELECOM,"LTE 700, LTE 800, LTE 1800, LTE 2600, 5G NR 2100, 5G NR 3500",67 R DE L'INDUSTRIE 01540 VONNAS,01457,"46.2269,4.9872",Pylône autostable,"30,8m",BOUYGUES,,AJO,,False,True
3335203,BOUYGUES TELECOM,"LTE 700, LTE 800, LTE 1800, LTE 2600, 5G NR 2100", (TERRES DE PETEREAU) 18220 RIANS,18194,"47.1853,2.6",Pylône autostable,"30,3m",PHOENIX FRANCE INFRASTRUCTURES,,AJO,,False,True
3335206,BOUYGUES TELECOM,"LTE 700, LTE 800, LTE 1800, LTE 2600, 5G NR 2100",D163 LA FRESNAIS (LES SOUCHES) 44670 ST JULIEN DE VOUVANTES,44170,"47.6458,-1.2528",Pylône autostable,"30,5m",PHOENIX FRANCE INFRASTRUCTURES,,AJO,,False,True
3335324,ORANGE,"LTE 800, LTE 1800, LTE 2100, LTE 2600, 5G NR 700, 5G NR 3500",11 RESIDENCE LE BEL AIR 95540 MERY SUR OISE,95394,"49.0611,2.1903",Bâtiment,"20,9m",Société HLM,,AJO,,False,True
3335362,BOUYGUES TELECOM,"LTE 700, LTE 800, LTE 1800",2802 RTE DE SORGUE 84130 LE PONTET,84092,"43.9878,4.8633",Pylône tubulaire,24m,CELLNEX,,AJO,,False,True
3335382,SFR,"LTE 700, LTE 800, LTE 1800, LTE 2600, 5G NR 2100",ROUTE D'EMANCÉ (LE FLEAU) 78125 ST HILARION,78557,"48.6106,1.7361",Pylône autostable,30m,TDF,2026-07-31,AJA,,False,True
3335402,ORANGE,"LTE 800, LTE 1800, LTE 2100, LTE 2600, 5G NR 700, 5G NR 3500","44, IMPASSE VIEUX CHEMIN DE ST CYPRIEN 66200 ELNE",66065,"42.6144,2.985",Pylône arbre,25m,TOWEO,,AJO,,False,True
3335530,BOUYGUES TELECOM,"LTE 700, LTE 800, LTE 1800, LTE 2600, 5G NR 2100",RUISSEAU DE L'ARGELAS (LA BOUSSIÈRE) 34800 PERET,34197,"43.5783,3.3925",Pylône autostable,"12,5m",BOUYGUES,,AJO,,False,True
3335533,BOUYGUES TELECOM,"LTE 700, LTE 800, LTE 1800, LTE 2600, 5G NR 2100",LE PONT D'AUZON (LA VIGIÈRE DE PEYROLLE) 30500 ALLEGRE LES FUMADES,30008,"44.2058,4.2492",Pylône autostable,"24,5m",BOUYGUES,,AJO,,False,True
3335693,ORANGE,"LTE 800, LTE 1800, LTE 2100, LTE 2600, 5G NR 700, 5G NR 3500",6 RUE MÈRE MARIE PIA CENTRE DESFONTAINES 91480 QUINCY SOUS SENART,91514,"48.6731,2.5417",Bâtiment,"14,2m",Association,,AJO,,False,True
3335695,ORANGE,"UMTS 900, LTE 800, LTE 1800, LTE 2100, LTE 2600, 5G NR 700, 5G NR 3500",CHEMIN RURAL DE PARIS (LA RÈGUE MIQUEOU) 33770 SALLES,33498,"44.5644,-0.8611",Pylône autostable,45m,TDF,,AJO,,False,True
3335757,BOUYGUES TELECOM,"LTE 700, LTE 800, LTE 1800, LTE 2600, 5G NR 2100","2, R DU FAUBOURG DES POSTES (CENTRE COMMERCIAL LILLENIUM) 59800 LILLE",59350,"50.6161,3.0472",Bâtiment,"25,4m",BOUYGUES,,AJO,,False,True
3335762,SFR,"UMTS 900, LTE 700, LTE 800, LTE 1800, LTE 2100, LTE 2600, 5G NR 2100, 5G NR 3500","11  ROUTE DU MARTINET ESPACE SPORTIF DU PAS DE PAJOT  STADE J.P RODRIGUEZ, RTE DE CAPLANNE 33770 SALLES",33498,"44.5486,-0.8822",Pylône autostable,42m,HIVORY,,AJO,,False,True
3335792,FREE MOBILE,"LTE 700, LTE 900, LTE 1800, 5G NR 700",AIRE DE SERVICE VOLX (LA GRANDE PIECE) 04130 VOLX,04245,"43.845,5.8497",Pylône autostable,"26,3m",Sociétés d'Autoroutes,,AJO,,False,True
3335794,FREE MOBILE,"LTE 700, LTE 900, LTE 1800, LTE 2100, LTE 2600, 5G NR 700, 5G NR 3500",75 BD PAUL DOUMER 06110 LE CANNET,06030,"43.57,7.0089",Immeuble,24m,"Copropriété, Syndic, SCI",,AJO,,False,True
3335796,FREE MOBILE,"UMTS 900, LTE 700",ROUTE DES CHAMPS 07600 VALS LES BAINS,07331,"44.6783,4.3442",Pylône autostable,36m,FREE-MOBILE,,AJO,,True,True
3335798,FREE MOBILE,"LTE 700, LTE 900, LTE 1800, LTE 2100, LTE 2600, 5G NR 700, 5G NR 3500",24 AVENUE JOSÉ NOBRE 13500 MARTIGUES,13056,"43.3989,5.0383",Pylône autostable,"25,5m",FREE-MOBILE,,AJO,,False,True
3335802,FREE MOBILE,"LTE 700, LTE 900, LTE 1800, LTE 2100, LTE 2600, 5G NR 700",43 RUE ARISTIDE BRIAND 16100 COGNAC,16102,"45.6956,-0.3286",Immeuble,16m,Particulier,,AJO,,False,True
3335804,FREE MOBILE,"LTE 700, LTE 900, LTE 1800, LTE 2100, LTE 2600, 5G NR 700, 5G NR 3500",162 BD ANDRE SAUTEL 17000 LA ROCHELLE,17300,"46.1708,-1.1236",Immeuble,17m,"Copropriété, Syndic, SCI",,AJO,,False,True
3335806,FREE MOBILE,"LTE 700, LTE 900, LTE 1800, LTE 2100, LTE 2600, 5G NR 700",PAESE DI LAVA - I COSTI DI VILLANOVA (PURJANA) 20167 ALATA,2A006,"41.9831,8.6742",Pylône arbre,"11,5m",FREE-MOBILE,,AJO,,False,True
3335808,FREE MOBILE,"LTE 700, LTE 900, LTE 1800, LTE 2100, LTE 2600, 5G NR 700, 5G NR 3500",8 AVENUE JEAN LASSERRE CAMARGUE 2000 30240 LE GRAU DU ROI,30133,"43.5211,4.1322",Immeuble,"13,2m","Copropriété, Syndic, SCI",,AJO,,False,True
3335810,FREE MOBILE,"LTE 700, LTE 900, LTE 1800, LTE 2100, LTE 2600, 5G NR 700, 5G NR 3500",AUTOROUTE A69 (COMMUNAL) 31380 GRAGNAGUE,31228,"43.6833,1.5886",Pylône autostable,36m,FREE-MOBILE,,AJO,,False,True
3335812,FREE MOBILE,"LTE 700, LTE 900, LTE 1800, LTE 2100, LTE 2600, 5G NR 700, 5G NR 3500",2 CHEMIN DU VIEUX MOULIN 31850 MONTRABE,31389,"43.6389,1.5308",Pylône autostable,"14,5m",FREE-MOBILE,,AJO,,False,True
3335814,FREE MOBILE,"LTE 700, LTE 900, LTE 1800, LTE 2100, LTE 2600, 5G NR 700, 5G NR 3500",105 PLACE LOUIS ET MARIE TREGANO 34090 MONTPELLIER,34172,"43.6033,3.8956",Bâtiment,"25,7m",Société HLM,,AJO,,False,True
3335818,FREE MOBILE,"LTE 700, LTE 900, LTE 1800, LTE 2100, LTE 2600, 5G NR 700, 5G NR 3500","41,51 RUE VERROCHIO RÉSIDENCE LES JARDINS DE LA LIRONDE 34090 MONTPELLIER",34172,"43.6072,3.9119",Immeuble,"31,2m",Société HLM,,AJO,,False,True
3335820,FREE MOBILE,"LTE 700, LTE 900, LTE 1800, LTE 2100, LTE 2600, 5G NR 700, 5G NR 3500",24 RUE DE TURENNE 37200 TOURS,37261,"47.3781,0.6839",Bâtiment,"20,9m","Copropriété, Syndic, SCI",,AJO,,False,True
3335824,FREE MOBILE,"LTE 700, LTE 900, LTE 1800, 5G NR 700",LA CROIX BAREL (LES PRES DE DERRIERE) 44130 BLAIN,44015,"47.4633,-1.8783",Pylône autostable,36m,FREE-MOBILE,,AJO,,False,True
3335826,FREE MOBILE,"LTE 700, LTE 900, LTE 1800, LTE 2100, LTE 2600, 5G NR 700, 5G NR 3500",25 RUE MARCEL DASSAULT 44980 STE LUCE SUR LOIRE,44172,"47.2722,-1.4711",Pylône autostable,"31,4m",FREE-MOBILE,,AJO,,False,True
3335828,FREE MOBILE,"LTE 700, LTE 900, LTE 1800, LTE 2100, LTE 2600, 5G NR 700, 5G NR 3500",CHEMIN DU HAUT DU BREUIL (LA NOUE) 54710 FLEVILLE DEVANT NANCY,54197,"48.6189,6.2008",Pylône autostable,"36,3m",FREE-MOBILE,,AJO,,False,True
3335830,FREE MOBILE,"LTE 700, LTE 900, LTE 1800, LTE 2100, LTE 2600, 5G NR 700, 5G NR 3500",14 RUE HAROPRE RESIDENCE L AIGRETTE 54240 JOEUF,54280,"49.2336,6.0075",Immeuble,28m,Société HLM,,AJO,,False,True
3335832,FREE MOBILE,"LTE 700, LTE 900, LTE 1800, LTE 2100, LTE 2600, 5G NR 700",68 RUE DE LILLE 59710 AVELIN,59034,"50.5425,3.0886",Pylône autostable,"34,4m",FREE-MOBILE,,AJO,,False,True
3335834,FREE MOBILE,"LTE 700, LTE 1800, 5G NR 700",19 RUE SAINTE-CATHERINE RESIDENCE VILOGIA (COUR DU BEAU BOUQUET) 59800 LILLE,59350,"50.6397,3.0561",Immeuble,"19,2m",Société HLM,,AJO,,False,True
3335836,FREE MOBILE,"LTE 700, LTE 900, LTE 1800, LTE 2100, LTE 2600, 5G NR 700, 5G NR 3500",HAMEAU DES CONTEAUX 63270 VIC LE COMTE,63457,"45.6594,3.2153",Pylône autostable,"19,5m",FREE-MOBILE,,AJO,,False,True
3335838,FREE MOBILE,"LTE 700, LTE 900, LTE 1800, LTE 2100, LTE 2600, 5G NR 700, 5G NR 3500",RIVIERE DE L'ABAT ENTRE RTE DE COULLIOURE ET DE VALMY 66700 ARGELES SUR MER,66008,"42.5392,3.0367",Pylône arbre,"19,5m",FREE-MOBILE,,AJO,,False,True
3335842,FREE MOBILE,"LTE 700, LTE 900, LTE 1800, LTE 2100, LTE 2600, 5G NR 700, 5G NR 3500",8 PLACE DES PALABRES 69190 ST FONS,69199,"45.6942,4.8553",Immeuble,"19,2m","Copropriété, Syndic, SCI",,AJO,,False,True
3335844,FREE MOBILE,"LTE 700, LTE 900, LTE 1800, LTE 2100, 5G NR 700", (LES GOURLES) 71390 ST PRIVE,71471,"46.6864,4.565",Pylône autostable,30m,FREE-MOBILE,,AJO,,False,True
3335846,FREE MOBILE,"LTE 700, LTE 900, LTE 1800, LTE 2100, LTE 2600, 5G NR 700, 5G NR 3500",19 AV JACQUES JEZEQUEL 92170 VANVES,92075,"48.8189,2.2917",Immeuble,"32,7m","Copropriété, Syndic, SCI",,AJO,,False,True
3335848,FREE MOBILE,"LTE 700, LTE 900, LTE 1800, LTE 2100, LTE 2600, 5G NR 700, 5G NR 3500",16 AVENUE GAMBETTA 94600 CHOISY LE ROI,94022,"48.7639,2.4025",Immeuble,38m,Société HLM,,AJO,,False,True
3335854,TELCO OI,"GSM 900, UMTS 900, UMTS 2100, LTE 800, LTE 1800, LTE 2100, LTE 2600, 5G NR 700, 5G NR 3500",480 CHEMIN BALANCE 97440 ST ANDRE,97409,"-20.9697,55.6719",Pylône autostable,20m,Telco OI,,AJO,,False,True
3335859,ORANGE,"LTE 800, LTE 1800, LTE 2100, LTE 2600, 5G NR 700, 5G NR 3500",98 AVENUE D'INGRIL (MIAMI) 34110 FRONTIGNAN,34108,"43.4472,3.8006",Pylône tubulaire,"13,3m",CELLNEX,,AJO,,False,True
3335905,ORANGE,"LTE 800, LTE 1800, LTE 2100, 5G NR 700, 5G NR 3500",CHEMIN DU TÉNÉDOU (MENTHEJUZAN) 40350 POUILLON,40233,"43.5972,-1.0064",Pylône autostable,"38,6m",TDF,,AJO,,False,True
3335930,ORANGE,"UMTS 900, LTE 800, LTE 1800, LTE 2100, LTE 2600, 5G NR 700, 5G NR 3500",14-16 RUE EMILE ZOLA 92230 GENNEVILLIERS,92036,"48.9244,2.3",Immeuble,"27,3m",Société HLM,,AJO,,False,True
3335940,ORANGE,"LTE 800, LTE 1800, LTE 2100, LTE 2600, 5G NR 700, 5G NR 3500",38 RUE DU MAIL 91600 SAVIGNY SUR ORGE,91589,"48.6733,2.3508",Immeuble,"18,6m","Copropriété, Syndic, SCI",,AJO,,False,True
3335961,ORANGE,"UMTS 900, LTE 800, LTE 1800, LTE 2100, LTE 2600, 5G NR 700, 5G NR 3500",ECHANGEUR RD 301/57 CHEMIN RURAL N°23 DIT CHEMIN DE LENS (LES BLANCS CHAMPS) 62150 HOUDAIN,62457,"50.4606,2.5378",Pylône autostable,36m,TOTEM,2026-08-03,AJA,,False,True
3335972,FREE MOBILE,"LTE 700, LTE 900, LTE 1800, LTE 2100, LTE 2600, 5G NR 700",44 AV DE LANESSAN 69410 CHAMPAGNE AU MONT D OR,69040,"45.795,4.7928",Immeuble,"18,5m","Copropriété, Syndic, SCI",,AJO,,False,True
3336086,BOUYGUES TELECOM,"UMTS 900, LTE 700, LTE 800, LTE 1800, LTE 2600, 5G NR 2100",24 R ST AUGUSTIN 75002 PARIS 02,75102,"48.8689,2.335",Immeuble,"28,2m",Société Privée,,AJO,,False,True
3336120,BOUYGUES TELECOM,"LTE 700, LTE 800, LTE 1800, LTE 2600, 5G NR 2100",R DE LAULADE 23170 BUDELIERE,23035,"46.2189,2.4583",Pylône autostable,"30,4m",PHOENIX FRANCE INFRASTRUCTURES,,AJO,,False,True
3336149,SFR,"LTE 700, LTE 800, LTE 1800, LTE 2100, LTE 2600, 5G NR 2100",1801 ROUTE DE CHASSAC CHEMIN DES VIGNES 19120 BEAULIEU SUR DORDOGNE,19019,"45.0325,1.8381",Pylône autostable,30m,TDF,2026-07-31,AJA,,False,True
3336186,ORANGE,"LTE 800, LTE 1800, LTE 2100, LTE 2600, 5G NR 700, 5G NR 3500",51 RUE DU CHEVALIER DE LA BARRE 92130 ISSY LES MOULINEAUX,92040,"48.8211,2.2786",Immeuble,"25,6m","Copropriété, Syndic, SCI",,AJO,,False,True
3336192,SFR,"LTE 700, LTE 800, LTE 1800, LTE 2600, 5G NR 2100",LE CHEMIN D'HAUVINE DEVANT LA DÉCHETERIE 51490 PONTFAVERGER MORONVILLIERS,51440,"49.3,4.3342",Pylône autostable,36m,HIVORY,,AJO,,False,True
3336205,SFR,"LTE 700, LTE 800, LTE 1800, LTE 2600, 5G NR 2100",D519 (SOMMERMATT) 67170 BERSTHEIM,67035,"48.7864,7.67",Pylône autostable,42m,SFR,,AJO,,False,True
3336215,ORANGE,"LTE 800, LTE 1800, LTE 2100, 5G NR 700, 5G NR 3500",CHEMIN ESCARAUDE 64800 COARRAZE,64191,"43.1633,-0.2114",Pylône autostable,36m,ATC FRANCE,,AJO,,False,True
3336218,BOUYGUES TELECOM,"LTE 700, LTE 800, LTE 1800, LTE 2600, 5G NR 2100",14 R SOLEAU 06300 NICE,06088,"43.7014,7.2908",Immeuble,"28,7m","Copropriété, Syndic, SCI",,AJO,,False,True
3336221,Gouv Nelle Calédonie (OPT),"UMTS 900, LTE 800", (LUENGONI TRIBU) 98885 LIFOU,98814,"-21.03,167.4036",Mât béton,12m,Office des Postes et Télécom,,AJO,,False,True
3336229,BOUYGUES TELECOM,"LTE 700, LTE 800, LTE 1800, LTE 2600, 5G NR 2100",R DE LA PICHAUDERIE (LES PETITS GENETS) 44680 CHAUMES EN RETZ,44005,"47.1147,-1.9283",Pylône autostable,24m,PHOENIX FRANCE INFRASTRUCTURES,,AJO,,False,True
3336238,SFR,"LTE 700, LTE 800, LTE 1800, LTE 2600, 5G NR 2100",RUE DE LA PRAIRIE ALTMATT 67590 OHLUNGEN,67359,"48.8081,7.7164",Pylône autostable,"30,1m",SFR,2026-07-31,AJA,,False,True
3336245,BOUYGUES TELECOM,"LTE 700, LTE 800, LTE 1800, LTE 2600, 5G NR 2100",ROUTE DE SAINT DREZERY 34160 ST JEAN DE CORNIES,34265,"43.7422,4.0003",Château d'eau - réservoir,"17,4m","Syndicat des eaux, Adduction",,AJO,,False,True
3336249,BOUYGUES TELECOM,"LTE 700, LTE 800, LTE 1800, LTE 2600, 5G NR 2100",RTE COLLET DE MERLETTE 06690 TOURRETTE LEVENS,06147,"43.7578,7.2886",Pylône autostable,"24,4m",CELLNEX,,AJO,,False,True
3336253,SFR,"UMTS 900, LTE 700, LTE 800",7  RUE DU JARDIN BRULE 08400 BAIRON ET SES ENVIRONS,08116,"49.4747,4.7364",Pylône autostable,36m,SFR,,AJO,,True,True
3336258,SFR,"UMTS 900, LTE 700, LTE 800",STADE DES MINIÈRES (LES MINIERES) 24120 LA DORNAC,24153,"45.0728,1.3403",Pylône autostable,45m,SFR,,AJO,,True,True
3336485,FREE MOBILE,"LTE 700, LTE 900, LTE 1800, LTE 2100, LTE 2600, 5G NR 700, 5G NR 3500",AIRE D'AUTOROUTE DE LA RIVIERA FRANÇAISE AUTOROUTE A8 SENS FRANCE/ITALIE 06240 BEAUSOLEIL,06012,"43.7536,7.4197",Pylône tubulaire,"15,6m",Sociétés d'Autoroutes,,AJO,,False,True
3336493,FREE MOBILE,"LTE 700, LTE 900, LTE 1800, LTE 2100, LTE 2600, 5G NR 700, 5G NR 3500",42 BIS RUE DE LA GEMMETRIE (LA GEMMETRIE) 49124 ST BARTHELEMY D ANJOU,49267,"47.4653,-0.5",Immeuble,"17,5m","Copropriété, Syndic, SCI",,AJO,,False,True
3336495,FREE MOBILE,"LTE 700, LTE 900, LTE 1800, LTE 2100, LTE 2600, 5G NR 700",190 CHEMIN DES SALINS STADE DES SALINS 83990 ST TROPEZ,83119,"43.2622,6.6742",Pylône autostable,"16,5m",FREE-MOBILE,,AJO,,False,True
3336502,ORANGE,"LTE 700, LTE 800, LTE 1800, 5G NR 2100",CHEMIN CO DE CAILLE (LA GRANGE VERDET) 06750 SERANON,06134,"43.7719,6.69",Pylône autostable,30m,ORANGE,,AJO,,False,True
3336615,BOUYGUES TELECOM,"LTE 700, LTE 800, LTE 1800, LTE 2600, 5G NR 2100",6 R DU PEN DUICK II (VULCAIN IV) 44300 NANTES,44109,"47.2108,-1.5297",Immeuble,"59,7m","Copropriété, Syndic, SCI",,AJO,,False,True
3336617,FREE MOBILE,"LTE 700, LTE 900, LTE 1800, LTE 2100, LTE 2600, 5G NR 700, 5G NR 3500",6 AVENUE JEAN JAURÈS 34170 CASTELNAU LE LEZ,34057,"43.6336,3.8958",Bâtiment,"17,9m",Société Privée,,AJO,,False,True
3336707,ORANGE,"LTE 800, LTE 1800, LTE 2100, LTE 2600, 5G NR 700, 5G NR 3500",87 RUE DAMREMONT 75018 PARIS 18,75118,"48.8942,2.3364",Immeuble,41m,Société HLM,,AJO,,False,True
3336711,SFR,"LTE 700, LTE 800, LTE 1800, LTE 2100, LTE 2600, 5G NR 2100",RTE DE LA ROCHELLE (FAUSSE LUSSANE) 17290 CHAMBON,17080,"46.1036,-0.8492",Pylône autostable,30m,TDF,,AJO,,False,True
3338968,ORANGE,"LTE 800, LTE 1800, LTE 2100, 5G NR 700, 5G NR 3500",CHEMIN RURAL DIT OBERE HUNDSRUECKEN (HUNDSRUECKEN) 68440 ESCHENTZWILLER,68084,"47.7225,7.3986",Pylône autostable,36m,HIVORY,,SUP,,False,True
3340781,ORANGE,"UMTS 900, LTE 700, LTE 800",CHEMIN DE LASERRE (LASSERRE) 65370 ILHEU,65229,"42.9981,0.5922",Pylône autostable,"30,3m",TOTEM,,AJO,,True,True
3344523,ORANGE,,RUE DE LA RAVINE 60590 LALANDE EN SON,60343,"49.3894,1.7867",Pylône autostable,"29,9m",ATC FRANCE,,CHI,3147652,False,True
3344788,ORANGE,,RTE DE PALETTE (LE PETIT CABRIÈS SUD) 13100 LE THOLONET,13109,"43.51,5.4972",Pylône autostable,"20,5m",TOTEM,2025-09-04,CHI,761416,False,True
3345610,FREE MOBILE,,ROUTE DE SPOY - D28 (LES PAQUIERS) 21120 LUX,21361,"47.4833,5.2056",Pylône autostable,"37,8m",TDF,2021-07-30,CHI,2209838,False,True
3345721,FREE MOBILE,,34 RUE DE L'ILE NAPOLEON 68170 RIXHEIM,68278,"47.755,7.4064",Pylône tubulaire,25m,ON TOWER FRANCE,2021-06-04,CHI,1422879,False,True
3345780,FREE MOBILE,, (LE GRAND BOIS) 70400 HERICOURT,70285,"47.5589,6.7425",Pylône autostable,"30,4m",TDF,2019-10-18,CHI,2053303,False,True
3345845,BOUYGUES TELECOM,,49 R DE LA RÉPUBLIQUE 28300 MAINVILLIERS,28229,"48.4475,1.4731",Immeuble,"21,1m",Société HLM,,CHI,3296340,False,True
3345933,ORANGE,, (LES DROUVETS) 05170 ORCIERES,05096,"44.7072,6.3164",Pylône autostable,24m,TDF,,CHI,2928189,False,True
3345946,ORANGE,,RUE DES ROSIERES (BOIS DE LIHONS) 80170 WARVILLERS,80823,"49.7842,2.6903",Pylône autostable,"41,6m",ATC FRANCE,,CHI,3143567,False,True
3345961,FREE MOBILE,,CHEMIN DE TERRE DU BEUCHAIL LIGNE TGV PARIS DIJON BEUCHAIL OUEST (BEUCHAIL) 21410 FLEUREY SUR OUCHE,21273,"47.3228,4.8767",Pylône autostable,"32,8m",TOTEM,2021-12-23,CHI,2404072,False,True
3345961,ORANGE,,CHEMIN DE TERRE DU BEUCHAIL LIGNE TGV PARIS DIJON BEUCHAIL OUEST (BEUCHAIL) 21410 FLEUREY SUR OUCHE,21273,"47.3228,4.8767",Pylône autostable,"32,8m",TOTEM,2018-12-14,CHI,1648725,False,True
354467,ORANGE,5G NR 3500,160  R. DU LADHOF Z.I. EST 68000 COLMAR,68066,"48.0944,7.3753",Pylône tubulaire,27m,TOTEM,2026-07-31,ALL,,False,False
363855,ORANGE,"5G NR 700, 5G NR 3500",1 R DE MULHOUSE 68170 RIXHEIM,68278,"47.7503,7.4072",Bâtiment,15m,Particulier,,AJO,,False,False
435677,BOUYGUES TELECOM,LTE 2100,RD 20 (LE BOURG) 76190 CROIX MARE,76203,"49.5989,0.8486",Château d'eau - réservoir,50m,"Syndicat des eaux, Adduction",2023-11-23,SUP,,False,False
436169,BOUYGUES TELECOM,LTE 2100,R PASTEUR 50200 COUTANCES,50147,"49.0594,-1.4292",Pylône autostable,45m,TOTEM,2022-10-12,SUP,,False,False
436620,ORANGE,5G NR 2100, (CHANTUZIER) 43320 ST JEAN DE NAY,43197,"45.1047,3.6769",Pylône autostable,32m,TOTEM,2026-07-30,ALL,,False,False
436718,ORANGE,"UMTS 900, LTE 800, LTE 1800, LTE 2100, LTE 2600",19 R PAUL BAUDIN 62970 COURCELLES LES LENS,62249,"50.4217,3.0192",Bâtiment,21m,Société Privée,2018-11-12,SUP,,False,False
437062,BOUYGUES TELECOM,LTE 2100,LA BOURDONNIÈRE (ST GERMAIN DU VAL) 72200 LA FLECHE,72154,"47.7189,-0.0675",Pylône autostable,77m,TDF,2023-03-15,SUP,,False,False
437372,BOUYGUES TELECOM,LTE 2100, (LES PETITES RIGAUDERIES) 72700 ROUILLON,72257,"48.0031,0.1606",Pylône haubané,96m,TDF,2023-12-04,SUP,,False,False
437677,BOUYGUES TELECOM,LTE 2100,27 R FERNAND PELLOUTIER 21 R DANTON 30100 ALES,30007,"44.1183,4.0817",Pylône autostable,32m,TOTEM,2025-11-25,SUP,,False,False
440534,BOUYGUES TELECOM,LTE 2100,ROUTE DE BALLEE (BELLEVUE) 72300 SABLE SUR SARTHE,72264,"47.8661,-0.3592",Pylône autostable,74m,TDF,2024-06-24,SUP,,False,False
442716,ORANGE,"5G NR 700, 5G NR 3500",BEL AIR (LA BORDETTE) 09110 AX LES THERMES,09032,"42.7236,1.8408",Pylône autostable,37m,TDF,2026-08-03,ALL,,False,False
442729,BOUYGUES TELECOM,LTE 2100,RÉSERVOIR DE MONTORIN (LES CÔTEAUX) 22940 PLAINTEL,22171,"48.4328,-2.8089",Pylône autostable,"32,6m",TDF,2022-11-03,SUP,,False,False
447745,ORANGE,LTE 700,PYLÔNE RFF/PK 61.769-DR/0/066 (LA MONTAGNE) 02400 CHATEAU THIERRY,02168,"49.0658,3.3647",Pylône autostable,35m,SNCF Réseau,2026-08-13,AAV,,False,False
448622,BOUYGUES TELECOM,LTE 2100,6 R DE PLAGUÉ 35500 VITRE,35360,"48.1192,-1.1903",Pylône autostable,49m,TDF,2022-12-28,SUP,,False,False
449529,SFR,"LTE 700, LTE 2600, 5G NR 2100, 5G NR 3500",FERME DE RUFILLE (DESSUS DE LA COMBE) 25220 AMAGNEY,25014,"47.3061,6.1153",Pylône autostable,40m,Sociétés d'Autoroutes,,AJO,,False,False
450517,SFR,GSM 900,LE BREUIL (LE BOIS DE L'HOSPICE) 24750 TRELISSAC,24557,"45.1942,0.7708",Pylône autostable,"32,5m",ATC FRANCE,2016-09-23,SUP,,False,False
452333,ORANGE,"LTE 700, 5G NR 2100",CHEM RURAL DIT DU PERRIAU (LE PERRIAU) 18100 MERY SUR CHER,18150,"47.2461,1.9833",Château d'eau - réservoir,50m,"Commune, communauté de communes",,AJO,,False,False
452333,ORANGE,LTE 2100,CHEM RURAL DIT DU PERRIAU (LE PERRIAU) 18100 MERY SUR CHER,18150,"47.2461,1.9833",Château d'eau - réservoir,50m,"Commune, communauté de communes",2019-06-27,SUP,,False,False
452933,BOUYGUES TELECOM,LTE 2100, (LANNEYER BROUSTEYER) 22740 LEZARDRIEUX,22127,"48.7936,-3.1117",Pylône tubulaire,35m,ATC FRANCE,2022-11-03,SUP,,False,False
453025,BOUYGUES TELECOM,LTE 2100,CENTRE DE COMPOSTAGE (TAFFENEAU) 85340 LES SABLES D OLONNE,85194,"46.5142,-1.7033",Pylône autostable,"69,3m",TDF,2023-08-02,SUP,,False,False
459614,ORANGE,GSM 900,PRÈS N.5 (LA BOIDE) 39300 MONTROND,39364,"46.8028,5.8333",Pylône autostable,38m,HIVORY,2008-09-30,SUP,,True,False
459669,BOUYGUES TELECOM,"GSM 900, LTE 2100",66 R ANDRE PANTIGNY 62110 HENIN BEAUMONT,62427,"50.4114,2.9572",Immeuble,31m,Société Privée,2000-11-16,SUP,,False,False
461520,SFR,LTE 700,MAS DE GAU D 21 34970 LATTES,34129,"43.585,3.9161",Château d'eau - réservoir,51m,"Commune, communauté de communes",,SUP,,False,False
462535,BOUYGUES TELECOM,LTE 2100, (LES TERTRES ROHAN) 22940 PLAINTEL,22171,"48.4089,-2.8231",Pylône autostable,34m,BOUYGUES,2022-01-13,SUP,,False,False
463538,FREE MOBILE,5G NR 700,D.211 - CHÂTEAU D'EAU (LE RABOTIN) 53960 BONCHAMP LES LAVAL,53034,"48.0678,-0.6964",Château d'eau - réservoir,54m,"Commune, communauté de communes",2026-08-03,ALL,,False,False
464809,FREE MOBILE,LTE 2100,2 R THOMAS BECKETT 76130 MONT ST AIGNAN,76451,"49.4619,1.07",Immeuble,62m,Société HLM,2026-08-03,ALL,,False,False
465351,FREE MOBILE,5G NR 3500,D.10 - 346 RTE DE CLARENS (LA GALAVE DÉBAT) 65300 LANNEMEZAN,65258,"43.1231,0.3972",Pylône autostable,47m,TOTEM,2026-08-03,ALL,,False,False
467230,BOUYGUES TELECOM,LTE 2100,R DU CHÂTEAU D'EAU 57420 FEY,57212,"49.0303,6.0981",Château d'eau - réservoir,"36,5m","Commune, communauté de communes",2026-07-30,ALL,,False,False
467869,BOUYGUES TELECOM,LTE 2100,D.36 (LA DAVIÈRE) 37390 ST ROCH,37237,"47.4506,0.5708",Pylône autostable,30m,TOTEM,2024-01-17,SUP,,False,False
468849,SFR,"GSM 900, GSM 1800, UMTS 900, UMTS 2100, LTE 800, LTE 1800",CHEM DE CROIX (NOTRE-DAME DE MONTCHAMP) 26780 MALATAVERNE,26169,"44.4744,4.7572",Pylône autostable,25m,ORANGE Services Fixes,2017-05-05,SUP,,False,False
468850,SFR,"LTE 700, 5G NR 3500", (LE CLAUX) 12210 LAGUIOLE,12119,"44.6733,2.8503",Pylône autostable,42m,TOTEM,,AJO,,False,False
470446,ORANGE,GSM 900,STATION TDF (LE FRANIER) 73640 STE FOY TARENTAISE,73232,"45.5411,6.9139",Pylône autostable,25m,TDF,2000-02-29,SUP,,True,False
471545,ORANGE,"LTE 2100, 5G NR 3500","1, R ALBERT CAMUS 71000 MACON",71270,"46.3175,4.8353",Immeuble,36m,Société HLM,2026-07-23,ALL,,False,False
473818,BOUYGUES TELECOM,LTE 2100,TOUR DVRN (TOUR MATAGRIN) 42780 VIOLAY,42334,"45.8506,4.3814",Tour hertzienne,49m,TDF,2023-10-19,SUP,,False,False
475192,SFR,LTE 700,218 R DU BASTION VENTADOUR HOTEL FRANTOUR 34090 MONTPELLIER,34172,"43.6092,3.8853",Immeuble,29m,Société Privée,,AJO,,False,False
475433,BOUYGUES TELECOM,5G NR 3500,AV JEAN GIONO CITÉ DU PONT NEUF 84500 BOLLENE,84019,"44.2842,4.75",Immeuble,37m,Société Privée,,AJO,,False,False
476494,BOUYGUES TELECOM,"LTE 1800, LTE 2600",PHARE DE GOULPHAR (KERVILAHOUEN) 56360 BANGOR,56009,"47.3108,-3.2272",Phare,53m,"État, Ministère",2026-07-29,ALL,,False,False
476530,ORANGE,5G NR 3500,SITE DVRN (OETRINGER SEITE) 57100 THIONVILLE,57672,"49.3856,6.0706",Pylône autostable,78m,TDF,2026-07-23,ALL,,False,False
476620,BOUYGUES TELECOM,LTE 2100,R RENÉ CASSIN (RUN DAVID) 22470 PLOUEZEC,22214,"48.7539,-2.985",Château d'eau - réservoir,40m,"Syndicat des eaux, Adduction",2021-12-21,SUP,,False,False
477382,BOUYGUES TELECOM,UMTS 900,PRÈS D.16B (LA HOUTTE) 57390 RUSSANGE,57603,"49.4825,5.9494",Pylône autostable,43m,TDF,2026-08-01,ALL,,False,False
477382,SFR,"UMTS 900, LTE 700, 5G NR 2100, 5G NR 3500",PRÈS D.16B (LA HOUTTE) 57390 RUSSANGE,57603,"49.4825,5.9494",Pylône autostable,43m,TDF,2026-07-31,ALL,,False,False
477387,SFR,"LTE 700, LTE 800, LTE 1800, LTE 2100, LTE 2600, 5G NR 2100, 5G NR 3500",10 IMPASSE DES 3 ROIS (CENTRAL TÉLÉPHONIQUE) 26250 LIVRON SUR DROME,26165,"44.7717,4.8389",Pylône autostable,26m,TOTEM,,AJO,,False,True
477796,ORANGE,5G NR 3500,R DE GRÉVAUX CHÂTEAU D'EAU 59600 MAUBEUGE,59392,"50.2675,3.9219",Château d'eau - réservoir,56m,"Syndicat des eaux, Adduction",2026-07-31,ALL,,False,False
478129,ORANGE,GSM 900,RD 317 (LES SENCES) 04120 ROUGON,04171,"43.7969,6.3972",Pylône autostable,20m,ATC FRANCE,2004-12-18,SUP,,True,False
478527,ORANGE,LTE 700,LES PETITES GANCHES (LES VEAUX PICAULT) 72320 ST MAIXENT,72296,"48.0825,0.6836",Pylône autostable,35m,TDF,2026-08-06,ALL,,False,False
479037,ORANGE,"5G NR 700, 5G NR 3500",16 RUE DU BOIS DE LA REMISE ZONE ARTISANALE ROUTE DE TREMBLAY 91480 VARENNES JARCY,91631,"48.6881,2.5731",Pylône autostable,34m,HIVORY,2026-07-27,ALL,,False,False
480883,SFR,5G NR 3500,12 R JACQUARD 85340 LES SABLES D OLONNE,85194,"46.4911,-1.7364",Pylône autostable,85m,Autres,2026-07-30,ALL,,False,False
481920,BOUYGUES TELECOM,LTE 2100, (KERADENNEC) 29250 ST POL DE LEON,29259,"48.6919,-4.0056",Pylône autostable,33m,ATC FRANCE,2023-08-17,SUP,,False,False
484178,ORANGE,5G NR 2100,R. DE LA MOTTE HERLIN D 80 (LES PÂTIS) 02130 GOUSSANCOURT,02351,"49.1686,3.6683",Pylône autostable,43m,TOTEM,2026-07-30,ALL,,False,False
484591,SFR,LTE 700,27 R DE LA GUISSAUME COOPÉRATIVE LES VIGNERONS D'ALIGNAN-DU-VENT (LES ESPERASSÈDES) 34290 ALIGNAN DU VENT,34009,"43.4675,3.3439",Bâtiment,22m,"Coopérative Agricole, Vinicole",,AJO,,False,False
486667,FREE MOBILE,"LTE 700, LTE 900, LTE 1800, LTE 2100, LTE 2600, 5G NR 700",D.181 (KERMEÏN) 29242 OUESSANT,29155,"48.4567,-5.0889",Pylône autostable,"49,4m",TOTEM,2026-08-03,ALL,,False,True
492885,SRR,"LTE 700, LTE 2100, 5G NR 3500",50 CHEM ISAUTIER (KERVEGUEN) 97430 LE TAMPON,97422,"-21.2672,55.5147",Pylône autostable,35m,Société Réunionnaise de Radiotéléphonie,,AJO,,False,False
492885,SRR,UMTS 2100,50 CHEM ISAUTIER (KERVEGUEN) 97430 LE TAMPON,97422,"-21.2672,55.5147",Pylône autostable,35m,Société Réunionnaise de Radiotéléphonie,2018-04-09,SUP,,False,False
493209,ORANGE,"LTE 700, 5G NR 2100",D.952 LES COTEAUX (CLIMAT DES TERRES VAINES) 45460 LES BORDES,45042,"47.7925,2.4425",Pylône autostable,30m,TOTEM,,AJO,,False,False
493209,ORANGE,LTE 2100,D.952 LES COTEAUX (CLIMAT DES TERRES VAINES) 45460 LES BORDES,45042,"47.7925,2.4425",Pylône autostable,30m,TOTEM,2019-07-31,SUP,,False,False
494209,ORANGE,"LTE 1800, LTE 2100, 5G NR 3500",R D'HERVIAUX 60560 ORRY LA VILLE,60482,"49.1289,2.5086",Château d'eau - réservoir,33m,"Commune, communauté de communes",2026-07-24,ALL,,False,False
495332,SFR,LTE 700,LES BOULATS - LE FOUDON 58370 LAROCHEMILLAY,58140,"46.9081,3.9864",Pylône autostable,46m,TDF,,AJO,,False,False
498398,BOUYGUES TELECOM,UMTS 2100,RN 4 (LES CATHELINOTTES) 51120 SEZANNE,51535,"48.7183,3.7461",Pylône autostable,44m,ATC FRANCE,2016-09-28,SUP,,False,False
498398,ORANGE,LTE 700,RN 4 (LES CATHELINOTTES) 51120 SEZANNE,51535,"48.7183,3.7461",Pylône autostable,44m,ATC FRANCE,2026-08-12,AAV,,False,False
498423,SFR,"LTE 700, 5G NR 3500",PL DE L'EGLISE 65100 LOURDES,65286,"43.0964,-0.0447",Monument religieux,57m,"Commune, communauté de communes",,AJO,,False,False
498480,ORANGE,"LTE 700, LTE 800",AV DU VERDALAI (LES MICHELS) 13790 PEYNIER,13072,"43.4467,5.6019",Château d'eau - réservoir,21m,"Commune, communauté de communes",2026-07-24,EXT,,False,False
498649,BOUYGUES TELECOM,UMTS 2100,R DU GROS TILLEUL TOUR TDF (BURETTE) 59132 OHAIN,59445,"50.0428,4.1078",Tour hertzienne,98m,TDF,2008-10-17,SUP,,False,False
498696,BOUYGUES TELECOM,LTE 2100,Z.A. DU BOIS RAMEL (LE BOIS RAMEL) 22640 PLESTAN,22193,"48.4181,-2.4342",Pylône autostable,"38,5m",TOTEM,,SUP,,False,False
498841,FREE MOBILE,5G NR 3500, (LE GUI NOIR) 87300 BELLAC,87011,"46.1125,1.0431",Pylône autostable,46m,TDF,2026-08-03,ALL,,False,False
500038,ORANGE,LTE 700, (KERMEZEVEN) 29780 PLOUHINEC,29197,"48.02,-4.5225",Pylône autostable,40m,TDF,2024-07-05,SUP,,False,False
500456,BOUYGUES TELECOM,UMTS 2100,RTE DE GUEMPS RD 219 (LES PONTS DE NOUVELLE EGLISE) 62370 NOUVELLE EGLISE,62623,"50.9272,2.0528",Château d'eau - réservoir,47m,"Commune, communauté de communes",2008-10-27,SUP,,False,False
500553,BOUYGUES TELECOM,UMTS 2100,A1 ECH DE L'ARRAGEOIS - SORTIE 15 62128 WANCOURT,62873,"50.2653,2.8653",Pylône autostable,40m,Sociétés d'Autoroutes,2011-11-21,SUP,,False,False
502120,BOUYGUES TELECOM,UMTS 2100,RD 3 INTERSEC RN 124 CH D'EAU (MEINJONBAYLE) 40090 ST PERDON,40280,"43.8719,-0.5831",Château d'eau - réservoir,"47,5m","Commune, communauté de communes",2017-03-28,SUP,,False,False
503511,BOUYGUES TELECOM,UMTS 2100,A.4 - PK 379.7 - SENS PROVINCE-PARIS BARRIÈRE DE PÉAGE DE LOUPERSHOUSE 57510 LOUPERSHOUSE,57419,"49.0761,6.8964",Pylône autostable,38m,Sociétés d'Autoroutes,2009-11-24,SUP,,False,False
503628,BOUYGUES TELECOM,UMTS 2100,RN 20 (LA RIBA REDONA) 66760 PORTE PUYMORENS,66147,"42.5514,1.8242",Pylône autostable,24m,"Commune, communauté de communes",2009-07-15,SUP,,False,False
504253,ORANGE,"5G NR 700, 5G NR 3500",ZONE D'ACTIVITÉS DU MONTENOÉ VC N°3 56190 LA TRINITE SURZUR,56259,"47.5997,-2.5886",Pylône autostable,"46,5m",HIVORY,,AJO,,False,False
504253,ORANGE,LTE 700,ZONE D'ACTIVITÉS DU MONTENOÉ VC N°3 56190 LA TRINITE SURZUR,56259,"47.5997,-2.5886",Pylône autostable,"46,5m",HIVORY,2024-04-30,SUP,,False,False
506236,BOUYGUES TELECOM,LTE 2100, (KERVILIGOU) 29720 PLONEOUR LANVERN,29174,"47.9178,-4.2936",Pylône autostable,48m,ATC FRANCE,2023-02-08,SUP,,False,False
507193,ORANGE,"LTE 1800, 5G NR 2100",LES MÊLIERS PRÈS D 978 (MONT MIGIN) 58270 ST BENIN D AZY,58232,"47.0033,3.4331",Pylône autostable,46m,HIVORY,2026-07-30,ALL,,False,False
507685,BOUYGUES TELECOM,,CHEM RURAL DIT DE CASTELNAU (LE BUISSON MONSIEUR) 18290 CHAROST,18055,"46.9967,2.1347",Pylône autostable,"38,8m",TOTEM,2025-04-14,CHH,38m,False,False
507685,FREE MOBILE,,CHEM RURAL DIT DE CASTELNAU (LE BUISSON MONSIEUR) 18290 CHAROST,18055,"46.9967,2.1347",Pylône autostable,"38,8m",TOTEM,2026-06-11,CHH,38m,False,False
507685,ORANGE,,CHEM RURAL DIT DE CASTELNAU (LE BUISSON MONSIEUR) 18290 CHAROST,18055,"46.9967,2.1347",Pylône autostable,"38,8m",TOTEM,2005-03-16,CHH,38m,False,False
507685,SFR,,CHEM RURAL DIT DE CASTELNAU (LE BUISSON MONSIEUR) 18290 CHAROST,18055,"46.9967,2.1347",Pylône autostable,"38,8m",TOTEM,2025-06-12,CHH,38m,False,False
507695,BOUYGUES TELECOM,LTE 2100, (BEG AR MENEZ) 22810 PLOUNEVEZ MOEDEC,22228,"48.5567,-3.4647",Château d'eau - réservoir,41m,"Syndicat des eaux, Adduction",2022-03-04,SUP,,False,False
509027,SFR,5G NR 3500,8 R DE FONTANILLES 48000 MENDE,48095,"44.5225,3.5153",Immeuble,30m,Société HLM,,AJO,,False,False
509430,BOUYGUES TELECOM,LTE 2100,R DU 11 NOVEMBRE CH D'EAU 22580 PLOUHA,22222,"48.6781,-2.9308",Château d'eau - réservoir,40m,"Syndicat des eaux, Adduction",2021-11-25,SUP,,False,False
509490,BOUYGUES TELECOM,UMTS 2100,9005 R DE PREMY 59159 MARCOING,59377,"50.1278,3.1619",Château d'eau - réservoir,30m,"Commune, communauté de communes",2013-10-21,SUP,,False,False
510642,ORANGE,GSM 900,R DE FOUCHÈRES (LE PETIT MAULAN) 55500 MAULAN,55326,"48.6617,5.2564",Pylône autostable,40m,HIVORY,2004-09-25,SUP,,True,False
511203,ORANGE,5G NR 3500,L'HUBAC PISTE DFCI COLLINE DU MIRAILLET (LE MIRAILLET) 84530 VILLELAURE,84147,"43.7219,5.4586",Pylône autostable,45m,HIVORY,2026-07-29,ALL,,False,False
511217,BOUYGUES TELECOM,LTE 2100,L'ORMEAU GRÉMONT (BOUCOEUR) 79330 ST VARENT,79299,"46.9061,-0.1953",Pylône autostable,"34,8m",TDF,,SUP,,False,False
512238,BOUYGUES TELECOM,LTE 700, (LA CHESNAYE) 79260 STE NEOMAYE,79283,"46.3392,-0.2689",Pylône autostable,45m,HIVORY,2026-08-06,ALL,,False,False
512346,SFR,"LTE 700, LTE 1800",C.R 35 DE LA CORVÉE À LA MALADRERIE (LA MALADRERIE) 58290 MOULINS ENGILBERT,58182,"46.9814,3.8203",Pylône autostable,22m,TOTEM,2026-07-30,ALL,,False,False
514844,ORANGE,5G NR 700,4 AVENUE DIDEROT BIBLIOTHÈQUE UNIVERSITAIRE AVENUE DES ARTS 33600 PESSAC,33318,"44.7964,-0.62",Immeuble,45m,"État, Ministère",2026-08-10,AAV,,False,False
515217,FREE MOBILE,5G NR 700,19 R DE L'INDUSTRIE 14500 VIRE NORMANDIE,14762,"48.8536,-0.8819",Pylône autostable,30m,HIVORY,2026-08-03,ALL,,False,False
516117,FREE MOBILE,"LTE 2100, 5G NR 700", (MONTAGNE DE MAUREL) 04170 LA MURE ARGENS,04136,"44.0094,6.5278",Pylône autostable,"33,7m",TDF,2026-08-03,ALL,,False,False
517165,BOUYGUES TELECOM,LTE 2100,R STANG AN DOUR (KERGAVEC) 29730 TREFFIAGAT,29284,"47.8061,-4.2711",Pylône autostable,46m,TDF,2023-07-12,SUP,,False,False
517604,ORANGE,GSM 900,CHEM RURAL DE NAIVES-DEVANT-BAR A RUMONT (LA MARLIÈRE) 55000 RUMONT,55446,"48.8275,5.2647",Château d'eau - réservoir,38m,"Syndicat des eaux, Adduction",1996-10-04,SUP,,True,False
518078,ORANGE,5G NR 2100,MONTAIGUT EN COMBRAILLE (LA BROSSE) 63700 MONTAIGUT EN COMBRAILLE,63233,"46.1739,2.7975",Pylône autostable,33m,TDF,2026-07-30,ALL,,False,False
518386,ORANGE,"LTE 700, 5G NR 700, 5G NR 3500",AÉROPORT LOW COST MARSEILLE PROVENCE 2 13700 MARIGNANE,13054,"43.4431,5.2192",Bâtiment,"12,9m",Aviation Civile,,AJO,,False,False
518386,ORANGE,"GSM 900, UMTS 900",AÉROPORT LOW COST MARSEILLE PROVENCE 2 13700 MARIGNANE,13054,"43.4431,5.2192",Bâtiment,"12,9m",Aviation Civile,2019-02-12,SUP,,False,False
519963,BOUYGUES TELECOM,LTE 2100,24 R DU PONT LÉON PROCHE PATINOIRE 22360 LANGUEUX,22106,"48.4933,-2.7303",Pylône autostable,"46,6m",SFR,2022-09-29,SUP,,False,False
520371,ORANGE,"LTE 2100, 5G NR 3500",R D'UBERHERRN CH D'EAU (CITÉ LA COLLINE) 57490 L HOPITAL,57336,"49.1642,6.7422",Château d'eau - réservoir,43m,"Syndicat des eaux, Adduction",2026-07-27,ALL,,False,False
520966,ORANGE,LTE 1800,"1, 3, 5 R ANDRÉ MESSAGER 87280 LIMOGES",87085,"45.8183,1.2464",Immeuble,44m,Société HLM,2026-03-06,ART,,False,False
521904,SFR,"LTE 700, LTE 2100, LTE 2600, 5G NR 2100, 5G NR 3500",10 R DE LA RÉPUBLIQUE 82300 CAUSSADE,82037,"44.1617,1.5372",Immeuble,"23,8m",Particulier,,AJO,,False,False
522989,BOUYGUES TELECOM,5G NR 2100,BOIS DE CHAVAN (LA PIERRE AU CHAT) 89320 VAUMORT,89434,"48.1339,3.4286",Pylône autostable,"37,5m",HIVORY,2026-07-02,ART,,False,False
523701,SFR,"LTE 700, 5G NR 2100, 5G NR 3500",R DU CHÂTEAU D'EAU PRÈS D.89 40510 SEIGNOSSE,40296,"43.6908,-1.3756",Château d'eau - réservoir,"38,5m","Syndicat des eaux, Adduction",2026-07-31,ALL,,False,False
524387,BOUYGUES TELECOM,LTE 2100,50 R MARC SEGUIN ZA HAZAIE 22950 TREGUEUX,22360,"48.4872,-2.7197",Pylône autostable,43m,CELLNEX,2021-11-02,SUP,,False,False
525020,BOUYGUES TELECOM,LTE 2100,R A. GERBAULT Z.A. DE KERBOIS (LA VILLE NEUVE) 56400 AURAY,56007,"47.6617,-3.0003",Pylône autostable,49m,TOTEM,2025-12-17,SUP,,False,False
527239,BOUYGUES TELECOM,5G NR 3500,650 RTE DES LUCIOLES ESPACE ENTREPRISE (SOPHIA ANTIPOLIS) 06560 VALBONNE,06152,"43.6172,7.0517",Pylône autostable,30m,ORANGE Services Fixes,2026-07-07,ART,,False,False
527395,BOUYGUES TELECOM,LTE 2100,AIRE DE REPOS A71 PK 227.08 SENS PARIS VERS PROVINCE 18340 LEVET,18126,"46.9167,2.4219",Pylône autostable,60m,Sociétés d'Autoroutes,2025-05-27,SUP,,False,False
527554,BOUYGUES TELECOM,"GSM 900, LTE 2100",9001 R DU 19 MARS 1962 CENTRAL TÉLÉPHONIQUE 62220 CARVIN,62215,"50.4917,2.9619",Pylône autostable,"24,7m",TOTEM,2005-12-15,SUP,,False,False
529437,SFR,"GSM 900, UMTS 900, 5G NR 3500",64 R JOFFRE 59155 FACHES THUMESNIL,59220,"50.6069,3.0606",Pylône tubulaire,"12,5m",HIVORY,,SUP,,False,False
53034,SRR,"LTE 700, LTE 2100",72 ALL DE L'AVE MARIA PROVIDENCE 97490 ST DENIS,97411,"-20.8975,55.4511",Pylône autostable,22m,Société Réunionnaise de Radiotéléphonie,2026-08-05,ALL,,False,False
531073,SFR,LTE 700,2 R DES CANAUX STADE HELIOS GUIJARRO 34830 CLAPIERS,34077,"43.6525,3.8911",Pylône tubulaire,25m,HIVORY,,SUP,,False,False
532057,ORANGE,LTE 1800,D. 572 - RTE DE ST CANNAT (LES POINTES) 13330 LA BARBEN,13009,"43.6253,5.18",Pylône tubulaire,25m,TOTEM,2026-07-27,ALL,,False,False
536334,TELCO OI,, (PITON TEXTOR) 97430 LE TAMPON,97422,"-21.1883,55.635",Pylône haubané,43m,TDF,,CHL,"-21.18777777777778 , 55.635",False,True
536334,ZEOP,, (PITON TEXTOR) 97430 LE TAMPON,97422,"-21.1883,55.635",Pylône haubané,43m,TDF,2021-10-10,CHL,"-21.18777777777778 , 55.635",False,False
536878,ORANGE,LTE 700,STATION HERTZIENNE FRANCE TELECOM (S1 MENEZ QUELC'H) 29150 CAST,29025,"48.1608,-4.0842",Pylône autostable,71m,TDF,2026-08-12,AAV,,False,False
538625,ORANGE,"5G NR 700, 5G NR 3500",R JEAN MERMOZ D 14 CHAUSSEE BRUNEHAUT (LE DOIGNY) 59227 SAULZOIR,59558,"50.2397,3.455",Château d'eau - réservoir,57m,"Commune, communauté de communes",2026-07-31,ALL,,False,False
538677,ORANGE,5G NR 700,CHEM VICINAL DES SAGNÈS AUX AIGAUX (LES AIGAUX) 38250 LANS EN VERCORS,38205,"45.1625,5.5969",Pylône autostable,24m,TDF,2026-07-31,ALL,,False,False
542896,BOUYGUES TELECOM,LTE 2100,VOIE COMMUNALE N° 13 STATION ÉPURATION (LE CLOS MARÇAIS) 49350 GENNES VAL DE LOIRE,49261,"47.3214,-0.1531",Pylône tubulaire,30m,TOTEM,,SUP,,False,False
547784,ORANGE,5G NR 2100,D928 (LES CÔTES DE FERMAINCOURT) 28410 ABONDANT,28001,"48.7717,1.4033",Pylône autostable,30m,TOTEM,2026-07-30,ALL,,False,False
55009,ORANGE,5G NR 700,SENTIERS DU PITON DES BALSATES (PITON DES BASALTES) 97480 ST JOSEPH,97412,"-21.2133,55.6542",Mât,5m,ORANGE,,AJO,,True,False
554407,ORANGE,LTE 2600,PAC BOUVIER (L'EPINE) 01630 PERON,01288,"46.1769,5.925",Pylône autostable,35m,TOTEM,2026-07-24,ALL,,False,False
554455,BOUYGUES TELECOM,LTE 2100,R DES FOURDEN CHEM D'EXPLOITATION (KERLOU) 29300 TREMEVEN,29297,"47.8969,-3.5189",Pylône autostable,58m,TOTEM,2024-01-15,SUP,,False,False
555026,BOUYGUES TELECOM,LTE 2100,AV EDMOND DEMOLINS-RN 26 27160 VERNEUIL D AVRE ET D ITON,27679,"48.7411,0.9044",Château d'eau - réservoir,63m,"Syndicat des eaux, Adduction",2022-08-30,SUP,,False,False
555461,FREE MOBILE,5G NR 700,AV DE VERDUN ZA CHARBONNIÈRE CLOS DES GLANDS 45800 ST JEAN DE BRAYE,45284,"47.9239,1.9911",Château d'eau - réservoir,"53,8m","Commune, communauté de communes",2026-08-03,ALL,,False,False
556027,SFR,UMTS 2100,CHEM DU CIMETIÈRE (PERPERO) 38760 VARCES ALLIERES ET RISSET,38524,"45.0864,5.6792",Château d'eau - réservoir,18m,"Commune, communauté de communes",2009-05-28,SUP,,False,False
560035,ORANGE,"5G NR 700, 5G NR 3500",R DE BÉTHLÉEM COMPLEXE SPORTIF 60128 PLAILLY,60494,"49.1031,2.5917",Pylône tubulaire,34m,HIVORY,2026-07-29,ALL,,False,False
563481,ORANGE,5G NR 700,17 R DE L'HÉRITAN 71000 MACON,71270,"46.3078,4.8292",Bâtiment,22m,Société HLM,2026-08-03,AJA,,False,False
563481,ORANGE,"LTE 2100, 5G NR 3500",17 R DE L'HÉRITAN 71000 MACON,71270,"46.3078,4.8292",Bâtiment,22m,Société HLM,2026-07-22,ALL,,False,False
563481,ORANGE,LTE 700,17 R DE L'HÉRITAN 71000 MACON,71270,"46.3078,4.8292",Bâtiment,22m,Société HLM,2022-04-12,SUP,,False,False
564989,BOUYGUES TELECOM,LTE 2100,CHEM COMMUNAL PRÉS A11 (LE POINT DU JOUR) 72300 PARCE SUR SARTHE,72228,"47.8225,-0.1567",Pylône autostable,47m,SFR,2023-11-23,SUP,,False,False
565885,ORANGE,5G NR 700,53 R DE L'HÔPITAL 17410 ST MARTIN DE RE,17369,"46.2014,-1.3667",Immeuble,26m,Établissement de soins,2026-08-10,AAV,,False,False
568439,BOUYGUES TELECOM,LTE 700,CHEM RURAL DIT DE L'ARDOISE (LES TERRES BLANCHES - LE HÊTRE) 41000 ST SULPICE DE POMMERAY,41230,"47.6131,1.2631",Pylône autostable,26m,TOTEM,2026-08-03,ALL,,False,False
571472,BOUYGUES TELECOM,, (LE PUY CHABOT) 85200 L ORBRIE,85167,"46.4953,-0.7792",Pylône autostable,"62,7m",TDF,2018-12-19,CHT,Pylône haubané,False,False
571472,FREE MOBILE,, (LE PUY CHABOT) 85200 L ORBRIE,85167,"46.4953,-0.7792",Pylône autostable,"62,7m",TDF,2020-12-15,CHT,Pylône haubané,False,False
571472,SFR,, (LE PUY CHABOT) 85200 L ORBRIE,85167,"46.4953,-0.7792",Pylône autostable,"62,7m",TDF,1994-10-20,CHT,Pylône haubané,False,False
572024,FREE MOBILE,"LTE 2100, 5G NR 700",RUE DES ORMEAUX STADE DE THENEZAY PYLONE FT 79390 THENEZAY,79326,"46.7153,-0.0286",Pylône autostable,25m,TOTEM,2026-08-03,ALL,,False,False
572116,BOUYGUES TELECOM,LTE 2100,CHEMIN BEL (PUY LENTY) 87470 PEYRAT LE CHATEAU,87117,"45.8097,1.8289",Pylône autostable,36m,TDF,2022-09-29,SUP,,False,False
573499,BOUYGUES TELECOM,5G NR 3500,R DU MOULIN PARKING DECRÉ COMPLEXE HOTEL DE VILLE GALERIE LAFAYETTE (R DE LA MARNE) 44300 NANTES,44109,"47.2164,-1.5536",Bâtiment,29m,Société Privée,,AJO,,False,False
573827,BOUYGUES TELECOM,LTE 2100,RÉSERVOIR DE LA FOUQUERIE ROUTE DE LA SOLESMES (LA FOUQUERIE) 72300 SOLESMES,72336,"47.8325,-0.2931",Château d'eau - réservoir,54m,"Syndicat des eaux, Adduction",2021-10-13,SUP,,False,False
574381,ORANGE,"LTE 700, LTE 2600, 5G NR 2100",CHEM DIT DE REIMS (LA VIGNE À LA GRANGÈRE) 77440 OCQUERRE,77343,"49.0511,3.0731",Pylône autostable,43m,TOTEM,,AJO,,False,False
575147,BOUYGUES TELECOM,"LTE 700, LTE 800",G.R. 62B - CHEM RURAL PYLÔNE TDF (LA PONSARDIE) 12390 BELCASTEL,12024,"44.3878,2.3444",Pylône autostable,35m,TDF,2026-08-10,AAV,,False,False
575147,ORANGE,LTE 800,G.R. 62B - CHEM RURAL PYLÔNE TDF (LA PONSARDIE) 12390 BELCASTEL,12024,"44.3878,2.3444",Pylône autostable,35m,TDF,2026-07-09,ALL,,True,False
577251,BOUYGUES TELECOM,LTE 2100,ROUTE DE NEUVY (LE PETIT RATEAU) 18100 VIERZON,18279,"47.2417,2.0928",Tour hertzienne,80m,TDF,2022-09-07,SUP,,False,False
581900,ORANGE,LTE 700,115 GRANDE RUE IMM LE MONT RACHAIS 38700 LA TRONCHE,38516,"45.2036,5.7381",Immeuble,29m,"Commune, communauté de communes",2024-11-04,SUP,,False,False
581963,BOUYGUES TELECOM,LTE 2100, (CAP DE CARTERET) 50270 BARNEVILLE CARTERET,50031,"49.3742,-1.8064",Pylône autostable,"82,9m",Autres,2023-07-13,SUP,,False,False
582225,BOUYGUES TELECOM,LTE 2100,CHEM RURAL (LACHAUX) 63560 MENAT,63223,"46.1178,2.9092",Pylône autostable,"27,5m",TOTEM,2025-07-08,SUP,,False,False
582487,BOUYGUES TELECOM,LTE 2600,CHÂTEAU D'EAU (CHAMPEILLON OUEST) 01300 BELLEY,01034,"45.7353,5.6792",Pylône autostable,38m,BOUYGUES,2026-07-27,ALL,,False,False
582487,SFR,"LTE 700, LTE 2600",CHÂTEAU D'EAU (CHAMPEILLON OUEST) 01300 BELLEY,01034,"45.7353,5.6792",Pylône autostable,38m,BOUYGUES,2026-07-30,ALL,,False,False
584084,BOUYGUES TELECOM,5G NR 3500,124 R VAUBAN 68200 MULHOUSE,68224,"47.76,7.3458",Immeuble,32m,"Copropriété, Syndic, SCI",,AJO,,False,False
584757,SFR,"UMTS 2100, 5G NR 3500",8 PL DE LA PORTE DE ST CLOUD 75116 PARIS 16,75116,"48.8386,2.2581",Immeuble,37m,Société HLM,2010-05-03,SUP,,False,False
586316,ORANGE,GSM 900,ROUTE DÉPARTEMENTALE 18 D' AMANCE À NULLY (LA TÊTE AUX CHEVAUX) 10140 AMANCE,10005,"48.2972,4.5289",Pylône autostable,37m,HIVORY,2009-09-09,SUP,,True,False
586324,FREE MOBILE,5G NR 700,53 R VERNOUILLET CENTRE D'AFFAIRES ANCIENS ENTREPÔTS 51100 REIMS,51454,"49.2575,4.0175",Bâtiment,25m,Société Privée,2026-08-03,ALL,,False,False
590786,SFR,LTE 700,150 ALLÉE DU TERRAL STADE E.VIDAL 34430 ST JEAN DE VEDAS,34270,"43.5825,3.8383",Pylône tubulaire,28m,HIVORY,,SUP,,False,False
593092,ORANGE,LTE 700, (MONT ANDRÉ) 71360 SULLY,71530,"46.9906,4.4706",Pylône autostable,36m,TOTEM,2026-08-06,ALL,,False,False
593741,BOUYGUES TELECOM,LTE 700,RTE DE ROQUESTERON (LE VILLARS) 06830 GILETTE,06066,"43.8578,7.155",Mât,12m,ATC FRANCE,2026-08-06,ALL,,False,False
593741,SFR,"LTE 700, LTE 1800, LTE 2100, 5G NR 2100",RTE DE ROQUESTERON (LE VILLARS) 06830 GILETTE,06066,"43.8578,7.155",Mât,12m,ATC FRANCE,,AJO,,False,False
595833,ORANGE,5G NR 700,R DU STADE 22120 QUESSOY,22258,"48.4181,-2.6633",Pylône autostable,37m,TDF,2026-07-02,EXT,,False,False
597140,FREE MOBILE,LTE 2100, (LE MAS DU PUY) 87510 NIEUL,87107,"45.9339,1.1697",Pylône autostable,42m,TDF,2026-08-03,ALL,,False,False
597150,BOUYGUES TELECOM,LTE 2100,ILE DE BERREGAS ZI APROLIS (LE HEINLEX) 44600 ST NAZAIRE,44184,"47.2606,-2.2714",Pylône autostable,80m,TDF,2024-02-20,SUP,,False,False
598499,ORANGE,LTE 1800, (LE POTEAU) 24590 ST CREPIN ET CARLUCET,24392,"44.9706,1.2914",Pylône autostable,45m,Conseil Départemental,,AJO,,True,False
599004,ORANGE,"LTE 700, 5G NR 2100",VOIE COMMUNALE 128 (BRÉVIANDES) 36260 STE LIZAIGNE,36199,"47.0031,2.0325",Pylône autostable,30m,TOTEM,2026-07-27,ALL,,False,False
602272,SFR,"LTE 700, LTE 2600, 5G NR 3500",R DU MOUSTOIRIC CHÂTEAU D'EAU 56530 GESTEL,56063,"47.8067,-3.4408",Château d'eau - réservoir,62m,"Syndicat des eaux, Adduction",2026-07-30,ALL,,False,False
605036,BOUYGUES TELECOM,LTE 2100, (LES CAILLOTES) 36500 VENDOEUVRES,36232,"46.8028,1.3625",Château d'eau - réservoir,41m,"Syndicat des eaux, Adduction",2026-03-16,SUP,,False,False
605363,ORANGE,5G NR 2100,R DU CHÂTEAU D'EAU 45240 MENESTREAU EN VILLETTE,45200,"47.7011,2.0239",Château d'eau - réservoir,39m,"Commune, communauté de communes",2026-07-30,ALL,,False,False
605690,ORANGE,"LTE 700, LTE 1800, 5G NR 2100",CHEM RURAL N°18 (LE COTEAU) 88300 LANDAVILLE,88259,"48.2906,5.7575",Pylône autostable,49m,HIVORY,,AJO,,False,False
606221,SFR,5G NR 2100,44 CHEM RURAL (BEAUREGARD) 37380 NOUZILLY,37175,"47.5386,0.7403",Château d'eau - réservoir,32m,"Commune, communauté de communes",2026-07-30,ALL,,False,False
608246,BOUYGUES TELECOM,LTE 2100,ZA LE DEVANT DE LA LANDE (LA LANDE DU BOURG) 22150 ST CARREUC,22281,"48.3939,-2.7308",Pylône autostable,30m,HIVORY,2022-06-16,SUP,,False,False
608666,BOUYGUES TELECOM,5G NR 3500,52/56 R EMILE ZOLA 51100 REIMS,51454,"49.2669,4.0275",Immeuble,35m,"Copropriété, Syndic, SCI",,AJO,,False,False
613333,SFR,"UMTS 2100, 5G NR 3500",91 BD  MURAT 75116 PARIS 16,75116,"48.8406,2.2564",Immeuble,35m,"Copropriété, Syndic, SCI",2011-01-24,SUP,,False,False
614077,ORANGE,LTE 700,VOIE COMMUNALE (LA MAISON NEUVE - LA CHENAYE) 72300 JUIGNE SUR SARTHE,72151,"47.8764,-0.2664",Pylône autostable,40m,HIVORY,2026-08-12,AAV,,False,False
619816,ORANGE,"LTE 700, 5G NR 2100", (LA MOUTONNERIE) 77520 GURCY LE CHATEL,77223,"48.4694,3.0956",Château d'eau - réservoir,33m,"Commune, communauté de communes",,AJO,,False,False
619816,ORANGE,LTE 2100, (LA MOUTONNERIE) 77520 GURCY LE CHATEL,77223,"48.4694,3.0956",Château d'eau - réservoir,33m,"Commune, communauté de communes",2019-06-17,SUP,,False,False
622064,BOUYGUES TELECOM,LTE 700,CHEM RURAL N° 28 (BELLE-VUE) 72300 JUIGNE SUR SARTHE,72151,"47.8592,-0.3142",Pylône autostable,30m,TOTEM,2026-08-03,ALL,,False,False
628303,ORANGE,"LTE 2600, 5G NR 2100",D 674 (BOIS ROND) 16250 CHADURIE,16072,"45.4794,0.1481",Tour hertzienne,83m,ORANGE Services Fixes,2026-08-03,ALL,,False,False
634335,ORANGE,"LTE 1800, 5G NR 3500",VC N° 11 (VALBURGE) 88220 XERTIGNY,88530,"48.04,6.4011",Pylône autostable,36m,TOTEM,2026-07-30,ALL,,False,False
635583,ORANGE,"LTE 800, LTE 1800, LTE 2100, LTE 2600, 5G NR 700, 5G NR 3500",26 R D ANGLETERRE 59800 LILLE,59350,"50.6414,3.0597",Immeuble,20m,"Copropriété, Syndic, SCI",2021-09-15,SUP,,False,False
637659,ORANGE,"UMTS 900, LTE 800, LTE 2600",BD  DE LA TERRASSE STADE MUNICIPAL DES ISLES 91400 ORSAY,91471,"48.7014,2.2028",Pylône tubulaire,25m,HIVORY,,AJO,,False,False
637659,ORANGE,LTE 700,BD  DE LA TERRASSE STADE MUNICIPAL DES ISLES 91400 ORSAY,91471,"48.7014,2.2028",Pylône tubulaire,25m,HIVORY,2024-01-11,SUP,,False,False
638375,ORANGE,"LTE 700, LTE 1800, 5G NR 2100",A.11 - PK.150 SENS PROVINCE - PARIS (AIRE DE LA CHARPENTERIE) 72450 LOMBRON,72165,"48.0733,0.4508",Pylône autostable,45m,Sociétés d'Autoroutes,,AJO,,False,False
639100,BOUYGUES TELECOM,LTE 700,LE ROCHER ROUX 05400 MONTMAUR,05087,"44.5647,5.8961",Mât,"6,5m",SFR,2026-07-29,AJA,,False,False
640662,ORANGE,LTE 2600,RD146/RD 146B SANEF (AU CHEM DU ROI) 80360 MAUREPAS,80521,"49.9953,2.8558",Pylône autostable,24m,TOTEM,,AJO,,False,False
641134,ORANGE,GSM 900,RÉÉMETTEUR TDF DE FONTAN 1 (CIMETIÈRE) 06540 SAORGE,06132,"43.9914,7.55",Pylône autostable,30m,TDF,1999-01-28,SUP,,True,False
642078,SFR,5G NR 2100,SILOS (LES OUCHES ST MARTIN) 51460 COURTISOLS,51193,"48.9872,4.5075",Silo,42m,"Coopérative Agricole, Vinicole",2026-08-03,ALL,,False,False
642932,BOUYGUES TELECOM,LTE 700,PRÈS D5 STADE MUNICIPAL (LES GRÈS) 83136 LA ROQUEBRUSSANNE,83108,"43.3497,5.9692",Pylône arbre,20m,HIVORY,2026-08-03,ALL,,False,False
643089,ORANGE,5G NR 2100,LE HAUT FOLIN (BOIS DU ROI) 71990 ST PRIX,71472,"46.9961,4.0361",Pylône autostable,103m,TDF,,AJO,,False,False
647928,ORANGE,"5G NR 700, 5G NR 3500",121 R D'ALÉSIA 75014 PARIS 14,75114,"48.8289,2.3231",Immeuble,35m,"Copropriété, Syndic, SCI",,AJO,,False,False
647928,ORANGE,LTE 700,121 R D'ALÉSIA 75014 PARIS 14,75114,"48.8289,2.3231",Immeuble,35m,"Copropriété, Syndic, SCI",,SUP,,False,False
651422,SRR,"LTE 700, LTE 2100, 5G NR 3500",RTE DE MAFATE LYCEE AGRICOLE 97460 ST PAUL,97415,"-20.9747,55.3256",Pylône autostable,25m,Société Réunionnaise de Radiotéléphonie,2026-08-04,ALL,,False,False
656185,ORANGE,5G NR 2100,LEFFEIGNE (VIGUE) 69870 CLAVEISOLLES,69060,"46.0783,4.4931",Pylône autostable,40m,TDF,2026-07-27,ALL,,False,False
656413,BOUYGUES TELECOM,LTE 2100,LANGOURIAN 22430 ERQUY,22054,"48.6261,-2.4497",Pylône autostable,45m,TDF,2023-08-02,SUP,,False,False
666505,SFR,LTE 700,A 83 - PK 88.2 (GRAND VANZAY) 85370 MOUZEUIL ST MARTIN,85158,"46.4825,-0.9525",Pylône autostable,"49,3m",Sociétés d'Autoroutes,2026-07-30,ALL,,False,False
666910,SFR,LTE 700, (CROIX D'ARFEUILLE) 23460 ROYERE DE VASSIVIERE,23165,"45.8375,1.9158",Pylône autostable,37m,HIVORY,2026-07-30,ALL,,False,False
667965,ORANGE,LTE 1800,LAFAGE RTE DU SOURBIER (TRÉMOUILH) 24150 COUZE ET ST FRONT,24143,"44.8181,0.6969",Pylône autostable,43m,Conseil Départemental,,AJO,,True,False
675419,BOUYGUES TELECOM,LTE 700,R DES PARCS 35550 SIXT SUR AFF,35328,"47.775,-2.0747",Pylône tubulaire,35m,ATC FRANCE,2026-08-10,AAV,,False,False
678526,ORANGE,5G NR 3500,CHEM DU ROND STADE DE FOOTBALL (LE ROND) 49360 MAULEVRIER,49192,"46.9939,-0.7464",Pylône tubulaire,37m,TOTEM,2026-07-30,ALL,,False,False
681462,BOUYGUES TELECOM,LTE 2100,COMPLEXE SPORTIF (LA CROIX DE LA MISSION) 35560 VAL COUESNON,35004,"48.4294,-1.4711",Pylône autostable,"45,7m",TOTEM,2024-09-03,SUP,,False,False
685717,BOUYGUES TELECOM,LTE 2100, (LA TAUPINIÈRE) 72320 MELLERAY,72193,"48.0919,0.8214",Pylône autostable,45m,HIVORY,2026-01-07,SUP,,False,False
687302,ORANGE,"LTE 700, 5G NR 2100",R DE LAGRESLE (LE BOURG) 42840 MONTAGNY,42145,"46.0339,4.2364",Pylône autostable,37m,TOTEM,2026-07-13,ALL,,False,False
687947,SFR,"LTE 700, LTE 2600", (LA BUTTE) 35190 ST DOMINEUC,35265,"48.3606,-1.8694",Pylône autostable,"45,9m",ATC FRANCE,2026-07-30,ALL,,False,False
695649,BOUYGUES TELECOM,LTE 2100, (LES COTEAUX) 86250 CHARROUX,86061,"46.1475,0.3847",Château d'eau - réservoir,58m,"Syndicat des eaux, Adduction",2025-08-11,SUP,,False,False
697900,SFR,"GSM 900, UMTS 900, UMTS 2100, LTE 700, LTE 800, LTE 1800, LTE 2100, LTE 2600, 5G NR 3500",212 AV. JEAN JAURÈS (ACCÈS PAR LA R SENTE DES DORÉES) 75019 PARIS 19,75119,"48.8886,2.3931",Immeuble,35m,"Copropriété, Syndic, SCI",2022-03-01,SUP,,False,False
699043,ORANGE,"LTE 2600, 5G NR 2100",LE CHAMP DU CARREFOUR (LA GRANDE VIEILLE ABBAYE) 72240 TENNIE,72351,"48.1369,-0.0567",Pylône autostable,30m,TOTEM,2026-07-30,ALL,,False,False
700900,BOUYGUES TELECOM,LTE 2100,CHEM RURAL (LES CAILLES) 79330 GEAY,79131,"46.8711,-0.3622",Pylône autostable,25m,HIVORY,2024-12-19,SUP,,False,False
700980,BOUYGUES TELECOM,LTE 2100,CHEM DE JUGEPIE STADE MUNICIPAL (BEL AIR) 49610 ST MELAINE SUR AUBANCE,49308,"47.3747,-0.4958",Pylône tubulaire,34m,HIVORY,2024-02-22,SUP,,False,False
702553,BOUYGUES TELECOM,LTE 2100, (LA LANDE DE HEMON) 22150 HENON,22079,"48.3744,-2.6736",Pylône autostable,34m,ATC FRANCE,2022-09-29,SUP,,False,False
702671,SFR,"LTE 700, LTE 2600, 5G NR 3500",R LÉON CLADEL AUTOCOM 82130 LAFRANCAISE,82087,"44.1278,1.24",Pylône tubulaire,"27,3m",TOTEM,,AJO,,False,False
703265,BOUYGUES TELECOM,LTE 2100,LA PLEINE DE PRUNIERS (LA COUDRE) 41200 PRUNIERS EN SOLOGNE,41185,"47.3358,1.6617",Pylône autostable,38m,TOTEM,2022-02-23,SUP,,False,False
703312,SFR,5G NR 3500,CHÂTEAU D'EAU DU S.A.E.P DU CANTON DE MENNETOU-SUR RTE DU CHÂTEAU D'EAU (LE TERTRE DES CHÊNES) 41200 VILLEFRANCHE SUR CHER,41280,"47.2969,1.7767",Château d'eau - réservoir,37m,"Syndicat des eaux, Adduction",2026-07-30,ALL,,False,False
703945,BOUYGUES TELECOM,LTE 2100, (LE CLOS DU MOULIN) 44750 CAMPBON,44025,"47.4219,-1.97",Pylône autostable,"37,7m",CELLNEX,2026-02-26,SUP,,False,False
704002,ORANGE,5G NR 700,R DE DIJON CHATEAU D'EAU 71100 CHALON SUR SAONE,71076,"46.7886,4.8531",Château d'eau - réservoir,57m,"Commune, communauté de communes",2026-08-06,ALL,,False,False
707220,SFR,,5 R OUDINOT 75007 PARIS 07,75107,"48.8503,2.3189",Immeuble,"21,2m",Particulier,2015-01-19,CHH,"18,6m",False,False
708423,FREE MOBILE,LTE 2100,CHEM RURAL DES PATUREAUX (LE CLOSIER ROUGE) 45490 CORBEILLES,45103,"48.0808,2.5639",Pylône autostable,35m,TOTEM,2026-08-03,ALL,,False,False
711777,BOUYGUES TELECOM,LTE 2100,ZI LES CHÂTELETS CHÂTEAU D'EAU 22440 PLOUFRAGAN,22215,"48.4694,-2.8",Château d'eau - réservoir,76m,"Syndicat des eaux, Adduction",2023-12-04,SUP,,False,False
714178,BOUYGUES TELECOM,"LTE 700, LTE 1800, LTE 2100, LTE 2600",VOIE COMMUNALE N°104 (L'AIGUILLE) 16330 XAMBES,16423,"45.8297,0.1083",Pylône autostable,35m,TDF,,AJO,,False,False
716474,BOUYGUES TELECOM,LTE 700,ROUTE DE LA GARDE (LA PRADELLE) 23230 GOUZON,23093,"46.1817,2.2439",Pylône autostable,48m,TDF,,AJO,,False,False
716474,BOUYGUES TELECOM,LTE 2100,ROUTE DE LA GARDE (LA PRADELLE) 23230 GOUZON,23093,"46.1817,2.2439",Pylône autostable,48m,TDF,2021-12-15,SUP,,False,False
723303,BOUYGUES TELECOM,LTE 700,ROUTE DU SOLEIL LEVANT (LA QUEUE DES HAIES) 44450 ST JULIEN DE CONCELLES,44169,"47.2369,-1.4067",Château d'eau - réservoir,47m,"Syndicat des eaux, Adduction",2026-08-06,ALL,,False,False
724283,BOUYGUES TELECOM,LTE 2100, (LORCIVAUD) 23320 ST VAURY,23247,"46.2061,1.7703",Pylône autostable,42m,HIVORY,2022-03-30,SUP,,False,False
724486,ORANGE,"UMTS 900, 5G NR 2100",1118 IMPASSE DE LAMBERTIE 24380 VERGT,24571,"45.0156,0.7011",Pylône autostable,45m,TDF,2026-08-03,ALL,,False,False
725971,SFR,LTE 700,CHEM DU CHÂTEAU D'EAU 34730 PRADES LE LEZ,34217,"43.6958,3.8681",Mât,"6,7m",HIVORY,,SUP,,False,False
726352,BOUYGUES TELECOM,LTE 2100,"48, R DU PLEIN SOLEIL 30800 ST GILLES",30258,"43.6842,4.4281",Pylône autostable,30m,TOTEM,2024-09-23,SUP,,False,False
729809,BOUYGUES TELECOM,LTE 2100,D99/CHEM DES COURTILLES LA GARE 50200 COUTANCES,50147,"49.0414,-1.4414",Pylône tubulaire,25m,CELLNEX,2025-12-16,SUP,,False,False
731009,ORANGE,"LTE 2100, LTE 2600, 5G NR 700, 5G NR 3500",PRÈS D652 (BELLEVUE) 40170 BIAS,40043,"44.1317,-1.2194",Pylône autostable,45m,HIVORY,2026-08-03,ALL,,False,False
734560,BOUYGUES TELECOM,LTE 700,CHEM DE LA COLETTE (CHAPELLE ST MITRE) 83131 MONTFERRAT,83082,"43.6169,6.4758",Pylône autostable,37m,TDF,,AJO,,False,False
735635,ORANGE,5G NR 3500,AV DU GRAND CROHOT MAISON DE LA GIE (LE GRAND CROHOT) 33970 LEGE CAP FERRET,33236,"44.7944,-1.225",Pylône tubulaire,33m,ATC FRANCE,2026-07-21,ALL,,False,False
736913,BOUYGUES TELECOM,LTE 700,CHEM RURAL DU HALAGE FERME DE L'EPINEAU 89400 EPINEAU LES VOVES,89152,"47.9614,3.4731",Pylône autostable,18m,ATC FRANCE,,AJO,,False,False
737102,BOUYGUES TELECOM,LTE 2100,LES MAISONS NEUVES D 920 36330 VELLES,36231,"46.7403,1.6167",Château d'eau - réservoir,48m,"Syndicat des eaux, Adduction",2023-01-20,SUP,,False,False
739609,BOUYGUES TELECOM,LTE 700, (LA TOUR) 01260 HAUT VALROMEY,01187,"46.0547,5.6978",Pylône autostable,34m,SFR,2026-08-06,AJA,,False,False
739725,ORANGE,"LTE 1800, 5G NR 2100",VOIE COMMUNALE N°331 (LANGLARÈS) 46100 LISSAC ET MOURET,46175,"44.6247,1.9767",Pylône autostable,20m,TOTEM,2026-08-03,ALL,,False,False
741307,BOUYGUES TELECOM,LTE 2100,STATION TDF (KERVREN) 22620 PLOUBAZLANEC,22210,"48.7997,-3.0475",Pylône autostable,46m,TDF,2021-07-05,SUP,,False,False
742544,ORANGE,5G NR 3500,R DES VALLÉES CHATEAU D'EAU 37330 CHATEAU LA VALLIERE,37062,"47.5436,0.3264",Château d'eau - réservoir,35m,"Syndicat des eaux, Adduction",2026-07-27,ALL,,False,False
746776,ORANGE,5G NR 3500,ROUTE DE ROYAN (LES SIGNAUX) 17100 SAINTES,17415,"45.7458,-0.6836",Pylône autostable,"56,4m",TOTEM,2026-08-03,ALL,,False,False
747048,ORANGE,"LTE 700, 5G NR 2100",LE POIRIER GRIS CHÂTEAU D'EAU 95420 ST GERVAIS,95554,"49.1725,1.7383",Château d'eau - réservoir,25m,"Commune, communauté de communes",2026-07-27,ALL,,False,False
748095,ORANGE,"LTE 2100, 5G NR 700, 5G NR 3500", (LA CHAPELLE) 79360 GRANZAY GRIPT,79137,"46.2178,-0.4617",Château d'eau - réservoir,"44,5m","Commune, communauté de communes",2026-08-30,AAV,,False,False
749822,ORANGE,"5G NR 700, 5G NR 3500",CHEM RURAL (LA BOURGOGNAIS) 35137 PLEUMELEUC,35227,"48.1742,-1.8944",Pylône autostable,31m,TOTEM,2026-07-30,ALL,,False,False
750901,BOUYGUES TELECOM,LTE 2100,RÉSERVOIR DE ST PAUL (LES CADENEDES) 34570 ST PAUL ET VALMALLE,34282,"43.6269,3.6825",Pylône autostable,"18,3m",TOTEM,,SUP,,False,True
751635,ORANGE,"LTE 700, LTE 1800, 5G NR 2100",AUX SAGNES - D8 (MONTÉE ST GUILLAUME) 38450 MIRIBEL LANCHATRE,38235,"44.9728,5.6158",Pylône autostable,21m,TOTEM,2026-07-27,ALL,,False,False
751709,BOUYGUES TELECOM,LTE 2100, (LA CROIX DES RAMEAUX) 87120 NEDDE,87104,"45.7181,1.8367",Pylône autostable,"26,5m",TDF,2026-07-27,ALL,,False,False
757319,BOUYGUES TELECOM,"LTE 700, 5G NR 2100, 5G NR 3500",FERME DE L'ESPÉRANCE (LES TAILLES) 08160 NOUVION SUR MEUSE,08327,"49.7236,4.8003",Pylône autostable,30m,HIVORY,,SUP,,False,False
757776,ORANGE,LTE 1800,PRÈS RN 19 GARE DE TRIAGE SNCF 10600 LA CHAPELLE ST LUC,10081,"48.3264,4.0397",Pylône autostable,32m,SNCF Réseau,2017-03-30,SUP,,False,False
758238,ORANGE,"LTE 700, 5G NR 2100", (LA PLAINE DE CAZELLES) 11390 CUXAC CABARDES,11115,"43.3664,2.285",Château d'eau - réservoir,33m,"Commune, communauté de communes",2026-08-03,ALL,,False,False
758790,ORANGE,"LTE 700, LTE 1800, 5G NR 2100",D 94 LE CLAUX (PUECH DES AIRES) 12150 SEVERAC D AVEYRON,12270,"44.31,3.1022",Pylône autostable,30m,TOTEM,,AJO,,False,False
765206,ORANGE,"LTE 700, LTE 1800, 5G NR 2100", (AUZELARET) 15500 MOLOMPIZE,15127,"45.2467,3.1647",Pylône autostable,31m,TDF,2026-07-29,ALL,,False,False
768413,ORANGE,GSM 900,RD 939 (FERME DE COTTAINVILLE) 28700 CHATENAY,28092,"48.3381,1.8678",Pylône autostable,35m,TDF,2002-10-12,SUP,,True,False
770966,ORANGE,LTE 1800,PRÉS D704 (COMBENÉGRE) 24590 ST GENIES,24412,"44.9914,1.2408",Pylône autostable,43m,Conseil Départemental,,AJO,,True,False
771008,ORANGE,LTE 1800,CHEM RURAL (VIGNES DE FRANCE) 24350 GRAND BRASSAC,24200,"45.2792,0.5311",Pylône autostable,35m,Conseil Départemental,,AJO,,True,False
771829,SFR,5G NR 3500,CHEM DE ROUSTAN (LES GARRIGUES) 26700 LA GARDE ADHEMAR,26138,"44.3742,4.7372",Pylône autostable,30m,HIVORY,,AJO,,False,False
771829,SFR,5G NR 2100,CHEM DE ROUSTAN (LES GARRIGUES) 26700 LA GARDE ADHEMAR,26138,"44.3742,4.7372",Pylône autostable,30m,HIVORY,2023-11-10,SUP,,False,False
773835,BOUYGUES TELECOM,LTE 2100,ZAC DE PENHOAT 29860 PLABENNEC,29160,"48.4569,-4.4517",Pylône autostable,35m,TOTEM,2023-12-04,SUP,,False,False
776471,ORANGE,GSM 900,AV JEAN GONORD CITÉ DE L'ESPACE 31500 TOULOUSE,31555,"43.5856,1.4928",Bâtiment,50m,"Commune, communauté de communes",1998-02-20,SUP,,False,False
777182,BOUYGUES TELECOM,LTE 2100,LE BOIS ÉPAIS STATION TDF (LE REYNARD) 30260 QUISSAC,30210,"43.9108,4.0158",Pylône autostable,37m,TDF,2023-12-28,SUP,,False,False
778317,BOUYGUES TELECOM,"LTE 700, 5G NR 2100", (LA CARRONIERE) 01340 FOISSIAT,01163,"46.3614,5.1914",Pylône autostable,40m,ATC FRANCE,,AJO,,False,False
780652,SFR,LTE 700,STATION RÉÉMETTEUR T.D.F (PIOCH RIOUX) 34980 MONTFERRIER SUR LEZ,34169,"43.67,3.8714",Pylône autostable,34m,TDF,,SUP,,False,False
781442,BOUYGUES TELECOM,LTE 2100, (BOIS DE COUBILLOU) 34240 LAMALOU LES BAINS,34126,"43.5903,3.0872",Pylône autostable,34m,TDF,2024-09-12,SUP,,False,False
782191,SFR,LTE 700,R DES PRÉS TERRAIN DE RUGBY 34430 ST JEAN DE VEDAS,34270,"43.58,3.8164",Pylône tubulaire,40m,ORANGE,,SUP,,False,False
783837,BOUYGUES TELECOM,LTE 2100, (LE CLOS DE LA VIEILLE) 37210 CHANCAY,37052,"47.4583,0.9025",Pylône autostable,33m,TDF,2024-12-26,SUP,,False,False
784661,ORANGE,5G NR 3500,23 R DES CHASSELAS 34500 BEZIERS,34032,"43.3536,3.2144",Bâtiment,10m,Particulier,2026-07-30,ALL,,False,False
785257,SFR,"GSM 900, UMTS 900, UMTS 2100, LTE 800, LTE 1800, LTE 2100, LTE 2600, 5G NR 2100, 5G NR 3500",PL DES CYTISES 59121 HAULCHIN,59288,"50.3167,3.4381",Château d'eau - réservoir,31m,"Commune, communauté de communes",2021-02-09,SUP,,False,False
786235,BOUYGUES TELECOM,LTE 2100,CHÂTEAU D'EAU (LE FOUR À CHAUX) 41400 PONTLEVOY,41180,"47.3981,1.2614",Château d'eau - réservoir,42m,"Syndicat des eaux, Adduction",2026-02-26,SUP,,False,False
786975,ORANGE,LTE 700, (ROCHEFOURCHADE) 43420 ST PAUL DE TARTAS,43215,"44.7903,3.9003",Pylône autostable,32m,TOTEM,2026-08-06,ALL,,False,False
787312,ORANGE,LTE 700,CHEM DU CHÂTEAU D'EAU PRÈS DU RÉSERVOIR COMMUNAL (LE SERT) 38560 CHAMP SUR DRAC,38071,"45.0783,5.7367",Pylône autostable,26m,HIVORY,2021-10-25,SUP,,False,False
787339,BOUYGUES TELECOM,LTE 2100,BD VICTOR HUGO CENTRAL TÉLÉPHONIQUE 44110 CHATEAUBRIANT,44036,"47.7194,-1.3794",Pylône autostable,34m,TDF,2023-04-12,SUP,,False,False
787339,ORANGE,"5G NR 700, 5G NR 3500",BD VICTOR HUGO CENTRAL TÉLÉPHONIQUE 44110 CHATEAUBRIANT,44036,"47.7194,-1.3794",Pylône autostable,34m,TDF,,AJO,,False,False
788704,BOUYGUES TELECOM,LTE 2100, (LE MARGAT) 44640 LE PELLERIN,44120,"47.1914,-1.7592",Pylône autostable,30m,TOTEM,2024-04-09,SUP,,False,False
789233,ORANGE,5G NR 700,R DE LA CROIX BLANCHE / D100 (LE PONT THÉBAUD) 44260 PRINQUIAU,44137,"47.3639,-2.0108",Pylône tubulaire,24m,TOTEM,2026-08-06,ALL,,False,False
789669,ORANGE,"LTE 700, 5G NR 2100",400 RTE D'ORLEANS (BERGERIE PETITE FERME) 45240 LA FERTE ST AUBIN,45146,"47.7603,1.9447",Pylône autostable,30m,TOTEM,,AJO,,False,False
789669,ORANGE,LTE 2100,400 RTE D'ORLEANS (BERGERIE PETITE FERME) 45240 LA FERTE ST AUBIN,45146,"47.7603,1.9447",Pylône autostable,30m,TOTEM,2019-10-31,SUP,,False,False
791760,ORANGE,LTE 700,PRÈS D.155D PYLÔNE ORANGE FRANCE (HAIE DES FEMMES) 57530 ARS LAQUENEXY,57031,"49.0839,6.2636",Pylône autostable,33m,TOTEM,2026-08-05,ALL,,False,False
793042,BOUYGUES TELECOM,LTE 2100, (LA JARRIAIS) 49640 MORANNES SUR SARTHE DAUMERAY,49220,"47.7389,-0.4094",Pylône autostable,45m,TOTEM,2024-02-07,SUP,,False,False
793450,BOUYGUES TELECOM,LTE 2100,R GUILLAUME TALVAS (LE GRAND CHAILLOU) 72600 NEUFCHATEL EN SAOSNOIS,72215,"48.3839,0.2386",Pylône autostable,40m,HIVORY,2022-07-28,SUP,,False,False
793871,BOUYGUES TELECOM,LTE 2100,LE CHAMP LONG (BEL AIR) 49750 CHEMILLE EN ANJOU,49092,"47.1522,-0.7011",Pylône autostable,51m,TDF,2023-08-31,SUP,,False,False
794810,ORANGE,"UMTS 2100, LTE 1800",R DES GRATTIÈRES - GARE D'HAUMONT PYLÔNE D'ÉCLAIRAGE SNCF 59330 HAUTMONT,59291,"50.2589,3.9197",Pylône autostable,30m,SNCF Réseau,2019-11-13,SUP,,False,False
796029,ORANGE,,AV LOUIS PASTEUR STADE DE FARGUES 84130 LE PONTET,84092,"43.955,4.8592",Pylône tubulaire,"30,4m",ORANGE,2021-01-29,CHT,Pylône autostable,False,False
797217,ORANGE,LTE 2100,EMPRISE LGV - PYLONE RFF PK 98.066 (LE GRAND ETANG) 70110 LES MAGNY,70317,"47.5278,6.4378",Pylône autostable,30m,SNCF Réseau,2026-07-30,ALL,,False,False
797690,ORANGE,LTE 700, (CHAMPS DU CERISIER) 70110 VILLARGENT,70553,"47.5453,6.4808",Pylône autostable,30m,SNCF Réseau,2026-08-13,AAV,,False,False
799633,ORANGE,LTE 700,A.31 - SENS BETTEMBOURG-ENTRANGE CR.160 (GAERTCHEN) 57330 ZOUFFTGEN,57764,"49.4644,6.1211",Pylône autostable,43m,TOTEM,2026-08-06,ALL,,False,False
801683,BOUYGUES TELECOM,UMTS 2100,ECH N° 14 DE BONNIÈRES - A13A CHEM DE LA VILLENEUVE (BONNIÈRES) 78710 ROSNY SUR SEINE,78531,"49.015,1.5872",Pylône autostable,"30,5m",SFR,2018-07-31,SUP,,False,False
803142,BOUYGUES TELECOM,LTE 2100, (LA LOUTIÈRE) 72510 MANSIGNE,72182,"47.7397,0.1367",Château d'eau - réservoir,26m,"Syndicat des eaux, Adduction",2024-08-08,SUP,,False,False
803254,FREE MOBILE,5G NR 3500,R DE VILLARCEAU 77150 LESIGNY,77249,"48.7503,2.6219",Château d'eau - réservoir,25m,"Commune, communauté de communes",2026-08-03,ALL,,False,False
803878,ORANGE,"GSM 900, UMTS 900, LTE 800, LTE 1800, LTE 2100",A4 PK 348.2 - SENS P/S (AIRE DE REPOS DE BROUCK) 57690 MARANGE ZONDRANGE,57444,"49.1317,6.5264",Pylône autostable,50m,Sociétés d'Autoroutes,1997-01-06,SUP,,False,False
804705,ORANGE,"GSM 900, UMTS 900, LTE 700, LTE 800, LTE 1800, LTE 2100",R DE LA GARE STADE DE FOOTBALL (PARTIE D'ORCHIES) 59710 PONT A MARCQ,59466,"50.5197,3.1219",Pylône tubulaire,28m,"Commune, communauté de communes",1997-09-05,SUP,,False,False
805497,ORANGE,"GSM 900, UMTS 900, UMTS 2100, LTE 1800",PL DE LA GARE R DE SOLESMES 59400 CAMBRAI,59122,"50.1778,3.2408",Pylône autostable,33m,SNCF Réseau,2000-03-03,SUP,,False,False
806241,ORANGE,"GSM 900, UMTS 900, LTE 800, LTE 1800, LTE 2100","26, R EUGÈNE CHIMOT SOCIÉTÉ LE CENTRAL AMBULANCE 59168 BOUSSOIS",59104,"50.2897,4.0358",Pylône autostable,22m,"Copropriété, Syndic, SCI",2007-11-30,SUP,,False,False
807897,ORANGE,5G NR 700,11 R MURATORE IMM AUVERGNE HABITAT 63500 ISSOIRE,63178,"45.5467,3.2569",Immeuble,"23,5m",Société HLM,2026-07-31,ALL,,False,False
809417,FREE MOBILE,5G NR 700,64 AV DU PR LERICHE CTRE HOSPITALIER HAGUENAU 67500 HAGUENAU,67180,"48.7978,7.7794",Bâtiment,40m,Établissement de soins,2026-08-03,ALL,,False,False
809988,ORANGE,"LTE 2100, 5G NR 700, 5G NR 3500",22 R OHMETFELD R DES VOITURIERS 67500 HAGUENAU,67180,"48.8083,7.7886",Immeuble,27m,Société Privée,,AJO,,False,False
810010,ORANGE,"LTE 800, LTE 1800, LTE 2100, LTE 2600, 5G NR 700, 5G NR 3500",A.35 - AIRE AUTOROUTIÈRE D'OSTWALD SENS COLMAR-STRASBOURG STATION ELF-TOTAL (KIRCHFELD) 67540 OSTWALD,67365,"48.5372,7.7167",Bâtiment,8m,Société Privée,2023-12-21,SUP,,False,False
810058,ORANGE,"5G NR 700, 5G NR 3500",R DU CHATEAU D'EAU CHATEAU D'EAU DE ZELLWILLER 67140 ZELLWILLER,67557,"48.3972,7.4922",Château d'eau - réservoir,49m,"Syndicat des eaux, Adduction",2026-06-30,ART,,False,False
810735,ORANGE,LTE 700, (LE GRAND BOIS) 90400 VEZELOIS,90104,"47.5969,6.9342",Pylône autostable,30m,SNCF Réseau,2026-08-13,AAV,,False,False
811683,SFR,5G NR 2100,PL DE L'EGLISE EGLISE 69260 CHARBONNIERES LES BAINS,69044,"45.7783,4.7444",Monument religieux,29m,"Commune, communauté de communes",,AJO,,False,False
813509,BOUYGUES TELECOM,LTE 2100,PARC AN DACU HENT RD 8 (GRACE UZEL) 22480 KERIEN,22088,"48.4144,-3.2083",Tour hertzienne,52m,TDF,2025-09-01,SUP,,False,False
813680,ORANGE,,423 RTE DU MORZAY-PLAN DROIT CENTRAL TÉLÉPHONIQUE (LE MORZAY) 74660 VALLORCINE,74290,"46.0272,6.9256",Local technique,10m,ORANGE Services Fixes,2025-11-21,CHA,Le Morzay Central Téléphonique,False,False
814339,ORANGE,"5G NR 700, 5G NR 3500",8/10 R DE RIVOLI 75004 PARIS 04,75104,"48.8553,2.3611",Immeuble,26m,Société Privée,,AJO,,False,False
820064,ORANGE,GSM 900,RTE DE RANCOURT (LES VIALLES) 88270 VALFROICOURT,88488,"48.2072,6.1031",Pylône autostable,46m,HIVORY,1999-01-29,SUP,,True,False
820550,SFR,LTE 700,A.6 - PK 147.6 SENS PROVINCE-PARIS (LA NOUSÉE) 89113 BRANCHES,89053,"47.8764,3.4758",Pylône autostable,41m,Sociétés d'Autoroutes,,AJO,,False,False
822076,SFR,"LTE 2600, 5G NR 3500", (LA COUTAZ) 73730 CEVINS,73063,"45.5903,6.4619",Pylône autostable,"22,9m",TDF,,AJO,,False,False
827541,BOUYGUES TELECOM,"UMTS 2100, 5G NR 2100",BD DE LA FALAISE CITÉ LA FALAISE 13016 MARSEILLE 16,13216,"43.3622,5.3072",Immeuble,"15,1m",Particulier,2008-02-25,SUP,,False,False
827630,BOUYGUES TELECOM,UMTS 2100,PISTE DE LA ROUGIERE (VALLON DU MAIRE) 13240 SEPTEMES LES VALLONS,13106,"43.395,5.3694",Pylône autostable,36m,RTE,2008-03-05,SUP,,False,False
829144,BOUYGUES TELECOM,LTE 700,20 PL DU CAPITOLE 31500 TOULOUSE,31555,"43.605,1.4431",Immeuble,22m,Société Privée,2026-08-03,ALL,,False,False
830419,FREE MOBILE,5G NR 3500,15 R JEAN MESSIRE WALVEIN 37200 TOURS,37261,"47.3894,0.6714",Immeuble,30m,"Copropriété, Syndic, SCI",2026-08-03,ALL,,False,False
830474,BOUYGUES TELECOM,5G NR 2100,32 AV GRÉSIVAUDAN HÔTEL  LES 3 ROSES 38700 CORENC,38126,"45.2111,5.7622",Immeuble,18m,Société Privée,2026-06-25,ART,,False,False
831960,ORANGE,LTE 2600,PRES LIGNE TGV NORD EUROPE (REMISE DE LA SENTE DE FRESNOY) 60300 BARON,60047,"49.1842,2.7514",Pylône autostable,39m,TOTEM,2026-07-22,ALL,,False,False
836214,BOUYGUES TELECOM,"LTE 700, LTE 800",7 R DENIS PAPIN 92230 GENNEVILLIERS,92036,"48.9467,2.3086",Bâtiment,22m,Société Privée,2026-08-05,ALL,,False,False
839545,ORANGE,"LTE 1800, LTE 2100, LTE 2600",R LEON BLUM CENTRE SDIS 59640 DUNKERQUE,59183,"51.0306,2.3175",Pylône autostable,48m,"SDIS, secours, incendie",2018-05-24,SUP,,False,False
842683,SFR,,301 BD DE L'OBSERVATOIRE COVERPLA 06300 NICE,06088,"43.7211,7.3047",Pylône tubulaire,12m,SFR,2020-11-20,CHH,"15,7m",False,False
846623,SFR,"LTE 700, LTE 1800, LTE 2100",IMP DE FONTANAS 87270 BONNAC LA COTE,87020,"45.9594,1.3181",Pylône autostable,"52,3m",CELLNEX,2026-07-30,ALL,,False,False
850282,ORANGE,LTE 700,R SOUS LA COTOTTE PYLÔNE RFF PK 106.517 (LA MORELLE) 00404 ERR CONV INSEE,70530,"47.5481,6.5419",Pylône autostable,30m,SNCF Réseau,2026-08-13,AAV,,False,False
854437,SFR,LTE 700,CHÂTEAU D'EAU (DOMAINE DE MUJOLAN) 34690 FABREGUES,34095,"43.5372,3.7647",Château d'eau - réservoir,19m,"Copropriété, Syndic, SCI",,SUP,,False,False
854460,SFR,"LTE 700, 5G NR 3500",RD 54 RTE DE PRESSERVILLE (LE VILLAGE SUD) 31570 STE FOY D AIGREFEUILLE,31480,"43.5369,1.6089",Pylône autostable,27m,HIVORY,,AJO,,False,False
855023,SFR,LTE 700,17 R H. FARMAN ZI DE LA LAUZE (DEVES DENPENE) 34430 ST JEAN DE VEDAS,34270,"43.5614,3.8419",Pylône tubulaire,12m,HIVORY,,SUP,,False,False
855041,SFR,LTE 700,CHEM DE CEREIREDE (ST HILAIRE) 34970 LATTES,34129,"43.59,3.9061",Pylône autostable,30m,HIVORY,,SUP,,False,False
864615,ORANGE,LTE 700,RTE DE BRESILLEY - D.12 (COMBE D'AGRA) 39350 OUGNEY,39398,"47.2478,5.665",Pylône autostable,30m,TOTEM,2026-08-05,ALL,,False,False
865371,ORANGE,LTE 2100,RTE DE MONTMIREY (AUX VERNES DU BREUIL) 39290 MONTMIREY LE CHATEAU,39361,"47.2353,5.5225",Pylône autostable,33m,TOTEM,2026-07-23,ALL,,False,False
867127,SFR,,9 R DE MEDICIS 75006 PARIS 06,75106,"48.8483,2.3397",Bâtiment,"25,1m","Copropriété, Syndic, SCI",2014-10-14,CHH,"24,8m",False,False
884071,ORANGE,"LTE 700, LTE 1800, 5G NR 2100",VC 14 (MORTIS) 65710 CAMPAN,65123,"42.9692,0.24",Pylône autostable,35m,EDF ou GDF,2026-07-31,ALL,,False,False
897864,BOUYGUES TELECOM,LTE 700,RTE NATIONAL 86 (LA BLAQUIERE) 30210 POUZILHAC,30207,"44.0519,4.5728",Pylône autostable,"32,5m",ATC FRANCE,2026-07-22,AJA,,False,False
89872,ORANGE,"LTE 1800, 5G NR 2100", (POUSSANGE) 23270 CLUGNAT,23064,"46.2911,2.1467",Pylône autostable,30m,TOTEM,2026-07-29,ALL,,False,False
900994,BOUYGUES TELECOM,"LTE 700, 5G NR 2100", (LOGUEL ER GUEN) 22260 PLOUEC DU TRIEUX,22212,"48.6794,-3.1831",Château d'eau - réservoir,47m,"Syndicat des eaux, Adduction",,AJO,,False,False
904734,BOUYGUES TELECOM,LTE 2100,CHEM DE LA GARENNE (LES TILLEULS) 14130 COQUAINVILLIERS,14177,"49.2086,0.2056",Pylône autostable,64m,EDF ou GDF,2026-02-26,SUP,,False,False
910763,BOUYGUES TELECOM,LTE 2100,23 R LAVOISIER ZI N 2 LA MADELEINE 27000 EVREUX,27229,"48.9997,1.1339",Bâtiment,20m,Société Privée,2025-11-27,SUP,,False,False
932883,ORANGE,"LTE 2100, 5G NR 3500",7 ALLÉE DES MISSIONS ZI 51170 FISMES,51250,"49.3097,3.6703",Pylône tubulaire,20m,TOTEM,2026-07-30,ALL,,False,False
936144,BOUYGUES TELECOM,LTE 2100,RUE BERRIEN 22000 ST BRIEUC,22278,"48.5253,-2.8078",Pylône autostable,30m,TDF,2025-09-08,SUP,,False,False
936298,BOUYGUES TELECOM,LTE 2100,CHEM DE LA HUTTE (LA MORT BAILLIF) 49170 LA POSSONNIERE,49247,"47.3792,-0.6742",Pylône autostable,30m,TOTEM,2023-10-31,SUP,,False,False
964801,FREE MOBILE,LTE 2100,22 RUE DE LA PAIX  75002 PARIS 02,75102,"48.8697,2.3319",Bâtiment,"30,9m","Copropriété, Syndic, SCI",2026-08-03,ALL,,False,False
97730,ORANGE,LTE 700,Z.A. LA ROCHE (LES BOLÈVES) 49750 BELLEVIGNE EN LAYON,49345,"47.2917,-0.5883",Pylône autostable,33m,TOTEM,2026-08-06,ALL,,False,False
98492,ORANGE,LTE 700,PRÈS D.527 (CHATTÉ) 53440 MARCILLE LA VILLE,53144,"48.3561,-0.4817",Pylône autostable,32m,TOTEM,2026-08-13,AAV,,False,False
