id_support,operateur,technologie,adresse,code_insee,coordonnees,type_support,hauteur_support,proprietaire_support,date_activ,action,infos,is_zb,is_new
1023760,ORANGE,"5G NR 700, 5G NR 3500",222 R ST PIERRE BATIMENT D 13005 MARSEILLE 05,13205,"43.2922,5.3997",Bâtiment,37m,Société HLM,,AJO,,False,False
1023760,ORANGE,GSM 900,222 R ST PIERRE BATIMENT D 13005 MARSEILLE 05,13205,"43.2922,5.3997",Bâtiment,37m,Société HLM,1998-07-03,SUP,,False,False
1027059,ORANGE,"LTE 700, 5G NR 2100", (HINTERFELD) 68500 BERRWILLER,68032,"47.8542,7.2242",Pylône autostable,24m,TOTEM,,AJO,,False,False
1027059,ORANGE,LTE 2100, (HINTERFELD) 68500 BERRWILLER,68032,"47.8542,7.2242",Pylône autostable,24m,TOTEM,2024-04-26,SUP,,False,False
106970,ORANGE,LTE 700,PAVILLON DES BRESSOTTES (LES BRESSOTTES) 89270 VOUTENAY SUR CURE,89485,"47.5558,3.7903",Pylône autostable,30m,TOTEM,2026-08-26,ALL,,False,False
1127491,ORANGE,"5G NR 700, 5G NR 3500",22 RUE DE LA SOUQUE 81000 ALBI,81004,"43.9292,2.1442",Immeuble,17m,Particulier,,AJO,,False,False
1173710,BOUYGUES TELECOM,LTE 2100,CHEMIN RURAL N°15 (DU CHAPITRE) 62153 ABLAIN ST NAZAIRE,62001,"50.3847,2.7108",Pylône autostable,25m,ATC FRANCE,2023-03-15,SUP,,False,False
1301397,ORANGE,LTE 700,VOIE COMMUNALE (LA PLAINE DU HAGEMBERG) 62610 LOUCHES,62531,"50.8211,1.9994",Pylône tubulaire,25m,TOTEM,2026-08-27,ALL,,False,False
1302805,SFR,LTE 2100, (LES BORIES) 48100 ST BONNET DE CHIRAC,48138,"44.5133,3.2631",Pylône autostable,20m,HIVORY,,AJO,,False,False
1302805,SFR,UMTS 2100, (LES BORIES) 48100 ST BONNET DE CHIRAC,48138,"44.5133,3.2631",Pylône autostable,20m,HIVORY,2018-02-21,SUP,,False,False
1332570,FREE MOBILE,LTE 2100,CHEMIN DE LA CROIX D'ALVAULT PRAIRIE DE MÉRIGNAN 45240 LA FERTE ST AUBIN,45146,"47.7156,1.9336",Pylône autostable,50m,HIVORY,2026-08-24,ALL,,False,False
1385667,ORANGE,LTE 700,RUE DE LA CHAPELLE 62890 MUNCQ NIEURLET,62598,"50.8433,2.1011",Pylône tubulaire,30m,TOTEM,2026-09-04,AAV,,False,False
1385667,ORANGE,LTE 800,RUE DE LA CHAPELLE 62890 MUNCQ NIEURLET,62598,"50.8433,2.1011",Pylône tubulaire,30m,TOTEM,2017-01-17,EXT,,False,False
1441280,BOUYGUES TELECOM,LTE 700,PRES DE LA RD 470 ET DE L'A5 LA CROIX STE (LES PIEDS BLANCS) 89140 COURLON SUR YONNE,89124,"48.3458,3.2008",Pylône autostable,"36,5m",TDF,,AJO,,False,False
1442486,BOUYGUES TELECOM,"LTE 700, LTE 2600, 5G NR 3500","RN 75, CHAMPS CARRAZ 01500 ST DENIS EN BUGEY",01345,"45.9514,5.3217",Pylône autostable,25m,HIVORY,,AJO,,False,False
1449842,BOUYGUES TELECOM,LTE 2100,C.R  DE MEMBRUN À CHÂTEAU GAILLARD (MEMBRUN) 63300 THIERS,63430,"45.8622,3.5844",Pylône tubulaire,"31,3m",HIVORY,,AJO,,False,False
1492021,BOUYGUES TELECOM,LTE 700,BD CLÉMENT ADER ZAC OBJECT IFS SUD 14123 IFS,14341,"49.1408,-0.3272",Pylône autostable,32m,HIVORY,2026-08-21,ALL,,False,False
1505532,BOUYGUES TELECOM,LTE 700, (LES ROUZALETS) 11110 ARMISSAN,11014,"43.1914,3.0731",Pylône autostable,35m,HIVORY,,AJO,,False,False
1505532,BOUYGUES TELECOM,LTE 2100, (LES ROUZALETS) 11110 ARMISSAN,11014,"43.1914,3.0731",Pylône autostable,35m,HIVORY,2022-08-19,SUP,,False,False
1505578,BOUYGUES TELECOM,"LTE 700, LTE 2600, 5G NR 3500",CHEM DE L'AMANDIER PUECH NARBONNE 34290 BASSAN,34025,"43.4153,3.2483",Pylône autostable,25m,HIVORY,,AJO,,False,False
1505578,BOUYGUES TELECOM,LTE 2100,CHEM DE L'AMANDIER PUECH NARBONNE 34290 BASSAN,34025,"43.4153,3.2483",Pylône autostable,25m,HIVORY,2022-09-29,SUP,,False,False
1513952,SFR,LTE 700,CHEM RURAL DIT DU BECQUEREL STADE COMMUNAL (LE BECQUEREL) 62860 ECOURT ST QUENTIN,62284,"50.2553,3.0833",Pylône autostable,32m,ATC FRANCE,,AJO,,False,False
1513952,SFR,"UMTS 2100, LTE 2100",CHEM RURAL DIT DU BECQUEREL STADE COMMUNAL (LE BECQUEREL) 62860 ECOURT ST QUENTIN,62284,"50.2553,3.0833",Pylône autostable,32m,ATC FRANCE,2025-05-21,SUP,,False,False
1514309,SFR,"LTE 700, 5G NR 2100",DECHARGE MUNICIPALE (LES PERIERES) 34440 NISSAN LEZ ENSERUNE,34183,"43.2911,3.1431",Pylône autostable,15m,ATC FRANCE,,AJO,,False,False
1534521,FREE MOBILE,LTE 900,BOULEVARD DU MONUMENT AUX MORTS  11210 PORT LA NOUVELLE,11266,"43.0206,3.0467",Immeuble,"17,5m","Copropriété, Syndic, SCI",2026-08-24,ALL,,False,False
1535277,BOUYGUES TELECOM,LTE 700,RD 917 RTE DE ST LÉONARD 41370 MARCHENOIR,41123,"47.8256,1.3897",Pylône tubulaire,27m,ATC FRANCE,2026-08-21,ALL,,False,False
1554801,BOUYGUES TELECOM,"LTE 700, LTE 2600",2 RTE CHATEAUNEUF TERRAIN DE CAMPING BOIS JOILI (L'HOMMEAU) 85710 BOIS DE CENE,85024,"46.9353,-1.8928",Pylône autostable,33m,ATC FRANCE,,AJO,,False,False
1554801,BOUYGUES TELECOM,LTE 2100,2 RTE CHATEAUNEUF TERRAIN DE CAMPING BOIS JOILI (L'HOMMEAU) 85710 BOIS DE CENE,85024,"46.9353,-1.8928",Pylône autostable,33m,ATC FRANCE,2021-12-15,SUP,,False,False
1574688,SFR,UMTS 2100,PLACE DE LA COMÉDIE BOULEVARD VICTOR HUGO SERVICES TECHNIQUES MUNICIPAUX (TUNNEL DE LA COMÉDIE) 34090 MONTPELLIER,34172,"43.6075,3.8789",Tunnel,"7,3m","Commune, communauté de communes",,SUP,,False,False
1597732,BOUYGUES TELECOM,LTE 700,CHEM DES COURTAUDS (LES COURTAUDS) 03460 VILLENEUVE SUR ALLIER,03316,"46.6642,3.2556",Pylône autostable,28m,ATC FRANCE,2026-08-21,ALL,,False,False
1598832,BOUYGUES TELECOM,LTE 700,RTE DÉPART.271 (CHARMONT) 49520 SEGRE EN ANJOU BLEU,49331,"47.7297,-0.8922",Pylône autostable,"33,8m",ATC FRANCE,2026-08-28,AAV,,False,False
1603401,ORANGE,5G NR 700,CHEMIN DU MICHON 69670 VAUGNERAY,69255,"45.7417,4.6775",Pylône autostable,67m,RTE,2026-08-21,ALL,,False,False
1611734,BOUYGUES TELECOM,LTE 700, (LES GRANDES FOUGÈRES) 23300 NOTH,23143,"46.2247,1.6108",Pylône autostable,40m,HIVORY,2026-08-21,ALL,,False,False
1615635,BOUYGUES TELECOM,LTE 700, (GRANDES RIBIÈRES) 23400 MANSAT LA COURRIERE,23122,"45.9714,1.8075",Pylône autostable,38m,ATC FRANCE,2026-08-21,ALL,,False,False
1619359,BOUYGUES TELECOM,5G NR 3500,CHEM DU PECH DES MOULINS R DU TERTRE 34500 BEZIERS,34032,"43.3542,3.2047",Mât,13m,HIVORY,2026-08-11,ALL,,False,False
1620314,BOUYGUES TELECOM,LTE 700, (LA QUINHAIE) 22230 LAURENAN,22122,"48.1942,-2.5219",Pylône autostable,32m,HIVORY,2026-08-21,ALL,,False,False
1627624,BOUYGUES TELECOM,,CHEMIN RELAIS TV (PRA BELON) 04170 VERGONS,04236,"43.9208,6.5894",Pylône tubulaire,9m,CELLNEX,2008-01-30,CHH,8m,False,False
1627624,FREE MOBILE,,CHEMIN RELAIS TV (PRA BELON) 04170 VERGONS,04236,"43.9208,6.5894",Pylône tubulaire,9m,CELLNEX,2017-06-12,CHH,8m,True,False
1627624,ORANGE,,CHEMIN RELAIS TV (PRA BELON) 04170 VERGONS,04236,"43.9208,6.5894",Pylône tubulaire,9m,CELLNEX,2016-11-30,CHH,8m,True,False
1627624,SFR,,CHEMIN RELAIS TV (PRA BELON) 04170 VERGONS,04236,"43.9208,6.5894",Pylône tubulaire,9m,CELLNEX,2017-02-24,CHH,8m,True,False
1635230,BOUYGUES TELECOM,"LTE 700, 5G NR 2100", (LE NAINGLET) 71150 FONTAINES,71202,"46.8375,4.7944",Pylône autostable,30m,ATC FRANCE,,AJO,,False,False
1637366,BOUYGUES TELECOM,LTE 700, (BUIGE BLANCHE) 23260 ST ORADOUX PRES CROCQ,23225,"45.8786,2.3836",Pylône autostable,44m,CELLNEX,2026-08-21,ALL,,False,False
1637394,BOUYGUES TELECOM,"LTE 700, 5G NR 2100",QUARTIER CAPO SOTTANO EGLISE D'OTA 20150 OTA,2A198,"42.2581,8.7447",Monument religieux,26m,SFR,,AJO,,False,False
1640557,FREE MOBILE,LTE 2100, (SABATIE) 82220 MOLIERES,82113,"44.1833,1.3706",Pylône autostable,30m,HIVORY,2026-08-24,ALL,,False,False
1644903,BOUYGUES TELECOM,"GSM 900, LTE 2100",R PAUL BERT 44600 ST NAZAIRE,44184,"47.2931,-2.1972",Pylône tubulaire,27m,HIVORY,2016-09-21,SUP,,False,False
1654685,SFR,LTE 2100, (MONRUT) 15500 BONNAC,15022,"45.2167,3.1381",Pylône autostable,25m,BOUYGUES,2026-08-21,AJA,,False,False
1657718,BOUYGUES TELECOM,LTE 700,CHE DE LA LANDE (LA LANDE) 53360 QUELAINES ST GAULT,53186,"47.92,-0.7967",Château d'eau - réservoir,48m,"Syndicat des eaux, Adduction",,AJO,,False,False
1657718,BOUYGUES TELECOM,LTE 2100,CHE DE LA LANDE (LA LANDE) 53360 QUELAINES ST GAULT,53186,"47.92,-0.7967",Château d'eau - réservoir,48m,"Syndicat des eaux, Adduction",2022-01-13,SUP,,False,False
1658757,BOUYGUES TELECOM,LTE 2100,STADE COMMUNAL (HOUDRINGUE) 59249 AUBERS,59025,"50.5958,2.8281",Pylône autostable,"34,5m",CELLNEX,2026-08-13,ALL,,False,False
1659047,SFR,UMTS 2100,57 BOULEVARD VOLTAIRE (METRO ST AMBROISE) 75011 PARIS 11,75111,"48.8619,2.3733",Intérieur sous-terrain,0m,RATP,,SUP,,False,False
1659116,FREE MOBILE,LTE 2100,5 RUE DES COQUELICOTS 25000 BESANCON,25056,"47.2636,6.0475",Immeuble,"19,6m",Société HLM,2026-08-24,ALL,,False,False
1659932,SFR,"LTE 700, LTE 1800, LTE 2100, 5G NR 2100",ROUTE DES ALPES STADE MUNICIPAL RD 502 38440 CHATONNAY,38094,"45.4894,5.2008",Pylône autostable,"24,8m",ATC FRANCE,,AJO,,False,False
1659932,SFR,UMTS 2100,ROUTE DES ALPES STADE MUNICIPAL RD 502 38440 CHATONNAY,38094,"45.4894,5.2008",Pylône autostable,"24,8m",ATC FRANCE,2016-11-04,SUP,,False,False
1660718,BOUYGUES TELECOM,LTE 700,RTE DE LA RELAUDIÈRE ZAC LA TERRE DES MILLE BOEUFS 41300 THEILLAY,41256,"47.3128,2.0503",Pylône autostable,"37,6m",TDF,2026-08-21,ALL,,False,False
1660727,BOUYGUES TELECOM,LTE 700,RD 20 (LE GOUSSET) 37800 ANTOGNY LE TILLAC,37005,"46.9658,0.5475",Pylône autostable,"44,4m",TDF,2026-08-21,ALL,,False,False
1661757,BOUYGUES TELECOM,LTE 700,CHÂTEAU D'EAU (LE GRIVET) 89360 FLOGNY LA CHAPELLE,89169,"47.9544,3.8731",Château d'eau - réservoir,"30,4m","Commune, communauté de communes",2026-09-17,AAV,,False,False
1666958,BOUYGUES TELECOM,LTE 700,32 ROUTE DE NOZAY (LA TONNERIE) 44170 VAY,44214,"47.5533,-1.6933",Pylône autostable,34m,ATC FRANCE,,AJO,,False,False
1666958,BOUYGUES TELECOM,LTE 2100,32 ROUTE DE NOZAY (LA TONNERIE) 44170 VAY,44214,"47.5533,-1.6933",Pylône autostable,34m,ATC FRANCE,2021-12-22,SUP,,False,False
1669255,SFR,LTE 700,CHEMIN RURAL N°15 DIT R LANGLADE (LES MONTS DÉSERTS) 76440 POMMEREUX,76505,"49.6194,1.6333",Pylône autostable,33m,HIVORY,,AJO,,False,False
1670645,BOUYGUES TELECOM,"LTE 700, 5G NR 2100", (LA MALADIÈRE) 71350 ALLEREY SUR SAONE,71003,"46.9131,4.9836",Pylône autostable,32m,HIVORY,,AJO,,False,False
1671075,SFR,"LTE 700, 5G NR 2100",CHEM DE MONTBARTOUX (LA VIEILLE) 63120 VOLLORE VILLE,63469,"45.8,3.6175",Pylône autostable,30m,HIVORY,,AJO,,False,False
1671075,SFR,UMTS 2100,CHEM DE MONTBARTOUX (LA VIEILLE) 63120 VOLLORE VILLE,63469,"45.8,3.6175",Pylône autostable,30m,HIVORY,2016-05-19,SUP,,False,False
1671893,SFR,5G NR 3500,11 B PLACE SAINT PAUL GARE DE LYON ST PAUL 69005 LYON 05,69385,"45.7664,4.8258",Bâtiment,29m,SNCF Réseau,,SUP,,False,False
1678276,BOUYGUES TELECOM,"LTE 700, 5G NR 2100",D 326 (LES PRÉS - LES ROUTES) 26460 LE POET CELARD,26241,"44.6028,5.1119",Pylône autostable,23m,TDF,,AJO,,False,False
1681053,BOUYGUES TELECOM,"LTE 700, 5G NR 2100, 5G NR 3500",4 R DE LONDRES 95340 PERSAN,95487,"49.1469,2.2678",Bâtiment,41m,Société Privée,,SUP,,False,False
1682075,BOUYGUES TELECOM,LTE 700, (MOURÉGELAT) 06420 ISOLA,06073,"44.1822,7.0519",Mât,6m,HIVORY,2026-08-21,ALL,,False,False
1682090,BOUYGUES TELECOM,5G NR 3500, (PAS DEJANSAC) 26340 AUCELON,26017,"44.6361,5.3789",Bâtiment,"6,5m",TDF,,AJO,,False,False
1685047,BOUYGUES TELECOM,LTE 700,ZA DE KERVOYEL ATELIER MUNICIPAL 56250 TREFFLEAN,56255,"47.6889,-2.6139",Pylône autostable,30m,HIVORY,,AJO,,False,False
1685047,BOUYGUES TELECOM,LTE 2100,ZA DE KERVOYEL ATELIER MUNICIPAL 56250 TREFFLEAN,56255,"47.6889,-2.6139",Pylône autostable,30m,HIVORY,2021-12-22,SUP,,False,False
1686493,ORANGE,"LTE 700, LTE 800",CH RURAL DE ST BAUZÉLY STATION D'ÉPURATION (LE TERME) 30190 MONTIGNARGUES,30180,"43.9303,4.2097",Pylône autostable,"25,4m",HIVORY,2026-08-24,ALL,,False,True
1689809,BOUYGUES TELECOM,LTE 700,HAMEAU DE PONT D'HERAULT (LE PAGES) 30440 SUMENE,30325,"43.995,3.6797",Pylône autostable,27m,TDF,2026-10-05,AAV,,False,False
1697415,SFR,LTE 700,CHÂTEAU D'EAU (LE CABINET) 86510 CHAUNAY,86068,"46.2083,0.1681",Château d'eau - réservoir,"49,2m","Syndicat des eaux, Adduction",,AJO,,False,False
1701540,BOUYGUES TELECOM,"LTE 1800, 5G NR 2100", (LES PLANCHA) 63750 MESSEIX,63225,"45.6283,2.5239",Pylône autostable,30m,HIVORY,,SUP,,False,False
1703591,BOUYGUES TELECOM,"LTE 700, LTE 2600, 5G NR 2100, 5G NR 3500",RUE DES LUMAS LES CONCHES (LA MAISONNETTE) 85560 LONGEVILLE SUR MER,85127,"46.3928,-1.4822",Pylône tubulaire,"26,6m",HIVORY,,AJO,,False,False
1703993,BOUYGUES TELECOM,LTE 2100,FERME DE L ERMITAGE PROCHE D67 (BOIS DES TAILLES ET BERLEMONT) 59137 BUSIGNY,59118,"50.0289,3.4914",Pylône autostable,32m,HIVORY,2026-08-14,ALL,,False,False
1705208,SFR,LTE 700,CHEM DÉPARTEMENTAL N°17 CAP DE HODE 76430 ST VIGOR D YMONVILLE,76657,"49.4814,0.3428",Pylône autostable,23m,HIVORY,,SUP,,False,False
1705506,SFR,"LTE 1800, LTE 2100",RUE DES TILLEULS (LES COUS DE CHÈVRES) 86400 CIVRAY,86078,"46.1494,0.2903",Château d'eau - réservoir,"44,2m","Syndicat des eaux, Adduction",2026-08-21,AJA,,False,False
1705506,SFR,5G NR 2100,RUE DES TILLEULS (LES COUS DE CHÈVRES) 86400 CIVRAY,86078,"46.1494,0.2903",Château d'eau - réservoir,"44,2m","Syndicat des eaux, Adduction",,AJO,,False,False
1705506,SFR,LTE 700,RUE DES TILLEULS (LES COUS DE CHÈVRES) 86400 CIVRAY,86078,"46.1494,0.2903",Château d'eau - réservoir,"44,2m","Syndicat des eaux, Adduction",,SUP,,False,False
1709918,ORANGE,5G NR 700,RUE JEAN MONET (LE HAGIS) 88110 RAON L ETAPE,88372,"48.4042,6.8294",Pylône tubulaire,33m,TOTEM,2026-09-03,AAV,,False,False
1710206,ORANGE,"GSM 900, LTE 700",RTE DU TELEPHERIQUE PRÈS A.40 (LE PAS DE L'ECHELLE) 74100 ETREMBIERES,74118,"46.1631,6.1914",Pylône tubulaire,"24,5m",TOTEM,2002-10-25,SUP,,False,False
1711238,BOUYGUES TELECOM,LTE 2100, (FRAISSE) 63230 CHAPDES BEAUFORT,63085,"45.8847,2.8792",Pylône autostable,23m,HIVORY,,AJO,,False,False
1711803,FREE MOBILE,"LTE 2100, 5G NR 700",SENTIER VALLÉEN (LE TERRIS) 06430 LA BRIGUE,06162,"44.0353,7.585",Pylône autostable,16m,ATC FRANCE,2026-08-24,ALL,,False,False
1715902,BOUYGUES TELECOM,"LTE 700, 5G NR 2100",D 75 (LES MOULINS) 83680 LA GARDE FREINET,83063,"43.315,6.4728",Pylône autostable,"22,7m",HIVORY,,AJO,,False,False
1716619,BOUYGUES TELECOM,,CHE DE LA LANDE DE DAON (LES EPINETTES) 49150 BAUGE EN ANJOU,49018,"47.5506,-0.1131",Pylône autostable,"45,3m",HIVORY,2022-03-21,CHA,chem de la lande de Daon,False,False
1716619,ORANGE,,CHE DE LA LANDE DE DAON (LES EPINETTES) 49150 BAUGE EN ANJOU,49018,"47.5506,-0.1131",Pylône autostable,"45,3m",HIVORY,2025-03-13,CHI,3011037,False,True
1716619,SFR,,CHE DE LA LANDE DE DAON (LES EPINETTES) 49150 BAUGE EN ANJOU,49018,"47.5506,-0.1131",Pylône autostable,"45,3m",HIVORY,2022-03-15,CHA,chem de la lande de Daon,False,False
1718084,BOUYGUES TELECOM,UMTS 2100,6 R DE LA LIBÉRATION 63530 VOLVIC,63470,"45.8731,3.0383",Immeuble,"16,1m",SFR,2016-10-31,SUP,,False,False
1719991,BOUYGUES TELECOM,LTE 700,CHATEAU D'EAU (LA GRISERIE) 28160 UNVERRE,28398,"48.1861,1.0939",Château d'eau - réservoir,51m,"Syndicat des eaux, Adduction",2026-08-21,ALL,,False,False
1721763,ORANGE,LTE 700,N1 VERS BRETEUIL A COTE TERRAIN DE SPORT (L'ARGILIERE) 60480 FROISSY,60265,"49.5725,2.2303",Château d'eau - réservoir,50m,"Commune, communauté de communes",2026-09-04,AAV,,False,False
1725412,BOUYGUES TELECOM,LTE 2100,CHEM FERME DE MONSIEUR DENIS VERMOT (CHANOIS) 25340 ST GEORGES ARMONT,25516,"47.4061,6.5583",Pylône autostable,34m,HIVORY,,AJO,,False,False
1725589,SFR,LTE 2100, (LES GRANDES BORDES) 77620 BRANSLES,77050,"48.1575,2.8192",Pylône tubulaire,"30,5m",HIVORY,,AJO,,False,False
1725673,FREE MOBILE,5G NR 700,25 R NICOLAS COPERNIC 13280 ARLES,13004,"43.7044,4.6328",Pylône autostable,18m,TOTEM,2026-08-24,ALL,,False,False
1727723,BOUYGUES TELECOM,"LTE 700, 5G NR 2100",LABRO (HAUT DE CAVANHAC) 15130 GIOU DE MAMOU,15074,"44.9228,2.4961",Pylône autostable,"28,9m",HIVORY,,AJO,,False,False
1735311,BOUYGUES TELECOM,5G NR 2100,STE BORDAPE RUE DE L'ÉGLISE (DERRIERE OROER VERS FONTAINE) 60510 OROER,60480,"49.4992,2.1619",Pylône tubulaire,"41,3m",HIVORY,2026-08-16,ALL,,False,False
1735321,BOUYGUES TELECOM,LTE 2100,R D'ORS - R DES FUSILLÉS STADE MUNICIPAL 59222 BOUSIES,59099,"50.1503,3.6097",Pylône tubulaire,32m,HIVORY,2026-08-15,ALL,,False,False
1736112,ORANGE,"5G NR 700, 5G NR 3500",R DES VENDANGES LES MÉTIVEREAUX (LE CORMIER) 85500 MESNARD LA BAROTIERE,85144,"46.8533,-1.1014",Pylône autostable,30m,TOTEM,2026-08-20,ALL,,False,False
1736256,BOUYGUES TELECOM,LTE 700,129 RTE DE CHATILLON PIECE DU PARC COLIGNY 45220 CHATEAU RENARD,45083,"47.9269,2.9292",Pylône autostable,"38,2m",ATC FRANCE,2026-08-21,ALL,,False,False
1736993,SFR,LTE 2100,ROUTE DE CHEZ VAUDEY 74350 CRUSEILLES,74096,"46.0122,6.1239",Pylône tubulaire,"12,4m",HIVORY,2026-08-21,AJA,,False,False
1736993,SFR,UMTS 2100,ROUTE DE CHEZ VAUDEY 74350 CRUSEILLES,74096,"46.0122,6.1239",Pylône tubulaire,"12,4m",HIVORY,2012-03-19,SUP,,False,False
1738806,SFR,"LTE 700, LTE 2100, LTE 2600, 5G NR 2100",186 ROUTE DE SAUVE 30900 NIMES,30189,"43.8431,4.3114",Pylône autostable,14m,HIVORY,,AJO,,False,False
1738806,SFR,"GSM 1800, UMTS 2100",186 ROUTE DE SAUVE 30900 NIMES,30189,"43.8431,4.3114",Pylône autostable,14m,HIVORY,2009-07-09,SUP,,False,False
1743941,BOUYGUES TELECOM,LTE 2100,5 BOULEVARD TALABOT - RESIDENCE LE ROUSSY 30900 NIMES,30189,"43.8336,4.3667",Immeuble,"32,7m","Copropriété, Syndic, SCI",2021-12-02,SUP,,False,False
1745231,BOUYGUES TELECOM,LTE 700, (VILLEMALIN) 41100 CRUCHERAY,41072,"47.7586,1.1106",Pylône autostable,30m,HIVORY,2026-08-21,ALL,,False,False
1746571,BOUYGUES TELECOM,LTE 700,CROISEMENT CHEM VICINAL N°6 ET N° 3 (LE BOIS DU BREUIL) 41330 VILLEFRANCOEUR,41281,"47.6953,1.2019",Pylône autostable,42m,HIVORY,2026-08-21,ALL,,False,False
1748785,BOUYGUES TELECOM,LTE 700,BOIS DE VILLENEUVE D 141 (LA BROSSE) 41270 DROUE,41075,"48.0194,1.0592",Château d'eau - réservoir,35m,"Commune, communauté de communes",,AJO,,False,False
1748785,BOUYGUES TELECOM,LTE 2100,BOIS DE VILLENEUVE D 141 (LA BROSSE) 41270 DROUE,41075,"48.0194,1.0592",Château d'eau - réservoir,35m,"Commune, communauté de communes",,SUP,,False,False
1755586,BOUYGUES TELECOM,LTE 700,RUE DES PASSÉES-STADE MUNICIPAL 41300 PIERREFITTE SUR SAULDRE,41176,"47.5083,2.1533",Pylône tubulaire,27m,ATC FRANCE,2026-08-21,ALL,,False,False
1756773,BOUYGUES TELECOM,"LTE 700, LTE 2600",PRÈS RESERVOIR (KERPOLICAN) 56150 BAUD,56010,"47.895,-3.0492",Pylône autostable,45m,HIVORY,,AJO,,False,False
1756773,BOUYGUES TELECOM,LTE 2100,PRÈS RESERVOIR (KERPOLICAN) 56150 BAUD,56010,"47.895,-3.0492",Pylône autostable,45m,HIVORY,2022-06-16,SUP,,False,False
1762579,BOUYGUES TELECOM,LTE 700,RTE DE ST BRISSON 45500 AUTRY LE CHATEL,45016,"47.5975,2.6097",Pylône autostable,32m,HIVORY,2026-08-21,ALL,,False,False
1770468,BOUYGUES TELECOM,5G NR 3500,39 AVENUE GEORGES HENRI RIVIÈRE 35700 RENNES,35238,"48.0981,-1.6414",Immeuble,"32,3m","Copropriété, Syndic, SCI",,AJO,,False,False
1770468,BOUYGUES TELECOM,LTE 2100,39 AVENUE GEORGES HENRI RIVIÈRE 35700 RENNES,35238,"48.0981,-1.6414",Immeuble,"32,3m","Copropriété, Syndic, SCI",2019-04-17,SUP,,False,False
1770980,BOUYGUES TELECOM,LTE 2100, (LES VIGNES DE DENLOT) 86370 VIVONNE,86293,"46.435,0.2792",Pylône autostable,35m,TDF,2026-08-11,ALL,,False,False
1772355,BOUYGUES TELECOM,LTE 700,RD 956 (PLAINE DE VILLAVRAIN) 41700 CHEVERNY,41050,"47.4711,1.4239",Pylône autostable,35m,CELLNEX,2026-08-11,ALL,,False,False
1784333,BOUYGUES TELECOM,"LTE 700, 5G NR 2100",COPROPRIÉTÉ DHAULAGHIRI/EVEREST/HIMALAYA (LA PICLIÈRE) 74220 LA CLUSAZ,74080,"45.895,6.4236",Bâtiment,6m,"Copropriété, Syndic, SCI",,AJO,,False,False
1787030,BOUYGUES TELECOM,LTE 1800, (LES PETITES FONTAINES) 37510 VILLANDRY,37272,"47.3242,0.4856",Pylône tubulaire,"22,4m",HIVORY,2026-08-21,ALL,,False,False
1791496,BOUYGUES TELECOM,LTE 1800,CHEMIN DES CÔTES VILLAGE D'ENTREPRISE (LES MOUILLES) 74100 VILLE LA GRAND,74305,"46.2053,6.2642",Pylône tubulaire,"19,6m",HIVORY,,AJO,,False,False
1798705,FREE MOBILE,"LTE 2100, 5G NR 700",CHEM DU POUS (LES HAUTES COSTES) 06910 LA ROQUE EN PROVENCE,06107,"43.8631,7.0142",Pylône autostable,12m,TOTEM,2026-08-24,ALL,,False,False
1799908,FREE MOBILE,5G NR 700,VOIE COMMUNALE N°11 DE BOIS LE ROI À COURTEMEAUX (LE MÉNILLET) 45210 GRISELLES,45161,"48.0636,2.8419",Pylône autostable,35m,TOTEM,2026-08-24,ALL,,False,False
1801705,BOUYGUES TELECOM,LTE 2600,250 AV DES DIABLES BLEUS CAMPING LES ROMARINS (LE POUS - GRANDE CORNICHE) 06360 EZE,06059,"43.7233,7.3361",Pylône arbre,14m,HIVORY,2026-08-11,ALL,,False,False
1804814,BOUYGUES TELECOM,LTE 700,RD 1 (LES BOIS COMMUNAUX) 36800 CHASSENEUIL,36042,"46.6811,1.5003",Pylône autostable,41m,TDF,2026-08-21,ALL,,False,False
1810428,BOUYGUES TELECOM,LTE 700,LA LANDE AUX GUIBETS (CLOS DE LA MER) 35540 PLERGUER,35224,"48.5153,-1.8106",Pylône autostable,28m,HIVORY,2026-08-21,ALL,,False,False
1811490,BOUYGUES TELECOM,LTE 700, (LE BRETON) 42660 ST ROMAIN LES ATHEUX,42286,"45.3531,4.3856",Pylône autostable,"29,7m",ATC FRANCE,2026-08-21,ALL,,False,False
1818020,BOUYGUES TELECOM,, (MONTMARTIN) 69770 MONTROTTIER,69139,"45.7836,4.4753",Pylône autostable,12m,HIVORY,2021-11-17,CHH,"13,4m",False,False
1818020,SFR,, (MONTMARTIN) 69770 MONTROTTIER,69139,"45.7836,4.4753",Pylône autostable,12m,HIVORY,2021-11-16,CHH,"13,4m",False,False
1829727,BOUYGUES TELECOM,"LTE 700, LTE 1800, 5G NR 2100", (LES BROSSES) 18410 BRINON SUR SAULDRE,18037,"47.6011,2.2431",Pylône autostable,"39,2m",ATC FRANCE,,AJO,,False,False
1843954,FREE MOBILE,"LTE 2100, 5G NR 700",ACCÈS SERVICE EST A77 (LES QUATRE TROGNES) 45700 ST HILAIRE SUR PUISEAUX,45283,"47.9025,2.6819",Pylône autostable,54m,Sociétés d'Autoroutes,2026-08-24,ALL,,False,False
1844421,SFR,"UMTS 2100, LTE 800",MÉTRO MAIRIE DE MONTROUGE 43 AV DE LA RÉPUBLIQUE (METRO MAIRIE DE MONTROUGE) 92120 MONTROUGE,92049,"48.8186,2.3194",Intérieur sous-terrain,0m,RATP,2017-06-23,SUP,,False,False
1844513,BOUYGUES TELECOM,"LTE 700, LTE 1800",27 ROUTE DE JOUY (LES HOMMERIES) 91570 BIEVRES,91064,"48.7525,2.2022",Pylône arbre,33m,ON TOWER FRANCE,2026-08-28,AAV,,False,True
1854615,SFR,"GSM 900, UMTS 900, LTE 700, LTE 800, LTE 1800, LTE 2100, LTE 2600, 5G NR 2100", (PLAN DE L'AIGUILLE) 74400 CHAMONIX MONT BLANC,74056,"45.9017,6.8847",Pylône autostable,35m,Société Privée,2018-05-04,SUP,,False,False
1855128,BOUYGUES TELECOM,LTE 700,AV DE LA LIBÉRATION 26 AOÛT 1944 CAVE COOPÉRATIVE 84290 CAIRANNE,84028,"44.2306,4.9278",Silo,"28,4m","Coopérative Agricole, Vinicole",,AJO,,False,False
1855128,BOUYGUES TELECOM,LTE 2100,AV DE LA LIBÉRATION 26 AOÛT 1944 CAVE COOPÉRATIVE 84290 CAIRANNE,84028,"44.2306,4.9278",Silo,"28,4m","Coopérative Agricole, Vinicole",2022-04-07,SUP,,False,False
1862550,BOUYGUES TELECOM,LTE 700,17 SAGNE FOURNE 05560 VARS,05177,"44.605,6.6942",Pylône autostable,"16,1m",HIVORY,2026-08-21,ALL,,False,False
1862559,FREE MOBILE,"LTE 2100, 5G NR 700",PRÈS D 910 (LA POSTE) 37800 STE CATHERINE DE FIERBOIS,37212,"47.1764,0.6603",Pylône autostable,30m,TOTEM,2026-08-24,ALL,,False,False
1863137,BOUYGUES TELECOM,LTE 700,ROUTE DE BOURGES (CHARPEIGNE) 18380 MERY ES BOIS,18149,"47.3019,2.3642",Pylône autostable,27m,HIVORY,2026-08-21,ALL,,False,False
1869619,PMT-VODAFONE,5G NR 3500,PK 17 ITI EST (TAUTIRA) 98722 TAIARAPU EST,98747,"-17.7506,-149.1592",Pylône autostable,30m,Pacific Mobile Telecom,2026-05-04,ART,,False,False
1874181,PMT-VODAFONE,5G NR 3500,PK30.5 OUEST (POINTE PAPAO: PLANTATION TIARE) 98712 PAPARA,98734,"-17.7522,-149.5536",Pylône autostable,35m,Pacific Mobile Telecom,2026-04-21,ART,,False,False
1875745,BOUYGUES TELECOM,LTE 700,R EMILLE LESOMMIER (LA BUCAILLE) 27700 GUISENIERS,27307,"49.2047,1.4744",Pylône autostable,30m,ATC FRANCE,,AJO,,False,False
1877971,FREE MOBILE,"LTE 700, LTE 1800, LTE 2600",14 AVENUE FRANÇOIS RABELAIS LE CLOS DU TÉTARD 45800 ST JEAN DE BRAYE,45284,"47.9078,1.9525",Bâtiment,25m,Société Privée,2026-08-24,ALL,,False,True
1891437,ORANGE,"LTE 1800, LTE 2100, 5G NR 700, 5G NR 3500",19-21 AVENUE DE THIÈS 14000 CAEN,14118,"49.1983,-0.3622",Bâtiment,"16,8m",Conseil Régional,,AJO,,False,False
1896715,FREE MOBILE,"LTE 2100, 5G NR 700", (LE CHAPUIS) 01800 JOYEUX,01198,"45.9281,5.1022",Pylône autostable,41m,ON TOWER FRANCE,2026-08-24,ALL,,False,False
1899083,ORANGE,LTE 700,CHEMIN DE BARROIS ROUTE DE CONNERRÉ - D119 72450 LOMBRON,72165,"48.0581,0.4439",Pylône autostable,"42,5m",TDF,2026-08-26,ALL,,False,False
1924425,BOUYGUES TELECOM,"LTE 700, LTE 800, LTE 1800, LTE 2600, 5G NR 2100",AV. DU DISTRICT ZI DONNERLOCH 57380 FAULQUEMONT,57209,"49.0469,6.6094",Silo,41m,"Coopérative Agricole, Vinicole",2026-08-21,ALL,,False,True
1934423,ORANGE,5G NR 700,LES PIRONNIÈRES (LA JUBERDIÈRE) 53810 CHANGE,53054,"48.1103,-0.7472",Pylône autostable,31m,TDF,,AJO,,False,False
1934423,ORANGE,LTE 700,LES PIRONNIÈRES (LA JUBERDIÈRE) 53810 CHANGE,53054,"48.1103,-0.7472",Pylône autostable,31m,TDF,2021-07-28,SUP,,False,False
1936342,BOUYGUES TELECOM,LTE 700,CHEM DÉPARTEMENTAL 106 RUE DU 11 NOVEMBRE 28130 CHARTAINVILLIERS,28084,"48.5328,1.5619",Pylône autostable,50m,HIVORY,2026-08-21,ALL,,False,False
1949394,BOUYGUES TELECOM,"LTE 700, LTE 2600", (LES HAUTES COSNIÈRES) 50300 ST JEAN DE LA HAIZE,50489,"48.7022,-1.3597",Pylône tubulaire,22m,HIVORY,2026-08-28,AJO,,False,False
1949394,BOUYGUES TELECOM,LTE 800, (LES HAUTES COSNIÈRES) 50300 ST JEAN DE LA HAIZE,50489,"48.7022,-1.3597",Pylône tubulaire,22m,HIVORY,2018-06-27,EXT,,False,False
1949394,BOUYGUES TELECOM,LTE 2100, (LES HAUTES COSNIÈRES) 50300 ST JEAN DE LA HAIZE,50489,"48.7022,-1.3597",Pylône tubulaire,22m,HIVORY,2023-02-01,SUP,,False,False
1952593,FREE MOBILE,5G NR 700,ROUTE DE CONCHES 27160 BRETEUIL,27112,"48.8481,0.9172",Château d'eau - réservoir,"37,4m","Commune, communauté de communes",2026-08-24,ALL,,False,False
1956389,FREE MOBILE,5G NR 700,PLACE DE L'ABBE FRANCES RUE DU CHÂTEAU 65100 POUEYFERRE,65366,"43.1197,-0.0769",Monument religieux,"33,6m","Commune, communauté de communes",2026-08-24,ALL,,False,False
1956779,BOUYGUES TELECOM,5G NR 3500,20 CITÉ DUGUESCLIN 29800 LANDERNEAU,29103,"48.4531,-4.2758",Immeuble,28m,Société HLM,,AJO,,False,False
1956779,BOUYGUES TELECOM,LTE 2100,20 CITÉ DUGUESCLIN 29800 LANDERNEAU,29103,"48.4531,-4.2758",Immeuble,28m,Société HLM,,SUP,,False,False
1957341,BOUYGUES TELECOM,LTE 700, (LA FRINGUERIE ) 72110 TORCE EN VALLEE,72359,"48.1428,0.3747",Pylône autostable,31m,HIVORY,2026-08-21,ALL,,False,False
1966929,BOUYGUES TELECOM,"LTE 700, LTE 2600, 5G NR 3500",PLACE DE L'ÉGLISE 49710 SEVREMOINE,49301,"47.0994,-1.1864",Monument religieux,35m,"Commune, communauté de communes",,AJO,,False,False
1966929,BOUYGUES TELECOM,LTE 2100,PLACE DE L'ÉGLISE 49710 SEVREMOINE,49301,"47.0994,-1.1864",Monument religieux,35m,"Commune, communauté de communes",2022-12-22,SUP,,False,False
1970151,BOUYGUES TELECOM,"GSM 900, LTE 2100",107 RN 62670 MAZINGARBE,62563,"50.4686,2.7594",Pylône autostable,32m,Société Privée,2019-05-27,SUP,,False,False
1987860,OUTREMER TELECOM,LTE 700,PK 28 ROUTE DE L'EST N2 (BEAUSÉJOUR SUD) 97352 ROURA,97310,"4.7194,-52.3931",Pylône autostable,52m,DIGICEL,2026-08-25,ALL,,False,False
1990887,BOUYGUES TELECOM,"LTE 700, LTE 1800, 5G NR 2100", ( LE FIEF MALADE) 44650 LEGE,44081,"46.9297,-1.5961",Pylône autostable,27m,HIVORY,,AJO,,False,False
1999610,OUTREMER TELECOM,LTE 700,PK22 - RTE DE L'EST - RN2 (MONTAGNE DES CHÂTEAUX NORD) 97352 ROURA,97310,"4.7569,-52.4261",Pylône autostable,50m,DIGICEL,2026-08-25,ALL,,False,False
2002411,ORANGE,LTE 2600, (LES PINOTIÈRES) 41170 LE PLESSIS DORIN,41177,"48.0856,0.8481",Pylône autostable,"30,4m",TOTEM,2026-08-20,ALL,,False,False
2011530,ORANGE,5G NR 700,"AV DE L'EUROPE BÂTIMENT ""LA NEF"" 54700 PONT A MOUSSON",54431,"48.9175,6.0656",Bâtiment,18m,ORANGE,2026-09-03,AAV,,False,False
2029816,ORANGE,LTE 2100,55 COURS KENNEDY (MÉTRO J.F KENNEDY) 35700 RENNES,35238,"48.1214,-1.7114",Intérieur sous-terrain,0m,"Commune, communauté de communes",,AJO,,False,False
2029816,ORANGE,UMTS 2100,55 COURS KENNEDY (MÉTRO J.F KENNEDY) 35700 RENNES,35238,"48.1214,-1.7114",Intérieur sous-terrain,0m,"Commune, communauté de communes",2018-10-01,SUP,,False,False
2029822,ORANGE,LTE 2100,5 PLACE RECTEUR HENRI LE MOAL (METRO VILLLEJEAN UNIVERSITE) 35700 RENNES,35238,"48.1214,-1.7042",Intérieur sous-terrain,0m,"Commune, communauté de communes",,AJO,,False,False
2029822,ORANGE,UMTS 2100,5 PLACE RECTEUR HENRI LE MOAL (METRO VILLLEJEAN UNIVERSITE) 35700 RENNES,35238,"48.1214,-1.7042",Intérieur sous-terrain,0m,"Commune, communauté de communes",2018-10-01,SUP,,False,False
2029828,ORANGE,LTE 2100,26 RUE JEAN OGEE (METRO PUITS TUMOINE) 35700 RENNES,35238,"48.1197,-1.6892",Intérieur sous-terrain,0m,"Commune, communauté de communes",,AJO,,False,False
2029828,ORANGE,UMTS 2100,26 RUE JEAN OGEE (METRO PUITS TUMOINE) 35700 RENNES,35238,"48.1197,-1.6892",Intérieur sous-terrain,0m,"Commune, communauté de communes",2018-10-01,SUP,,False,False
2029834,ORANGE,LTE 2100,20 RUE DU CARDINAL PAUL GOUYON (METRO ANATOLE FRANCE) 35700 RENNES,35238,"48.1181,-1.6878",Intérieur sous-terrain,0m,"Commune, communauté de communes",,AJO,,False,False
2029834,ORANGE,UMTS 2100,20 RUE DU CARDINAL PAUL GOUYON (METRO ANATOLE FRANCE) 35700 RENNES,35238,"48.1181,-1.6878",Intérieur sous-terrain,0m,"Commune, communauté de communes",2018-10-01,SUP,,False,False
2029840,ORANGE,LTE 2100,20 PLACE SAINT ANNE (METRO SAINTE ANNE) 35700 RENNES,35238,"48.1144,-1.6806",Intérieur sous-terrain,0m,"Commune, communauté de communes",,AJO,,False,False
2029840,ORANGE,UMTS 2100,20 PLACE SAINT ANNE (METRO SAINTE ANNE) 35700 RENNES,35238,"48.1144,-1.6806",Intérieur sous-terrain,0m,"Commune, communauté de communes",2018-10-01,SUP,,False,False
2029846,ORANGE,LTE 2100,1 B PLACE DE LA REPUBLIQUE (METRO REPUBLIQUE) 35700 RENNES,35238,"48.1097,-1.6792",Intérieur sous-terrain,0m,"Commune, communauté de communes",,AJO,,False,False
2029846,ORANGE,UMTS 2100,1 B PLACE DE LA REPUBLIQUE (METRO REPUBLIQUE) 35700 RENNES,35238,"48.1097,-1.6792",Intérieur sous-terrain,0m,"Commune, communauté de communes",2018-10-01,SUP,,False,False
2029852,ORANGE,LTE 2100,2 COURS DES ALLIES (METRO CHARLES DE GAULLE) 35700 RENNES,35238,"48.1056,-1.6769",Intérieur sous-terrain,0m,"Commune, communauté de communes",,AJO,,False,False
2029852,ORANGE,UMTS 2100,2 COURS DES ALLIES (METRO CHARLES DE GAULLE) 35700 RENNES,35238,"48.1056,-1.6769",Intérieur sous-terrain,0m,"Commune, communauté de communes",2018-10-01,SUP,,False,False
2029858,ORANGE,LTE 2100,17 RUE DE CHATILLON (METRO PUITS QUINELEU) 35700 RENNES,35238,"48.1025,-1.6722",Intérieur sous-terrain,0m,"Commune, communauté de communes",,AJO,,False,False
2029858,ORANGE,UMTS 2100,17 RUE DE CHATILLON (METRO PUITS QUINELEU) 35700 RENNES,35238,"48.1025,-1.6722",Intérieur sous-terrain,0m,"Commune, communauté de communes",2018-10-01,SUP,,False,False
2029864,ORANGE,LTE 2100,36 RUE MARIE-ROUAULT 102 RUE DE L ALMA (METRO JACQUES CARTIER) 35700 RENNES,35238,"48.0978,-1.6756",Intérieur sous-terrain,0m,"Commune, communauté de communes",,AJO,,False,False
2029864,ORANGE,UMTS 2100,36 RUE MARIE-ROUAULT 102 RUE DE L ALMA (METRO JACQUES CARTIER) 35700 RENNES,35238,"48.0978,-1.6756",Intérieur sous-terrain,0m,"Commune, communauté de communes",2018-10-01,SUP,,False,False
2029870,ORANGE,LTE 2100,1 RUE GENEVIÉVE DE GAULLE (METRO CLEMENCEAU) 35700 RENNES,35238,"48.0936,-1.6744",Intérieur sous-terrain,0m,"Commune, communauté de communes",,AJO,,False,False
2029870,ORANGE,UMTS 2100,1 RUE GENEVIÉVE DE GAULLE (METRO CLEMENCEAU) 35700 RENNES,35238,"48.0936,-1.6744",Intérieur sous-terrain,0m,"Commune, communauté de communes",2018-10-01,SUP,,False,False
2029876,ORANGE,LTE 2100,103 AVENUE HENRI FREVILLE (METRO HENRI FREVILLE) 35700 RENNES,35238,"48.0878,-1.6747",Intérieur sous-terrain,0m,"Commune, communauté de communes",,AJO,,False,False
2029876,ORANGE,UMTS 2100,103 AVENUE HENRI FREVILLE (METRO HENRI FREVILLE) 35700 RENNES,35238,"48.0878,-1.6747",Intérieur sous-terrain,0m,"Commune, communauté de communes",2018-10-01,SUP,,False,False
2029900,ORANGE,LTE 2100,18 PLACE DE LA GARE (METRO GARES) 35700 RENNES,35238,"48.1039,-1.6722",Intérieur sous-terrain,0m,"Commune, communauté de communes",,AJO,,False,False
2029900,ORANGE,UMTS 2100,18 PLACE DE LA GARE (METRO GARES) 35700 RENNES,35238,"48.1039,-1.6722",Intérieur sous-terrain,0m,"Commune, communauté de communes",2018-10-01,SUP,,False,False
2034105,BOUYGUES TELECOM,LTE 700,CHEM DE MONTRÉE 34130 MAUGUIO,34154,"43.6136,3.9394",Pylône tubulaire,12m,HIVORY,2026-08-21,ALL,,False,False
2047610,BOUYGUES TELECOM,,CHEMIN DES GRÉGIS (ZI DE DIGULLEVILLE) 50690 LA HAGUE,50041,"49.6797,-1.8581",Pylône autostable,"45,5m",HIVORY,2018-12-19,CHA,les Landes de Digulleville ZI,False,False
2047610,SFR,,CHEMIN DES GRÉGIS (ZI DE DIGULLEVILLE) 50690 LA HAGUE,50041,"49.6797,-1.8581",Pylône autostable,"45,5m",HIVORY,2026-01-27,CHA,les Landes de Digulleville ZI,False,False
2052080,FREE MOBILE,LTE 2100,13 ALLÉE DE NORMANDIE 78230 LE PECQ,78481,"48.8872,2.0983",Bâtiment,"35,5m",Société HLM,2026-08-24,ALL,,False,False
2053201,FREE MOBILE,5G NR 700, (AUX FERRIERES) 01480 MESSIMY SUR SAONE,01243,"46.05,4.7522",Pylône autostable,26m,ON TOWER FRANCE,2026-08-24,ALL,,False,False
2059705,FREE MOBILE,5G NR 3500,1 RUE DU ROLE 91800 BRUNOY,91114,"48.7,2.5078",Bâtiment,16m,"Copropriété, Syndic, SCI",2026-08-24,ALL,,False,False
2086312,OUTREMER TELECOM,LTE 700,MONT VENUS 97315 SINNAMARY,97312,"5.1781,-52.92",Pylône autostable,50m,TDF,2026-08-25,ALL,,False,False
2089551,ORANGE,5G NR 2100, (TENUE DES GRAILLINS) 86800 LAVOUX,86124,"46.6036,0.5325",Pylône autostable,30m,TOTEM,,AJO,,False,False
2095968,ORANGE,LTE 700,IMPASSE DU BON COIN (LA GRANDE PRAIRIE) 27470 FONTAINE L ABBE,27251,"49.0928,0.6903",Pylône autostable,45m,TOTEM,2026-08-27,ALL,,False,False
2119387,ORANGE,LTE 700,D16 PRÈS DU CIMETIÈRE (LA LANDE DE MONTECOUPLET) 72610 VILLENEUVE EN PERSEIGNE,72137,"48.4453,0.2464",Pylône autostable,30m,ATC FRANCE,2026-09-03,AAV,,False,False
2134552,BOUYGUES TELECOM,LTE 800,RTE D'EVOSGES D 102A (SOURCE DE PRÉ MARTIN EN BRUET) 01230 TENAY,01416,"45.9428,5.5072",Pylône autostable,20m,ATC FRANCE,2026-02-05,EXT,,False,False
2153437,OUTREMER TELECOM,LTE 700,RTE DU PETIT SAUT - RN1 PK CONTOURNEMENT KOUROU SINNAMARY (PETIT SAUT) 97310 KOUROU,97304,"5.1592,-52.8806",Pylône autostable,50m,TDF,2026-08-25,ALL,,False,False
2164870,BOUYGUES TELECOM,"GSM 900, 5G NR 2100, 5G NR 3500",139 RUE ROGER SALENGRO 93700 DRANCY,93029,"48.9136,2.4367",Immeuble,"52,6m","Copropriété, Syndic, SCI",,AJO,,False,False
2170329,ORANGE,5G NR 2100,14 RUE ST HONORÉ RUE DE LA PLAINE DES ORMEAUX 72130 SOUGE LE GANELON,72337,"48.3197,-0.0272",Pylône tubulaire,23m,ATC FRANCE,,AJO,,False,False
2180995,ORANGE,"LTE 1800, LTE 2100, 5G NR 3500",RUE DE LA BRIQUETERIE 60220 ABANCOURT,60001,"49.6869,1.7667",Pylône autostable,30m,TOTEM,2026-08-20,ALL,,False,False
2193028,SFR,LTE 700,9097 ROUTE DE PÉROLS 34970 LATTES,34129,"43.5606,3.9367",Pylône tubulaire,32m,HIVORY,,SUP,,False,False
2194636,OUTREMER TELECOM,LTE 700,RN1 (CARRIERE ROCHE CORAIL) 97310 KOUROU,97304,"5.1019,-52.7667",Pylône autostable,50m,TDF,2026-08-25,ALL,,False,False
2195763,SFR,"GSM 900, UMTS 900, LTE 700, LTE 800, LTE 2600, 5G NR 3500",CHEMIN DU TORDOIR 62590 OIGNIES,62637,"50.4622,2.9883",Château d'eau - réservoir,26m,"Commune, communauté de communes",,SUP,,False,False
2212072,ORANGE,LTE 2600,"15 CHEMIN DES FONTAINES, MERCIER 84110 VAISON LA ROMAINE",84137,"44.2356,5.0758",Pylône tubulaire,13m,TOTEM,,AJO,,False,False
2212072,ORANGE,GSM 900,"15 CHEMIN DES FONTAINES, MERCIER 84110 VAISON LA ROMAINE",84137,"44.2356,5.0758",Pylône tubulaire,13m,TOTEM,2020-04-06,SUP,,False,False
2217521,SFR,"LTE 700, LTE 800, LTE 1800, LTE 2100, LTE 2600, 5G NR 2100",LA PITANCE RD22 (LES NAUVES RONDES) 33920 ST GIRONS D AIGUEVIVES,33416,"45.1319,-0.5317",Pylône autostable,"38,9m",TDF,2026-08-25,ALL,,False,True
2237991,SFR,"LTE 700, LTE 2600, 5G NR 2100",30 CAVENUE DE LA LIBERATION 65430 SOUES,65433,"43.2053,0.1128",Pylône tubulaire,27m,BOUYGUES,,AJO,,False,False
2254656,BOUYGUES TELECOM,, (LE BONNEFONT) 06510 CONSEGUDES,06047,"43.8414,7.0492",Pylône autostable,"36,4m",BOUYGUES,2022-10-17,CHH,"38,7m",True,False
2254656,FREE MOBILE,, (LE BONNEFONT) 06510 CONSEGUDES,06047,"43.8414,7.0492",Pylône autostable,"36,4m",BOUYGUES,2021-11-29,CHH,"38,7m",True,False
2254656,ORANGE,, (LE BONNEFONT) 06510 CONSEGUDES,06047,"43.8414,7.0492",Pylône autostable,"36,4m",BOUYGUES,2022-09-20,CHH,"38,7m",True,False
2254656,SFR,, (LE BONNEFONT) 06510 CONSEGUDES,06047,"43.8414,7.0492",Pylône autostable,"36,4m",BOUYGUES,2022-11-14,CHH,"38,7m",True,False
2254969,ORANGE,"LTE 2100, 5G NR 700, 5G NR 3500",TERRAIN COMMUNAL (UNTERER) 68680 NIFFER,68238,"47.7228,7.5181",Pylône autostable,30m,TOTEM,,AJO,,False,False
2254969,ORANGE,LTE 700,TERRAIN COMMUNAL (UNTERER) 68680 NIFFER,68238,"47.7228,7.5181",Pylône autostable,30m,TOTEM,2020-10-23,SUP,,False,False
2255257,SFR,"UMTS 900, LTE 700, LTE 800, LTE 1800, LTE 2100, 5G NR 2100",300 CHEMIN DU MONT PARCIEU 01800 ST JEAN DE NIOST,01361,"45.8394,5.2222",Château d'eau - réservoir,27m,Conseil Départemental,,SUP,,False,True
2279198,SFR,"UMTS 900, LTE 700, LTE 800",QUARTIER CHATEAU 09500 LAPENNE,09153,"43.1569,1.7492",Pylône autostable,30m,SFR,2023-05-26,SUP,,True,False
2291803,ORANGE,"LTE 800, LTE 1800, LTE 2100, LTE 2600, 5G NR 700, 5G NR 3500",42 RUE DAVIEL TOUR 37 75013 PARIS 13,75113,"48.8286,2.3442",Immeuble,53m,Société HLM,2026-08-19,ALL,,False,True
2293830,BOUYGUES TELECOM,"LTE 700, LTE 1800, LTE 2600",PRÈS D57 ROUTE DE ST JEAN TROLIMON (KERYAN) 29720 PLONEOUR LANVERN,29174,"47.8908,-4.2958",Pylône autostable,30m,ATC FRANCE,2026-08-11,ALL,,False,False
2327354,ORANGE,"LTE 2600, 5G NR 2100",RUE DU STADE BÂT EDF (LA GRANDE COMBE) 73500 AVRIEUX,73026,"45.2161,6.7169",Pylône autostable,24m,TOTEM,,AJO,,False,False
2354500,ORANGE,5G NR 700,29 RUE PIERRE MARIE FACHE D8 52410 CHAMOUILLEY,52099,"48.6003,5.0444",Pylône autostable,33m,TOTEM,2026-08-27,ALL,,False,False
2390160,ORANGE,LTE 700,CHEM RURAL N°2 DIT DU RÉSERVOIR (LA GARENNE) 28500 AUNAY SOUS CRECY,28014,"48.6672,1.3078",Château d'eau - réservoir,35m,"Commune, communauté de communes",2026-08-27,ALL,,False,False
2396616,ORANGE,LTE 2100,19 RUE DE LA GUIBOURGÈRE (MÉTRO STATION TUNNEL T2) 35700 RENNES,35238,"48.0978,-1.7025",Intérieur sous-terrain,0m,"Commune, communauté de communes",,AJO,,False,False
2396616,ORANGE,UMTS 2100,19 RUE DE LA GUIBOURGÈRE (MÉTRO STATION TUNNEL T2) 35700 RENNES,35238,"48.0978,-1.7025",Intérieur sous-terrain,0m,"Commune, communauté de communes",2021-12-17,SUP,,False,False
2396622,ORANGE,LTE 2100,ALLÉE DE ROCHESTER (METRO STATION TUNNEL 8) 35700 RENNES,35238,"48.1283,-1.6622",Intérieur sous-terrain,0m,"Commune, communauté de communes",,AJO,,False,False
2396622,ORANGE,UMTS 2100,ALLÉE DE ROCHESTER (METRO STATION TUNNEL 8) 35700 RENNES,35238,"48.1283,-1.6622",Intérieur sous-terrain,0m,"Commune, communauté de communes",2021-12-17,SUP,,False,False
2397182,ORANGE,UMTS 2100,129 BOULEVARD DE VITRÉ (MÉTRO STATION JOLIOT CURIE) 35700 RENNES,35238,"48.1242,-1.6514",Intérieur sous-terrain,0m,"Commune, communauté de communes",2021-12-17,SUP,,False,False
2397184,ORANGE,LTE 2100,29 RUE LAFOND (METRO STATION PUITS_LAFOND) 35700 RENNES,35238,"48.1217,-1.6669",Intérieur sous-terrain,0m,"Commune, communauté de communes",,AJO,,False,False
2397184,ORANGE,UMTS 2100,29 RUE LAFOND (METRO STATION PUITS_LAFOND) 35700 RENNES,35238,"48.1217,-1.6669",Intérieur sous-terrain,0m,"Commune, communauté de communes",2021-12-17,SUP,,False,False
2397192,ORANGE,LTE 2100,24 RUE DE LA MARBAUDAIS (METRO STATION GROS CHENE) 35700 RENNES,35238,"48.1253,-1.6644",Intérieur sous-terrain,0m,"Commune, communauté de communes",,AJO,,False,False
2397192,ORANGE,UMTS 2100,24 RUE DE LA MARBAUDAIS (METRO STATION GROS CHENE) 35700 RENNES,35238,"48.1253,-1.6644",Intérieur sous-terrain,0m,"Commune, communauté de communes",2021-12-17,SUP,,False,False
2397194,ORANGE,LTE 2100,9 ALLÉE DE ROCHESTER (METRO STATION TUNNEL T9) 35700 RENNES,35238,"48.1281,-1.6522",Intérieur sous-terrain,0m,"Commune, communauté de communes",,AJO,,False,False
2397194,ORANGE,UMTS 2100,9 ALLÉE DE ROCHESTER (METRO STATION TUNNEL T9) 35700 RENNES,35238,"48.1281,-1.6522",Intérieur sous-terrain,0m,"Commune, communauté de communes",2021-12-17,SUP,,False,False
2401865,ORANGE,LTE 2100,PLACE DU COLOMBIER (MÉTRO STATION TUNNEL T4) 35700 RENNES,35238,"48.1053,-1.6775",Intérieur sous-terrain,0m,"Commune, communauté de communes",,AJO,,False,False
2401865,ORANGE,UMTS 2100,PLACE DU COLOMBIER (MÉTRO STATION TUNNEL T4) 35700 RENNES,35238,"48.1053,-1.6775",Intérieur sous-terrain,0m,"Commune, communauté de communes",2021-12-17,SUP,,False,False
2401867,ORANGE,LTE 2100,22 RUE MIRABEAU (MÉTRO STATION TUNNEL T10) 35700 RENNES,35238,"48.1231,-1.6469",Intérieur sous-terrain,0m,"Commune, communauté de communes",,AJO,,False,False
2401867,ORANGE,UMTS 2100,22 RUE MIRABEAU (MÉTRO STATION TUNNEL T10) 35700 RENNES,35238,"48.1231,-1.6469",Intérieur sous-terrain,0m,"Commune, communauté de communes",2021-12-17,SUP,,False,False
2405160,BOUYGUES TELECOM,"LTE 700, LTE 1800, LTE 2100",CHE DE TRAUSANES RÉSERVOIR COMMUNAL D118 (TRAUSANES) 11260 CAMPAGNE SUR AUDE,11063,"42.9169,2.2003",Pylône autostable,24m,HIVORY,,AJO,,False,True
2405160,BOUYGUES TELECOM,GSM 900,CHE DE TRAUSANES RÉSERVOIR COMMUNAL D118 (TRAUSANES) 11260 CAMPAGNE SUR AUDE,11063,"42.9169,2.2003",Pylône autostable,24m,HIVORY,,SUP,,False,True
2409017,ORANGE,LTE 2100,75 RUE JEAN GUÉHENNO (METRO STATION JULES FERRY ) 35700 RENNES,35238,"48.1186,-1.6708",Intérieur sous-terrain,0m,"Commune, communauté de communes",,AJO,,False,False
2409017,ORANGE,UMTS 2100,75 RUE JEAN GUÉHENNO (METRO STATION JULES FERRY ) 35700 RENNES,35238,"48.1186,-1.6708",Intérieur sous-terrain,0m,"Commune, communauté de communes",2021-12-17,SUP,,False,False
2409021,ORANGE,LTE 2100,RUE MARTHE-SIMARD RUE GUY ROPARTZ (METRO STATION LES GAYEULLES) 35700 RENNES,35238,"48.1292,-1.6553",Intérieur sous-terrain,0m,"Commune, communauté de communes",,AJO,,False,False
2409021,ORANGE,"UMTS 2100, LTE 700",RUE MARTHE-SIMARD RUE GUY ROPARTZ (METRO STATION LES GAYEULLES) 35700 RENNES,35238,"48.1292,-1.6553",Intérieur sous-terrain,0m,"Commune, communauté de communes",2021-12-17,SUP,,False,False
2409500,ORANGE,LTE 2100,99 BOULEVARD JEAN MERMOZ (METRO STAT ST JACQUES GAITE) 35136 ST JACQUES DE LA LANDE,35281,"48.0922,-1.7033",Intérieur sous-terrain,0m,"Commune, communauté de communes",,AJO,,False,False
2409500,ORANGE,"UMTS 2100, LTE 700",99 BOULEVARD JEAN MERMOZ (METRO STAT ST JACQUES GAITE) 35136 ST JACQUES DE LA LANDE,35281,"48.0922,-1.7033",Intérieur sous-terrain,0m,"Commune, communauté de communes",2021-12-17,SUP,,False,False
2409856,ORANGE,LTE 2100,73 BOULEVARD JEAN MERMOZ (METRO STATION TUNNEL T1) 35136 ST JACQUES DE LA LANDE,35281,"48.0939,-1.6997",Intérieur sous-terrain,0m,"Commune, communauté de communes",,AJO,,False,False
2409856,ORANGE,UMTS 2100,73 BOULEVARD JEAN MERMOZ (METRO STATION TUNNEL T1) 35136 ST JACQUES DE LA LANDE,35281,"48.0939,-1.6997",Intérieur sous-terrain,0m,"Commune, communauté de communes",2021-12-17,SUP,,False,False
2411151,BOUYGUES TELECOM,LTE 700, (MONDOIGT) 03420 RONNET,03216,"46.2206,2.7189",Pylône autostable,"38,3m",PHOENIX FRANCE INFRASTRUCTURES,2026-08-21,ALL,,False,False
2415112,SFR,"UMTS 900, LTE 800",ROUTE D'URRUTIA (AGUERRIATCE) 64120 BEYRIE SUR JOYEUSE,64120,"43.3169,-1.1008",Pylône autostable,"34,2m",PHOENIX FRANCE INFRASTRUCTURES,,SUP,,True,True
2417442,BOUYGUES TELECOM,LTE 700,A 28 (BEL AIR) 72250 BRETTE LES PINS,72047,"47.9172,0.2994",Pylône autostable,38m,Sociétés d'Autoroutes,2026-08-21,ALL,,False,False
2417446,BOUYGUES TELECOM,"LTE 700, LTE 800, LTE 1800, LTE 2100, LTE 2600",RUE DE CHARNY D139 (L'ESPINETTE) 77410 MESSY,77292,"48.9683,2.7269",Pylône autostable,34m,TDF,2026-08-21,ALL,,False,True
2429359,ORANGE,5G NR 2100,PERPENDICULAIRE À LA D104 (LES BLACHES EST) 07140 LES ASSIONS,07017,"44.4342,4.2231",Pylône autostable,20m,ATC FRANCE,2026-08-20,ALL,,False,False
2442945,BOUYGUES TELECOM,LTE 1800,ROUTE DE LA PLAINE 76890 GUEUTTEVILLE,76335,"49.6431,0.9964",Pylône autostable,36m,HIVORY,,AJO,,False,False
2450184,BOUYGUES TELECOM,LTE 700,LES MOLIERES 69170 AFFOUX,69001,"45.8403,4.3939",Pylône autostable,"38,2m",PHOENIX FRANCE INFRASTRUCTURES,2026-08-21,ALL,,False,False
2474683,SFR,5G NR 3500,3 R PAUL MONTROCHET CENTRE COMMERCIAL CONFLUENCE NOVOTEL 69002 LYON 02,69382,"45.7414,4.8153",Bâtiment,33m,Société Privée,,SUP,,False,False
2477907,BOUYGUES TELECOM,LTE 2100,CHEMIN DU CHATEAU D'EAU 70300 FOUGEROLLES ST VALBERT,70245,"47.8536,6.3989",Pylône autostable,36m,SFR,,AJO,,False,False
2477926,SFR,LTE 1800, (WALDBRUDERRAIN) 67530 BOERSCH,67052,"48.4706,7.4025",Pylône autostable,42m,SFR,2026-08-20,ALL,,False,False
2481058,BOUYGUES TELECOM,5G NR 2100,CHEM COMMUNAL DE LA RUE DE L EGLISE (LES CORTENNES) 71440 SAVIGNY SUR SEILLE,71508,"46.6217,5.1147",Pylône autostable,"36,1m",SFR,,AJO,,False,False
2487539,BOUYGUES TELECOM,5G NR 3500,8 AVENUE DU 11 NOVEMBRE 49620 MAUGES SUR LOIRE,49244,"47.3494,-0.8542",Pylône autostable,"26,5m",PHOENIX FRANCE INFRASTRUCTURES,,AJO,,False,False
2487539,BOUYGUES TELECOM,LTE 700,8 AVENUE DU 11 NOVEMBRE 49620 MAUGES SUR LOIRE,49244,"47.3494,-0.8542",Pylône autostable,"26,5m",PHOENIX FRANCE INFRASTRUCTURES,2025-01-09,EXT,,False,False
2487539,BOUYGUES TELECOM,LTE 2100,8 AVENUE DU 11 NOVEMBRE 49620 MAUGES SUR LOIRE,49244,"47.3494,-0.8542",Pylône autostable,"26,5m",PHOENIX FRANCE INFRASTRUCTURES,2024-02-22,SUP,,False,False
2493639,BOUYGUES TELECOM,"LTE 700, LTE 1800, LTE 2100, 5G NR 2100",ROUTE DE LA BAUME (LA VALLEE) 12230 LAPANOUSE DE CERNON,12122,"44.0142,3.1131",Pylône autostable,"26,3m",PHOENIX FRANCE INFRASTRUCTURES,2026-08-25,ALL,,False,False
250946,SFR,"LTE 700, 5G NR 3500",BRETELLE DE RACCORDEMENT DE L'A A71 À LA RN 20 45160 OLIVET,45232,"47.8406,1.8683",Pylône tubulaire,25m,HIVORY,,SUP,,False,False
2521469,BOUYGUES TELECOM,"UMTS 900, LTE 700, LTE 800, LTE 1800, LTE 2100, 5G NR 2100", (LE BOIS DES CHASES) 07340 ST ETIENNE DE VALOUX,07234,"45.2369,4.7828",Pylône autostable,"42,1m",SFR,2026-08-21,ALL,,False,True
2526506,ORANGE,5G NR 2100,LE CLOCHER D606 D196 (LES JAMIS) 89140 VILLEMANOCHE,89456,"48.3069,3.1817",Pylône autostable,32m,TDF,2026-08-19,ALL,,False,False
2527799,SFR,LTE 2100, (PLAN MONNET) 38830 CRETS EN BELLEDONNE,38439,"45.3733,6.0089",Pylône autostable,30m,HIVORY,2026-08-21,ALL,,False,False
2530802,BOUYGUES TELECOM,LTE 700,R DE LA CROIX DE VANTAIL (EN RANZ) 34190 GANGES,34111,"43.9375,3.6981",Pylône autostable,25m,BOUYGUES,2026-08-21,ALL,,False,False
2532473,BOUYGUES TELECOM,5G NR 2100,CHEMIN DU CRET (LE CRET) 71700 BOYER,71052,"46.6036,4.9053",Pylône autostable,42m,SFR,2026-08-21,ALL,,False,False
2578068,BOUYGUES TELECOM,LTE 2100,"6, RTE DE MAZINGARBE 62980 NOYELLES LES VERMELLES",62626,"50.4831,2.7203",Pylône autostable,27m,BOUYGUES,2022-11-30,SUP,,False,False
2582358,BOUYGUES TELECOM,LTE 700,D743 (LES PIERRIÈRES) 79310 MAZIERES EN GATINE,79172,"46.5142,-0.3306",Pylône autostable,26m,PHOENIX FRANCE INFRASTRUCTURES,2026-08-21,ALL,,False,False
2586939,ORANGE,"UMTS 900, LTE 700, 5G NR 3500",IMPASSE CLÉMENT GUMBS (LA SAVANE) 97150 ST MARTIN,97801,"18.0903,-63.0681",Pylône autostable,"11,6m",ORANGE,,AJO,,False,False
2586939,ORANGE,"GSM 900, LTE 2600",IMPASSE CLÉMENT GUMBS (LA SAVANE) 97150 ST MARTIN,97801,"18.0903,-63.0681",Pylône autostable,"11,6m",ORANGE,2026-05-15,SUP,,False,False
2614708,BOUYGUES TELECOM,"GSM 900, UMTS 900, LTE 800",CHEMIN DE TRONCHOY (DERRIÈRE LES HERBAGES) 80640 HORNOY LE BOURG,80443,"49.8117,1.8547",Pylône autostable,44m,SFR,2026-08-21,ALL,,False,True
2616706,BOUYGUES TELECOM,LTE 2600,D140 (LA HAIE) 56190 LAUZACH,56109,"47.6061,-2.5511",Pylône autostable,32m,BOUYGUES,,AJO,,False,False
2616718,ORANGE,"LTE 2100, 5G NR 700, 5G NR 3500",RUE MARIE DE VAUDEMONT (LES HAUTES TERRES) 27370 ST PIERRE DU BOSGUERARD,27595,"49.2531,0.8964",Pylône autostable,37m,ATC FRANCE,,AJO,,False,False
2616718,ORANGE,LTE 700,RUE MARIE DE VAUDEMONT (LES HAUTES TERRES) 27370 ST PIERRE DU BOSGUERARD,27595,"49.2531,0.8964",Pylône autostable,37m,ATC FRANCE,2021-05-19,SUP,,False,False
2631481,BOUYGUES TELECOM,5G NR 2100, (PRUNELLI) 20230 TALASANI,2B319,"42.4186,9.5367",Pylône autostable,36m,SFR,,AJO,,False,False
2634062,BOUYGUES TELECOM,"LTE 700, LTE 800, LTE 1800, LTE 2100, LTE 2600, 5G NR 2100, 5G NR 3500", (RUE DU ROCHER) 57800 FREYMING MERLEBACH,57240,"49.1575,6.8094",Pylône autostable,32m,TOWEO,2026-08-21,ALL,,False,True
2635897,BOUYGUES TELECOM,"UMTS 900, LTE 700, LTE 800, LTE 1800, LTE 2100, 5G NR 2100",AVENUE JEAN MOULIN 63910 VERTAIZON,63453,"45.7836,3.3017",Pylône autostable,36m,SFR,2026-08-21,ALL,,False,True
2640183,BOUYGUES TELECOM,"LTE 2100, 5G NR 3500",2 BD CHARLES GAUTIER (CARREFOUR) 44800 ST HERBLAIN,44162,"47.2222,-1.6042",Bâtiment,"14,2m",CELLNEX,,SUP,,False,True
2651410,ORANGE,5G NR 700,31 BIS RUE DE LA CITADELLE 91210 DRAVEIL,91201,"48.6847,2.4244",Pylône tubulaire,12m,ORANGE,,AJO,,False,False
2674067,BOUYGUES TELECOM,"LTE 700, LTE 800",LA CROIX FORFAITURE 78410 AUBERGENVILLE,78029,"48.9636,1.8608",Pylône tubulaire,"31,7m",BOUYGUES,2026-08-27,ALL,,False,True
2679125,BOUYGUES TELECOM,"GSM 900, UMTS 900, LTE 700, LTE 800, LTE 1800, LTE 2100, 5G NR 2100",ROUTE DE BELLEGARDE D1508 (SERRASSON OUEST) 74270 MUSIEGES,74195,"46.0061,5.9575",Pylône autostable,36m,HIVORY,,AJO,,False,True
2691347,BOUYGUES TELECOM,"UMTS 900, LTE 700, LTE 800, LTE 1800, LTE 2100, 5G NR 2100",CHEMIN D'EXPLOITATION N°13 (BIERREVERY) 70240 SAULX,70478,"47.6789,6.2581",Pylône autostable,"41,4m",TDF,2026-08-21,ALL,,False,True
2697896,BOUYGUES TELECOM,5G NR 2100,PROCHE DE D55 (PIALTELLU) 20166 COGNOCOLI MONTICCHI,2A091,"41.8067,8.8492",Pylône autostable,36m,SFR,,AJO,,False,False
2703796,BOUYGUES TELECOM,"UMTS 900, LTE 700, LTE 800, LTE 1800, LTE 2100",ROUTE DE CORCONDRAY D11 (LA POMMERADE) 25410 CORCONDRAY,25164,"47.23,5.8397",Pylône autostable,44m,SFR,2026-08-21,ALL,,False,True
2734658,SRR,5G NR 3500,12 RUE BAMCOLO BADJAMAL (PLACE MARIAGE) 97605 MAMOUDZOU,97611,"-12.815,45.1958",Pylône autostable,28m,ORANGE,2026-08-25,ALL,,False,False
2745561,FREE MOBILE,"LTE 700, LTE 900, LTE 1800, LTE 2600, 5G NR 700, 5G NR 3500",CHAMP DE COURSES D'ENTRAINEMENT DE FROMAINVILLE AVENUE LA FONTAINE 78260 ACHERES,78005,"48.9667,2.1744",Pylône autostable,36m,FREE-MOBILE,2026-08-24,ALL,,False,True
2762139,BOUYGUES TELECOM,"LTE 1800, LTE 2600",23-25 AV DES CHUTES LAVIE 13004 MARSEILLE 04,13204,"43.3144,5.3958",Immeuble,"16,1m","Copropriété, Syndic, SCI",2026-08-13,ALL,,False,False
2765246,BOUYGUES TELECOM,LTE 2600,PROCHE RUE DES LILAS LA NOE PLESSIS DEPARTEMENTALE 18 (LES MESLIERS) 44522 LA ROCHE BLANCHE,44222,"47.4456,-1.1456",Pylône autostable,36m,PHOENIX FRANCE INFRASTRUCTURES,2026-08-12,ALL,,False,False
2773166,ORANGE,5G NR 700,1 H RUE DE BUZENVAL D 311 ROUTE DE SAINT-GERMAIN 78420 CARRIERES SUR SEINE,78124,"48.9158,2.1764",Immeuble,27m,"Copropriété, Syndic, SCI",,AJO,,False,False
2773166,ORANGE,LTE 700,1 H RUE DE BUZENVAL D 311 ROUTE DE SAINT-GERMAIN 78420 CARRIERES SUR SEINE,78124,"48.9158,2.1764",Immeuble,27m,"Copropriété, Syndic, SCI",2025-01-29,SUP,,False,False
2775720,OUTREMER TELECOM,5G NR 3500,54 RUE SAINT-JEAN 97160 LE MOULE,97117,"16.3325,-61.3458",Bâtiment,18m,Particulier,2026-08-12,ALL,,False,False
2778321,FREE MOBILE,LTE 700,112 RUE DU MESCADIOU ZONE MESCADIOU 29850 GOUESNOU,29061,"48.4433,-4.4583",Pylône tubulaire,36m,CELLNEX,2026-08-24,ALL,,False,True
2781039,SFR,"LTE 700, LTE 800, LTE 1800, LTE 2100, LTE 2600, 5G NR 3500",RUE DE BEAUMONT COMPLEXE DUBUS 59510 HEM,59299,"50.6572,3.1847",Pylône tubulaire,27m,SFR,2026-08-19,ALL,,False,True
2793662,SFR,UMTS 900,70 RUE MAURICE BOUCHERY 59113 SECLIN,59560,"50.5533,3.0283",Immeuble,"16,8m","Copropriété, Syndic, SCI",,SUP,,False,False
2794212,ORANGE,"LTE 1800, 5G NR 2100",D599 ROUTE DES IGUES (LES IGUES) 12140 FLORENTIN LA CAPELLE,12103,"44.65,2.6939",Pylône autostable,26m,FREE-MOBILE,2026-08-20,ALL,,False,False
2803519,SFR,UMTS 900,7 ROUTE DE SAINT JOSEPH RUE DE LA TRÉMISSINIÈRE 44300 NANTES,44109,"47.2353,-1.5414",Immeuble,"23,1m",Société Privée,,SUP,,False,True
2818179,BOUYGUES TELECOM,"LTE 2100, 5G NR 3500",126 BD BÉRANGER 37200 TOURS,37261,"47.3883,0.6769",Immeuble,27m,"Copropriété, Syndic, SCI",,SUP,,False,True
2823731,ORANGE,"LTE 800, 5G NR 700",3111 ROUTE DE PÉROLS STADE MARIUS VITOU (LE MAS SAINT JEAN) 34970 LATTES,34129,"43.5606,3.9367",Pylône tubulaire,30m,CELLNEX,2026-08-24,ALL,,False,True
2828392,ORANGE,5G NR 2100,AU CHEMIN DE MESPUITS D12 91150 ROINVILLIERS,91526,"48.3561,2.2492",Pylône autostable,30m,ATC FRANCE,,AJO,,False,False
2845808,SFR,UMTS 900,RUE LEON BLUM (LES USINES) 62290 NOEUX LES MINES,62617,"50.4781,2.6794",Pylône tubulaire,26m,ON TOWER FRANCE,,SUP,,False,True
2855106,BOUYGUES TELECOM,,ZAC DU HAUT PONT 62500 ST OMER,62765,"50.7592,2.2578",Pylône autostable,34m,SFR,2023-10-02,CHA,ZONE DU HAUT PONT,False,False
2855106,ORANGE,,ZAC DU HAUT PONT 62500 ST OMER,62765,"50.7592,2.2578",Pylône autostable,34m,SFR,2024-10-16,CHA,ZONE DU HAUT PONT,False,False
2855106,SFR,,ZAC DU HAUT PONT 62500 ST OMER,62765,"50.7592,2.2578",Pylône autostable,34m,SFR,2023-08-24,CHA,ZONE DU HAUT PONT,False,False
2857341,BOUYGUES TELECOM,"LTE 2100, 5G NR 3500",ZAC PORTE DE KER LANN 35170 BRUZ,35047,"48.0547,-1.7439",Pylône autostable,"34,5m",CELLNEX,,SUP,,False,True
2886466,BOUYGUES TELECOM,LTE 2100,23 CHEM DES LODGES 14100 BEUVILLERS,14069,"49.1261,0.2611",Pylône autostable,"26,5m",CELLNEX,2023-12-27,SUP,,False,False
2890755,SFR,"LTE 2600, 5G NR 3500",RUE DU CHÂTEAU D'EAU LE CHEMIN DE MAILHAC 11120 GINESTAS,11164,"43.2703,2.8625",Pylône autostable,36m,SFR,,AJO,,False,False
2893882,SFR,UMTS 900,3 RUE GUY MOQUET 24120 TERRASSON LAVILLEDIEU,24547,"45.1336,1.2875",Bâtiment,18m,"Copropriété, Syndic, SCI",,SUP,,False,True
2906700,ORANGE,5G NR 2100,ROUTE DE POMPADOUR - D5E3 PUIS CHEMIN RURAL VERS RÉSERVOIRS (LE PUY DE CORNUT) 24160 GENIS,24196,"45.3322,1.1867",Pylône autostable,36m,ATC FRANCE,2026-08-19,ALL,,False,False
2908160,SFR,UMTS 900,CHEMIN RURAL N°49 PROCHE DE CHEMIN DE SUNIVORSU (PIANO) 20137 PORTO VECCHIO,2A247,"41.6342,9.2653",Pylône autostable,36m,SFR,,SUP,,False,True
2909968,BOUYGUES TELECOM,5G NR 3500,D543 LES BEAUMELLES ET PEYRE FO 07600 VALLEES D ANTRAIGUES ASPERJOC,07011,"44.6889,4.3561",Pylône autostable,20m,HIVORY,,AJO,,False,False
2911412,SFR,5G NR 3500,RUE LAVOISIER 43100 BRIOUDE,43040,"45.3133,3.3769",Pylône autostable,30m,SFR,2026-08-21,AJA,,False,False
2918087,FREE MOBILE,"LTE 700, LTE 900, LTE 1800, LTE 2100, LTE 2600, 5G NR 3500",29 RUE DE LA BARATERIE DOMAINE DE LA BARATERIE 49100 ANGERS,49007,"47.4503,-0.5261",Bâtiment,"22,7m","Copropriété, Syndic, SCI",2026-08-24,ALL,,False,True
2923848,BOUYGUES TELECOM,LTE 2600,ROUTE DE MONTEREAU CHEMIN RURAL DIT DES SENTIERS (LES SENTIERS DE VILLENEUVE) 77940 LA BROSSE MONTCEAUX,77054,"48.3453,3.0375",Pylône autostable,40m,FREE-MOBILE,,AJO,,False,False
2930648,BOUYGUES TELECOM,5G NR 3500,AVENUE DU GÉNÉRAL LECLERC 76530 GRAND COURONNE,76319,"49.3658,1.0147",Pylône tubulaire,38m,ON TOWER FRANCE,2026-08-10,ALL,,False,False
2933841,BOUYGUES TELECOM,5G NR 3500,ROUTE DEPARTEMENTALE N°1 DE METZ À MONDORFF (LES VINGT JOURNAUX) 57640 ARGANCY,57028,"49.1981,6.2103",Pylône autostable,36m,HIVORY,,AJO,,False,False
2936394,BOUYGUES TELECOM,5G NR 3500,CHEMIN RURAL D'EXPLOITATION D'ERCHING (LIMBACH) 57720 ERCHING,57196,"49.1153,7.26",Pylône autostable,42m,HIVORY,,AJO,,False,False
2936714,SFR,5G NR 3500,ROUTE DE MONT SOUS VAUDREY (LA POMMEREY) 39120 LE DESCHAUX,39193,"46.95,5.5094",Pylône autostable,42m,SFR,,AJO,,False,False
2940265,BOUYGUES TELECOM,"GSM 900, LTE 2100",RUE GUSTAVE COURBET TOUR DALLOZ 62300 LENS,62498,"50.4436,2.8356",Immeuble,57m,Société HLM,1997-11-03,SUP,,False,False
2947398,BOUYGUES TELECOM,5G NR 3500,IMPASSE DES PEUPLIERS 26260 BATHERNAY,26028,"45.1753,4.9997",Pylône autostable,36m,SFR,,AJO,,False,False
2947545,SFR,UMTS 900,61 BD HENRI DE JOUVENEL RÉSIDENCE LES ACACIAS  19100 BRIVE LA GAILLARDE,19031,"45.1619,1.5222",Immeuble,25m,"Copropriété, Syndic, SCI",,SUP,,False,True
2954689,SFR,UMTS 900,32 RUE RENÉ DESMAISON 24750 BOULAZAC ISLE MANOIRE,24053,"45.1781,0.7939",Pylône autostable,42m,TDF,,SUP,,False,False
2954921,BOUYGUES TELECOM,"LTE 700, LTE 800",7 R PHILIBERT HOFFMAN 93110 ROSNY SOUS BOIS,93064,"48.8792,2.485",Immeuble,"37,8m","Copropriété, Syndic, SCI",2026-08-25,ALL,,False,True
2958397,SFR,5G NR 3500,8 RUE DES MARNIERES (CARRE PONSOT) 25530 VERCEL VILLEDIEU LE CAMP,25601,"47.1856,6.4106",Pylône autostable,36m,SFR,,AJO,,False,False
2959566,BOUYGUES TELECOM,5G NR 3500,CHEMIN DES TARTREUX 77400 DAMPMART,77155,"48.8867,2.7583",Pylône autostable,"32,6m","Commune, communauté de communes",2026-08-13,ALL,,False,False
2961347,FREE MOBILE,LTE 700, (LA COSSONNIERE) 49400 BELLEVIGNE LES CHATEAUX,49060,"47.1764,-0.0744",Pylône autostable,"32,6m",TDF,2026-08-31,AAV,,False,True
2965316,SFR,5G NR 3500,26 CHEMIN VICINAL VICINAL DE LA MILLIERE A ST MENET 13011 MARSEILLE 11,13211,"43.2853,5.4986",Pylône autostable,"14,7m",SFR,,AJO,,False,True
2965316,SFR,UMTS 900,26 CHEMIN VICINAL VICINAL DE LA MILLIERE A ST MENET 13011 MARSEILLE 11,13211,"43.2853,5.4986",Pylône autostable,"14,7m",SFR,,SUP,,False,True
2966214,BOUYGUES TELECOM,,1 ZA DU GROS CHENE PROCHE D21 53260 FORCE,53099,"48.0317,-0.7008",Pylône autostable,"30,8m",CELLNEX,2024-11-07,CHA,1 ZA DU GROS CHENE,False,False
2966214,SFR,,1 ZA DU GROS CHENE PROCHE D21 53260 FORCE,53099,"48.0317,-0.7008",Pylône autostable,"30,8m",CELLNEX,2024-11-22,CHA,1 ZA DU GROS CHENE,False,False
2970061,BOUYGUES TELECOM,5G NR 3500,2 L'HOMMEAU RUE FERDINAND BUISSON (L'HOMMEAU) 53810 CHANGE,53054,"48.0956,-0.7489",Pylône autostable,"32,6m",CELLNEX,,AJO,,False,False
2970061,BOUYGUES TELECOM,"LTE 700, LTE 800",2 L'HOMMEAU RUE FERDINAND BUISSON (L'HOMMEAU) 53810 CHANGE,53054,"48.0956,-0.7489",Pylône autostable,"32,6m",CELLNEX,2024-12-09,EXT,,False,False
2970378,SFR,5G NR 3500,RUE DE LA GARENNE (LA VIGEIRE) 43410 LEMPDES SUR ALLAGNON,43120,"45.3931,3.2747",Pylône autostable,"42,4m",TDF,2026-08-21,AJA,,False,False
2972260,BOUYGUES TELECOM,5G NR 3500,1132 ROUTE DU  CHATEAU  DU ROURET (PIC CHARNAL) 07120 GROSPIERRES,07101,"44.3814,4.2792",Pylône autostable,24m,CELLNEX,,AJO,,False,False
2972748,SFR,LTE 2600,ROUTE DE KLEINDAL VERS A4 (ROUMES) 57740 LONGEVILLE LES ST AVOLD,57413,"49.1319,6.6186",Pylône autostable,42m,HIVORY,,AJO,,False,True
2972748,SFR,"UMTS 900, LTE 2100",ROUTE DE KLEINDAL VERS A4 (ROUMES) 57740 LONGEVILLE LES ST AVOLD,57413,"49.1319,6.6186",Pylône autostable,42m,HIVORY,,SUP,,False,True
2973621,BOUYGUES TELECOM,LTE 2100,RUE ÉMILE ZOLA (LE CANTON DE LANGLE SUD) 62740 FOUQUIERES LES LENS,62351,"50.4308,2.92",Pylône autostable,37m,SFR,2024-09-03,SUP,,False,False
2976236,ORANGE,"LTE 2100, 5G NR 700, 5G NR 3500",PROCHE DE RUE DES JARDINS (HINTER DER KIRCHE) 68320 DURRENENTZEN,68076,"48.0936,7.495",Pylône autostable,30m,ATC FRANCE,,AJO,,False,False
2976236,ORANGE,LTE 700,PROCHE DE RUE DES JARDINS (HINTER DER KIRCHE) 68320 DURRENENTZEN,68076,"48.0936,7.495",Pylône autostable,30m,ATC FRANCE,2020-01-28,SUP,,False,False
2985940,FREE MOBILE,"LTE 700, LTE 900, LTE 1800, LTE 2100, LTE 2600, 5G NR 3500",43 RUE PIERRE DUPONT 59790 RONCHIN,59507,"50.6039,3.0828",Immeuble,"18,8m",Société HLM,2026-08-24,ALL,,False,True
2990242,SFR,5G NR 3500,ROUTE DÉPARTEMENTALE  23A (GRANDE MARE GOUGEAT) 21250 CORGENGOUX,21193,"46.9917,4.9983",Pylône autostable,36m,SFR,2026-08-25,AJA,,False,False
2991468,FREE MOBILE,LTE 700,PROCHE STADA DI U MARE PROPRIÉTÉ CIPRIANI DON LOUIS (PROPRIÉTÉ CIPRIANI DON LOUIS) 20290 LUCCIANA,2B148,"42.5422,9.5283",Pylône autostable,48m,FREE-MOBILE,2026-08-31,AAV,,False,True
2992413,BOUYGUES TELECOM,UMTS 2100,PLACE DE LA PORTE DE SAINT-CLOUD (METRO_PORTE DE ST-CLOUD_L9) 75116 PARIS 16,75116,"48.8378,2.2567",Intérieur sous-terrain,0m,RATP,2020-05-20,SUP,,False,False
2992566,BOUYGUES TELECOM,5G NR 3500,RUE DE LA BOITELLERIE (LA PIECE POINTUE) 44710 PORT ST PERE,44133,"47.1158,-1.7708",Pylône autostable,"32,6m",CELLNEX,2026-08-10,ALL,,False,False
2993334,BOUYGUES TELECOM,"LTE 1800, LTE 2600",CHEM COMMUNAL (LES GRANDES GARNAUDIÈRES) 85340 LES SABLES D OLONNE,85194,"46.5317,-1.785",Pylône autostable,35m,TOTEM,2026-08-11,ALL,,False,False
2998944,SFR,5G NR 3500,CHEMIN DE VERNATEL (VEAU GAUTHIER) 38590 SILLANS,38490,"45.3414,5.3731",Pylône autostable,42m,SFR,2026-08-21,AJA,,False,False
3002856,SFR,UMTS 900,59-61-63 RUE DE CHEVIGNÉ 51100 REIMS,51454,"49.2522,4.0481",Immeuble,29m,"Copropriété, Syndic, SCI",,SUP,,False,True
3008257,SFR,UMTS 900,CHEMIN DU CIMETIÈRE (LES COINDRIES) 17100 BUSSAC SUR CHARENTE,17073,"45.7864,-0.6367",Pylône autostable,"36,2m",HIVORY,,SUP,,False,False
3010861,SFR,"UMTS 900, LTE 700, LTE 800",CHEMIN COMMUNAL N°3 (BOIS DE LA LECHE) 54450 REPAIX,54458,"48.6044,6.8358",Pylône autostable,42m,SFR,,SUP,,True,True
3016643,SFR,5G NR 3500,14 RUE DES ACACIAS 09330 MONTGAILHARD,09207,"42.9414,1.6267",Pylône autostable,30m,SFR,,AJO,,False,False
3017667,SFR,5G NR 3500,RUE DES NAYARDS (LA BROYE) 39190 BEAUFORT ORBAGNA,39043,"46.5814,5.4347",Pylône autostable,36m,SFR,,AJO,,False,False
3017667,SFR,UMTS 900,RUE DES NAYARDS (LA BROYE) 39190 BEAUFORT ORBAGNA,39043,"46.5814,5.4347",Pylône autostable,36m,SFR,,SUP,,False,False
3019157,SFR,5G NR 3500,R D111 CHEM D'EXPL. (LA PLAINE) 11700 ST COUAT D AUDE,11337,"43.2197,2.6269",Pylône autostable,36m,HIVORY,,AJO,,False,False
3021714,SFR,"LTE 700, LTE 800, LTE 1800, LTE 2600, 5G NR 2100",SERRE GUIRAND 05700 L EPINE,05048,"44.4164,5.5975",Pylône autostable,25m,CELLNEX,2026-08-21,ALL,,False,True
3025885,SFR,"UMTS 900, LTE 700, LTE 800, LTE 1800, LTE 2100, LTE 2600, 5G NR 3500",1 RUE DE LA CROIX BLAISE 57280 FEVES,57211,"49.1867,6.1461",Pylône tubulaire,30m,SFR,,SUP,,False,True
3026336,SFR,"UMTS 900, LTE 700, LTE 800, LTE 1800, LTE 2100, LTE 2600, 5G NR 2100, 5G NR 3500",VOIE COMMUNALE N°40 DE LA PETITE THEZAULERE À MAISONNEUVE (GROUSSAN) 32700 LECTOURE,32208,"43.9222,0.6447",Pylône autostable,30m,SFR,,SUP,,False,True
3027503,BOUYGUES TELECOM,LTE 2100,CHEM DES TIQUES (PRÉ DE LA HEBERDERIE) 14100 COURTONNE LA MEURDRAC,14193,"49.1244,0.3525",Pylône autostable,"42,5m",CELLNEX,2025-07-31,SUP,,False,False
3029644,BOUYGUES TELECOM,"LTE 700, LTE 800",RUE DE LA PIERRE HAMON (LES LANDES PLATES) 44780 MISSILLAC,44098,"47.4611,-2.2311",Pylône autostable,"36,1m",CELLNEX,2026-08-28,AAV,,False,True
3029762,SFR,5G NR 3500,ROUTE DÉPARTEMENTALE N°595 PROCHE DE RUE NEUVE (LE COULANT D EAU) 60420 TRICOT,60643,"49.5678,2.5936",Pylône autostable,36m,HIVORY,2026-08-21,AJA,,False,False
3029794,BOUYGUES TELECOM,"LTE 700, LTE 800, LTE 1800, LTE 2100, LTE 2600, 5G NR 2100",CHEMIN DE PIED BEL (LA GENESTIÈRE) 26110 MIRABEL AUX BARONNIES,26182,"44.3053,5.0956",Pylône autostable,24m,ATC FRANCE,2026-08-21,ALL,,False,True
3033222,SFR,"UMTS 900, LTE 700, LTE 800, LTE 1800, LTE 2100, LTE 2600, 5G NR 2100, 5G NR 3500",54 RUE DE LA GLOIRE 16100 COGNAC,16102,"45.6908,-0.3544",Pylône tubulaire,25m,TOTEM,,SUP,,False,True
3038110,ORANGE,LTE 700,VOIE COMMUNALE 202 PROCHE A11 (LA PETITE BISSONNIERE) 72400 CORMES,72093,"48.1483,0.6928",Pylône autostable,32m,TOTEM,2026-08-27,ALL,,False,False
3038552,ORANGE,5G NR 2100,4 RUE MAURICE CHAUVIN (LES VAIRIES) 35190 TINTENIAC,35337,"48.3272,-1.8481",Pylône autostable,36m,ATC FRANCE,2026-08-19,ALL,,False,False
3039789,SFR,UMTS 900,139 AV DU DOCTEUR MAURICE DONAT 06700 ST LAURENT DU VAR,06123,"43.6611,7.1869",Immeuble,"19,3m","Copropriété, Syndic, SCI",,SUP,,False,True
3040459,SFR,5G NR 3500,ROUTE DE BILLOM CHEMIN DE REIGNAT (LA BOURLE) 63190 MOISSAT,63229,"45.7689,3.3597",Pylône autostable,24m,SFR,2026-08-21,AJA,,False,False
3042141,SFR,"LTE 700, LTE 800",6 VOIE COMMUNALE (LE ROUGEROL) 48150 HURES LA PARADE,48074,"44.2544,3.4369",Pylône autostable,"18,1m",TOTEM,2026-07-21,ART,,True,False
3042187,SFR,5G NR 3500,CHEMIN DE CROZEAUX (LE MOLLARD) 38690 BIZONNES,38046,"45.4586,5.3869",Pylône autostable,30m,SFR,2026-08-21,AJA,,False,False
3042509,BOUYGUES TELECOM,"LTE 700, LTE 800",72 AV RENE PANHARD 94320 THIAIS,94073,"48.7639,2.3939",Bâtiment,29m,Société HLM,2026-09-09,AAV,,False,True
3042758,SFR,5G NR 3500,ROUTE DÉPARTEMENTALE 519 (EN BEGE) 38270 JARCIEU,38198,"45.3344,4.9386",Pylône autostable,30m,SFR,2026-08-21,AJA,,False,False
3045011,ORANGE,"LTE 800, 5G NR 700",ESPLANADE FULGENCE BIENVENUE 15 RUE DE CHÂTILLON HÔTEL IBIS 35700 RENNES,35238,"48.1025,-1.6739",Immeuble,"29,6m",Société Privée,2026-08-24,ALL,,False,True
3046504,SFR,UMTS 900,13 RUE RENÉ-YVES CRESTON 35700 RENNES,35238,"48.0908,-1.6419",Pylône tubulaire,24m,NEXT TOWER,,SUP,,False,True
3054176,FREE MOBILE,"LTE 700, LTE 900, LTE 1800, 5G NR 700",CHEMIN DU BOCHOT (LA GRANDE VILLE) 21320 VANDENESSE EN AUXOIS,21652,"47.2281,4.6111",Pylône autostable,"24,4m",FREE-MOBILE,2026-08-24,ALL,,False,True
3054481,FREE MOBILE,"LTE 700, LTE 1800, LTE 2600, 5G NR 3500",CHEMIN DE LA CHARBONNIERE (LA CHARBONNIERE) 69700 GIVORS,69091,"45.5819,4.7314",Pylône autostable,36m,TOTEM,2026-08-24,ALL,,False,True
3058098,BOUYGUES TELECOM,LTE 2100,17 R DE STANG BIHAN (STADE DE PENVILLIER) 29000 QUIMPER,29232,"48.0106,-4.1",Pylône tubulaire,31m,CELLNEX,2026-03-19,SUP,,False,False
3058866,FREE MOBILE,LTE 700,ROUTE DÉPARTEMENTALE 983 (LOU SERRE) 48400 BARRE DES CEVENNES,48019,"44.2486,3.6472",Pylône autostable,12m,FREE-MOBILE,2026-08-31,AAV,,True,True
3062012,FREE MOBILE,5G NR 3500,3 BIS RUE CLÉMENT ADER 85500 LES HERBIERS,85109,"46.8622,-1.0042",Pylône tubulaire,30m,TOTEM,2026-08-24,ALL,,False,False
3065361,FREE MOBILE,LTE 700,PL DE L EGLISE 31270 CUGNAUX,31157,"43.5367,1.3447",Monument religieux,"29,5m","Commune, communauté de communes",2026-08-31,AAV,,False,True
3066163,FREE MOBILE,"LTE 700, LTE 1800, LTE 2600, 5G NR 3500",9 CHEMIN DE LA TAMISIÈRE (LA VACHERIE) 85160 ST JEAN DE MONTS,85234,"46.8133,-2.1139",Pylône tubulaire,"23,9m",FREE-MOBILE,2026-08-24,ALL,,False,True
3066799,FREE MOBILE,LTE 700,RUE DE SAVIGNIES FERME DU GROS CHENE 60000 BEAUVAIS,60057,"49.4508,2.0481",Pylône autostable,"36,8m",FREE-MOBILE,2026-08-31,AAV,,False,True
3069663,SFR,UMTS 900,ROUTE DE CAIROS (MAURION) 06540 SAORGE,06132,"43.9983,7.5139",Pylône tubulaire,8m,ORANGE,2026-08-12,ALL,,True,True
3076129,SFR,"LTE 700, LTE 800, LTE 1800, LTE 2600, 5G NR 2100",PRES CHARRAZ (HOSTIAZ) 01110 PLATEAU D HAUTEVILLE,01185,"45.8983,5.5236",Pylône autostable,37m,CELLNEX,2026-08-21,ALL,,False,True
3078126,BOUYGUES TELECOM,"LTE 700, LTE 800, LTE 1800, LTE 2600, 5G NR 2100, 5G NR 3500",21 RUE DES VALERES 10600 BARBEREY ST SULPICE,10030,"48.3367,4.0236",Pylône tubulaire,38m,ON TOWER FRANCE,2026-08-21,ALL,,False,True
3080649,BOUYGUES TELECOM,5G NR 3500,AVENUE SAINT JULIEN (CAOUBÈRES) 31800 LABARTHE RIVIERE,31247,"43.0933,0.67",Pylône autostable,36m,SFR,,AJO,,False,False
3087380,FREE MOBILE,"LTE 900, LTE 2100",RUE DU CHAMPS DES OISEAUX 76230 BOIS GUILLAUME,76108,"49.4564,1.0964",Immeuble,21m,Société HLM,2026-08-24,ALL,,False,False
3092309,BOUYGUES TELECOM,"UMTS 900, LTE 700, LTE 800",LA SERRE (BLEGIERS) 04420 PRADS HAUTE BLEONE,04155,"44.1769,6.4219",Pylône autostable,12m,CELLNEX,2026-08-21,ALL,,True,True
3092309,SFR,"UMTS 900, LTE 700, LTE 800",LA SERRE (BLEGIERS) 04420 PRADS HAUTE BLEONE,04155,"44.1769,6.4219",Pylône autostable,12m,CELLNEX,2026-08-21,ALL,,True,True
3093938,FREE MOBILE,LTE 700,193 CHEMIN DES IRISACCÈS PAR IMPASSE DES JASMINS 84490 ST SATURNIN LES APT,84118,"43.9183,5.335",Pylône arbre,18m,FREE-MOBILE,2026-08-31,AAV,,False,True
3108364,FREE MOBILE,"LTE 700, LTE 900, LTE 1800, LTE 2100, LTE 2600, 5G NR 3500",50 AVENUE MAURICE BOURGES MANOURY RÉSIDENCE MAOURINE 31500 TOULOUSE,31555,"43.6392,1.4531",Immeuble,"23,7m",Société HLM,2026-08-24,ALL,,False,True
3108376,FREE MOBILE,"LTE 700, LTE 900, LTE 1800, LTE 2100, LTE 2600, 5G NR 3500",58 MONTEE DES VIGNES 01600 TREVOUX,01427,"45.94,4.7831",Bâtiment,"14,9m",Société HLM,2026-08-24,ALL,,False,True
3109246,FREE MOBILE,"LTE 700, LTE 900, LTE 1800, LTE 2100, LTE 2600, 5G NR 700",RUE DE LA PRAIRIE 88700 RAMBERVILLERS,88367,"48.3486,6.625",Pylône autostable,"30,3m",FREE-MOBILE,2026-08-24,ALL,,False,True
3109940,BOUYGUES TELECOM,LTE 2100,39 R WETZ 62300 LENS,62498,"50.4331,2.8278",Immeuble,"13,5m","Copropriété, Syndic, SCI",,SUP,,False,False
3111763,BOUYGUES TELECOM,LTE 2100, (LA BIETTE) 62119 DOURGES,62274,"50.4533,2.9769",Pylône tubulaire,30m,CELLNEX,2025-12-12,SUP,,False,False
3111866,BOUYGUES TELECOM,"LTE 700, LTE 800, LTE 1800, LTE 2100, LTE 2600, 5G NR 2100",ROUTE DE BAZAS N524 (ORDONNAT-OUEST) 33210 LANGON,33227,"44.5328,-0.2422",Pylône autostable,36m,HIVORY,2026-08-21,ALL,,False,True
3113112,FREE MOBILE,LTE 700,36 CHEMIN DU MOULIN NEUF PAR D59 (LA FAUCHE) 85300 LE PERRIER,85172,"46.8167,-1.9894",Pylône autostable,"29,9m",TOTEM,2026-08-31,AAV,,False,True
3114942,BOUYGUES TELECOM,"LTE 800, LTE 1800, LTE 2100, 5G NR 2100, 5G NR 3500",1 ROUTE DE CHANTAGRECHE 63800 ST GEORGES SUR ALLIER,63350,"45.7106,3.2467",Mât,"11,5m",SFR,,AJO,,False,True
3114942,SFR,"LTE 800, LTE 1800, LTE 2100, 5G NR 2100, 5G NR 3500",1 ROUTE DE CHANTAGRECHE 63800 ST GEORGES SUR ALLIER,63350,"45.7106,3.2467",Mât,"11,5m",SFR,2026-08-20,ALL,,False,True
3115705,SFR,"LTE 700, LTE 800, LTE 1800, LTE 2600, 5G NR 2100",173 ROUTE DE LA MANDINIERE (BELLEVUE) 72110 BONNETABLE,72039,"48.1883,0.4364",Pylône autostable,38m,TOTEM,,AJO,,False,True
3115936,BOUYGUES TELECOM,"LTE 1800, LTE 2600, 5G NR 2100",9 ALLEE DU PARC 37270 LARCAY,37124,"47.3531,0.7647",Pylône autostable,36m,ON TOWER FRANCE,2026-08-11,ALL,,False,False
3116722,SFR,5G NR 3500,PROCHE D'INTERSECTION DE D86 ET D219 (LE BACHAT) 07300 MAUVES,07152,"45.0422,4.8267",Pylône autostable,24m,SFR,2026-08-21,AJA,,False,False
3117780,BOUYGUES TELECOM,"LTE 800, LTE 1800, LTE 2100, 5G NR 2100, 5G NR 3500",15 IMPASSE DES TECHNICITES ZI LA GUIDE 43200 YSSINGEAUX,43268,"45.1561,4.1331",Mât,"12,5m",SFR,,AJO,,False,True
3118057,BOUYGUES TELECOM,,320 ROUTE D'ANNEYRON 26210 EPINOUZE,26118,"45.3067,4.9236",Pylône autostable,36m,CELLNEX,2025-09-01,CHP,SFR,False,False
3118057,SFR,,320 ROUTE D'ANNEYRON 26210 EPINOUZE,26118,"45.3067,4.9236",Pylône autostable,36m,CELLNEX,2025-07-15,CHP,SFR,False,False
3118561,FREE MOBILE,LTE 700,CHEMIN EDOUARD MANET LE MIRADOR 13500 MARTIGUES,13056,"43.3989,5.0644",Bâtiment,"15,7m","Copropriété, Syndic, SCI",2026-08-31,AAV,,False,True
3120860,SFR,"LTE 700, LTE 800, LTE 1800, LTE 2100, LTE 2600, 5G NR 2100",30 RUE DES EGLANTIERS 11200 LEZIGNAN CORBIERES,11203,"43.1964,2.7542",Pylône autostable,24m,TDF,2026-08-21,ALL,,False,False
3122294,FREE MOBILE,"LTE 900, LTE 2100",108 AV JEAN MOULIN 78170 LA CELLE ST CLOUD,78126,"48.8539,2.1364",Bâtiment,"14,5m",Société Privée,2026-08-24,ALL,,False,False
3123973,FREE MOBILE,"LTE 700, LTE 900, LTE 1800, LTE 2100, LTE 2600, 5G NR 3500",10-12 RUE DE LENS 59800 LILLE,59350,"50.625,3.0631",Immeuble,"20,6m","Copropriété, Syndic, SCI",2026-08-24,ALL,,False,True
3125948,SFR,"LTE 700, LTE 800, LTE 1800, LTE 2600, 5G NR 2100",RUE DE FORSTFELD (ALTENGRABEN) 67480 KAUFFENHEIM,67231,"48.8561,8.0264",Pylône autostable,36m,SFR,2026-08-25,ALL,,False,True
3129258,BOUYGUES TELECOM,"LTE 1800, LTE 2600, 5G NR 2100",34 R STE-HELENE 69002 LYON 02,69382,"45.7536,4.8322",Immeuble,29m,Société Privée,2026-08-17,ALL,,False,False
3132957,ORANGE,5G NR 700,102 ROUTE D'ESCHAU (HERTENMATTEN) 67400 ILLKIRCH GRAFFENSTADEN,67218,"48.4944,7.7183",Pylône autostable,36m,TOTEM,,AJO,,False,False
3132957,ORANGE,LTE 700,102 ROUTE D'ESCHAU (HERTENMATTEN) 67400 ILLKIRCH GRAFFENSTADEN,67218,"48.4944,7.7183",Pylône autostable,36m,TOTEM,,SUP,,False,False
3133021,SFR,UMTS 900,RUE DU CALVAIRE (EN SAUGIER) 39570 VERNANTOIS,39552,"46.6247,5.5739",Pylône autostable,36m,TOTEM,2026-08-19,ALL,,True,True
3135914,BOUYGUES TELECOM,"LTE 2100, 5G NR 2100",385 AVENUE LES BARONNES 34730 PRADES LE LEZ,34217,"43.6906,3.8714",Immeuble,"12,4m","Copropriété, Syndic, SCI",2026-08-11,ALL,,False,False
3142044,BOUYGUES TELECOM,"LTE 700, LTE 800",CHEM DES VIGNES NOUVEAU CIMETIERE 14640 VILLERS SUR MER,14754,"49.3161,0.0117",Pylône arbre,26m,Société Privée,2026-08-25,ALL,,False,True
3142852,FREE MOBILE,"LTE 700, LTE 1800",TREMBLAUX 95470 VEMARS,95641,"49.0553,2.5606",Pylône autostable,"32,7m",CELLNEX,2026-08-24,ALL,,False,True
3144911,SFR,"LTE 700, LTE 800, LTE 1800, LTE 2600, 5G NR 2100",CHEMIN DU CLOS AU PAGE 44290 GUEMENE PENFAO,44067,"47.6956,-1.8703",Pylône autostable,"36,1m",PHOENIX FRANCE INFRASTRUCTURES,2026-08-21,ALL,,False,True
3146827,Gouv Nelle Calédonie (OPT),"UMTS 900, LTE 800",RTE DU COL DE LA LLAVERIE (LES LAVERIES) 98834 YATE,98832,"-22.2714,166.8436",Mât métallique,20m,Office des Postes et Télécom,2026-08-13,ALL,,False,True
3155002,FREE MOBILE,LTE 700,4 ROUTE DES BATS 15310 FREIX ANGLARDS,15072,"45.0231,2.3858",Pylône autostable,33m,FREE-MOBILE,2026-08-31,AAV,,True,True
3164802,SFR,"LTE 700, LTE 800, LTE 1800, LTE 2100, LTE 2600, 5G NR 2100",14B AVENUE VALÉRY GISCARD D'ESTAING (FBG SAINT JEAN) 71350 VERDUN CIEL,71566,"46.8906,5.0225",Pylône autostable,30m,SFR,2026-08-19,ALL,,False,True
3169817,FREE MOBILE,"UMTS 900, LTE 700",RUE LA GUINGUETTE (LE PRE CORNAILLE) 08240 BRIEULLES SUR BAR,08085,"49.4822,4.8503",Pylône autostable,42m,FREE-MOBILE,2026-08-24,ALL,,True,True
3169817,SFR,UMTS 900,RUE LA GUINGUETTE (LE PRE CORNAILLE) 08240 BRIEULLES SUR BAR,08085,"49.4822,4.8503",Pylône autostable,42m,FREE-MOBILE,2026-08-30,AAV,,True,True
3169817,SFR,"LTE 700, LTE 800",RUE LA GUINGUETTE (LE PRE CORNAILLE) 08240 BRIEULLES SUR BAR,08085,"49.4822,4.8503",Pylône autostable,42m,FREE-MOBILE,2026-08-17,ALL,,True,True
3172620,BOUYGUES TELECOM,"LTE 700, LTE 800",13-15 AV DU 8 MAI 1945 (RÉSIDENCE LA FRESCOULE) 13127 VITROLLES,13117,"43.4256,5.2783",Immeuble,"17,8m","Copropriété, Syndic, SCI",2026-08-25,ALL,,False,True
3174702,SFR,"UMTS 900, LTE 700, LTE 800",CHEMIN RURAL DIT LA CHASSAGNE (LA CHASSAGNE) 25440 RONCHAUX,25500,"47.0461,5.8939",Pylône autostable,24m,TOTEM,2026-08-21,AJA,,True,True
3183227,BOUYGUES TELECOM,"LTE 2100, 5G NR 2100, 5G NR 3500",RUE DE FOLKLING CHEMIN RURAL DIT ALLMENDWEG (KIRCHENSTUCK) 57600 OETING,57521,"49.1678,6.9075",Pylône tubulaire,24m,SFR,2026-08-21,ALL,,False,False
3183815,BOUYGUES TELECOM,"LTE 700, LTE 800, LTE 1800, LTE 2100, LTE 2600, 5G NR 2100",CHEMIN RURAL DIT DU VET (LA BOUHAIE) 54480 VAL ET CHATILLON,54540,"48.5592,6.9689",Pylône autostable,30m,TDF,2026-08-21,ALL,,False,True
3189049,ORANGE,5G NR 2100,ACCESSIBLE DEPUIS LA DÉPARTEMENTALE 887 SITE EN BORD DE ROUTE (COAT COCHON) 29150 DINEAULT,29044,"48.1869,-4.1603",Pylône autostable,30m,TOTEM,,AJO,,False,False
3189256,BOUYGUES TELECOM,"LTE 700, LTE 800, LTE 1800, LTE 2100, LTE 2600, 5G NR 2100",ROUTE DE SAINT-TROJAN D402 CHEMIN DE LA RIVIÈRE (SUR BOUTIERS) 16100 BOUTIERS ST TROJAN,16058,"45.7081,-0.2958",Pylône autostable,36m,TDF,2026-08-21,ALL,,False,True
3189740,SFR,"LTE 700, LTE 800, LTE 1800, LTE 2600, 5G NR 2100",AV DU COMTAT (LE TROP LONG) 84500 BOLLENE,84019,"44.3197,4.7222",Pylône autostable,31m,BOUYGUES,2026-08-21,ALL,,False,True
3190782,BOUYGUES TELECOM,GSM 1800,16 R DE LA REPUBLIQUE 08000 CHARLEVILLE MEZIERES,08105,"49.7731,4.7203",Immeuble,"13,9m",Société Privée,,SUP,,False,False
3191350,BOUYGUES TELECOM,"LTE 1800, LTE 2600, 5G NR 2100",140 AV HUBERT REEVES (LES ISLETTES) 84700 SORGUES,84129,"43.9942,4.8872",Pylône autostable,"18,5m",BOUYGUES,2026-08-19,ALL,,False,True
3194814,FREE MOBILE,"LTE 700, LTE 900, LTE 1800, LTE 2100, LTE 2600, 5G NR 3500",38 RUE SIFFAIT DE MONCOURT (LE MOULIN ROUGE) 80120 RUE,80688,"50.2753,1.6753",Pylône autostable,"30,7m",TDF,2026-08-24,ALL,,False,True
3195357,BOUYGUES TELECOM,"LTE 700, LTE 800",BOIS DES GLANDS PROCHE D158 45220 DOUCHY MONTCORBON,45129,"47.9731,3.0825",Pylône autostable,42m,FREE-MOBILE,2026-08-13,ALL,,True,True
3195357,SFR,"UMTS 900, LTE 700, LTE 800",BOIS DES GLANDS PROCHE D158 45220 DOUCHY MONTCORBON,45129,"47.9731,3.0825",Pylône autostable,42m,FREE-MOBILE,2026-08-13,ALL,,True,True
3196363,BOUYGUES TELECOM,"LTE 700, LTE 800, LTE 1800, LTE 2100, LTE 2600, 5G NR 2100",CHEMIN RURAL N°12 DE PADOUENC À LAFITTE PROCHE DE CHEMIN DU LAC (SAINT MARTIN) 82600 AUCAMVILLE,82005,"43.8058,1.2069",Pylône autostable,"36,4m",HIVORY,2026-08-21,ALL,,False,True
3197344,SFR,"LTE 700, LTE 800, LTE 1800, LTE 2100, LTE 2600, 5G NR 2100",PROCHE DE LA ROUTE DÉPARTEMENTALE N°10 (PRENDS Y GARDE) 33230 COUTRAS,33138,"45.0333,-0.0744",Pylône autostable,42m,SFR,2026-08-25,ALL,,False,True
3204828,BOUYGUES TELECOM,"LTE 700, LTE 800, LTE 1800, LTE 2600, 5G NR 2100",RUE PRINCIPALE TERRAIN DE FOOTBALL 57220 BISTEN EN LORRAINE,57087,"49.1633,6.5975",Pylône arbre,13m,SFR,2026-08-21,ALL,,False,True
3205072,FREE MOBILE,"LTE 700, LTE 900, LTE 1800, LTE 2100, LTE 2600, 5G NR 3500",CHEM RURAL N°1 LE CLOS DE LA RONCE (LE MARTREY) 14780 LION SUR MER,14365,"49.2967,-0.3303",Pylône tubulaire,35m,TOTEM,2026-08-24,ALL,,False,True
3205273,BOUYGUES TELECOM,"LTE 700, LTE 1800, LTE 2600",CHEMIN DES ROULETTES LOTISSEMENT LE GOULET PARKING DU GOULET (LE GOULET) 85520 ST VINCENT SUR JARD,85278,"46.4111,-1.5406",Pylône tubulaire,30m,TOTEM,2026-08-11,ALL,,False,False
3205304,BOUYGUES TELECOM,LTE 2600,RTE DE L'ANCIENNE RAFFINERIE 57280 HAUCONCOURT,57303,"49.2114,6.1875",Pylône autostable,31m,CELLNEX,2026-08-10,ALL,,False,False
3206464,BOUYGUES TELECOM,"LTE 1800, LTE 2600, 5G NR 2100",8 R ROUSSEAU 13005 MARSEILLE 05,13205,"43.2897,5.3928",Immeuble,"21,3m","Copropriété, Syndic, SCI",2026-08-13,ALL,,False,False
3206649,FREE MOBILE,LTE 2600,RUE DES ARTS (LA GRANDE BORDE) 31670 LABEGE,31254,"43.5519,1.5028",Pylône tubulaire,"21,2m",TOTEM,2026-08-24,ALL,,False,True
3217957,SFR,UMTS 2100,PROCHE DE ROUTE D'ESTAVAR (EN SERRES) 66120 EGAT,66064,"42.4975,2.0106",Pylône autostable,36m,SFR,2026-08-24,ALL,,False,False
3218324,SFR,UMTS 900,ROUTE DU LANGOUYROU (LOUS POURTAOUS) 48250 LUC,48086,"44.65,3.8369",Pylône autostable,"24,5m",CELLNEX,2026-02-13,ART,,True,True
3228566,ORANGE,"LTE 2100, LTE 2600",2 ALLÉE DES PORTES OCCITANES (DEFERNE) 43000 LE PUY EN VELAY,43157,"45.0242,3.8814",Pylône autostable,"30,3m",TOTEM,,AJO,,False,False
3238217,BOUYGUES TELECOM,"LTE 700, LTE 1800",9 R GEORGES BERGES 64100 BAYONNE,64102,"43.4953,-1.4869",Immeuble,"41,7m","Copropriété, Syndic, SCI",2026-08-28,AAV,,False,True
3244419,FREE MOBILE,"LTE 700, LTE 900, LTE 1800, LTE 2100, LTE 2600, 5G NR 700",ROTONDE ROUTE DE MENGNÉ 61150 TANQUES,61479,"48.6983,-0.0789",Pylône autostable,36m,BOUYGUES,,AJO,,False,True
3248299,BOUYGUES TELECOM,"LTE 1800, LTE 2600",125 RUE DE STALINGRAD 93000 BOBIGNY,93008,"48.9136,2.4233",Immeuble,"24,8m","Copropriété, Syndic, SCI",2026-08-14,ALL,,False,False
3249282,BOUYGUES TELECOM,"LTE 1800, LTE 2100, LTE 2600",22 - 24 RUE ROBERT SCHUMANN 77000 MELUN,77288,"48.555,2.6403",Immeuble,20m,"Copropriété, Syndic, SCI",2026-08-12,ALL,,False,False
3255962,BOUYGUES TELECOM,"LTE 700, LTE 800",44 R BAYARD 31500 TOULOUSE,31555,"43.61,1.45",Immeuble,"31,3m","Copropriété, Syndic, SCI",2026-08-25,ALL,,False,True
3256429,BOUYGUES TELECOM,UMTS 2100,99 R RIVOLI CARROUSSEL DU LOUVRE 75001 PARIS 01,75101,"48.8631,2.3347",Bâtiment,15m,Société Privée,,SUP,,False,False
3261256,BOUYGUES TELECOM,"LTE 700, LTE 1800",CHEM DE LA GARDY 84200 CARPENTRAS,84031,"44.0581,5.0733",Pylône tubulaire,14m,CELLNEX,2026-08-28,AAV,,False,True
3261292,FREE MOBILE,LTE 700,2 RUE DE LA GRANGE AUX DÎMES 77760 NANTEAU SUR ESSONNE,77328,"48.3164,2.4178",Bâtiment,"12,2m","Commune, communauté de communes",2026-08-31,AAV,,True,True
3261424,BOUYGUES TELECOM,"LTE 700, LTE 800",43 AV DE LA PAIX 94260 FRESNES,94034,"48.76,2.3294",Immeuble,28m,"Copropriété, Syndic, SCI",2026-08-25,ALL,,False,True
3266180,SFR,"UMTS 900, LTE 700, LTE 800, LTE 1800, LTE 2600, 5G NR 2100",112 RUE PAUL VERLAINE 670 AVENUE DE LA PAIX PARKING SALLE BLONDELET 83700 ST RAPHAEL,83118,"43.4164,6.805",Pylône tubulaire,12m,BOUYGUES,,AJO,,False,True
3266764,ORANGE,"LTE 800, LTE 1800, LTE 2100, LTE 2600, 5G NR 700, 5G NR 3500",CHEMIN DU FROU 95200 SARCELLES,95585,"49.0117,2.3708",Pylône arbre,30m,TOTEM,2026-08-20,ALL,,False,True
3268548,FREE MOBILE,LTE 900,287 CHEMIN DU RÉSERVOIR D'EAU 64990 LAHONCE,64304,"43.4678,-1.4011",Pylône autostable,31m,CELLNEX,2026-08-24,ALL,,False,False
3272685,SFR,"UMTS 900, LTE 700, LTE 800",ROUTE DE LA COLLE CHAPELLE SAINT ROCH (LA LAVA) 06420 BAIROLS,06009,"43.9869,7.1247",Pylône autostable,10m,BOUYGUES,,AJO,,True,True
3273614,ORANGE,"LTE 700, LTE 800",RUE DE MOTEREAU D149 1 (LE BUISSON AU CHAT) 28160 DANGEAU,28127,"48.2503,1.2642",Pylône autostable,36m,ATC FRANCE,2026-08-18,EXT,,False,False
3280176,BOUYGUES TELECOM,LTE 2100,AV DE LA BUTTE AUX CAILLES CASERNE DE CRS 64600 ANGLET,64024,"43.4972,-1.5108",Bâtiment,"16,8m","État, Ministère",,SUP,,False,True
3281840,ORANGE,"LTE 800, 5G NR 700",13A AVENUE DU DOCTEUR SCHWEITZER 59880 ST SAULVE,59544,"50.3658,3.5611",Immeuble,"27,7m",TDF,2026-08-24,ALL,,False,True
3282617,SFR,"UMTS 900, LTE 700, LTE 800",VOIE COMMNALE N°18 (LA BERTROUDE) 48700 LES LAUBIES,48083,"44.6828,3.4256",Pylône autostable,24m,TOTEM,2026-08-12,ALL,,True,True
3284729,BOUYGUES TELECOM,"LTE 700, LTE 800",CHEMIN DE BROUES HAUTES (PUILACHERET) 34230 VENDEMIAN,34328,"43.5828,3.5494",Pylône autostable,24m,TOTEM,2026-08-27,ALL,,False,True
3287311,ORANGE,"UMTS 900, LTE 700, LTE 800",CHEMIN DE LA CROIX (AU MURAT) 42220 COLOMBIER,42067,"45.3481,4.5811",Pylône autostable,24m,PHOENIX FRANCE INFRASTRUCTURES,,AJO,,True,True
3291117,BOUYGUES TELECOM,"LTE 700, LTE 800, LTE 1800, LTE 2100, LTE 2600, 5G NR 2100",ROUTE NATIONALE N°193 (OMENINO) 20219 VIVARIO,2B354,"42.1367,9.1467",Pylône autostable,42m,SFR,2026-08-21,ALL,,False,True
3294012,BOUYGUES TELECOM,"LTE 1800, LTE 2600",14 AV CHARLES DE GAULLE RÉSIDENCE PAUL CLAUDEL 69800 ST PRIEST,69290,"45.7033,4.9331",Immeuble,22m,"Copropriété, Syndic, SCI",2026-08-11,ALL,,False,False
3295418,BOUYGUES TELECOM,"LTE 1800, LTE 2600, 5G NR 2100, 5G NR 3500",17 ROUTE DE LA MER (LE RANCH) 85340 LES SABLES D OLONNE,85194,"46.5447,-1.8094",Pylône autostable,"25,4m",BOUYGUES,2026-08-11,ALL,,False,False
3296073,BOUYGUES TELECOM,LTE 2100,LES BROUSSES (LANDE DU MOULIN A VENT) 56490 GUILLIERS,56080,"48.0267,-2.4233",Pylône autostable,48m,CELLNEX,,SUP,,False,True
3306206,ORANGE,"LTE 700, LTE 800",ROUTE DES CORVÉES RD 105 (ROUVRAY) 50530 LOLIF,50276,"48.7419,-1.4014",Pylône autostable,36m,ATC FRANCE,2026-08-24,ALL,,False,True
3309917,SFR,"LTE 700, LTE 800, LTE 1800, LTE 2100, LTE 2600, 5G NR 2100",R DU BOURG NEUF (LA GRANDE EVIERE) 45190 CRAVANT,45116,"47.8236,1.5733",Pylône autostable,"30,1m",PHOENIX FRANCE INFRASTRUCTURES,,AJO,,False,True
3312167,OUTREMER TELECOM,5G NR 3500,ROUTE DU LARIVOT (LA PIDÈGUE) 97351 MATOURY,97307,"4.9019,-52.3589",Pylône autostable,50m,TDF,2026-08-25,ALL,,False,False
3319760,SFR,"UMTS 900, LTE 700, LTE 800",LA CONDAMINE 06260 ST PIERRE,04194,"43.9197,6.9161",Pylône autostable,12m,BOUYGUES,,AJO,,True,True
3321645,SFR,"UMTS 900, LTE 700, LTE 800, LTE 1800, LTE 2600, 5G NR 2100",6 HAUTE MORIÈRE (LA HAUTE MORIERE) 35133 ROMAGNE,35243,"48.3556,-1.2817",Pylône autostable,36m,TDF,,AJO,,False,True
3322608,BOUYGUES TELECOM,"LTE 700, LTE 800, LTE 1800, LTE 2100, LTE 2600, 5G NR 2100",D 630 (LES PLATS) 63730 PLAUZAT,63282,"45.6197,3.1325",Pylône autostable,24m,CELLNEX,2026-08-21,ALL,,False,True
3322765,SFR,"GSM 900, UMTS 900, LTE 700, LTE 800, LTE 1800, LTE 2100, LTE 2600, 5G NR 2100, 5G NR 3500",AV DE LA LIBERTE (CAP ROUX) 06360 EZE,06059,"43.7158,7.3506",Inconnu,"49,1m",Société Privée,2022-08-10,AJR,,False,True
3323637,SFR,"LTE 700, LTE 800, LTE 1800, LTE 2600, 5G NR 2100",LA POMMERIE 41190 ST CYR DU GAULT,41205,"47.6128,0.9983",Pylône autostable,"31,4m",CELLNEX,,AJO,,False,True
3323811,SFR,"LTE 700, LTE 800, LTE 1800, LTE 2600, 5G NR 2100",RTE DE GRANDCHAMP DES FONTAINES D26 - RUE DU PÂTIS JARS 44390 CASSON,44027,"47.3864,-1.5639",Pylône autostable,27m,TOTEM,,AJO,,False,True
3324150,BOUYGUES TELECOM,"LTE 700, LTE 800, LTE 1800, LTE 2600, 5G NR 2100",IMPASSE DE L'ABBE TOUBA (ZWISCHEN STRASSE UND HILMERWIE) 57450 CAPPEL,57122,"49.0767,6.8367",Pylône autostable,36m,SFR,,AJO,,False,True
3324574,BOUYGUES TELECOM,"LTE 700, LTE 800, LTE 1800, LTE 2100, LTE 2600, 5G NR 2100, 5G NR 3500",1 ALLÉE DES ACACIAS 71200 LE CREUSOT,71153,"46.7931,4.4314",Immeuble,25m,"Commune, communauté de communes",,AJO,,False,True
3325320,SFR,"LTE 700, LTE 800, LTE 1800, LTE 2600, 5G NR 2100",CLOS DE PORTE 50160 ST AMAND VILLAGES,50444,"49.0347,-0.9631",Pylône autostable,"30,8m",BOUYGUES,,AJO,,False,True
3325340,SFR,"LTE 700, LTE 800, LTE 1800, LTE 2600, 5G NR 2100", (LES PATIS) 79440 COURLAY,79103,"46.7706,-0.5797",Pylône autostable,30m,PHOENIX FRANCE INFRASTRUCTURES,,AJO,,False,True
3325518,BOUYGUES TELECOM,"LTE 700, LTE 800, LTE 1800, LTE 2100, LTE 2600",RUE DE VILLIERS LE VASTE CHEMIN PRES DU RAIL (LES ROUGETTES) 02810 MARIGNY EN ORXOIS,02465,"49.0472,3.1961",Pylône autostable,"38,8m",ON TOWER FRANCE,,AJO,,False,True
3325536,SFR,"LTE 700, LTE 800, LTE 1800, LTE 2600, 5G NR 2100",LES SAVELYS 89240 CHEVANNES,89102,"47.7714,3.5125",Pylône autostable,"24,2m",PHOENIX FRANCE INFRASTRUCTURES,,AJO,,False,True
3325662,SFR,"LTE 700, LTE 800, LTE 1800, LTE 2600, 5G NR 2100",R DU CALVAIRE (LE MOULIN DE CHAIGNET) 35470 LA NOE BLANCHE,35202,"47.8081,-1.7386",Pylône autostable,18m,PHOENIX FRANCE INFRASTRUCTURES,,AJO,,False,True
3325664,SFR,"LTE 700, LTE 800, LTE 1800, LTE 2600, 5G NR 2100",ROUTE D ORMOY (LA RATOIRE) 89210 ESNON,89156,"47.9786,3.5706",Pylône autostable,"36,5m",PHOENIX FRANCE INFRASTRUCTURES,,AJO,,False,True
3328173,BOUYGUES TELECOM,"LTE 700, LTE 800, LTE 1800, LTE 2100, LTE 2600, 5G NR 2100",CHEMIN DES LIZES (LES LIZES) 81600 SENOUILLAC,81283,"43.9322,1.9433",Pylône autostable,20m,ON TOWER FRANCE,,AJO,,False,True
3328327,SFR,"LTE 700, LTE 800, LTE 1800, LTE 2600, 5G NR 2100",RUE DU GUIROUE (LES BASSES TERRES) 49350 ST CLEMENT DES LEVEES,49272,"47.3342,-0.1761",Pylône autostable,"30,3m",PHOENIX FRANCE INFRASTRUCTURES,,AJO,,False,True
3328711,SFR,"LTE 700, LTE 800, LTE 1800, LTE 2600, 5G NR 2100",RUE DES COTES (LE CHÂTEAU VERT) 03150 ST LOUP,03242,"46.3536,3.3683",Pylône autostable,30m,PHOENIX FRANCE INFRASTRUCTURES,,AJO,,False,True
3328847,SFR,"LTE 700, LTE 800, LTE 1800, LTE 2600, 5G NR 2100",4 ALL DE LA CLOSERAIE 86150 L ISLE JOURDAIN,86112,"46.2297,0.6839",Pylône autostable,30m,BOUYGUES,,AJO,,False,True
3329107,SFR,"LTE 700, LTE 800, LTE 1800, LTE 2600, 5G NR 2100",5 PL PL DE L EGLISE 03110 ST DIDIER LA FORET,03227,"46.2233,3.3431",Pylône autostable,"30,5m",BOUYGUES,,AJO,,False,True
3329432,BOUYGUES TELECOM,"LTE 700, LTE 800, LTE 1800, LTE 2100, LTE 2600, 5G NR 2100",AVENUE DE LA NOUERE (CANTON DE L'ANGUILLAR) 16730 LINARS,16187,"45.6558,0.0758",Pylône autostable,36m,SFR,,AJO,,False,True
3330135,BOUYGUES TELECOM,"LTE 700, LTE 800, LTE 1800, LTE 2100, LTE 2600, 5G NR 2100",CHEMIN RURAL DE  ROMÉGIÈRES À RABEVRIE (L?HUBAC DU BOSC) 07380 CHIROLS,07065,"44.6881,4.2961",Pylône autostable,36m,SFR,,AJO,,False,True
3331373,BOUYGUES TELECOM,"LTE 700, LTE 800, LTE 1800, LTE 2100, LTE 2600, 5G NR 2100",70 ROUTE CHALLANGES 21200 BEAUNE,21054,"47.0161,4.8594",Pylône autostable,30m,SFR,,AJO,,False,True
3331391,BOUYGUES TELECOM,"LTE 700, LTE 800, LTE 1800, LTE 2600, 5G NR 2100", (GRAND MARAIS) 59169 GOEULZIN,59263,"50.3139,3.0836",Pylône autostable,42m,HIVORY,,AJO,,False,True
3331414,BOUYGUES TELECOM,"LTE 700, LTE 800, LTE 1800, LTE 2100, LTE 2600, 5G NR 2100",CHEMIN DES FANGES (DRUS) 11500 BELVIANES ET CAVIRAC,11035,"42.8478,2.2058",Pylône autostable,42m,TDF,,AJO,,False,True
3335961,SFR,"UMTS 900, LTE 700, LTE 800, LTE 1800, LTE 2100, LTE 2600, 5G NR 3500",ECHANGEUR RD 301/57 CHEMIN RURAL N°23 DIT CHEMIN DE LENS (LES BLANCS CHAMPS) 62150 HOUDAIN,62457,"50.4606,2.5378",Pylône autostable,36m,TOTEM,,AJO,,False,True
3336647,BOUYGUES TELECOM,"LTE 700, LTE 800, LTE 1800, LTE 2600, 5G NR 2100",CHEMIN DU BOUCHET	 (PATURE DU CHAMP VALET) 18340 LAPAN,18122,"46.9253,2.3025",Pylône autostable,36m,TOTEM,,AJO,,False,True
3339277,ORANGE,"LTE 800, 5G NR 700",IMPASSE LA HIROIRE AVENUE ELOI DUCOM 40000 MONT DE MARSAN,40192,"43.8928,-0.4825",Pylône tubulaire,30m,TOTEM,2026-08-24,ALL,,False,True
3339317,FREE MOBILE,"LTE 700, LTE 900, LTE 1800, LTE 2100, LTE 2600, 5G NR 700, 5G NR 3500",20 ALLÉE DE RONCEVAUX 31770 COLOMIERS,31149,"43.6064,1.3267",Pylône autostable,36m,TOTEM,,AJO,,False,True
3340402,ORANGE,"LTE 800, LTE 1800, LTE 2100, LTE 2600, 5G NR 700, 5G NR 3500",81 ALLÉE DE LA ROUGUIÈRE (LA ROUGUIÈRE) 13011 MARSEILLE 11,13211,"43.2975,5.4558",Bâtiment,"19,4m","Copropriété, Syndic, SCI",,AJO,,False,True
3340976,Gouv Nelle Calédonie (OPT),"UMTS 2100, LTE 1800",RUE DES PIGEONS VERTS (WEP WE LOTISSEMENT) 98825 POUEMBOUT,98825,"-21.1153,164.9006",Mât béton,12m,Office des Postes et Télécom,,AJO,,False,True
3340980,Gouv Nelle Calédonie (OPT),"UMTS 900, LTE 800",ILE OUEN (OUARA) 98876 LE MONT DORE,98817,"-22.4239,166.8336",Mât métallique,6m,Office des Postes et Télécom,,AJO,,False,True
3341020,FREE MOBILE,"LTE 700, LTE 900, LTE 1800, LTE 2100, LTE 2600, 5G NR 700, 5G NR 3500",65/67 RUE RAYMOND LOSSERAND 75014 PARIS 14,75114,"48.8342,2.3189",Immeuble,"29,5m","Copropriété, Syndic, SCI",,AJO,,False,True
3341144,FREE MOBILE,"LTE 700, LTE 900, LTE 1800, LTE 2100, LTE 2600, 5G NR 700, 5G NR 3500",1 AVENUE JEAN LAGARRIGUE STATION ESSO LES ESSARTS - N138 76530 GRAND COURONNE,76319,"49.3533,1.0294",Pylône tubulaire,38m,TOTEM,,AJO,,False,True
3341334,ORANGE,"LTE 800, LTE 1800, LTE 2100, LTE 2600, 5G NR 700, 5G NR 3500",GARE DE CRÉTEIL POMPADOUR CHEMIN DES BOEUFS 94000 CRETEIL,94028,"48.7711,2.4347",Bâtiment,"19,8m",SNCF,,AJO,,False,True
3341339,BOUYGUES TELECOM,"LTE 700, LTE 800, LTE 1800, LTE 2600, 5G NR 2100, 5G NR 3500",16 R DU LONDEL (L'EPINE) 14112 PERIERS SUR LE DAN,14495,"49.2478,-0.3525",Pylône autostable,"36,6m",PHOENIX FRANCE INFRASTRUCTURES,,AJO,,False,True
3341413,ORANGE,"LTE 800, LTE 1800, LTE 2100, 5G NR 700, 5G NR 3500",RUE DU GÉNÉRAL DE GAULLE (LEIMENGRABEN) 67170 KRIEGSHEIM,67250,"48.7553,7.7231",Pylône autostable,"29,9m",ATC FRANCE,,AJO,,False,True
3341415,BOUYGUES TELECOM,"LTE 700, LTE 800, LTE 1800, LTE 2600, 5G NR 2100",RUE DU COUVENT (CHAMPS DE LA CHAPELLE) 89520 TREIGNY PERREUSE STE COLOMBE,89420,"47.5531,3.1872",Pylône autostable,"30,3m",PHOENIX FRANCE INFRASTRUCTURES,,AJO,,False,True
3341605,BOUYGUES TELECOM,"LTE 700, LTE 800, LTE 1800, LTE 2600, 5G NR 2100",RUE DE BUSNES (LES LEVOIS) 62920 GONNEHEM,62376,"50.5625,2.5303",Pylône autostable,24m,BOUYGUES,,AJO,,False,True
3341709,ORANGE,"LTE 700, LTE 800, LTE 1800, 5G NR 2100",D 926 RUE DES TAGBELLES (PRENTEGARDE) 15100 ROFFIAC,15164,"45.0547,3.0178",Pylône autostable,30m,TDF,,AJO,,False,True
3341734,ORANGE,"LTE 800, LTE 1800, LTE 2100, LTE 2600, 5G NR 700, 5G NR 3500",115 AV ROGER SALENGRO 94500 CHAMPIGNY SUR MARNE,94017,"48.8178,2.495",Immeuble,20m,Société HLM,,AJO,,False,True
3341738,BOUYGUES TELECOM,"LTE 700, LTE 800, LTE 1800, LTE 2600, 5G NR 2100, 5G NR 3500",1933 AV CESAR GEOFFRAY 84110 VAISON LA ROMAINE,84137,"44.2364,5.0858",Immeuble,"19,3m",Société Privée,,AJO,,False,True
3341746,BOUYGUES TELECOM,"LTE 700, LTE 800, LTE 1800, LTE 2600, 5G NR 2100",ROUTE DE BESSIERES (DOUZILLOU) 31780 CASTELGINEST,31116,"43.6953,1.4508",Pylône autostable,"42,3m",BOUYGUES,,AJO,,False,True
3341749,BOUYGUES TELECOM,"LTE 700, LTE 800, LTE 1800, LTE 2600, 5G NR 2100",6 R DES SPORTS 31700 BLAGNAC,31069,"43.6383,1.4019",Pylône tubulaire,36m,CELLNEX,,AJO,,False,True
3341754,BOUYGUES TELECOM,"UMTS 900, LTE 700, LTE 800",MESCAM HUELLA (MESCAM) 29460 HANVEC,29078,"48.3517,-4.0675",Pylône autostable,"31,5m",BOUYGUES,,AJO,,True,True
3341791,BOUYGUES TELECOM,"LTE 700, LTE 800, LTE 1800, LTE 2600, 5G NR 2100",RUE DES QUERIEUX (LES COMBES) 87380 LA PORCHERIE,87120,"45.5881,1.5219",Pylône autostable,"24,4m",PHOENIX FRANCE INFRASTRUCTURES,,AJO,,False,True
3341804,SFR,"LTE 700, LTE 800, LTE 1800, LTE 2600, 5G NR 2100",ROUTE DE POMPIERRE R.D N°1 (SUR LA VOIE ROMAINE) 88300 NEUFCHATEAU,88321,"48.3411,5.6933",Pylône tubulaire,30m,SFR,,AJO,,False,True
3341828,BOUYGUES TELECOM,"LTE 700, LTE 800, LTE 1800, LTE 2600, 5G NR 2100",ROUE DU PONTEIL (ACO DE BLANC) 05310 CHAMPCELLA,05031,"44.7153,6.5714",Pylône autostable,30m,BOUYGUES,,AJO,,False,True
3341849,BOUYGUES TELECOM,"LTE 700, LTE 800, LTE 1800, LTE 2600, 5G NR 2100, 5G NR 3500",324 CHEM DE LA LAUVE RÉS. LES ROSES 83700 ST RAPHAEL,83118,"43.4294,6.7772",Immeuble,26m,"Copropriété, Syndic, SCI",,AJO,,False,True
3341874,BOUYGUES TELECOM,"LTE 700, LTE 800, LTE 1800, LTE 2600, 5G NR 2100",2 RES DE LA SEIGNEURIE 91700 VILLIERS SUR ORGE,91685,"48.6544,2.2936",Immeuble,14m,Société HLM,,AJO,,False,True
3341933,BOUYGUES TELECOM,"UMTS 900, LTE 700, LTE 800, LTE 1800, LTE 2600, 5G NR 2100",RN DE BOURGES (LA CHAUSSEE) 18130 BUSSY,18040,"46.9289,2.6078",Pylône autostable,42m,BOUYGUES,,AJO,,False,True
3341943,BOUYGUES TELECOM,"UMTS 900, LTE 700, LTE 800, LTE 1800, LTE 2100, LTE 2600, 5G NR 2100",10 BD VOLTAIRE 91290 ARPAJON,91021,"48.5892,2.2536",Immeuble,"16,3m",Société HLM,,AJO,,False,True
3341979,SFR,"GSM 900, UMTS 900, LTE 800, LTE 1800, LTE 2100, LTE 2600, 5G NR 3500",RTE DE PALAVAS CAMPING LE CAMARGUAIS (TOURNEFORT) 34970 LATTES,34129,"43.5494,3.8944",Pylône tubulaire,15m,HIVORY,2026-08-21,AJA,,False,True
3342029,BOUYGUES TELECOM,"LTE 700, LTE 800, LTE 1800, LTE 2600, 5G NR 2100",CHEM DES CARREAUX (LES CARREAUX SUD) 27930 NORMANVILLE,27439,"49.0744,1.1422",Pylône autostable,"24,9m",PHOENIX FRANCE INFRASTRUCTURES,,AJO,,False,True
3342037,ORANGE,"LTE 800, LTE 1800, LTE 2100, LTE 2600, 5G NR 700, 5G NR 3500",61-63 R BOURDARIAS 94140 ALFORTVILLE,94002,"48.8056,2.4244",Immeuble,"44,7m",Société HLM,,AJO,,False,True
3342059,SFR,"UMTS 900, LTE 700, LTE 800",CHEMIN COMMUNAL NUMERO 18 (QRT BOCCA DEL ORO) 20137 PORTO VECCHIO,2A247,"41.5461,9.2828",Pylône tubulaire,12m,SFR,,AJO,,True,True
3342096,SFR,"UMTS 900, LTE 700, LTE 800",D43 ROUTE DE LAVAUR (LE SOULIE) 81470 ALGANS,81006,"43.6194,1.8844",Pylône autostable,36m,SFR,,AJO,,True,True
3342192,SFR,"UMTS 900, LTE 700, LTE 800",ROUTE D'ABOUL CHEMIN RURAL N°22 RUE DES PEYROUSES (LE CAYROU) 12340 BOZOULS,12033,"44.4467,2.7194",Pylône autostable,30m,SFR,,AJO,,True,True
3342243,BOUYGUES TELECOM,"LTE 700, LTE 800, LTE 1800, LTE 2600, 5G NR 2100",CHEMIN DE BEL AIR (SUR LA TRIÈRE) 89660 MAILLY LE CHATEAU,89238,"47.595,3.6456",Pylône autostable,"24,5m",PHOENIX FRANCE INFRASTRUCTURES,,AJO,,False,True
3342260,BOUYGUES TELECOM,"LTE 700, LTE 800, LTE 1800, LTE 2600, 5G NR 2100",ROUTE DES GROTTES (LA BLAQUE) 06530 ST CEZAIRE SUR SIAGNE,06118,"43.6569,6.8083",Pylône autostable,"24,5m",CELLNEX,,AJO,,False,True
3342271,BOUYGUES TELECOM,"LTE 700, LTE 800, LTE 1800, LTE 2600, 5G NR 2100",349 CHEM CARRAIRE DES CREMADES (LOT LE VIEUX MOULIN) 13580 LA FARE LES OLIVIERS,13037,"43.5569,5.2164",Pylône tubulaire,24m,CELLNEX,,AJO,,False,True
3342284,BOUYGUES TELECOM,"LTE 700, LTE 800, LTE 1800, LTE 2600, 5G NR 2100",19 SQUARE DU PETIT MONTOUR (GRAND MONTOUR) 03410 DOMERAT,03101,"46.3619,2.5253",Pylône autostable,42m,PHOENIX FRANCE INFRASTRUCTURES,,AJO,,False,True
3342288,BOUYGUES TELECOM,"LTE 700, LTE 800, LTE 1800, LTE 2600, 5G NR 2100",LE BOURG (DES CHEVAILLES) 87400 ST DENIS DES MURS,87142,"45.7853,1.5486",Pylône autostable,"36,5m",PHOENIX FRANCE INFRASTRUCTURES,,AJO,,False,True
3342293,Gouv Nelle Calédonie (OPT),"UMTS 900, LTE 800",MAISON COMMUNE (NEVAHO) 98822 POINDIMIE,98822,"-21.0036,165.3636",Mât béton,12m,Office des Postes et Télécom,,AJO,,False,True
3342303,BOUYGUES TELECOM,"LTE 700, LTE 800, LTE 1800, LTE 2600, 5G NR 2100",86 R DE LA BROSSE (LA BROSSE) 44140 LE BIGNON,44014,"47.0872,-1.4872",Pylône autostable,24m,PHOENIX FRANCE INFRASTRUCTURES,,AJO,,False,True
3342373,BOUYGUES TELECOM,"LTE 700, LTE 800, LTE 1800, LTE 2600, 5G NR 2100",AV DU MOULIN À VENT 34160 GALARGUES,34110,"43.7714,4.0172",Château d'eau - réservoir,22m,"Commune, communauté de communes",,AJO,,False,True
3342397,BOUYGUES TELECOM,"LTE 700, LTE 800, LTE 1800, LTE 2600, 5G NR 2100",20 CHEM DE TRÉVILLE 31270 FROUZINS,31203,"43.5281,1.3058",Pylône autostable,30m,CELLNEX,,AJO,,False,True
3342449,BOUYGUES TELECOM,"LTE 700, LTE 800, LTE 1800, 5G NR 2100",ROUTE LE PETIT FONTAINE (LE PETIT FONTAINE) 14400 RYES,14552,"49.3247,-0.6239",Pylône autostable,45m,HIVORY,,AJO,,False,True
3342456,BOUYGUES TELECOM,"LTE 700, LTE 800, LTE 1800, LTE 2600, 5G NR 2100",RUE DU CAPITAINE SELVEZ CHÂTEAU D'EAU DES BALÉZATS 03110 VENDAT,03304,"46.1603,3.35",Château d'eau - réservoir,24m,"Syndicat des eaux, Adduction",,AJO,,False,True
3342464,ORANGE,"LTE 800, LTE 1800, LTE 2100, LTE 2600, 5G NR 700, 5G NR 3500",RUE DE LA MINE (LE ROUERGAS) 34980 ST GELY DU FESC,34255,"43.7022,3.8128",Pylône autostable,24m,CELLNEX,,AJO,,False,True
3342485,BOUYGUES TELECOM,"LTE 700, LTE 800, LTE 1800, LTE 2600, 5G NR 2100",86 R DE LA RÉPUBLIQUE 69120 VAULX EN VELIN,69256,"45.7856,4.9275",Immeuble,"20,8m","Copropriété, Syndic, SCI",,AJO,,False,True
3342554,SFR,"UMTS 900, LTE 700, LTE 800",ROUTE DES COTEAUX (LE PIXY) 09700 BRIE,09067,"43.2031,1.5369",Pylône autostable,30m,SFR,,AJO,,True,True
3342556,SFR,"UMTS 900, LTE 700, LTE 800",COTE DE VENTAUREL (CHAMPS DU BOULVE) 46800 BARGUELONNE EN QUERCY,46263,"44.3678,1.2314",Pylône autostable,42m,SFR,,AJO,,True,True
3342801,BOUYGUES TELECOM,"LTE 700, LTE 800, LTE 1800, LTE 2600, 5G NR 2100",R DE LA BELLE ENSEIGNE 31270 VILLENEUVE TOLOSANE,31588,"43.5331,1.3261",Pylône autostable,"36,3m",CELLNEX,,AJO,,False,True
3342857,ORANGE,"LTE 2600, 5G NR 2100",ROUTE DEPARTEMENTALE 906 (LES VIARDS) 71570 LA CHAPELLE DE GUINCHAY,71090,"46.2231,4.7819",Pylône autostable,36m,TDF,,AJO,,False,False
3342897,FREE MOBILE,"LTE 700, LTE 900, LTE 1800, LTE 2100, 5G NR 700",ROUTE DU BARRAGE (LA TAILLE) 37800 NOUATRE,37174,"47.0194,0.5625",Pylône autostable,"36,5m",FREE-MOBILE,,AJO,,False,True
3342951,BOUYGUES TELECOM,"UMTS 900, LTE 700, LTE 800",CHEMIN COMMUNAL (LE HAUT DU GELAY) 69870 CHAMBOST ALLIERES,69037,"46.0161,4.4833",Pylône autostable,"18,2m",PHOENIX FRANCE INFRASTRUCTURES,,AJO,,True,True
3343031,FREE MOBILE,"LTE 700, LTE 900, LTE 1800, LTE 2100, LTE 2600, 5G NR 700",RUE DES DENTELLIÈRES STADE JACQUES ROUÉ (LES GARENNES) 14470 REVIERS,14535,"49.2989,-0.4628",Pylône tubulaire,35m,TOTEM,,AJO,,False,True
3343042,FREE MOBILE,"LTE 700, LTE 900, LTE 1800, LTE 2100, LTE 2600, 5G NR 700, 5G NR 3500",6 RUE DE BALZAC 19100 BRIVE LA GAILLARDE,19031,"45.1561,1.5419",Immeuble,"18,6m","Copropriété, Syndic, SCI",,AJO,,False,True
3343048,FREE MOBILE,"LTE 700, LTE 900, LTE 1800, LTE 2100, LTE 2600, 5G NR 700, 5G NR 3500","2, PARKING DU ROUERGUE 34300 AGDE",34003,"43.2892,3.5242",Pylône tubulaire,"25,5m",TOTEM,,AJO,,False,True
3343052,FREE MOBILE,"LTE 700, LTE 900, LTE 1800, LTE 2100, LTE 2600, 5G NR 700, 5G NR 3500",4-6 RUE PIERRE CHEVALDONNE 45100 ORLEANS,45234,"47.9092,1.9161",Immeuble,"18,8m",Société HLM,,AJO,,False,True
3343056,FREE MOBILE,"LTE 700, LTE 900, LTE 1800, LTE 2100, LTE 2600, 5G NR 700, 5G NR 3500",RUE SIMON DAUPHINOT STADE LECRINIER 51350 CORMONTREUIL,51172,"49.225,4.0475",Pylône autostable,19m,TOTEM,,AJO,,False,True
3343064,FREE MOBILE,"LTE 700, LTE 900, LTE 1800, LTE 2100, LTE 2600, 5G NR 700, 5G NR 3500",AVENUE DE LA FOSSE 10 62420 BILLY MONTIGNY,62133,"50.4131,2.9053",Pylône autostable,"30,1m",TOTEM,,AJO,,False,True
3343074,FREE MOBILE,"LTE 700, LTE 900, LTE 1800, LTE 2100, LTE 2600, 5G NR 700, 5G NR 3500",28 AVENUE DE FRANCE 74960 ANNECY,74010,"45.91,6.1386",Bâtiment,"29,7m","CCI, Ch Métier, Port Aut, Aéroport",,AJO,,False,True
3346612,ORANGE,"5G NR 700, 5G NR 3500",VC N°6 DE PLOUGOUMELEN À PORT BLANC PRAT PINTAU (KERGROIX) 56400 PLOUGOUMELEN,56167,"47.6469,-2.9108",Pylône autostable,"42,3m",ON TOWER FRANCE,,AJO,,False,False
3346612,ORANGE,LTE 700,VC N°6 DE PLOUGOUMELEN À PORT BLANC PRAT PINTAU (KERGROIX) 56400 PLOUGOUMELEN,56167,"47.6469,-2.9108",Pylône autostable,"42,3m",ON TOWER FRANCE,2022-11-29,SUP,,False,False
3356354,SFR,,39 RUE NATIONALE 13110 PORT DE BOUC,13077,"43.3994,4.9811",Immeuble,"60,5m",Société HLM,2020-12-18,CHI,467176,False,True
3356365,ORANGE,,PLAN D'ARRIOU CHENIL DE LA CONCA 06690 TOURRETTE LEVENS,06147,"43.8014,7.2672",Pylône autostable,13m,TOTEM,2024-05-15,CHI,755156,False,True
3356401,ORANGE,,BD  JEAN YOLE STADE MUNICIPAL 85300 CHALLANS,85047,"46.8403,-1.8792",Pylône tubulaire,35m,TOTEM,2021-11-26,CHI,473345,False,True
3356505,ORANGE,,CHEMIN D'EXPLOITATION - SILO (LA VIGNE LA DAME) 51240 SONGY,51552,"48.7961,4.4936",Pylône autostable,30m,TOTEM,,CHI,3280292,False,True
3356513,SFR,,9990 CHEMIN DE LA GABELLE 06220 VALLAURIS,06155,"43.5686,7.0783",Bâtiment,24m,"Coopérative Agricole, Vinicole",1998-01-09,CHI,842680,False,True
3356526,ORANGE,,2 IMPASSE JEAN MACÉ 30900 NIMES,30189,"43.8183,4.3647",Immeuble,"21,3m","Copropriété, Syndic, SCI",2021-04-30,CHI,3338937,False,True
3356577,ORANGE,,41 RUE DE FEYTIAT 87280 LIMOGES,87085,"45.8231,1.2833",Pylône tubulaire,36m,TOTEM,2018-04-19,CHI,820030,False,True
3356621,FREE MOBILE,,RUE DE TOULEYRE 33140 CADAUJAC,33080,"44.7336,-0.5367",Pylône autostable,"36,9m",ON TOWER FRANCE,2021-02-03,CHI,1730386,False,True
3356621,SFR,,RUE DE TOULEYRE 33140 CADAUJAC,33080,"44.7336,-0.5367",Pylône autostable,"36,9m",ON TOWER FRANCE,2024-06-28,CHI,2881729,False,True
3356623,BOUYGUES TELECOM,,62 RUE PIERRE CURIE 78130 LES MUREAUX,78440,"48.9936,1.9258",Pylône autostable,"26,5m",CELLNEX,2021-08-20,CHI,2105573,False,True
3356623,FREE MOBILE,,62 RUE PIERRE CURIE 78130 LES MUREAUX,78440,"48.9936,1.9258",Pylône autostable,"26,5m",CELLNEX,2024-04-15,CHI,2734599,False,True
3359547,ORANGE,,LES MARAÎCHERS R DU COMTE JEAN STADE DE FOOTBALL 59760 GRANDE SYNTHE,59271,"51.0217,2.2878",Pylône tubulaire,36m,TOTEM,2022-05-24,CHI,806153,False,True
3359551,BOUYGUES TELECOM,,52 RUE LAVOISIER 68200 MULHOUSE,68224,"47.7564,7.3208",Immeuble,"17,1m","Copropriété, Syndic, SCI",2023-04-12,CHI,2403882,False,True
3359556,BOUYGUES TELECOM,,18 RUE DE LA BANLIEUE RÉSIDENCE COUR NAPOLÉON 68110 ILLZACH,68154,"47.7619,7.3494",Immeuble,"22,1m",Société HLM,2024-04-10,CHI,2100050,False,True
3359564,BOUYGUES TELECOM,,14 RUE DE LAUSANNE 76100 ROUEN,76540,"49.4533,1.1286",Immeuble,"37,9m","Copropriété, Syndic, SCI",2023-03-17,CHI,2797956,False,True
3359576,BOUYGUES TELECOM,,201 RUE DU BOIS DES PRINCES 76410 CLEON,76178,"49.3142,1.0383",Pylône tubulaire,"37,6m",ON TOWER FRANCE,,CHI,3269972,False,True
3359616,ORANGE,,CHEMIN DE LA GARRIGUES (LE BOUSQUET) 81440 VENES,81311,"43.7117,2.2039",Pylône autostable,26m,TOTEM,2025-04-11,CHI,105578,False,True
3359646,FREE MOBILE,,ROUTE DES 2 MONTS (LA TEULIÈRE) 81210 MONTFA,81177,"43.7061,2.2547",Pylône autostable,42m,FREE-MOBILE,2024-08-12,CHI,2851069,False,True
3359707,ORANGE,,CHEMIN COMMUNAL DE LA PRAILLE (PRAILLE) 01710 THOIRY,01419,"46.2261,5.9972",Pylône autostable,30m,TOTEM,2021-12-13,CHI,558478,False,True
3359712,BOUYGUES TELECOM,,14 RTE DE LA FOLIE BESSIN 91460 MARCOUSSIS,91363,"48.6656,2.2044",Pylône autostable,"37,1m",CELLNEX,2025-03-20,CHI,2751947,False,True
3359736,SFR,,69 RUE HENRI BARBUSSE RÉSIDENCE BARBUSSE 93290 TREMBLAY EN FRANCE,93073,"48.96,2.5719",Immeuble,"19,8m","Copropriété, Syndic, SCI",2020-12-15,CHI,43669,False,True
3359755,ORANGE,,ROUTE DES BRUYÈRES 95270 LUZARCHES,95352,"49.1175,2.4197",Pylône arbre,35m,TOTEM,2018-12-26,CHI,1994423,False,True
3360022,FREE MOBILE,,RUE NOTRE DAME PROCHE DE LA LIGNE DE BLESME-HAUSSIGNÉMO (LE CRUET) 51340 SCRUPT,51528,"48.7183,4.7878",Pylône autostable,35m,ATC FRANCE,2021-12-17,CHI,2349927,False,True
3360099,ORANGE,,1 ALLÉE GEOFFROY SAINT HILAIRE 33600 PESSAC,33318,"44.8047,-0.6078",Pylône tubulaire,30m,TOTEM,,CHI,2887015,False,True
3360133,ORANGE,,60 AVENUE DE TRÉPIED TERRAIN MUNICIPAL 62520 LE TOUQUET PARIS PLAGE,62826,"50.5108,1.6186",Pylône tubulaire,26m,TOTEM,2005-12-10,CHI,807383,False,True
3360138,ORANGE,,7 ALLÉE DANIEL DE COSNAC 19100 BRIVE LA GAILLARDE,19031,"45.1575,1.5556",Immeuble,35m,Société HLM,2022-06-27,CHI,3343026,False,True
3360181,ORANGE,,CHEMIN D'EXPLOITATION N°45 PRÈS DE LA D86 (LES DOUZE) 62127 MAGNICOURT EN COMTE,62536,"50.4039,2.4803",Pylône autostable,36m,ATC FRANCE,2024-09-27,CHI,2747885,False,True
3360186,BOUYGUES TELECOM,,"13 B,  RUE FLAMMARION 84140 AVIGNON",84007,"43.9467,4.8211",Bâtiment,19m,"Copropriété, Syndic, SCI",2025-04-30,CHI,2965077,False,True
338133,ORANGE,5G NR 3500,1 R DE SOULTZ 68000 COLMAR,68066,"48.0736,7.3422",Bâtiment,"19,1m","Copropriété, Syndic, SCI",2026-08-20,ALL,,False,False
392610,SRR,"GSM 900, UMTS 900, UMTS 2100, LTE 800, LTE 1800, LTE 2600",21 R MANDZARSOA (MATSAPERE) 97605 MAMOUDZOU,97611,"-12.7861,45.2236",Bâtiment,"10,4m",Particulier,2018-04-09,SUP,,False,False
394255,SFR,UMTS 2100,"A6, SENS PARIS / PROVINCE PR 2,2 94230 CACHAN",94016,"48.7978,2.3439","Ouvrage de signalisation (portique routier, panneau routier)",13m,DDE,2008-02-22,SUP,,False,False
394257,SFR,"GSM 900, GSM 1800, UMTS 900, UMTS 2100, LTE 800, LTE 1800, LTE 2100","A6, SENS PARIS / PROVINCE PR 2,2 94230 CACHAN",94016,"48.7978,2.3439","Ouvrage d'art (pont, viaduc)",8m,DDE,2015-09-02,SUP,,False,False
437203,FREE MOBILE,5G NR 700,PRÈS D116 (LES COURILLONS) 45320 FOUCHEROLLES,45149,"48.1003,3.0228",Pylône autostable,40m,TOTEM,2026-08-24,ALL,,False,False
437316,SFR,LTE 700,CHEM DU CALVAIRE (PUECH DU MAS DU JUGE) 34980 ST GELY DU FESC,34255,"43.6889,3.8172",Pylône autostable,34m,TDF,,SUP,,False,False
437433,BOUYGUES TELECOM,"LTE 700, 5G NR 2100, 5G NR 3500",5 AV DE LA GARE CSEC 60400 NOYON,60471,"49.5786,3.0094",Immeuble,51m,"SDIS, secours, incendie",,SUP,,False,False
438503,BOUYGUES TELECOM,LTE 700, (LES PERRONS) 78540 VERNOUILLET,78643,"48.9686,1.9664",Pylône arbre,30m,ATC FRANCE,2026-08-28,AAV,,False,False
438503,BOUYGUES TELECOM,LTE 800, (LES PERRONS) 78540 VERNOUILLET,78643,"48.9686,1.9664",Pylône arbre,30m,ATC FRANCE,2014-12-02,EXT,,False,False
438717,ORANGE,5G NR 700, (MUHLENGARTEN) 57890 PORCELETTE,57550,"49.1642,6.6639",Pylône autostable,"43,2m",ATC FRANCE,2026-09-03,AAV,,False,False
438720,BOUYGUES TELECOM,LTE 2100,R DE NOYELLES - D29 ANCIENNE BRIQUETTERIE (LE BOIS DINOIR) 59267 PROVILLE,59476,"50.1544,3.2036",Bâtiment,"25,2m",Société Privée,2026-08-12,ALL,,False,False
439038,BOUYGUES TELECOM,UMTS 2100,20 R JEAN BAPTISTE LECHAUGUETTE 95840 VILLIERS ADAM,95678,"49.0658,2.2389",Bâtiment,"14,5m",Société Privée,2008-04-25,SUP,,False,False
439076,BOUYGUES TELECOM,LTE 700,3 R DE KERNÉVÉNAS CHÂTEAU D'EAU 29300 QUIMPERLE,29233,"47.8853,-3.5606",Château d'eau - réservoir,39m,"Commune, communauté de communes",2026-08-21,ALL,,False,False
439443,SFR,LTE 700,ZI DE LA PLAINE DE L'AIN (LES BERGERIES) 01150 ST VULBAS,01390,"45.8547,5.2925",Pylône autostable,36m,TDF,,AJO,,False,False
439443,SFR,LTE 2100,ZI DE LA PLAINE DE L'AIN (LES BERGERIES) 01150 ST VULBAS,01390,"45.8547,5.2925",Pylône autostable,36m,TDF,2023-12-12,SUP,,False,False
439538,BOUYGUES TELECOM,UMTS 2100,PUYJARRIGE (PUY CHAUVET) 19100 BRIVE LA GAILLARDE,19031,"45.1133,1.5011",Pylône autostable,37m,ORANGE,2008-06-12,SUP,,False,False
439646,SFR,"LTE 700, LTE 1800, LTE 2100, 5G NR 2100",VOIE COMMUNALE N°9 D'OGNON BALAGNY (LE THIERRY) 60810 BARBERY,60045,"49.2311,2.6578",Pylône autostable,35m,TOTEM,,AJO,,False,False
439646,SFR,UMTS 2100,VOIE COMMUNALE N°9 D'OGNON BALAGNY (LE THIERRY) 60810 BARBERY,60045,"49.2311,2.6578",Pylône autostable,35m,TOTEM,2020-08-24,SUP,,False,False
439859,BOUYGUES TELECOM,UMTS 2100, (LA FOSSE BEAUMONT) 77410 MESSY,77292,"48.9569,2.6856",Pylône tubulaire,"37,5m",HIVORY,2008-06-02,SUP,,False,False
440474,BOUYGUES TELECOM,UMTS 2100,PL VERMINCK EGLISE 13710 FUVEAU,13040,"43.455,5.5614",Monument religieux,34m,"Commune, communauté de communes",2008-07-24,SUP,,False,False
440542,SFR,LTE 2100,LA FOURCHE (LES BROSSES SOLLOT) 71120 VENDENESSE LES CHAROLLES,71564,"46.4553,4.3675",Pylône autostable,32m,HIVORY,,AJO,,False,False
440548,BOUYGUES TELECOM,UMTS 2100,R DU BOUT DE LA MARRE RUELLE DE L'EGLISE 78124 MONTAINVILLE,78415,"48.8822,1.8617",Monument religieux,34m,"Commune, communauté de communes",2018-05-30,SUP,,False,False
442570,SFR,"LTE 700, 5G NR 2100",FORET DE RIOU CLARET (LE SUCHALIAS) 07330 ASTET,07018,"44.7031,4.0411",Pylône autostable,41m,TDF,,AJO,,False,False
443272,ORANGE,5G NR 700,R DE LA MINE FORET DOMANIALE DE LA HOUVE 57150 CREUTZWALD,57160,"49.2056,6.6883",Pylône tubulaire,40m,"Commune, communauté de communes",,AJO,,False,False
443272,ORANGE,"GSM 900, LTE 700",R DE LA MINE FORET DOMANIALE DE LA HOUVE 57150 CREUTZWALD,57160,"49.2056,6.6883",Pylône tubulaire,40m,"Commune, communauté de communes",2005-08-27,SUP,,False,False
443734,BOUYGUES TELECOM,"GSM 900, LTE 2100",R ST PIERRE  ANCIENNE FOSSE 11 62750 LOOS EN GOHELLE,62528,"50.4453,2.7944",Pylône autostable,36m,BOUYGUES,1997-11-03,SUP,,False,False
444318,ORANGE,5G NR 700,CHEM RURAL PRÈS DES RÉSERVOIRS (LES CHAMPS DES CHIENS) 70290 PLANCHER BAS,70413,"47.7208,6.7256",Pylône autostable,35m,HIVORY,2026-09-03,AAV,,False,False
445499,SFR,5G NR 2100,LA PLATRIERE (COMMUNAUTE DES BOUILLYS) 71460 VAUX EN PRE,71563,"46.6136,4.6078",Pylône autostable,38m,TOTEM,,SUP,,False,False
446577,BOUYGUES TELECOM,LTE 700,ZA DE LA GARE (MÉZIOU MEUR) 29670 TAULE,29279,"48.6139,-3.8975",Pylône autostable,36m,TOTEM,2026-08-21,ALL,,False,False
448196,SFR,5G NR 3500,89 R DU FAUBOURG ST JEAN 45100 ORLEANS,45234,"47.9075,1.885",Château d'eau - réservoir,35m,"Commune, communauté de communes",,SUP,,False,False
448344,ORANGE,5G NR 2100,D27 (ENTRE BERVILLE ET AMFREVILLE) 76560 AMFREVILLE LES CHAMPS,76006,"49.7017,0.825",Pylône autostable,81m,TDF,2026-08-19,ALL,,False,False
448642,BOUYGUES TELECOM,LTE 700,R DES SPORTS TERRAIN DE SPORT 35320 CREVIN,35090,"47.9411,-1.6614",Pylône tubulaire,50m,TDF,2026-08-21,ALL,,False,False
449529,BOUYGUES TELECOM,"LTE 700, LTE 2600, 5G NR 2100, 5G NR 3500",FERME DE RUFILLE (DESSUS DE LA COMBE) 25220 AMAGNEY,25014,"47.3061,6.1153",Pylône autostable,40m,Sociétés d'Autoroutes,,AJO,,False,False
450197,SFR,"LTE 700, LTE 2100, LTE 2600, 5G NR 2100",187 R ST LADRE SUPERMARCHE CHAMPION 59400 CAMBRAI,59122,"50.1625,3.2494",Pylône tubulaire,30m,TOTEM,2026-08-20,ALL,,False,False
450668,BOUYGUES TELECOM,"LTE 700, LTE 2600",RD 935 CHÂTEAU D'EAU (LA BRELAUDIERE) 00404 ERR CONV INSEE,49069,"47.3261,-1.2753",Château d'eau - réservoir,47m,"Syndicat des eaux, Adduction",,AJO,,False,False
450668,BOUYGUES TELECOM,LTE 2100,RD 935 CHÂTEAU D'EAU (LA BRELAUDIERE) 00404 ERR CONV INSEE,49069,"47.3261,-1.2753",Château d'eau - réservoir,47m,"Syndicat des eaux, Adduction",2022-09-29,SUP,,False,False
451353,BOUYGUES TELECOM,LTE 700,13 R DE LA CROIX ROBERT CHATEAU D'EAU 37190 DRUYE,37099,"47.3108,0.5389",Château d'eau - réservoir,"44,6m","Commune, communauté de communes",,AJO,,False,False
451353,BOUYGUES TELECOM,LTE 2100,13 R DE LA CROIX ROBERT CHATEAU D'EAU 37190 DRUYE,37099,"47.3108,0.5389",Château d'eau - réservoir,"44,6m","Commune, communauté de communes",2022-05-24,SUP,,False,False
451775,OUTREMER TELECOM,LTE 700,RN1 (MONTAGNE DES PERES) 97310 KOUROU,97304,"5.1158,-52.6408",Pylône autostable,50m,BOUYGUES,2026-08-25,ALL,,False,False
452333,ORANGE,LTE 700,CHEM RURAL DIT DU PERRIAU (LE PERRIAU) 18100 MERY SUR CHER,18150,"47.2461,1.9833",Château d'eau - réservoir,50m,"Commune, communauté de communes",2026-09-03,AAV,,False,False
456949,BOUYGUES TELECOM,"LTE 1800, LTE 2100",RTE DE ST SORNIN LEULAC À CHANTEGRELLE (PEU GRAND) 87290 ST SORNIN LEULAC,87180,"46.2058,1.3006",Pylône autostable,30m,HIVORY,2026-08-13,ALL,,False,False
457661,ORANGE,5G NR 700,RÉSERVOIR COMMUNAL (LES MAILLETS - LA CARRIÈRE) 60370 HERMES,60313,"49.3614,2.2531",Pylône autostable,"34,5m",TOTEM,2026-08-21,ALL,,False,False
459061,SFR,UMTS 900,85 CRS DE L'ARGONNE 33800 BORDEAUX,33063,"44.8283,-0.575",Immeuble,"19,6m",Particulier,,SUP,,False,False
459423,SFR,LTE 2100,V COMMUNALE N°5 DE VALDAMPIERRE À MONTHERLAND (LE CHEM DE MÉRU) 60790 VALDAMPIERRE,60652,"49.2983,2.0511",Pylône autostable,35m,ORANGE,,AJO,,False,False
459533,SFR,5G NR 2100,CHEM DU TACON RÉSERVOIR LES CONDOMINES 06610 LA GAUDE,06065,"43.7303,7.1433",Pylône tubulaire,14m,TOTEM,,AJO,,False,False
459533,SFR,5G NR 3500,CHEM DU TACON RÉSERVOIR LES CONDOMINES 06610 LA GAUDE,06065,"43.7303,7.1433",Pylône tubulaire,14m,TOTEM,,SUP,,False,False
462119,ORANGE,5G NR 700,PROCHE DE LA DÉCHARGE MUNICIPALE (BURGER WALD) 68580 SEPPOIS LE BAS,68305,"47.5461,7.1736",Pylône autostable,47m,HIVORY,2026-08-27,ALL,,False,False
463071,SFR,"LTE 700, LTE 1800, LTE 2100, 5G NR 2100",RUE DES  JONCQUILLES D.100 - A1 - SENS L/P  PK 53 60410 VILLENEUVE SUR VERBERIE,60680,"49.2725,2.6942",Pylône autostable,52m,Sociétés d'Autoroutes,,AJO,,False,False
463071,SFR,UMTS 2100,RUE DES  JONCQUILLES D.100 - A1 - SENS L/P  PK 53 60410 VILLENEUVE SUR VERBERIE,60680,"49.2725,2.6942",Pylône autostable,52m,Sociétés d'Autoroutes,2019-06-27,SUP,,False,False
463662,BOUYGUES TELECOM,UMTS 2100,CHEM DE SAUSSENS (BEL AIR) 31460 PRUNET,31441,"43.5772,1.7297",Pylône tubulaire,"36,2m",BOUYGUES,2011-02-14,SUP,,False,False
464615,BOUYGUES TELECOM,"LTE 700, LTE 2600, 5G NR 2100, 5G NR 3500",AV ARISTIDE BRIAND EGLISE 27000 EVREUX,27229,"49.0178,1.1258",Monument religieux,42m,"Commune, communauté de communes",,AJO,,False,False
465308,BOUYGUES TELECOM,"UMTS 2100, LTE 2100",RTE ST CLAIR ET ENTRE LA D 940 (LES TROIS MATHILDES) 76790 ETRETAT,76254,"49.7047,0.2158",Pylône autostable,47m,TDF,2023-08-24,SUP,,False,False
465818,BOUYGUES TELECOM,"LTE 700, LTE 1800, LTE 2100, 5G NR 2100, 5G NR 3500",CHEM RURAL DU BALDERSHEIMERWEG CH D'EAU 68390 BATTENHEIM,68022,"47.81,7.3803",Château d'eau - réservoir,47m,"Commune, communauté de communes",,AJO,,False,False
465955,BOUYGUES TELECOM,UMTS 2100,R DE CHATEAU VILAIN - N 12 - TUN DE PONTCHARTRAIN 78760 JOUARS PONTCHARTRAIN,78321,"48.7983,1.9133",Tunnel,"5,8m",DDE,2008-09-26,SUP,,False,False
466286,BOUYGUES TELECOM,LTE 2100,PYLÔNE TDF (BIAUVY) 74570 FILLIERE,74282,"46.0019,6.2392",Pylône autostable,"33,5m",TDF,2026-06-18,ART,,False,False
467732,BOUYGUES TELECOM,UMTS 2100,R DE LA ROCHE QUI TOURNE EN FACE DE LA GENDARMERIE 91510 LARDY,91330,"48.5197,2.2531",Pylône autostable,33m,SNCF Réseau,2019-06-24,SUP,,False,False
468647,BOUYGUES TELECOM,UMTS 2100, (BOIS DE BRIGAUMONT) 70400 CHALONVILLARS,70117,"47.6464,6.7731",Pylône autostable,48m,ATC FRANCE,2008-09-15,SUP,,False,False
469800,SFR,"LTE 2100, 5G NR 3500",1 R LUCIEN SERGENT GARE DES MATELOTS GARE SNCF 78000 VERSAILLES,78646,"48.7967,2.1003",Pylône autostable,29m,SNCF Réseau,,AJO,,False,False
469800,SFR,UMTS 2100,1 R LUCIEN SERGENT GARE DES MATELOTS GARE SNCF 78000 VERSAILLES,78646,"48.7967,2.1003",Pylône autostable,29m,SNCF Réseau,2003-12-01,SUP,,False,False
469940,FREE MOBILE,"LTE 2100, 5G NR 700", (MONT ANDOUZE) 19290 ST SETIERS,19241,"45.6742,2.1",Tour hertzienne,62m,TDF,2026-08-24,ALL,,False,False
472067,BOUYGUES TELECOM,UMTS 2100,D 136E2 (HAMEAU DE LAMBUS) 62140 MOURIEZ,62596,"50.3683,1.9528",Château d'eau - réservoir,45m,"Syndicat des eaux, Adduction",2008-10-06,SUP,,False,False
472254,BOUYGUES TELECOM,"GSM 900, GSM 1800, UMTS 2100","A4 - SENS Y - PR 2,560 (ECLUSE DE ST MAURICE) 94410 ST MAURICE",94069,"48.8169,2.4242",Pylône autostable,10m,DDE,2000-12-21,SUP,,False,False
473630,BOUYGUES TELECOM,UMTS 2100,R GUSTAVE DELORY STADE DE FOOT (FERVAQUE) 59980 BERTRY,59074,"50.0847,3.4292",Pylône tubulaire,33m,ATC FRANCE,2008-12-05,SUP,,False,False
474165,BOUYGUES TELECOM,UMTS 2100,PRÉS A35 (FORET DOMANIALE DE LA HARDT) 68440 SCHLIERBACH,68301,"47.6894,7.4489",Pylône tubulaire,"12,5m",BOUYGUES,2008-12-11,SUP,,False,False
474858,BOUYGUES TELECOM,"LTE 1800, LTE 2100, 5G NR 2100",CHEM BLANC 80690 AILLY LE HAUT CLOCHER,80009,"50.0803,1.9992",Pylône autostable,48m,HIVORY,2026-08-28,AJO,,False,False
476588,BOUYGUES TELECOM,UMTS 2100,11 AV LOUIS BARBILLON 60200 COMPIEGNE,60159,"49.4289,2.8461",Pylône autostable,30m,TOTEM,2018-07-31,SUP,,False,False
479782,ORANGE,LTE 700,CHEM D'EXPLOITATION N°4 DIT DE VIGNES (LES MORTOISES) 89420 GUILLON TERRE PLAINE,89197,"47.5308,4.1478",Pylône autostable,50m,TOTEM,,AJO,,False,False
479782,ORANGE,GSM 900,CHEM D'EXPLOITATION N°4 DIT DE VIGNES (LES MORTOISES) 89420 GUILLON TERRE PLAINE,89197,"47.5308,4.1478",Pylône autostable,50m,TOTEM,1998-05-11,SUP,,False,False
481813,BOUYGUES TELECOM,LTE 2100,BOIS DATEFY D40 PM DE BEAUPONT NORD  PRÈS A 39 (LA COMMUNE) 71480 CONDAL,71143,"46.4625,5.2964",Pylône autostable,40m,Sociétés d'Autoroutes,,AJO,,False,False
482207,SFR,"LTE 700, LTE 1800, 5G NR 2100",CHEM RURAL PYÔNE ASF (LES PALAIS) 63460 TEILHEDE,63427,"45.9667,3.0658",Pylône autostable,"35,2m",Sociétés d'Autoroutes,,SUP,,False,False
485914,BOUYGUES TELECOM,LTE 700,LE PETIT ROCHER (LE BREIL) 35210 CHATILLON EN VENDELAIS,35072,"48.2078,-1.1617",Pylône autostable,34m,ATC FRANCE,2026-08-21,ALL,,False,False
487165,BOUYGUES TELECOM,"LTE 700, LTE 2600, 5G NR 3500", (KERBEBAN) 56850 CAUDAN,56036,"47.8025,-3.3469",Pylône autostable,39m,TDF,,AJO,,False,False
487165,BOUYGUES TELECOM,LTE 2100, (KERBEBAN) 56850 CAUDAN,56036,"47.8025,-3.3469",Pylône autostable,39m,TDF,2022-01-13,SUP,,False,False
487699,BOUYGUES TELECOM,LTE 700,R DU CHÂTEAU D'EAU CHATEAU D'EAU 45370 CLERY ST ANDRE,45098,"47.8222,1.7603",Château d'eau - réservoir,48m,"Syndicat des eaux, Adduction",2026-08-21,ALL,,False,False
492058,BOUYGUES TELECOM,LTE 700,CHEM RURAL DIT DE BOISLONDE (LA CAMPAGNE DU ROY) 14250 FONTENAY LE PESNEL,14278,"49.1867,-0.5761",Pylône autostable,45m,ATC FRANCE,,AJO,,False,False
492058,BOUYGUES TELECOM,LTE 2100,CHEM RURAL DIT DE BOISLONDE (LA CAMPAGNE DU ROY) 14250 FONTENAY LE PESNEL,14278,"49.1867,-0.5761",Pylône autostable,45m,ATC FRANCE,2023-03-08,SUP,,False,False
492746,ORANGE,5G NR 700,RD 468 (NIEDERFELD STRASSE U LOEWE) 68740 FESSENHEIM,68091,"47.9208,7.5364",Château d'eau - réservoir,39m,"Copropriété, Syndic, SCI",2026-08-27,ALL,,False,False
493209,ORANGE,LTE 700,D.952 LES COTEAUX (CLIMAT DES TERRES VAINES) 45460 LES BORDES,45042,"47.7925,2.4425",Pylône autostable,30m,TOTEM,2026-08-27,ALL,,False,False
494003,SFR,LTE 700,2 IMP DU FAISAN 34920 LE CRES,34090,"43.6506,3.9314",Château d'eau - réservoir,59m,"Commune, communauté de communes",,SUP,,False,False
496058,SFR,UMTS 900,"110, AV BON AIR PARC DES SPORTS 33700 MERIGNAC",33281,"44.8144,-0.6486",Pylône autostable,40m,TOTEM,,SUP,,False,False
496534,SFR,5G NR 2100,R DES MARQUISADES (LA BOUVERIE) 08500 REVIN,08363,"49.9286,4.6372",Pylône autostable,31m,TDF,,SUP,,False,False
502104,BOUYGUES TELECOM,LTE 2100,R DE L'EGLISE LE VILLAGE 34820 TEYRAN,34309,"43.6831,3.9244",Monument religieux,20m,"Commune, communauté de communes",,SUP,,False,False
502872,BOUYGUES TELECOM,LTE 2100,AV JEAN CHÂTELET PRÈS DE LA PISCINE 18500 MEHUN SUR YEVRE,18141,"47.1475,2.2183",Château d'eau - réservoir,"34,7m","Syndicat des eaux, Adduction",,SUP,,False,False
504455,SFR,LTE 2100,N.89 (FUMADE) 63820 ST JULIEN PUY LAVEZE,63370,"45.6558,2.6994",Pylône autostable,"27,4m",TDF,,AJO,,False,False
505131,BOUYGUES TELECOM,"LTE 700, 5G NR 2100",BELLE COTE (LA SCIA) 38380 ST PIERRE DE CHARTREUSE,38442,"45.3456,5.8467",Pylône autostable,"28,8m",TDF,,AJO,,False,False
506047,BOUYGUES TELECOM,LTE 2100,AUTOROUTE A39 (BOIS DES ESSARTS) 39800 VILLERS LES BOIS,39570,"46.9364,5.5542",Pylône autostable,40m,Sociétés d'Autoroutes,,AJO,,False,False
506047,SFR,LTE 2100,AUTOROUTE A39 (BOIS DES ESSARTS) 39800 VILLERS LES BOIS,39570,"46.9364,5.5542",Pylône autostable,40m,Sociétés d'Autoroutes,2026-08-24,ALL,,False,False
506082,FREE MOBILE,LTE 2100,PLATEAU DE BORT (LES ORGUES) 19110 BORT LES ORGUES,19028,"45.3961,2.4825",Pylône autostable,"45,5m",TDF,2026-08-24,ALL,,False,False
510354,BOUYGUES TELECOM,LTE 2100,STADE MUNICIPAL (LA SAVARIÈRE) 79380 LA FORET SUR SEVRE,79123,"46.7586,-0.6539",Pylône tubulaire,"44,2m",TDF,2024-01-10,SUP,,False,False
510627,BOUYGUES TELECOM,UMTS 2100,ZI SIPOREX SA (LES PELOUNEYRES) 33380 MIOS,33284,"44.6647,-0.8214",Pylône autostable,51m,TDF,2008-11-14,SUP,,False,False
510714,ORANGE,5G NR 2100,CHEM RURAL (PUECH DE SOULOUSE) 12140 GOLINHAC,12110,"44.6269,2.5647",Pylône autostable,35m,HIVORY,,AJO,,False,False
510770,BOUYGUES TELECOM,UMTS 2100,HÔTEL LA PERELLE (LA GRANDE MONTAGNE) 73130 ST FRANCOIS LONGCHAMP,73235,"45.4231,6.3608",Bâtiment,23m,Société Privée,2009-08-18,SUP,,False,False
512816,BOUYGUES TELECOM,"LTE 700, 5G NR 2100",BOULEVARD DES ECOSSAIS IMMEUBLE ''TOUR DES MYRTILLES'' 08200 SEDAN,08409,"49.7056,4.945",Immeuble,"42,9m",Société HLM,2026-08-16,ALL,,False,False
512822,FREE MOBILE,LTE 2100,6-7 BD CHANZY 08200 SEDAN,08409,"49.7011,4.9267",Immeuble,36m,Société HLM,2026-08-24,ALL,,False,False
513267,BOUYGUES TELECOM,UMTS 2100,PRÈS N57 (AU COIN DU BOIS LEROY) 54290 GRIPPORT,54238,"48.4186,6.2306",Pylône autostable,"42,5m",CELLNEX,2010-10-04,SUP,,False,False
514271,BOUYGUES TELECOM,LTE 1800, (LE TRUC) 04530 VAL D ORONAYE,04120,"44.4536,6.8392",Pylône autostable,25m,TDF,2019-12-19,EXT,,False,False
516252,BOUYGUES TELECOM,LTE 700,N.157 - CHEM RURAL N°35 (LA HAIE AUX BICHES) 41160 BUSLOUP,41028,"47.8919,1.1419",Pylône tubulaire,37m,HIVORY,2026-08-21,ALL,,False,False
516730,FREE MOBILE,LTE 2100,CHEM DU RHUIS AU BÂTON ROYAL (LA PLAINE ST GERMAIN) 60410 VERBERIE,60667,"49.3003,2.7164",Pylône autostable,30m,ATC FRANCE,2026-08-24,ALL,,False,False
517600,BOUYGUES TELECOM,"LTE 700, LTE 2600, 5G NR 3500",R DU COLONEL BUCKMASTER CHEM DE LA COLLERETTE CHÂTEAU D'EAU (LA COLLERETTE) 45200 MONTARGIS,45208,"47.9983,2.725",Château d'eau - réservoir,40m,"Commune, communauté de communes",,AJO,,False,False
521904,BOUYGUES TELECOM,"LTE 2600, 5G NR 3500",10 R DE LA RÉPUBLIQUE 82300 CAUSSADE,82037,"44.1617,1.5372",Immeuble,"23,8m",Particulier,,AJO,,False,False
523125,SFR,LTE 2100, (LES GENTES) 87310 ST LAURENT SUR GORRE,87158,"45.7647,0.965",Pylône autostable,24m,TOTEM,2026-08-19,ALL,,False,False
526838,FREE MOBILE,5G NR 700,CHEMIN DES TERROIS RD 513 STADE JOSEPH BLANCHARD 14113 VILLERVILLE,14755,"49.395,0.125",Pylône tubulaire,37m,ATC FRANCE,2026-08-24,ALL,,False,False
527835,FREE MOBILE,LTE 700,29 RTE DE MEAUX SENTE DITE DES COMMUNES (LES PRÉS DE LA FONTAINE) 77700 SERRIS,77449,"48.8442,2.7914",Pylône autostable,27m,TOTEM,2026-08-31,AAV,,False,True
529954,SFR,"LTE 700, LTE 2600, 5G NR 2100",RTE DE DREUX -D928 (FERME FICELLE) 28260 SOREL MOUSSEL,28377,"48.8342,1.4211",Château d'eau - réservoir,"46,7m","Syndicat des eaux, Adduction",,AJO,,False,False
529954,SFR,UMTS 2100,RTE DE DREUX -D928 (FERME FICELLE) 28260 SOREL MOUSSEL,28377,"48.8342,1.4211",Château d'eau - réservoir,"46,7m","Syndicat des eaux, Adduction",2010-12-21,SUP,,False,False
531998,BOUYGUES TELECOM,LTE 700, (LA GRENOUILLÈRE) 89600 VERGIGNY,89439,"47.9667,3.7286",Pylône autostable,43m,TDF,,AJO,,False,False
531998,BOUYGUES TELECOM,LTE 2100, (LA GRENOUILLÈRE) 89600 VERGIGNY,89439,"47.9667,3.7286",Pylône autostable,43m,TDF,2023-09-13,SUP,,False,False
53320,SRR,"LTE 700, LTE 800, LTE 1800, LTE 2100",2 RTE DES EUCALYPTUS LA VIGIE 97490 ST DENIS,97411,"-20.8864,55.4344",Immeuble,10m,Société Réunionnaise de Radiotéléphonie,,AJO,,False,False
533910,FREE MOBILE,"LTE 2100, 5G NR 700",CARREFOUR ENTRE LES VOIES COMMUNALES 16 ET 4E (LA ROUSSIÈRE) 27520 ST DENIS DES MONTS,27531,"49.2533,0.7981",Pylône autostable,"41,7m",HIVORY,2026-08-24,ALL,,False,False
543875,BOUYGUES TELECOM,LTE 2100,LA CRAIE 25150 VILLARS SOUS ECOT,25618,"47.4264,6.6947",Pylône autostable,"25,7m",TDF,,AJO,,False,False
544648,BOUYGUES TELECOM,"LTE 700, 5G NR 2100",PRÈS D101 -CHEM AGRICOLE PYLÔNE TDF (FOUJEANNOUE - PETITES VIGNES) 89310 SARRY,89376,"47.65,4.0953",Pylône autostable,"25,2m",TDF,,AJO,,False,False
549298,BOUYGUES TELECOM,,LA GUICHE STADE JEAN RENAUD (LES BROUILLARDS) 71250 CLUNY,71137,"46.4369,4.6689",Pylône tubulaire,28m,TDF,2001-01-15,CHT,Pylône autostable,False,False
549298,FREE MOBILE,,LA GUICHE STADE JEAN RENAUD (LES BROUILLARDS) 71250 CLUNY,71137,"46.4369,4.6689",Pylône tubulaire,28m,TDF,2019-09-18,CHT,Pylône autostable,False,False
549298,ORANGE,,LA GUICHE STADE JEAN RENAUD (LES BROUILLARDS) 71250 CLUNY,71137,"46.4369,4.6689",Pylône tubulaire,28m,TDF,2018-03-23,CHT,Pylône autostable,False,False
549298,SFR,,LA GUICHE STADE JEAN RENAUD (LES BROUILLARDS) 71250 CLUNY,71137,"46.4369,4.6689",Pylône tubulaire,28m,TDF,2010-12-17,CHT,Pylône autostable,False,False
550591,SFR,UMTS 900,PL DE L'EGLISE-EGLISE 26600 TAIN L HERMITAGE,26347,"45.0694,4.8386",Monument religieux,38m,"Commune, communauté de communes",,SUP,,False,True
551067,ORANGE,5G NR 2100,A 5-PEAGE ST GERMAIN LAXIS (LA FOSSE AUX CHEVAUX) 77950 ST GERMAIN LAXIS,77410,"48.5875,2.7242",Pylône autostable,38m,Sociétés d'Autoroutes,,AJO,,False,False
551067,ORANGE,LTE 2100,A 5-PEAGE ST GERMAIN LAXIS (LA FOSSE AUX CHEVAUX) 77950 ST GERMAIN LAXIS,77410,"48.5875,2.7242",Pylône autostable,38m,Sociétés d'Autoroutes,2023-01-02,SUP,,False,False
554407,BOUYGUES TELECOM,5G NR 3500,PAC BOUVIER (L'EPINE) 01630 PERON,01288,"46.1769,5.925",Pylône autostable,35m,TOTEM,,AJO,,False,False
555966,BOUYGUES TELECOM,LTE 2100,RD 15 (LES PRÉS GONBEAUX) 60490 BIERMONT,60071,"49.5892,2.7369",Pylône autostable,37m,HIVORY,2026-08-16,ALL,,False,False
559887,BOUYGUES TELECOM,LTE 2100,CHEM D'EXPLOITATION 7 A 39 AIRE DE SERVICE DU JURA (GRAND BOIS D'AMONT) 39210 ARLAY,39017,"46.7736,5.5244",Pylône autostable,33m,TOTEM,,AJO,,False,False
560655,SFR,LTE 2100,R DU CANAPÉ A 6 - AIRE DE REPOS 77760 ACHERES LA FORET,77001,"48.3603,2.5747",Pylône autostable,45m,Sociétés d'Autoroutes,,AJO,,False,False
562415,SFR,5G NR 3500,R DU CHÂTEAU D'EAU 45560 ST DENIS EN VAL,45274,"47.8778,1.9489",Château d'eau - réservoir,60m,"Syndicat des eaux, Adduction",,SUP,,False,False
566006,SFR,5G NR 2100,BD DE LA GRANDE CEINTURE 91120 PALAISEAU,91477,"48.7239,2.2547",Pylône tubulaire,32m,TOTEM,,SUP,,False,False
567073,SFR,5G NR 3500,538 R DE LA SOURCE AV. DE LA SOLOGNE (LE LARRY) 45160 OLIVET,45232,"47.8594,1.9119",Château d'eau - réservoir,39m,"Syndicat des eaux, Adduction",,SUP,,False,False
573837,SFR,GSM 900,9 R DU BIEF DU MOULIN 21600 LONGVIC,21355,"47.2822,5.0597",Immeuble,36m,Société HLM,1999-12-09,SUP,,False,False
573863,BOUYGUES TELECOM,LTE 700,PK N°100 - STATION HERTZIENNE SAPRR A6 (TERRES DE FAY) 45210 BAZOCHES SUR LE BETZ,45026,"48.1164,2.9844",Pylône autostable,40m,Sociétés d'Autoroutes,,AJO,,False,False
576958,BOUYGUES TELECOM,LTE 2100,R DES VIGNES CHÂTEAU D'EAU 27120 CAILLOUET ORGEVILLE,27123,"49.0042,1.3058",Château d'eau - réservoir,53m,"Commune, communauté de communes",2016-09-28,SUP,,False,False
579309,SFR,"GSM 900, UMTS 2100, 5G NR 3500","32, 38 R DU RENARD CENTRE GEORGES POMPIDOU BEAUBOURG 75004 PARIS 04",75104,"48.8606,2.3522",Bâtiment,53m,"État, Ministère",2014-09-22,SUP,,False,False
583626,ORANGE,"GSM 900, 5G NR 2100",12 RUE ROSSINI (LES GODEAUX) 91330 YERRES,91691,"48.7044,2.4814",Pylône tubulaire,"33,1m",TDF,2005-03-26,SUP,,False,False
583933,BOUYGUES TELECOM,LTE 2100,CHEM DU FORT AUX ANGLAIS D. 112 (LES CASTELLIERS) 27930 LA CHAPELLE DU BOIS DES FAULX,27147,"49.0919,1.1747",Pylône autostable,50m,HIVORY,2022-06-23,SUP,,False,False
585945,BOUYGUES TELECOM,LTE 2100,V COMMUNALE N° 21 (LES PETITES LANDES) 37420 HUISMES,37118,"47.2381,0.2667",Pylône autostable,65m,TDF,2023-02-02,SUP,,False,False
588137,BOUYGUES TELECOM,LTE 2100,3 AV DENIS SEMERIA 06230 ST JEAN CAP FERRAT,06121,"43.6894,7.3331",Immeuble,"21,1m",Particulier,,SUP,,False,False
590489,SFR,5G NR 3500,IMP PAUL BERT 45140 ST JEAN DE LA RUELLE,45285,"47.8997,1.8711",Château d'eau - réservoir,"52,6m","Syndicat des eaux, Adduction",,SUP,,False,False
591999,SFR,LTE 2100,6 R DU 6 SEPTEMBRE (FIN DE LA BÔLE) 54120 BERTRICHAMPS,54065,"48.4283,6.7994",Pylône autostable,36m,TOTEM,2026-08-25,ALL,,False,False
593435,ORANGE,5G NR 700,PAROPIS D 8 (BROUQUET) 33210 SAUTERNES,33504,"44.5214,-0.3289",Château d'eau - réservoir,"28,8m","Commune, communauté de communes",2026-08-24,ALL,,False,False
594387,FREE MOBILE,5G NR 700,UBLAN BAS (CARTEL) 06660 ST ETIENNE DE TINEE,06120,"44.2575,6.9206",Pylône autostable,"15,3m",ATC FRANCE,2026-08-24,ALL,,False,False
595120,SFR,LTE 2100,RD 34 (LES SAULES) 60120 VILLERS VICOMTE,60692,"49.6458,2.2197",Pylône autostable,30m,TDF,,AJO,,False,False
596199,BOUYGUES TELECOM,LTE 700,D.307 (PUY CHABRIT) 03430 VILLEFRANCHE D ALLIER,03315,"46.4086,2.8483",Pylône autostable,23m,TDF,2026-08-25,ALL,,False,False
596803,BOUYGUES TELECOM,LTE 2100,CHEM DU BELLAY (SUR LA VILLE) 25620 MAMIROLLE,25364,"47.1939,6.1639",Pylône autostable,30m,TOTEM,,AJO,,False,False
596803,SFR,LTE 2100,CHEM DU BELLAY (SUR LA VILLE) 25620 MAMIROLLE,25364,"47.1939,6.1639",Pylône autostable,30m,TOTEM,2026-08-24,ALL,,False,False
602062,SFR,UMTS 2100,R DU CHAMP DE MARS CHÂTEAU D'EAU 57200 SARREGUEMINES,57631,"49.1133,7.0811",Château d'eau - réservoir,60m,"Syndicat des eaux, Adduction",,SUP,,False,False
609334,BOUYGUES TELECOM,"LTE 2600, 5G NR 3500",R DU BON SECOURS (LA LANDE DE LA GREE) 56660 ST JEAN BREVELAY,56222,"47.8406,-2.7258",Pylône autostable,42m,TDF,,AJO,,False,False
609334,BOUYGUES TELECOM,LTE 2100,R DU BON SECOURS (LA LANDE DE LA GREE) 56660 ST JEAN BREVELAY,56222,"47.8406,-2.7258",Pylône autostable,42m,TDF,2023-08-09,SUP,,False,False
609339,BOUYGUES TELECOM,LTE 700,R CROAZ MEZ AN OTEN LE CHÂTEAU D'EAU 22390 BOURBRIAC,22013,"48.4669,-3.1889",Château d'eau - réservoir,35m,"Syndicat des eaux, Adduction",2026-08-21,ALL,,False,False
610033,SRR,"LTE 700, LTE 2100, 5G NR 3500",ROND POINT RAYMOND POINCARÉ RESIDENCE AZALES 97430 LE TAMPON,97422,"-21.2864,55.5156",Immeuble,44m,Société Privée,2026-08-25,ALL,,False,False
613422,BOUYGUES TELECOM,LTE 2100,R JEAN BAPTISTE SERAPHIN TRANSPORT FOSSEUX 59552 COURCHELETTES,59156,"50.3464,3.0606",Pylône autostable,45m,HIVORY,2025-01-16,SUP,,False,False
619498,SFR,LTE 700,63 AV BLAISE PASCAL PYLÔNE SFR 34170 CASTELNAU LE LEZ,34057,"43.6433,3.9167",Pylône autostable,25m,HIVORY,,SUP,,False,False
620726,BOUYGUES TELECOM,LTE 2100,R DE KERROT 29660 CARANTEC,29023,"48.6597,-3.9136",Château d'eau - réservoir,34m,"Commune, communauté de communes",2023-03-15,SUP,,False,False
628449,BOUYGUES TELECOM,LTE 700,63 AV EDOUARD VAILLANT 92100 BOULOGNE BILLANCOURT,92012,"48.835,2.2486",Immeuble,34m,Société Privée,2026-08-21,ALL,,False,False
629151,BOUYGUES TELECOM,LTE 700,CHEM DE CAMPAGNE  (LA BÉRICHE EST) 42370 LES NOES,42158,"46.0417,3.8367",Pylône autostable,"30,4m",HIVORY,2026-08-21,ALL,,False,False
631989,BOUYGUES TELECOM,LTE 700,CHEM RURAL N°21 (COURTEMICHE) 41500 MAVES,41130,"47.7589,1.3286",Tour hertzienne,107m,TDF,2026-08-21,ALL,,False,False
632844,SFR,LTE 700, (LE PRIEURÉ) 26450 ROYNAC,26287,"44.6569,4.9161",Pylône autostable,30m,ATC FRANCE,,AJO,,False,False
632844,SFR,UMTS 2100, (LE PRIEURÉ) 26450 ROYNAC,26287,"44.6569,4.9161",Pylône autostable,30m,ATC FRANCE,2015-09-23,SUP,,False,False
633315,FREE MOBILE,"LTE 2100, 5G NR 700",D.64 (LA HITE) 65420 IBOS,65226,"43.2414,0.0192",Pylône autostable,22m,HIVORY,2026-08-24,ALL,,False,False
634329,BOUYGUES TELECOM,LTE 700,PRÈS A71 CÔTÉ LES FOSSÉS (LES DURETS) 03190 HAUT BOCAGE,03158,"46.4972,2.6494",Pylône autostable,30m,TOTEM,,AJO,,False,False
634329,BOUYGUES TELECOM,LTE 2100,PRÈS A71 CÔTÉ LES FOSSÉS (LES DURETS) 03190 HAUT BOCAGE,03158,"46.4972,2.6494",Pylône autostable,30m,TOTEM,2022-05-24,SUP,,False,False
635072,BOUYGUES TELECOM,LTE 700,LA DEMEURANTAIS 53500 ST DENIS DE GASTINES,53211,"48.3394,-0.8658",Pylône autostable,38m,TDF,2026-08-21,ALL,,False,False
635301,ORANGE,GSM 900,RTE DE SAVERNE - D.132 TUNNEL DU HAUT BARR (LE GRIFFON) 67700 SAVERNE,67437,"48.7278,7.3322",Mât métallique,7m,SNCF Réseau,2009-12-07,SUP,,False,False
640726,ORANGE,GSM 900,ALLÉE JEAN NAVARRE (LES CLAUX) 05560 VARS,05177,"44.5736,6.6828",Pylône autostable,17m,TOTEM,2008-02-18,SUP,,False,False
642932,BOUYGUES TELECOM,LTE 1800,PRÈS D5 STADE MUNICIPAL (LES GRÈS) 83136 LA ROQUEBRUSSANNE,83108,"43.3497,5.9692",Pylône arbre,20m,HIVORY,2026-08-11,ALL,,False,False
644892,ORANGE,"LTE 700, LTE 2100",RTE DE SAVERNE - D.132 TUNNEL DU HAUT BARR (LE GRIFFON) 67700 SAVERNE,67437,"48.7278,7.3325",Pylône autostable,30m,SNCF Réseau,,AJO,,False,False
644892,ORANGE,GSM 900,RTE DE SAVERNE - D.132 TUNNEL DU HAUT BARR (LE GRIFFON) 67700 SAVERNE,67437,"48.7278,7.3325",Pylône autostable,30m,SNCF Réseau,2009-12-07,SUP,,False,False
646681,BOUYGUES TELECOM,LTE 700,CHEM RURAL DE RUFFEC STADE ADRIEN CAMUS (LA GRANGE) 36300 RUFFEC,36176,"46.6233,1.1758",Pylône autostable,45m,TDF,2026-08-21,ALL,,False,False
646716,ORANGE,"LTE 700, 5G NR 2100",PRÈS N160 (LA GOUPILLIÈRE) 85500 CHANVERRIE,85302,"46.9392,-0.9864",Pylône autostable,35m,TOTEM,,AJO,,False,False
647930,BOUYGUES TELECOM,LTE 700,HAMEAU DES COQUETTES RD 84 (LES HURETS) 37320 ST BRANCHS,37211,"47.2311,0.7575",Château d'eau - réservoir,44m,"Syndicat des eaux, Adduction",2026-08-25,ALL,,False,False
649378,ORANGE,5G NR 700,CH DE SERVICE DU PECH PUECH BELET 34490 MURVIEL LES BEZIERS,34178,"43.4431,3.1425",Pylône tubulaire,22m,HIVORY,,AJO,,False,False
649378,ORANGE,"GSM 900, LTE 700",CH DE SERVICE DU PECH PUECH BELET 34490 MURVIEL LES BEZIERS,34178,"43.4431,3.1425",Pylône tubulaire,22m,HIVORY,2012-03-30,SUP,,False,False
650913,FREE MOBILE,"LTE 2100, 5G NR 700",L'ESTRADE D901 07460 ST PAUL LE JEUNE,07280,"44.3439,4.1578",Pylône autostable,27m,TOTEM,2026-08-24,ALL,,False,False
651972,BOUYGUES TELECOM,LTE 700,CHEM RURAL N°39 (LE CHÊNE VERT) 72140 ST REMY DE SILLE,72315,"48.1739,-0.1164",Pylône autostable,45m,HIVORY,2026-08-21,ALL,,False,False
656055,BOUYGUES TELECOM,LTE 700,CHEM LES BLAQUIÈRES (LES BLAQUIÈRES) 34220 COURNIOU,34086,"43.4742,2.7017",Pylône autostable,28m,HIVORY,2026-08-21,ALL,,False,False
656055,SFR,"LTE 700, LTE 1800, LTE 2100, 5G NR 2100", (LES BLAQUIÈRES) 34220 COURNIOU,34086,"43.4742,2.7017",Pylône autostable,28m,HIVORY,,AJO,,False,False
656181,BOUYGUES TELECOM,"LTE 700, 5G NR 2100", (LA HALLE) 63990 JOB,63179,"45.6203,3.7611",Pylône autostable,"29,5m",TDF,,AJO,,False,False
657902,BOUYGUES TELECOM,LTE 700,RD 765 (LE CHAMP DES GOURDES) 41250 FONTAINES EN SOLOGNE,41086,"47.4667,1.5136",Pylône autostable,42m,TDF,2026-08-21,ALL,,False,False
658901,ORANGE,LTE 700,R DU COMMERCE (POINTE SIMON) 97234 FORT DE FRANCE,97209,"14.6031,-61.0733",Bâtiment,26m,Particulier,,AJO,,False,False
658901,ORANGE,GSM 900,R DU COMMERCE (POINTE SIMON) 97234 FORT DE FRANCE,97209,"14.6031,-61.0733",Bâtiment,26m,Particulier,1998-11-23,SUP,,False,False
663312,BOUYGUES TELECOM,LTE 700,A11/SORTIE 3/PÉAGE GENDARMERIE (LES CHAIGNOTS) 28630 THIVARS,28388,"48.3658,1.4436",Pylône autostable,45m,"État, Ministère",2026-08-21,ALL,,False,False
663388,ORANGE,"LTE 2100, 5G NR 3500",COUR DE BELLAY (MORNE VENT) 97211 RIVIERE PILOTE,97220,"14.5239,-60.8958",Pylône autostable,24m,ORANGE,,AJO,,False,False
663388,ORANGE,GSM 900,COUR DE BELLAY (MORNE VENT) 97211 RIVIERE PILOTE,97220,"14.5239,-60.8958",Pylône autostable,24m,ORANGE,2000-11-28,SUP,,False,False
664357,SFR,"UMTS 2100, LTE 700",8 RUE DE L'ILÔT POSTE D'AIGUILLAGE GARE S.N.C.F 78500 SARTROUVILLE,78586,"48.9358,2.1594",Bâtiment,29m,SNCF,2003-10-13,SUP,,False,False
674110,ORANGE,LTE 2600,RÉÉMETTEUR TDF DE CAGNANO (COL DE LA SERRA) 20228 CAGNANO,2B046,"42.8872,9.4353",Pylône autostable,34m,TDF,,AJO,,False,False
674110,ORANGE,GSM 900,RÉÉMETTEUR TDF DE CAGNANO (COL DE LA SERRA) 20228 CAGNANO,2B046,"42.8872,9.4353",Pylône autostable,34m,TDF,2001-11-19,SUP,,False,False
675419,BOUYGUES TELECOM,LTE 2600,R DES PARCS 35550 SIXT SUR AFF,35328,"47.775,-2.0747",Pylône tubulaire,35m,ATC FRANCE,2026-08-11,ALL,,False,False
679445,OUTREMER TELECOM,LTE 700,PK122 - RN 1 (CORROSSONY) 97315 SINNAMARY,97312,"5.4039,-53.015",Pylône autostable,52m,Société Privée,2026-08-25,ALL,,False,False
680374,SFR,LTE 700,"98, R DES GRÈZES R DU MAZET (CHATEAU BON) 34090 MONTPELLIER",34172,"43.6003,3.8258",Pylône autostable,38m,HIVORY,,SUP,,False,False
683272,ORANGE,"GSM 900, UMTS 900, LTE 700, LTE 800, LTE 1800",LE PENDUT (LOU SOULELIA) 81630 MONTGAILLARD,81178,"43.9058,1.6042",Pylône autostable,"36,6m",HIVORY,1999-10-29,SUP,,False,False
683752,ORANGE,5G NR 2100,ROCHERS DE MONTBRETON 24340 MAREUIL EN PERIGORD,24253,"45.4475,0.4567",Pylône haubané,77m,TDF,,AJO,,False,False
683752,ORANGE,GSM 900,ROCHERS DE MONTBRETON 24340 MAREUIL EN PERIGORD,24253,"45.4475,0.4567",Pylône haubané,77m,TDF,1996-12-06,SUP,,False,False
684947,ORANGE,5G NR 700,PL DE L'EGLISE 49125 TIERCE,49347,"47.6153,-0.4689",Monument religieux,"48,3m","Commune, communauté de communes",,AJO,,False,False
684947,ORANGE,"GSM 900, LTE 700",PL DE L'EGLISE 49125 TIERCE,49347,"47.6153,-0.4689",Monument religieux,"48,3m","Commune, communauté de communes",2002-08-25,SUP,,False,False
688878,SFR,"UMTS 900, LTE 700, LTE 1800, LTE 2600, 5G NR 2100",ROUTE DE LA COLLINE PRÈS A8 - NICE-MENTON (PIERRE DE L'EGLISE - GAJESSA) 06500 STE AGNES,06113,"43.7894,7.4717",Mât,7m,ORANGE,,AJO,,False,False
689075,ORANGE,5G NR 700,R PALAIS GRILLET 69002 LYON 02,69382,"45.7614,4.8353",Bâtiment,31m,Société Privée,2026-08-21,ALL,,False,False
689133,SFR,"LTE 700, 5G NR 3500",2 R CHARLES DULLIN 69002 LYON 02,69382,"45.7603,4.8308",Immeuble,27m,Particulier,,SUP,,False,False
690257,ORANGE,"LTE 1800, 5G NR 700, 5G NR 3500",CHEM RURAL FORÊT DOMANIALE DE LA PETITE PIERRE NORD (HEIDENKOPF) 67290 WINGEN SUR MODER,67538,"48.9244,7.38",Pylône autostable,35m,HIVORY,,AJO,,False,False
690257,ORANGE,"GSM 900, LTE 700",CHEM RURAL FORÊT DOMANIALE DE LA PETITE PIERRE NORD (HEIDENKOPF) 67290 WINGEN SUR MODER,67538,"48.9244,7.38",Pylône autostable,35m,HIVORY,1999-01-29,SUP,,False,False
691846,FREE MOBILE,"LTE 2100, 5G NR 700",RD 54 (MIGNY) 14260 DIALAN SUR CHAINE,14347,"49.0406,-0.7317",Pylône autostable,49m,TOTEM,2026-08-24,ALL,,False,False
694917,BOUYGUES TELECOM,LTE 700,CH. DE MIREBEAU (CH. D'EXPLOIT. N°30) (MIREBEAU) 45210 FERRIERES EN GATINAIS,45145,"48.0772,2.7775",Pylône autostable,"47,6m",HIVORY,2026-08-21,ALL,,False,False
694971,BOUYGUES TELECOM,LTE 700,R DU STADE (LE LIEVRE-CUL) 28300 CLEVILLIERS,28102,"48.5503,1.3825",Château d'eau - réservoir,22m,"Commune, communauté de communes",2026-08-21,ALL,,False,False
695795,ORANGE,"LTE 2600, 5G NR 2100",RTE DE PARENNES (LES SEPT) 72140 ROUESSE VASSE,72255,"48.1494,-0.1994",Pylône autostable,39m,HIVORY,,AJO,,False,False
695795,ORANGE,GSM 900,RTE DE PARENNES (LES SEPT) 72140 ROUESSE VASSE,72255,"48.1494,-0.1994",Pylône autostable,39m,HIVORY,2004-05-08,SUP,,False,False
697720,ORANGE,"LTE 700, 5G NR 2100",RD 155 (LAVAUD) 19410 VIGEOIS,19285,"45.3947,1.5036",Pylône autostable,33m,HIVORY,,AJO,,False,False
697720,ORANGE,"GSM 900, UMTS 2100, LTE 2100",RD 155 (LAVAUD) 19410 VIGEOIS,19285,"45.3947,1.5036",Pylône autostable,33m,HIVORY,2010-08-11,SUP,,False,False
700035,ORANGE,5G NR 2100,LA MAISON NEUVE DES QUATRE EPINES (LE CHÊNE ROIGNOUX) 53120 GORRON,53107,"48.4233,-0.8025",Pylône autostable,"41,6m",HIVORY,2026-08-19,ALL,,False,False
704508,ORANGE,"GSM 900, LTE 700","5, R JACQUES DE GRAILLY 86000 POITIERS",86194,"46.5825,0.3367",Immeuble,39m,La Poste,2004-10-23,SUP,,False,False
704865,ORANGE,"LTE 700, 5G NR 2100",RD N°180 - COTE 53 (GRAND PRE) 49220 MONTREUIL SUR MAINE,49217,"47.6508,-0.7072",Pylône autostable,30m,TOTEM,,AJO,,False,False
704865,ORANGE,"GSM 900, LTE 2100",RD N°180 - COTE 53 (GRAND PRE) 49220 MONTREUIL SUR MAINE,49217,"47.6508,-0.7072",Pylône autostable,30m,TOTEM,1996-04-05,SUP,,False,False
706129,FREE MOBILE,"LTE 2100, 5G NR 700",STADE MUNICIPAL CD.23 (BOURGEAU- EST) 33710 PUGNAC,33341,"45.0836,-0.4872",Pylône tubulaire,30m,TOTEM,2026-08-24,ALL,,False,False
707888,SFR,"LTE 700, LTE 1800, 5G NR 2100",V COMMUNALE DES EPARAYERS (LES LOUVIÈRES) 39800 COLONNE,39159,"46.8856,5.5694",Château d'eau - réservoir,40m,"Syndicat des eaux, Adduction",,SUP,,False,False
708334,BOUYGUES TELECOM,LTE 700,D765 (LA JAUDRAIE) 41200 PRUNIERS EN SOLOGNE,41185,"47.3842,1.6692",Pylône autostable,43m,TDF,2026-08-21,ALL,,False,False
708365,BOUYGUES TELECOM,LTE 700,STATION ÉPURATION (LA VILLE ROUXEL) 22130 VAL D ARGUENON,22237,"48.5383,-2.2644",Pylône autostable,34m,ATC FRANCE,2026-08-11,ALL,,False,False
713555,ORANGE,LTE 2100,EMPRISE LGV PYLÔNE RFF PK 90.852 (GRAND BOIS DE LA CORNE) 25680 ROUGEMONT,25505,"47.4964,6.3542",Pylône autostable,25m,SNCF Réseau,2026-08-19,ALL,,False,False
713559,ORANGE,LTE 2100,EMPRISE LGV - PYLÔNE RFF PK 86.594 (GRANDE VOIE DE THIEFFRANS) 70230 COGNIERES,70159,"47.4964,6.2981",Pylône autostable,"40,5m",SNCF Réseau,2026-08-20,ALL,,False,False
713563,ORANGE,LTE 700, (BOIS DERRIÈRE LA CÔTE) 25680 CUBRIAL,25181,"47.5144,6.4",Pylône autostable,30m,SNCF Réseau,2026-08-27,ALL,,False,False
720859,ORANGE,"LTE 700, 5G NR 2100",LES VALETTES 18370 CHATEAUMEILLANT,18057,"46.5508,2.2064",Pylône autostable,49m,TOTEM,,AJO,,False,False
720859,ORANGE,GSM 900,LES VALETTES 18370 CHATEAUMEILLANT,18057,"46.5508,2.2064",Pylône autostable,49m,TOTEM,2001-01-19,SUP,,False,False
721370,BOUYGUES TELECOM,LTE 700,RD 138 (LES TERRES BLANCHES) 45340 CHAMBON LA FORET,45069,"48.0675,2.3044",Pylône autostable,30m,ATC FRANCE,2026-08-21,ALL,,False,False
724486,BOUYGUES TELECOM,"LTE 700, LTE 800, LTE 1800, LTE 2100, LTE 2600, 5G NR 2100",1118 IMPASSE DE LAMBERTIE 24380 VERGT,24571,"45.0156,0.7011",Pylône autostable,45m,TDF,,AJO,,False,True
725921,SFR,"LTE 700, 5G NR 2100",LE CAP D'ARMAS (LES EXPLÉCHAUX D'EN HAUT) 31420 BOUSSAN,31083,"43.2233,0.8903",Pylône autostable,17m,SFR,,AJO,,False,False
726953,SFR,"LTE 700, LTE 800, LTE 1800, LTE 2100, LTE 2600, 5G NR 2100, 5G NR 3500",LE TRIE TETU SUZAC 17110 ST GEORGES DE DIDONNE,17333,"45.5794,-0.9803",Pylône autostable,46m,TDF,2026-08-25,ALL,,False,True
727464,BOUYGUES TELECOM,"UMTS 900, LTE 800, LTE 1800, LTE 2600, 5G NR 2100, 5G NR 3500",ROUTE DE GRAVELINES 59630 BOURBOURG,59094,"50.9525,2.1914",Pylône autostable,"42,5m",TOTEM,2026-08-15,ALL,,False,True
730204,FREE MOBILE,"LTE 2100, 5G NR 700", (LE NOT) 31620 LABASTIDE ST SERNIN,31252,"43.7403,1.4781",Pylône autostable,31m,HIVORY,2026-08-24,ALL,,False,False
738271,ORANGE,LTE 700,EMPRISE LGV PK 48.481 (LES GRANDS BUGNOZ) 25170 MONCLEY,25383,"47.2975,5.9108",Pylône autostable,30m,SNCF Réseau,2026-09-03,AAV,,False,False
738332,ORANGE,"UMTS 900, LTE 700, LTE 800",R GRANDE - PYLÔNE SFR (LE HAUT DES MELLIÈRES) 70400 BELVERNE,70064,"47.6275,6.6553",Pylône autostable,35m,HIVORY,2022-07-11,SUP,,True,False
738751,BOUYGUES TELECOM,LTE 700,R DE PARIS RD405  PROCHE DE LA VOIE FERREE (BOIS VERDUREAU) 45410 ARTENAY,45008,"48.0853,1.8847",Pylône autostable,23m,ATC FRANCE,2026-08-21,ALL,,False,False
751608,BOUYGUES TELECOM,"LTE 700, LTE 2600, 5G NR 3500",CHEM DE PARGADE 40400 TARTAS,40313,"43.8314,-0.8044",Château d'eau - réservoir,41m,"Commune, communauté de communes",2026-08-15,ALL,,False,False
752980,ORANGE,5G NR 2100,27 R DU STADE (LA FERME DU TRÈFLE) 27260 EPAIGNES,27218,"49.2758,0.4444",Pylône autostable,30m,TOTEM,2026-08-20,ALL,,False,False
754375,ORANGE,5G NR 2100,N.196 (PINIA) 20190 ZIGLIARA,2A360,"41.8358,8.9642",Pylône autostable,"26,3m",TOTEM,,AJO,,False,False
754375,ORANGE,GSM 900,N.196 (PINIA) 20190 ZIGLIARA,2A360,"41.8358,8.9642",Pylône autostable,"26,3m",TOTEM,2001-05-31,SUP,,False,False
762636,SFR,"GSM 900, UMTS 2100",3 BD MICHELET STADE VÉLODROME 13008 MARSEILLE 08,13208,"43.2694,5.3953",Bâtiment,"48,5m","Commune, communauté de communes",2016-11-10,SUP,,False,False
763411,BOUYGUES TELECOM,,BOULODROME (LA POUSARAQUE) 13180 GIGNAC LA NERTHE,13043,"43.3886,5.2225",Pylône tubulaire,23m,CELLNEX,2020-11-23,CHT,Pylône autostable,False,False
766768,SFR,UMTS 900,AV. JEAN-CHARLES RIVET TOUR ESTAVEL 19100 BRIVE LA GAILLARDE,19031,"45.1506,1.5",Immeuble,27m,Société HLM,,SUP,,False,False
771012,FREE MOBILE,5G NR 700,BOIS NÈGRES (LA BARRIÈRE DE BEAUZENS) 24210 AJAT,24004,"45.1686,1.0328",Pylône autostable,"40,1m",HIVORY,2026-08-24,ALL,,False,False
772340,BOUYGUES TELECOM,LTE 700,EMETTEUR TDF (LES COUTURES) 27260 ST PIERRE DE CORMEILLES,27591,"49.2411,0.37",Pylône autostable,35m,TDF,2026-08-21,ALL,,False,False
778565,SFR,UMTS 900,CHE DES COTES DE PECH DAVID (LE MAS PERDU) 31500 TOULOUSE,31555,"43.5581,1.4478",Pylône autostable,45m,"État, Ministère",,SUP,,False,True
786253,BOUYGUES TELECOM,LTE 700,CHEM PORTEAU (VALLÉE DE LA TUFFIÈRE) 41800 VALLEE DE RONSARD,41070,"47.7411,0.6867",Pylône autostable,35m,TOTEM,2026-08-21,ALL,,False,False
787126,SFR,5G NR 2100,"44, AV DE LA LONGUE BERTRANE CINÉMA MÉGARAMA 92390 VILLENEUVE LA GARENNE",92078,"48.9306,2.3211",Pylône tubulaire,32m,HIVORY,,AJO,,False,False
787126,SFR,"UMTS 2100, LTE 700","44, AV DE LA LONGUE BERTRANE CINÉMA MÉGARAMA 92390 VILLENEUVE LA GARENNE",92078,"48.9306,2.3211",Pylône tubulaire,32m,HIVORY,2003-10-06,SUP,,False,False
787202,FREE MOBILE,"LTE 700, LTE 900, LTE 1800, LTE 2100, LTE 2600, 5G NR 3500",AV MAL FOCH 44500 LA BAULE ESCOUBLAC,44055,"47.2856,-2.3892",Pylône autostable,38m,TOTEM,2026-08-24,ALL,,False,True
789199,ORANGE,5G NR 700,72 R FERDINAND BUISSON (BELLEFONTAINE) 44600 ST NAZAIRE,44184,"47.2572,-2.2356",Immeuble,34m,Société HLM,,AJO,,False,False
789199,ORANGE,LTE 700,72 R FERDINAND BUISSON (BELLEFONTAINE) 44600 ST NAZAIRE,44184,"47.2572,-2.2356",Immeuble,34m,Société HLM,2023-11-30,SUP,,False,False
789211,BOUYGUES TELECOM,5G NR 3500, (LA GAGNOIRE DU TERTRE) 44260 SAVENAY,44195,"47.3692,-1.9356",Pylône autostable,46m,TOTEM,,AJO,,False,False
789211,BOUYGUES TELECOM,LTE 2100, (LA GAGNOIRE DU TERTRE) 44260 SAVENAY,44195,"47.3692,-1.9356",Pylône autostable,46m,TOTEM,,SUP,,False,False
789669,ORANGE,LTE 700,400 RTE D'ORLEANS (BERGERIE PETITE FERME) 45240 LA FERTE ST AUBIN,45146,"47.7603,1.9447",Pylône autostable,30m,TOTEM,2026-08-26,ALL,,False,False
793414,BOUYGUES TELECOM,,VOIE DE CORBEIL (LA BUTTE ROUGE) 91160 LONGJUMEAU,91345,"48.6903,2.3236",Pylône autostable,35m,CELLNEX,2021-04-15,CHP,DDE,False,False
793414,ORANGE,,VOIE DE CORBEIL (LA BUTTE ROUGE) 91160 LONGJUMEAU,91345,"48.6903,2.3236",Pylône autostable,35m,CELLNEX,2020-12-21,CHP,DDE,False,False
797223,BOUYGUES TELECOM,"LTE 700, 5G NR 2100", (LE PERTUIS) 25750 AIBRE,25008,"47.5564,6.6825",Pylône autostable,30m,SNCF Réseau,,AJO,,False,False
797282,ORANGE,LTE 700,EMPRISE LGV - PYLONE RFF PK 125.371 (LA BROSSE) 70400 HERICOURT,70285,"47.5594,6.7906",Pylône autostable,"35,7m",SNCF Réseau,2026-08-27,ALL,,False,False
797511,SFR,LTE 2100,LA TERRIÈRE CHEM RURAL DE LITZ À CLERMONT 60510 LITZ,60366,"49.4111,2.3406",Pylône autostable,36m,HIVORY,,AJO,,False,False
805727,SFR,"GSM 900, LTE 1800, LTE 2100",R SURY 59175 TEMPLEMARS,59585,"50.58,3.0519",Pylône autostable,30m,TOTEM,2020-09-21,SUP,,False,False
806314,ORANGE,5G NR 700,R JEAN BAPTISTE COLLETTE 59551 ATTICHES,59022,"50.5231,3.0606",Pylône tubulaire,30m,TOTEM,,AJO,,False,False
806314,ORANGE,"GSM 900, LTE 700",R JEAN BAPTISTE COLLETTE 59551 ATTICHES,59022,"50.5231,3.0606",Pylône tubulaire,30m,TOTEM,2009-03-18,SUP,,False,False
809788,BOUYGUES TELECOM,LTE 2100,ROUTE DE BEFFOUX A36 DOLE-BOURG EN BRESSE (ETANG NIAT) 71480 LE MIROIR,71300,"46.5672,5.3431",Pylône autostable,40m,Sociétés d'Autoroutes,,AJO,,False,False
809788,SFR,LTE 2100,ROUTE DE BEFFOUX A36 DOLE-BOURG EN BRESSE (ETANG NIAT) 71480 LE MIROIR,71300,"46.5672,5.3431",Pylône autostable,40m,Sociétés d'Autoroutes,2026-08-25,ALL,,False,False
812530,BOUYGUES TELECOM,LTE 1800,PL. DE LA SOUS-PRÉFECTURE BASILIQUE NOTRE DAME 70100 GRAY,70279,"47.4464,5.5917",Monument religieux,55m,"Commune, communauté de communes",,SUP,,False,False
817494,ORANGE,"5G NR 700, 5G NR 3500",BD DU GRAND FOSSÉ 77700 CHESSY,77111,"48.865,2.7678",Immeuble,"20,2m",Société Privée,2026-08-19,ALL,,False,False
819659,ORANGE,,25 R EDOUARD MICHAUD 87280 LIMOGES,87085,"45.8436,1.2411",Bâtiment,"32,1m",ORANGE Services Fixes,1995-04-07,CHH,39m,False,False
819998,ORANGE,5G NR 700,R DE L'EGLISE GRANDE RUE EGLISE DE DOGNEVILLE 88000 DOGNEVILLE,88136,"48.2231,6.4597",Monument religieux,47m,"Commune, communauté de communes",2026-09-03,AAV,,False,False
820036,ORANGE,"LTE 2100, 5G NR 3500",13 R DE METZ HÔTEL COSMOS 88140 CONTREXEVILLE,88114,"48.1836,5.8919",Immeuble,"38,3m",Société Privée,2026-08-20,ALL,,False,False
824060,BOUYGUES TELECOM,LTE 700,43 R VERDUN CDVI MÉTAL 94500 CHAMPIGNY SUR MARNE,94017,"48.8164,2.4867",Bâtiment,25m,Société Privée,2021-10-11,EXT,,False,False
825344,SFR,"5G NR 2100, 5G NR 3500",AUTOROUTE DU LITTORAL  - A55 AIRE DE REPOS ST HENRI 13016 MARSEILLE 16,13216,"43.3656,5.3328",Pylône tubulaire,14m,HIVORY,2020-12-18,SUP,,False,False
826406,ORANGE,LTE 700,CARCOULT (VAURIBOU) 37360 NEUILLE PONT PIERRE,37167,"47.5358,0.5483",Pylône autostable,47m,HIVORY,2026-08-24,AJA,,False,False
826406,ORANGE,5G NR 2100,CARCOULT (VAURIBOU) 37360 NEUILLE PONT PIERRE,37167,"47.5358,0.5483",Pylône autostable,47m,HIVORY,,AJO,,False,False
826406,ORANGE,GSM 900,CARCOULT (VAURIBOU) 37360 NEUILLE PONT PIERRE,37167,"47.5358,0.5483",Pylône autostable,47m,HIVORY,2011-10-28,SUP,,False,False
830364,SFR,LTE 700,36 BD GABRIEL GUIST'HAU 44300 NANTES,44109,"47.2175,-1.5681",Immeuble,31m,"Copropriété, Syndic, SCI",,SUP,,False,False
832160,SFR,"UMTS 2100, 5G NR 3500", (LE GROS CHÊNE) 45750 ST PRYVE ST MESMIN,45298,"47.8764,1.8625",Pylône tubulaire,24m,HIVORY,2013-05-27,SUP,,False,False
842707,SFR,"LTE 700, 5G NR 3500",AV DENIS SÉMÉRIA BASE NAUTIQUE DU CROS DU PIN 06230 ST JEAN CAP FERRAT,06121,"43.6914,7.3339",Mât,15m,HIVORY,2024-02-27,SUP,,False,False
847845,ZEOP,UMTS 900,CHEM DE LA MAIRIE MAIRIE ANNEXE DE TAN ROUGE 97460 ST PAUL,97415,"-21.0639,55.295",Pylône autostable,25m,Telco OI,,AJO,,False,False
863172,BOUYGUES TELECOM,,CCAL LA PLAINE 34830 JACOU,34120,"43.6617,3.9025",Pylône tubulaire,30m,ATC FRANCE,2013-07-22,CHH,"31,5m",False,False
863172,ORANGE,,CCAL LA PLAINE 34830 JACOU,34120,"43.6617,3.9025",Pylône tubulaire,30m,ATC FRANCE,,CHH,"31,5m",False,True
863172,SFR,,CCAL LA PLAINE 34830 JACOU,34120,"43.6617,3.9025",Pylône tubulaire,30m,ATC FRANCE,2013-03-14,CHH,"31,5m",False,False
871221,SFR,LTE 700,60 R RAYMOND RIDEL 92250 LA GARENNE COLOMBES,92035,"48.9039,2.2492",Bâtiment,"18,5m","CCI, Ch Métier, Port Aut, Aéroport",,SUP,,False,False
871974,SFR,,A A3 - SENS PARIS/PROVINCE (Y)- PR 1.1 PRÈS DE L'AV CH. DELESGLUZE 93170 BAGNOLET,93006,"48.8667,2.4261",Mât béton,"7,5m",HIVORY,1999-08-06,CHH,14m,False,False
917970,FREE MOBILE,"LTE 2100, 5G NR 700", (ECH. DE BAUME-LES-DAMES) 25110 AUTECHAUX,25032,"47.3739,6.3806",Pylône autostable,30m,Sociétés d'Autoroutes,2026-08-24,ALL,,False,False
975182,SFR,"LTE 700, LTE 2100, LTE 2600, 5G NR 2100, 5G NR 3500",CHEMIN DE LA PIÈCE À SAMSON 78590 NOISY LE ROI,78455,"48.8519,2.0494",Pylône tubulaire,24m,TOTEM,,AJO,,False,False
975182,SFR,UMTS 2100,CHEMIN DE LA PIÈCE À SAMSON 78590 NOISY LE ROI,78455,"48.8519,2.0494",Pylône tubulaire,24m,TOTEM,2014-10-28,SUP,,False,False
99022,ORANGE,LTE 700,LA CROIX ROUGE (LES FORGES) 56120 FORGES DE LANOUEE,56102,"48.0,-2.62",Pylône autostable,37m,TOTEM,2026-09-03,AAV,,False,False
