id_support,operateur,technologie,adresse,code_insee,coordonnees,type_support,hauteur_support,proprietaire_support,date_activ,action,infos,is_zb,is_new
1004718,ORANGE,5G NR 2100, (LE MOUREGELAT) 06420 ISOLA,06073,"44.1825,7.0519",Mât,6m,TOTEM,2026-08-26,ALL,,False,False
106970,ORANGE,"LTE 1800, 5G NR 2100",PAVILLON DES BRESSOTTES (LES BRESSOTTES) 89270 VOUTENAY SUR CURE,89485,"47.5558,3.7903",Pylône autostable,30m,TOTEM,2026-08-26,ALL,,False,False
1174960,ORANGE,"5G NR 700, 5G NR 3500", (PAS DEJANSAC) 26340 AUCELON,26017,"44.6361,5.3786",Pylône autostable,17m,TDF,,AJO,,False,False
1174960,ORANGE,"GSM 900, LTE 700", (PAS DEJANSAC) 26340 AUCELON,26017,"44.6361,5.3786",Pylône autostable,17m,TDF,2001-04-05,SUP,,False,False
1285864,FREE MOBILE,"LTE 2100, 5G NR 700",6 RUE DU CHAMP DE MARS 51100 REIMS,51454,"49.2617,4.0333",Bâtiment,20m,Particulier,2026-09-02,ALL,,False,False
1286105,FREE MOBILE,5G NR 700,PRÈS D96 STATION ÉPURATION (LE QUARTERON DU PONT) 44250 ST BREVIN LES PINS,44154,"47.2164,-2.1489",Pylône tubulaire,35m,HIVORY,2026-09-02,ALL,,False,False
1289150,ORANGE,"UMTS 900, LTE 800, LTE 1800, LTE 2100, LTE 2600","123, AVENUE TOLOSANE 31520 RAMONVILLE ST AGNE",31446,"43.5383,1.4806",Pylône tubulaire,24m,TOTEM,2018-06-28,SUP,,False,False
1302805,BOUYGUES TELECOM,LTE 2100, (LES BORIES) 48100 ST BONNET DE CHIRAC,48138,"44.5133,3.2631",Pylône autostable,20m,HIVORY,,AJO,,False,False
1319651,BOUYGUES TELECOM,"LTE 700, LTE 800, LTE 1800, LTE 2600, 5G NR 2100",RUE LOUISE MICHEL RESIDENCE RAVEL 62820 LIBERCOURT,62907,"50.4878,3.0019",Immeuble,23m,Société HLM,,AJO,,False,True
1332570,FREE MOBILE,5G NR 700,CHEMIN DE LA CROIX D'ALVAULT PRAIRIE DE MÉRIGNAN 45240 LA FERTE ST AUBIN,45146,"47.7156,1.9336",Pylône autostable,50m,HIVORY,2026-09-02,ALL,,False,False
1381494,FREE MOBILE,5G NR 3500,86 R DE LA TOUR 75116 PARIS 16,75116,"48.8617,2.2786",Immeuble,28m,Société Privée,,AJO,,False,False
1392798,BOUYGUES TELECOM,LTE 2100,LE TROU DE CHERIOT 45390 PUISEAUX,45258,"48.2072,2.4572",Pylône autostable,44m,TDF,2022-10-27,SUP,,False,False
1396494,SFR,UMTS 2100,RUE FRANCIS MOHRING RÉSERVOIR DE LA PROVIDENCE (LE COTET) 70000 ECHENOZ LA MELINE,70207,"47.5906,6.1375",Pylône tubulaire,16m,TDF,2018-06-29,SUP,,False,False
1405524,SFR,"LTE 700, LTE 800, LTE 1800, LTE 2100, LTE 2600",FERME COSSIGNY (LA DEMOISELLE) 77173 CHEVRY COSSIGNY,77114,"48.7044,2.6581",Pylône autostable,"35,5m",TDF,,AJO,,False,True
1407676,BOUYGUES TELECOM,LTE 700,DEPARTEMENTALE 940 (LA PLAINE) 18110 ST GEORGES SUR MOULON,18211,"47.1733,2.4247",Pylône autostable,42m,TDF,,AJO,,False,False
1407676,BOUYGUES TELECOM,LTE 2100,DEPARTEMENTALE 940 (LA PLAINE) 18110 ST GEORGES SUR MOULON,18211,"47.1733,2.4247",Pylône autostable,42m,TDF,2021-12-02,SUP,,False,False
1413361,BOUYGUES TELECOM,5G NR 3500,38/40 R DE GALILÉE 75116 PARIS 16,75116,"48.87,2.2967",Immeuble,"29,3m","Copropriété, Syndic, SCI",,AJO,,False,False
1435681,BOUYGUES TELECOM,5G NR 3500,LE CLAP 34140 BOUZIGUES,34039,"43.4586,3.6569",Pylône autostable,43m,HIVORY,,AJO,,False,False
1435681,BOUYGUES TELECOM,LTE 2100,LE CLAP 34140 BOUZIGUES,34039,"43.4586,3.6569",Pylône autostable,43m,HIVORY,2025-03-17,SUP,,False,False
1437271,ORANGE,5G NR 2100, (LA CARRIERE) 52300 DONJEUX,52175,"48.3486,5.15",Pylône autostable,"42,5m",TDF,2026-08-27,ALL,,False,False
1455008,BOUYGUES TELECOM,"LTE 2600, 5G NR 3500",AUX FRANCES 01170 CHEVRY,01103,"46.2889,6.0325",Pylône autostable,27m,ATC FRANCE,,AJO,,False,False
1459304,BOUYGUES TELECOM,LTE 2100,LES QUATRE VENTS (LES QUATRE VENTS) 67390 BOOTZHEIM,67056,"48.1947,7.56",Pylône autostable,33m,ATC FRANCE,2026-08-19,ALL,,False,False
1461355,BOUYGUES TELECOM,, (LA CROIX ROUSSE) 71640 MERCUREY,71294,"46.8356,4.7125",Pylône autostable,25m,HIVORY,2017-05-16,CHA,La Crois Rousse,False,False
1461355,FREE MOBILE,, (LA CROIX ROUSSE) 71640 MERCUREY,71294,"46.8356,4.7125",Pylône autostable,25m,HIVORY,2021-10-27,CHA,La Crois Rousse,False,False
1461355,SFR,, (LA CROIX ROUSSE) 71640 MERCUREY,71294,"46.8356,4.7125",Pylône autostable,25m,HIVORY,2010-08-30,CHA,La Crois Rousse,False,False
1465411,BOUYGUES TELECOM,,LA GARENNE DU BEAU LIEU 51130 POCANCY,51435,"48.9158,4.1381",Pylône autostable,43m,TDF,2001-12-28,CHH,"41,9m",False,False
1465411,FREE MOBILE,,LA GARENNE DU BEAU LIEU 51130 POCANCY,51435,"48.9158,4.1381",Pylône autostable,43m,TDF,2021-05-07,CHH,"41,9m",False,False
1465411,SFR,,LA GARENNE DU BEAU LIEU 51130 POCANCY,51435,"48.9158,4.1381",Pylône autostable,43m,TDF,2016-09-30,CHH,"41,9m",False,False
1472039,BOUYGUES TELECOM,LTE 1800, (ROCHEMOUROUX) 19520 CUBLAC,19066,"45.1722,1.3069",Pylône autostable,35m,HIVORY,2026-08-20,ALL,,False,False
1473318,OUTREMER TELECOM,"LTE 700, 5G NR 3500", (CAP FERRET) 97290 LE MARIN,97217,"14.4842,-60.8336",Pylône autostable,30m,DIGICEL,,AJO,,False,False
1475146,SFR,"LTE 700, LTE 2600, 5G NR 2100",RD 113 (BOIS DE FROMESSENT) 62630 ETAPLES,62318,"50.5275,1.6844",Pylône autostable,45m,HIVORY,,AJO,,False,False
1475146,SFR,UMTS 2100,RD 113 (BOIS DE FROMESSENT) 62630 ETAPLES,62318,"50.5275,1.6844",Pylône autostable,45m,HIVORY,2011-02-11,SUP,,False,False
1475977,FREE MOBILE,"LTE 2100, 5G NR 700",CHEM DE LA SOURCE QUARTIER ST MARTIN 83400 HYERES,83069,"43.11,6.1078",Pylône tubulaire,16m,HIVORY,2026-09-02,ALL,,False,False
1483757,SFR,LTE 2100, (PECH D'AUJOL) 46200 SOUILLAC,46309,"44.9039,1.4681",Pylône autostable,30m,TOTEM,,AJO,,False,False
1486333,SFR,LTE 2100,ROUTE DEPARTEMENTALE D210 (LES APPENTIS) 77130 FORGES,77194,"48.4203,2.9339",Pylône autostable,45m,SNCF Réseau,2026-08-28,AJA,,False,False
1505578,BOUYGUES TELECOM,LTE 700,CHEM DE L'AMANDIER PUECH NARBONNE 34290 BASSAN,34025,"43.4153,3.2483",Pylône autostable,25m,HIVORY,2026-08-19,ALL,,False,False
1513952,BOUYGUES TELECOM,LTE 700,CHEM RURAL DIT DU BECQUEREL STADE COMMUNAL (LE BECQUEREL) 62860 ECOURT ST QUENTIN,62284,"50.2553,3.0833",Pylône autostable,32m,ATC FRANCE,,AJO,,False,False
1513952,BOUYGUES TELECOM,LTE 2100,CHEM RURAL DIT DU BECQUEREL STADE COMMUNAL (LE BECQUEREL) 62860 ECOURT ST QUENTIN,62284,"50.2553,3.0833",Pylône autostable,32m,ATC FRANCE,,SUP,,False,False
1514261,SRR,"LTE 700, LTE 800, LTE 2100",ROUTE DES TAMARIN CAP LAHOUSSAIE (HERMITAGE LES HAUTS) 97460 ST PAUL,97415,"-21.0339,55.2506",Pylône autostable,30m,Société Réunionnaise de Radiotéléphonie,2026-08-11,ALL,,False,False
1520762,BOUYGUES TELECOM,LTE 700,LE CHAMP DU BOUILLON (GOUENO) 22800 ST DONAN,22287,"48.4669,-2.9083",Pylône autostable,48m,ATC FRANCE,2026-09-07,AAV,,False,False
1520772,SFR,LTE 700,ROUTE DE SAINT GIROD CARRIÈRE COMMUNALE (LA CHAUDANNE) 73410 ENTRELACS,73010,"45.7822,5.9564",Pylône autostable,33m,ATC FRANCE,,AJO,,False,False
1545946,ORANGE,"LTE 700, LTE 2100", (HENGSTGERICHT IM HAEGEN) 67490 DETTWILLER,67089,"48.7628,7.4778",Pylône autostable,"25,4m",SNCF Réseau,,AJO,,False,False
1545946,ORANGE,GSM 900, (HENGSTGERICHT IM HAEGEN) 67490 DETTWILLER,67089,"48.7628,7.4778",Pylône autostable,"25,4m",SNCF Réseau,2015-12-21,SUP,,False,False
1546329,BOUYGUES TELECOM,"LTE 2100, LTE 2600", (WEINGARTEN) 67270 DUNTZENHEIM,67107,"48.7167,7.5458",Pylône autostable,"25,4m",SNCF Réseau,2026-08-19,ALL,,False,False
1546333,BOUYGUES TELECOM,LTE 2100, (ANDERTHALBEN) 67550 ECKWERSHEIM,67119,"48.6908,7.7022",Pylône autostable,"25,4m",SNCF Réseau,2026-08-19,ALL,,False,False
1547093,ORANGE,5G NR 2100, (LES FORGERAIS) 35890 BOURG DES COMPTES,35033,"47.9114,-1.6881",Pylône autostable,38m,TOTEM,2025-10-28,ART,,False,False
1547869,ORANGE,"5G NR 700, 5G NR 3500",IMMEUBLE LE CAIRN (PRÉ LONGIS) 05200 LES ORRES,05098,"44.4933,6.5561",Bâtiment,39m,"Copropriété, Syndic, SCI",2025-09-25,ART,,False,False
1558692,BOUYGUES TELECOM,"LTE 1800, LTE 2100", (LA VILLE AGNÈS) 56430 NEANT SUR YVEL,56145,"48.0356,-2.3064",Pylône autostable,50m,HIVORY,2025-12-08,ART,,False,False
1568700,SFR,"LTE 700, LTE 1800, LTE 2100, 5G NR 2100",CORMERIEU (LA GRANDE PIECE) 38620 ST GEOIRE EN VALDAINE,38386,"45.4447,5.6408",Pylône autostable,20m,ATC FRANCE,,AJO,,False,False
1568700,SFR,"GSM 900, UMTS 2100",CORMERIEU (LA GRANDE PIECE) 38620 ST GEOIRE EN VALDAINE,38386,"45.4447,5.6408",Pylône autostable,20m,ATC FRANCE,2016-09-30,SUP,,False,False
1573968,SFR,"LTE 700, 5G NR 2100",TER CHEM (LA RITOYE) 16220 ST SORNIN,16353,"45.685,0.4669",Pylône autostable,32m,HIVORY,,AJO,,False,False
1573979,SFR,"LTE 700, 5G NR 2100",TER CHEM (LES MINARETS) 16410 BOUEX,16055,"45.6139,0.3281",Pylône autostable,32m,SFR,2026-08-28,AJA,,False,False
1583346,BOUYGUES TELECOM,LTE 700,D 82 (BOIS DE DERRIÈRE) 89150 BRANNAY,89054,"48.2383,3.1372",Château d'eau - réservoir,30m,"Syndicat des eaux, Adduction",2026-09-03,AJA,,False,False
1583346,BOUYGUES TELECOM,LTE 2100,D 82 (BOIS DE DERRIÈRE) 89150 BRANNAY,89054,"48.2383,3.1372",Château d'eau - réservoir,30m,"Syndicat des eaux, Adduction",2022-10-27,SUP,,False,False
1584007,SFR,LTE 700,CHEMIN RURAL N°10 (PILE) 26390 HAUTERIVES,26148,"45.2525,5.0478",Pylône tubulaire,"30,4m",ATC FRANCE,,AJO,,False,False
1584204,ORANGE,LTE 2600,CHEMIN DE REMEMBREMENT (SOLE DE CHAULNES) 80320 HYPERCOURT,80621,"49.8203,2.8228",Pylône autostable,25m,Sociétés d'Autoroutes,2026-08-21,ALL,,False,False
1584314,FREE MOBILE,5G NR 3500,128 BD  MALEHERBES 75017 PARIS 17,75117,"48.8847,2.3081",Immeuble,"29,4m","Copropriété, Syndic, SCI",,AJO,,False,False
1585289,SFR,LTE 700, (BOIS DES CHAUMES) 86800 LAVOUX,86124,"46.5881,0.5311",Pylône autostable,"26,2m",HIVORY,,AJO,,False,False
1585289,SFR,LTE 2100, (BOIS DES CHAUMES) 86800 LAVOUX,86124,"46.5881,0.5311",Pylône autostable,"26,2m",HIVORY,2021-12-15,SUP,,False,False
1587901,BOUYGUES TELECOM,LTE 700, (PETIT SUS) 69690 BESSENAY,69021,"45.7831,4.5383",Pylône autostable,"15,1m",ATC FRANCE,2026-09-08,AAV,,False,False
1589782,SFR,LTE 700,"LA PANTHIERE, BOIS DE LA MORTAIVE 79290 BRION PRES THOUET",79056,"47.0589,-0.1756",Pylône autostable,"49,6m",ATC FRANCE,,AJO,,False,False
1598832,BOUYGUES TELECOM,LTE 700,RTE DÉPART.271 (CHARMONT) 49520 SEGRE EN ANJOU BLEU,49331,"47.7297,-0.8922",Pylône autostable,"33,8m",ATC FRANCE,2026-08-28,ALL,,False,False
1598832,SFR,"LTE 700, LTE 2600",RTE DÉPART.271 (CHARMONT) 49520 SEGRE EN ANJOU BLEU,49331,"47.7297,-0.8922",Pylône autostable,"33,8m",ATC FRANCE,,AJO,,False,False
1598832,SFR,LTE 2100,RTE DÉPART.271 (CHARMONT) 49520 SEGRE EN ANJOU BLEU,49331,"47.7297,-0.8922",Pylône autostable,"33,8m",ATC FRANCE,2022-01-07,SUP,,False,False
1598840,BOUYGUES TELECOM,"LTE 700, LTE 1800, 5G NR 2100",DÉPARTEMENTALE 44 (LE CHEMIN DU CHAMP DE FOIRE) 18140 SANCERGUES,18240,"47.1594,2.9158",Pylône autostable,44m,ATC FRANCE,,AJO,,False,False
1599524,ORANGE,5G NR 2100, (LA MOLINE) 48220 PONT DE MONTVERT SUD MONT LOZERE,48116,"44.3642,3.7397",Mât,12m,TOTEM,2026-08-26,ALL,,False,False
1600558,BOUYGUES TELECOM,"LTE 700, 5G NR 2100", (LA RAINERIE) 89330 VERLIN,89440,"48.0292,3.2456",Château d'eau - réservoir,39m,"Syndicat des eaux, Adduction",,AJO,,False,False
1601403,BOUYGUES TELECOM,5G NR 3500,13 RUE DE LA MUETTE EGLISE ST NICOLAS 78600 MAISONS LAFFITTE,78358,"48.9489,2.1456",Monument religieux,50m,Conseil Départemental,2026-07-23,ART,,False,False
1609866,SFR,5G NR 3500,CHEM DU BOIS RÉSERVOIR DÉSAFFECTÉ (BOIS DE PENCHARD) 77124 PENCHARD,77358,"48.9881,2.8572",Pylône autostable,40m,ATC FRANCE,,AJO,,False,False
1621845,SFR,"LTE 700, LTE 1800, LTE 2100, 5G NR 2100", (SALAMAN) 07700 ST MARCEL D ARDECHE,07264,"44.3319,4.6161",Pylône tubulaire,16m,ATC FRANCE,,AJO,,False,False
1621845,SFR,UMTS 2100, (SALAMAN) 07700 ST MARCEL D ARDECHE,07264,"44.3319,4.6161",Pylône tubulaire,16m,ATC FRANCE,2016-03-04,SUP,,False,False
1623944,BOUYGUES TELECOM,LTE 700,RTE DE VAUX CHEMIN DE LA GRANGE GARRAUD 03410 ST VICTOR,03262,"46.3931,2.5847",Pylône autostable,26m,HIVORY,,AJO,,False,False
1623944,BOUYGUES TELECOM,LTE 2100,RTE DE VAUX CHEMIN DE LA GRANGE GARRAUD 03410 ST VICTOR,03262,"46.3931,2.5847",Pylône autostable,26m,HIVORY,2024-01-09,SUP,,False,False
1625132,ORANGE,5G NR 700,2 RUE DU CORMIER 44300 NANTES,44109,"47.2178,-1.5997",Immeuble,"21,8m",Société HLM,2026-09-01,AJA,,False,False
1625132,ORANGE,5G NR 3500,2 RUE DU CORMIER 44300 NANTES,44109,"47.2178,-1.5997",Immeuble,"21,8m",Société HLM,,AJO,,False,False
1628861,BOUYGUES TELECOM,LTE 1800, (LA SAUSSOTTE) 88460 DOCELLES,88135,"48.1547,6.6197",Pylône autostable,30m,HIVORY,2026-08-19,ALL,,False,False
1632799,BOUYGUES TELECOM,LTE 2600,TERRAIN FERRUCCI (SAN GUAVINO) 20167 ALATA,2A006,"41.9722,8.7139",Pylône autostable,"17,8m",HIVORY,2026-08-20,ALL,,False,False
1634593,BOUYGUES TELECOM,"LTE 700, 5G NR 2100",V COM. N° 5 DIT DU VERGER (LE VILLEROT) 71440 LESSARD EN BRESSE,71256,"46.7522,5.0875",Pylône autostable,28m,SFR,2026-08-19,AJA,,False,False
1635960,SFR,"LTE 700, LTE 1800, LTE 2600, 5G NR 2100",ZAC DU PECHER ZAC (MOUNNEYRE) 48130 PEYRE EN AUBRAC,48009,"44.74,3.2906",Pylône autostable,"31,6m",ATC FRANCE,,SUP,,False,False
1639163,BOUYGUES TELECOM,LTE 700,PRES DU CIMETIERE (CHEZELLES) 18270 SIDIAILLES,18252,"46.5075,2.3169",Pylône autostable,"33,7m",ATC FRANCE,,AJO,,False,False
1639163,BOUYGUES TELECOM,LTE 2100,PRES DU CIMETIERE (CHEZELLES) 18270 SIDIAILLES,18252,"46.5075,2.3169",Pylône autostable,"33,7m",ATC FRANCE,2022-08-31,SUP,,False,False
1640557,FREE MOBILE,5G NR 700, (SABATIE) 82220 MOLIERES,82113,"44.1833,1.3706",Pylône autostable,30m,HIVORY,2026-09-02,ALL,,False,False
1644907,SFR,LTE 700,DÉPARTEMENTALE 76 (LA CROIX MOUJAU) 22230 ST VRAN,22333,"48.2425,-2.465",Pylône autostable,32m,HIVORY,,AJO,,False,False
1651875,BOUYGUES TELECOM,LTE 700, (LES MOULOIS) 03130 LE DONJON,03103,"46.3486,3.7806",Pylône autostable,18m,HIVORY,,AJO,,False,False
1651875,BOUYGUES TELECOM,LTE 2100, (LES MOULOIS) 03130 LE DONJON,03103,"46.3486,3.7806",Pylône autostable,18m,HIVORY,,SUP,,False,False
1652565,BOUYGUES TELECOM,LTE 700, (LES GRANDS BOIS) 03120 DROITURIER,03105,"46.2186,3.6914",Pylône autostable,30m,HIVORY,2026-08-19,AJA,,False,False
1652565,BOUYGUES TELECOM,"LTE 1800, 5G NR 2100", (LES GRANDS BOIS) 03120 DROITURIER,03105,"46.2186,3.6914",Pylône autostable,30m,HIVORY,,AJO,,False,False
1654236,BOUYGUES TELECOM,LTE 2100,R DE LA VALLEE (HAMEAU SEBOURQUIAUX) 59990 SEBOURG,59559,"50.3561,3.6547",Pylône tubulaire,18m,ATC FRANCE,2026-08-19,ALL,,False,False
1654685,BOUYGUES TELECOM,LTE 2100, (MONRUT) 15500 BONNAC,15022,"45.2167,3.1381",Pylône autostable,25m,BOUYGUES,2026-08-29,AJA,,False,False
1656533,SFR,5G NR 2100,R DE L'HOSPICE  STADE 59890 DEULEMONT,59173,"50.7378,2.9444",Pylône tubulaire,21m,ATC FRANCE,,AJO,,False,False
1658193,SFR,"GSM 900, UMTS 900, LTE 700, LTE 800, LTE 1800, LTE 2100, LTE 2600, 5G NR 2100, 5G NR 3500",1 PLACE DE LA GARE 59630 BOURBOURG,59094,"50.9519,2.1961",Silo,29m,"Coopérative Agricole, Vinicole",2022-12-02,SUP,,False,False
1659822,BOUYGUES TELECOM,LTE 2100,LA GRANGE PIERRE 10370 VILLENAUXE LA GRANDE,10420,"48.6067,3.5469",Pylône autostable,"50,2m",Société Privée,2026-08-19,ALL,,False,False
1659932,BOUYGUES TELECOM,"LTE 700, LTE 1800, LTE 2100, 5G NR 2100",ROUTE DES ALPES STADE MUNICIPAL RD 502 38440 CHATONNAY,38094,"45.4894,5.2008",Pylône autostable,"24,8m",ATC FRANCE,,AJO,,False,False
1660735,SFR,LTE 2100,R DES PLANTES RSVOIR 55500 LIGNY EN BARROIS,55291,"48.6917,5.3339",Pylône autostable,"24,2m",ATC FRANCE,2026-09-01,ALL,,False,False
1662636,FREE MOBILE,"LTE 2100, 5G NR 700",D 919 (LES BRUYÈRES) 61550 ST NICOLAS DE SOMMAIRE,61435,"48.8297,0.6108",Pylône autostable,"32,4m",HIVORY,2026-09-02,ALL,,False,False
1666820,BOUYGUES TELECOM,LTE 700, (KÉRENFOULER) 22390 PONT MELVEZ,22249,"48.4817,-3.2933",Pylône autostable,32m,HIVORY,2026-08-03,ART,,False,False
1669196,BOUYGUES TELECOM,LTE 2100,RUE DE LA CHESNOYE 02410 ST GOBAIN,02680,"49.5922,3.3758",Château d'eau - réservoir,"16,7m","Syndicat des eaux, Adduction",2026-08-28,ALL,,False,False
1669255,BOUYGUES TELECOM,LTE 700,CHEMIN RURAL N°15 DIT R LANGLADE (LES MONTS DÉSERTS) 76440 POMMEREUX,76505,"49.6194,1.6333",Pylône autostable,33m,HIVORY,,AJO,,False,False
1669263,SFR,GSM 900,11 ALLÉE DES CORBIÈRES 81100 CASTRES,81065,"43.6036,2.2361",Immeuble,"32,7m","Copropriété, Syndic, SCI",2016-10-03,SUP,,False,False
1670278,SFR,"LTE 700, 5G NR 2100",CHEM RURAL DE QUERCAMPS (BOIS D'ARIEZE) 62380 SENINGHEM,62788,"50.7103,2.0536",Pylône autostable,32m,TDF,,AJO,,False,False
1670645,BOUYGUES TELECOM,"LTE 700, 5G NR 2100", (LA MALADIÈRE) 71350 ALLEREY SUR SAONE,71003,"46.9131,4.9836",Pylône autostable,32m,HIVORY,2026-08-19,ALL,,False,False
1671075,BOUYGUES TELECOM,"LTE 700, 5G NR 2100",CHEM DE MONTBARTOUX (LA VIEILLE) 63120 VOLLORE VILLE,63469,"45.8,3.6175",Pylône autostable,30m,HIVORY,,AJO,,False,False
1671771,BOUYGUES TELECOM,LTE 2100,CHEMIN DES PRÉS A8 PK 175.786 (LES GROULES) 06600 ANTIBES,06004,"43.6189,7.1164",Pylône arbre,20m,Sociétés d'Autoroutes,2026-08-27,ALL,,False,False
1683017,ORANGE,5G NR 2100,RTE DE LAGNY (L'EPINETTE) 77131 PEZARCHES,77360,"48.7344,2.9775",Pylône tubulaire,32m,TOTEM,2026-08-21,ALL,,False,False
1685777,SFR,LTE 700,Z.A. DE KERVENDRAS (LE COSQUER) 56250 SULNIAC,56247,"47.6675,-2.5697",Pylône autostable,32m,HIVORY,,AJO,,False,False
1685777,SFR,LTE 2100,Z.A. DE KERVENDRAS (LE COSQUER) 56250 SULNIAC,56247,"47.6675,-2.5697",Pylône autostable,32m,HIVORY,2022-05-18,SUP,,False,False
1690733,FREE MOBILE,"LTE 2100, 5G NR 700",D 4  (LA PETITE CAUVINIERE) 14290 LIVAROT PAYS D AUGE,14371,"48.9914,0.2956",Château d'eau - réservoir,"40,2m","Syndicat des eaux, Adduction",2026-09-02,ALL,,False,False
1691504,ORANGE,"5G NR 700, 5G NR 3500",RUE DE LA ROUME 59299 BOESCHEPE,59086,"50.8014,2.7058",Pylône tubulaire,15m,TOTEM,2026-08-28,ALL,,False,False
1692159,SFR,"LTE 700, 5G NR 2100",PRÈS CHATEAU D EAU (LA PAYELLE) 59600 VILLERS SIRE NICOLE,59627,"50.3272,4.0103",Pylône tubulaire,33m,HIVORY,,AJO,,False,False
1707466,SFR,LTE 2100,D 468 (HOHLACKER) 67630 NEEWILLER PRES LAUTERBOURG,67315,"48.9592,8.1308",Pylône autostable,21m,HIVORY,,AJO,,False,False
1709918,ORANGE,5G NR 700,RUE JEAN MONET (LE HAGIS) 88110 RAON L ETAPE,88372,"48.4042,6.8294",Pylône tubulaire,33m,TOTEM,2026-09-03,ALL,,False,False
1711797,BOUYGUES TELECOM,LTE 700,FORET DE L'ASSISE (LA LOGE DES GARDES) 03250 LAPRUGNE,03139,"46.0003,3.8",Pylône autostable,26m,BOUYGUES,,AJO,,False,False
1714600,SFR,"LTE 700, LTE 2600", (PUECH NOLIEU) 34460 CESSENON SUR ORB,34074,"43.46,3.0456",Pylône autostable,"18,3m",HIVORY,,AJO,,False,False
1715902,BOUYGUES TELECOM,LTE 700,D 75 (LES MOULINS) 83680 LA GARDE FREINET,83063,"43.315,6.4728",Pylône autostable,"22,7m",HIVORY,2026-08-13,ALL,,False,False
1716576,BOUYGUES TELECOM,LTE 700, (MANET) 49490 NOYANT VILLAGES,49228,"47.5217,0.025",Pylône autostable,37m,HIVORY,2026-09-07,AAV,,False,False
1718786,FREE MOBILE,"LTE 2100, 5G NR 700", (LA PEYRONNIE) 24200 MARCILLAC ST QUENTIN,24252,"44.9531,1.2239",Pylône autostable,"34,9m",HIVORY,2026-09-02,ALL,,False,False
1725412,SFR,LTE 2100,CHEM FERME DE MONSIEUR DENIS VERMOT (CHANOIS) 25340 ST GEORGES ARMONT,25516,"47.4061,6.5583",Pylône autostable,34m,HIVORY,2026-08-27,ALL,,False,False
1725589,BOUYGUES TELECOM,LTE 2100, (LES GRANDES BORDES) 77620 BRANSLES,77050,"48.1575,2.8192",Pylône tubulaire,"30,5m",HIVORY,,AJO,,False,False
1729494,ORANGE,"5G NR 700, 5G NR 3500",52/56 AVENUE ROGER SALENGRO 93190 LIVRY GARGAN,93046,"48.9133,2.5294",Immeuble,"20,1m","Copropriété, Syndic, SCI",2026-08-31,AJA,,False,False
1729494,ORANGE,LTE 700,52/56 AVENUE ROGER SALENGRO 93190 LIVRY GARGAN,93046,"48.9133,2.5294",Immeuble,"20,1m","Copropriété, Syndic, SCI",,SUP,,False,False
1734547,BOUYGUES TELECOM,LTE 700, (LES DEUX MARES) 27180 CLAVILLE,27161,"49.0372,1.0108",Pylône tubulaire,35m,ATC FRANCE,2026-08-13,AJA,,False,False
1734547,BOUYGUES TELECOM,LTE 2100, (LES DEUX MARES) 27180 CLAVILLE,27161,"49.0372,1.0108",Pylône tubulaire,35m,ATC FRANCE,2022-03-15,SUP,,False,False
1736993,BOUYGUES TELECOM,LTE 2100,ROUTE DE CHEZ VAUDEY 74350 CRUSEILLES,74096,"46.0122,6.1239",Pylône tubulaire,"12,4m",HIVORY,2026-08-29,AJA,,False,False
1746587,SFR,UMTS 2100,RD 75 (LE CHEM PERDU) 76740 ANGIENS,76015,"49.8358,0.8017",Silo,30m,"Coopérative Agricole, Vinicole",2017-03-10,SUP,,False,False
1752749,SFR,LTE 2100,CH. DÉPART. N° 82 (SITE PROCHE DU CARR. AVEC LA RN (FOND DORÉ) 76390 ILLOIS,76372,"49.7531,1.6436",Château d'eau - réservoir,"50,9m","Syndicat des eaux, Adduction",,AJO,,False,False
1761129,BOUYGUES TELECOM,"LTE 700, LTE 2600",CHATEAU D'EAU (TY NEVEZ) 29830 PLOUGUIN,29196,"48.525,-4.6061",Château d'eau - réservoir,"39,5m","Syndicat des eaux, Adduction",,AJO,,False,False
1770496,SFR,LTE 700,DÉCHARGE (LES COSTES) 30330 CAVILLARGUES,30076,"44.1083,4.5181",Pylône autostable,27m,ATC FRANCE,,AJO,,False,False
1784243,ORANGE,5G NR 2100,ANGLE DU CH RURAL N°9 ET 21 (LE CHAMPART) 95420 GENAINVILLE,95270,"49.1178,1.7536",Château d'eau - réservoir,30m,"Commune, communauté de communes",2026-08-21,ALL,,False,False
1784333,BOUYGUES TELECOM,"LTE 700, 5G NR 2100",COPROPRIÉTÉ DHAULAGHIRI/EVEREST/HIMALAYA (LA PICLIÈRE) 74220 LA CLUSAZ,74080,"45.895,6.4236",Bâtiment,6m,"Copropriété, Syndic, SCI",2026-08-19,ALL,,False,False
1787537,SFR,"GSM 900, UMTS 2100", (PETIT CHAMPS MONSIEUR) 70800 ST LOUP SUR SEMOUSE,70467,"47.8797,6.2583",Pylône tubulaire,37m,HIVORY,2004-10-11,SUP,,False,False
1791496,BOUYGUES TELECOM,LTE 1800,CHEMIN DES CÔTES VILLAGE D'ENTREPRISE (LES MOUILLES) 74100 VILLE LA GRAND,74305,"46.2053,6.2642",Pylône tubulaire,"19,6m",HIVORY,2026-08-19,ALL,,False,False
1809335,FREE MOBILE,"LTE 2100, 5G NR 700", (LA CITEITE) 06450 UTELLE,06151,"43.8806,7.2358",Pylône autostable,"18,5m",TDF,2026-09-02,ALL,,False,False
1810571,BOUYGUES TELECOM,LTE 1800, (LA LANDE DU BREIL CAULNETTE) 35720 PLEUGUENEUC,35226,"48.4194,-1.8975",Pylône autostable,33m,HIVORY,2026-08-31,ALL,,False,False
1811575,FREE MOBILE,"LTE 2100, 5G NR 700",R DU BOIS DE DEURE 45130 HUISSEAU SUR MAUVES,45167,"47.8933,1.7019",Château d'eau - réservoir,"33,5m","Commune, communauté de communes",2026-09-02,ALL,,False,False
1815773,BOUYGUES TELECOM,LTE 700, (LA TREMBLAIE) 41190 HERBAULT,41101,"47.6047,1.1294",Pylône autostable,"30,6m",ATC FRANCE,2026-09-03,AJA,,False,False
1817871,BOUYGUES TELECOM,LTE 1800,CHEM RURAL N°20 DIT DES BAS CHAMPS (LE PLACIS) 35120 ROZ LANDRIEUX,35246,"48.5389,-1.8183",Pylône autostable,"25,6m",HIVORY,2026-08-31,ALL,,False,False
1825067,BOUYGUES TELECOM,LTE 2100,RUE DES MARAIS SALANTS (LES MARATES) 85800 ST GILLES CROIX DE VIE,85222,"46.7022,-1.9325",Pylône tubulaire,33m,CELLNEX,2022-09-29,SUP,,False,False
1833679,BOUYGUES TELECOM,LTE 700,VC N°18 (BOIS DE LA COLLONGE) 01140 ILLIAT,01188,"46.1808,4.8675",Pylône autostable,"36,5m",HIVORY,,AJO,,False,False
1843701,SFR,5G NR 3500,4 RUE CARNOT 30600 VAUVERT,30341,"43.6922,4.2772",Immeuble,"15,9m","Copropriété, Syndic, SCI",,AJO,,False,False
1844513,BOUYGUES TELECOM,"LTE 700, LTE 800, LTE 1800",27 ROUTE DE JOUY (LES HOMMERIES) 91570 BIEVRES,91064,"48.7525,2.2022",Pylône arbre,33m,ON TOWER FRANCE,2026-08-28,ALL,,False,True
1847550,BOUYGUES TELECOM,"LTE 700, LTE 2100, LTE 2600, 5G NR 2100, 5G NR 3500",CD 19 (LESPEZ) 31810 VERNET,31574,"43.4389,1.4228",Château d'eau - réservoir,28m,"Syndicat des eaux, Adduction",2026-08-29,ALL,,False,False
1848379,FREE MOBILE,5G NR 3500,46 PL ABEL GANCE 92100 BOULOGNE BILLANCOURT,92012,"48.8342,2.2575",Immeuble,"38,7m","Copropriété, Syndic, SCI",,AJO,,False,False
1863902,FREE MOBILE,5G NR 3500,AV DE LA TERRASSE 91190 GIF SUR YVETTE,91272,"48.7075,2.1311",Bâtiment,"20,3m","État, Ministère",,AJO,,False,False
1868686,BOUYGUES TELECOM,LTE 2100,ZAC - PROCHE D69 ATM INDUSTRIE (LE GRAND SENTIER) 71640 GIVRY,71221,"46.7858,4.7647",Pylône tubulaire,22m,TDF,,AJO,,False,False
1869761,BOUYGUES TELECOM,LTE 700,STATION DE POMPAGE (LES FORETS) 27120 FONTAINE SOUS JOUY,27254,"49.0617,1.2803",Pylône autostable,32m,ATC FRANCE,2026-08-17,AJA,,False,False
1869761,BOUYGUES TELECOM,"LTE 1800, 5G NR 2100",STATION DE POMPAGE (LES FORETS) 27120 FONTAINE SOUS JOUY,27254,"49.0617,1.2803",Pylône autostable,32m,ATC FRANCE,,AJO,,False,False
1875745,BOUYGUES TELECOM,LTE 700,R EMILLE LESOMMIER (LA BUCAILLE) 27700 GUISENIERS,27307,"49.2047,1.4744",Pylône autostable,30m,ATC FRANCE,2026-08-21,ALL,,False,False
1876996,BOUYGUES TELECOM,"LTE 700, LTE 2600, 5G NR 2100, 5G NR 3500",18 RUE DES JARDINS 25000 BESANCON,25056,"47.2508,6.0378",Immeuble,25m,"Copropriété, Syndic, SCI",2026-08-27,ALL,,False,False
1891437,ORANGE,LTE 2100,19-21 AVENUE DE THIÈS 14000 CAEN,14118,"49.1983,-0.3622",Bâtiment,"16,8m",Conseil Régional,2026-08-24,ALL,,False,False
1891766,FREE MOBILE,"LTE 2100, 5G NR 700",LA DRAY (COMBE CARNIER) 01430 ST MARTIN DU FRENE,01373,"46.1292,5.5675",Pylône autostable,42m,ON TOWER FRANCE,2026-09-02,ALL,,False,False
1900733,FREE MOBILE,LTE 2100,CHEMIN DE CHANTOUX (LES CHANTOUX) 71960 PRISSE,71360,"46.325,4.7372",Pylône autostable,"33,4m",TDF,2026-09-02,ALL,,False,False
1916153,FREE MOBILE,5G NR 3500,2 PLACE SAINTE MADELEINE EGLISE SAINTE MADELEINE 67200 STRASBOURG,67482,"48.58,7.7547",Monument religieux,"50,3m","Commune, communauté de communes",,AJO,,False,False
1922302,FREE MOBILE,5G NR 3500,AVENUE DU GRAND PRÉ STADE 78960 VOISINS LE BRETONNEUX,78688,"48.7589,2.0456",Pylône tubulaire,"19,5m",FREE-MOBILE,2026-09-02,AJA,,False,False
1930249,SFR,LTE 700,390 CHEMIN DU RESERVOIR DE MONTMAUR CHÂTEAU D'EAU DE LA VALETTE (BOIS DE MONT MAUR) 34090 MONTPELLIER,34172,"43.6425,3.8678",Château d'eau - réservoir,22m,"Syndicat des eaux, Adduction",,SUP,,False,False
1930254,BOUYGUES TELECOM,"LTE 700, LTE 2600",LE VILLAGE 30670 AIGUES VIVES,30004,"43.7361,4.1831",Pylône tubulaire,18m,HIVORY,,AJO,,False,False
1930254,BOUYGUES TELECOM,LTE 2100,LE VILLAGE 30670 AIGUES VIVES,30004,"43.7361,4.1831",Pylône tubulaire,18m,HIVORY,2024-05-30,SUP,,False,False
1934762,BOUYGUES TELECOM,LTE 2100,STADE DE PEN AR MENEZ 29810 PLOUARZEL,29177,"48.4358,-4.7136",Pylône tubulaire,37m,HIVORY,2022-05-12,SUP,,False,False
1948306,FREE MOBILE,"LTE 2100, 5G NR 700", (LE FRAYAL) 81330 ST PIERRE DE TRIVISY,81267,"43.7778,2.4336",Pylône autostable,"32,8m",ON TOWER FRANCE,2026-09-02,ALL,,False,False
1949394,BOUYGUES TELECOM,"LTE 700, LTE 800", (LES HAUTES COSNIÈRES) 50300 ST JEAN DE LA HAIZE,50489,"48.7022,-1.3597",Pylône tubulaire,22m,HIVORY,2026-08-28,ALL,,False,False
1951146,FREE MOBILE,5G NR 3500, (BEAUDIER) 42660 MARLHES,42139,"45.2789,4.4086",Pylône autostable,36m,ON TOWER FRANCE,2026-09-02,ALL,,False,False
1953497,BOUYGUES TELECOM,"GSM 900, LTE 2100",R DES PYRAMIDES (LE BOIS DE LENS) 62300 LENS,62498,"50.4564,2.8264",Pylône autostable,22m,Société Privée,2019-05-27,SUP,,False,False
1954123,FREE MOBILE,5G NR 3500, (CAMPS MILITAIRE DE CANJUER) 83131 MONTFERRAT,83082,"43.6514,6.4561",Pylône autostable,"41,9m",FREE-MOBILE,,AJO,,False,False
1968124,BOUYGUES TELECOM,LTE 2100,RUE DU STADE (CHÂTEAU D'EAU D'ERNESTVILLER) 57510 PUTTELANGE AUX LACS,57556,"49.0622,6.9656",Pylône autostable,30m,HIVORY,2026-08-29,ALL,,False,False
1969796,BOUYGUES TELECOM,"LTE 700, 5G NR 3500",112 R  HELENE COCHENNEC 93300 AUBERVILLIERS,93001,"48.9208,2.3967",Immeuble,"35,7m",BOUYGUES,,AJO,,False,False
1976029,ORANGE,"5G NR 700, 5G NR 3500",RUE PAUL BAGNARD PRES DE LA D928 95300 HEROUVILLE EN VEXIN,95308,"49.1011,2.1356",Silo,33m,"Coopérative Agricole, Vinicole",,AJO,,False,False
1976029,ORANGE,GSM 900,RUE PAUL BAGNARD PRES DE LA D928 95300 HEROUVILLE EN VEXIN,95308,"49.1011,2.1356",Silo,33m,"Coopérative Agricole, Vinicole",2012-09-24,SUP,,False,False
1990521,FREE MOBILE,LTE 2100,QUAI DE PREE ATELIERS MUNICIPAUX 17590 ARS EN RE,17019,"46.2078,-1.5075",Pylône tubulaire,25m,ATC FRANCE,2026-09-02,ALL,,False,False
2000581,ORANGE,5G NR 2100,DPT 46 (L'EBEAUPIN) 86330 ANGLIERS,86005,"46.9142,0.125",Pylône tubulaire,30m,TOTEM,2026-08-25,ALL,,False,False
2002497,ORANGE,"LTE 800, LTE 2600",R DE FLIGNON (BOIS DU RAVE) 69390 MILLERY,69133,"45.6397,4.7711",Pylône autostable,35m,RTE,2026-08-25,ALL,,False,False
2003013,FREE MOBILE,"LTE 2100, 5G NR 700", (PEYRESOURDE BALESTAS) 65240 GERM,65199,"42.7942,0.4414",Immeuble,"28,9m","Copropriété, Syndic, SCI",2026-09-02,ALL,,False,False
2011530,ORANGE,5G NR 700,"AV DE L'EUROPE BÂTIMENT ""LA NEF"" 54700 PONT A MOUSSON",54431,"48.9175,6.0656",Bâtiment,18m,ORANGE,2026-09-03,ALL,,False,False
2012545,FREE MOBILE,5G NR 3500,76 - 78 RUE LAENNEC 69008 LYON 08,69388,"45.7383,4.8817",Immeuble,"37,3m","Copropriété, Syndic, SCI",,AJO,,False,False
2021363,BOUYGUES TELECOM,"GSM 900, UMTS 900, LTE 700, LTE 800, LTE 1800, LTE 2100, LTE 2600, 5G NR 2100, 5G NR 3500",4 R DU PROFESSEUR CALMETTE 69008 LYON 08,69388,"45.7422,4.8767",Bâtiment,"27,2m","Copropriété, Syndic, SCI",2020-11-23,SUP,,False,False
2023694,BOUYGUES TELECOM,LTE 2100,36 RUE DU REVEREND PERE C GILBERT 92600 ASNIERES SUR SEINE,92004,"48.9144,2.2872",Immeuble,21m,Société HLM,2022-09-29,SUP,,False,False
2029870,ORANGE,LTE 2100,1 RUE GENEVIÉVE DE GAULLE (METRO CLEMENCEAU) 35700 RENNES,35238,"48.0936,-1.6744",Intérieur sous-terrain,0m,"Commune, communauté de communes",2026-08-24,ALL,,False,False
2034781,OUTREMER TELECOM,5G NR 3500,481 AV YA ET SIONG D10 97360 MANA,97306,"5.5725,-53.8936",Pylône autostable,80m,Outremer Telecom,2025-09-01,AJR,,False,False
2042938,FREE MOBILE,"LTE 2100, 5G NR 700",CHATEAU D EAU ENMARTINON 32270 AUBIET,32012,"43.6322,0.8186",Château d'eau - réservoir,31m,"Syndicat des eaux, Adduction",2026-09-02,ALL,,False,False
2054841,FREE MOBILE,5G NR 3500,PEYREFFITE 33190 LA REOLE,33352,"44.5919,-0.0347",Pylône autostable,42m,ON TOWER FRANCE,,AJO,,False,False
2054997,SFR,"LTE 700, 5G NR 2100",ROUTE D'HAZEBROUCK D 106 59173 BLARINGHEM,59084,"50.6964,2.4303",Pylône autostable,50m,TDF,,AJO,,False,False
2056747,FREE MOBILE,LTE 2100,RESIDENCE LES CARLINES CENTRE (STATION DES ORRES) 05200 LES ORRES,05098,"44.4936,6.5569",Immeuble,"31,5m","Copropriété, Syndic, SCI",2026-09-02,ALL,,False,False
2083605,FREE MOBILE,LTE 2100,22 RUE LEON BOURGEOIS 69600 OULLINS PIERRE BENITE,69149,"45.7119,4.8006",Immeuble,"16,7m","Copropriété, Syndic, SCI",2026-09-02,ALL,,False,False
2095968,ORANGE,5G NR 2100,IMPASSE DU BON COIN (LA GRANDE PRAIRIE) 27470 FONTAINE L ABBE,27251,"49.0928,0.6903",Pylône autostable,45m,TOTEM,2026-08-27,ALL,,False,False
2113650,ORANGE,"LTE 1800, 5G NR 2100", (AGARD LES ESCURES) 12110 AUBIN,12013,"44.5422,2.2208",Pylône autostable,12m,TDF,2026-08-27,ALL,,False,False
2117705,ORANGE,LTE 2100,518 RUE DE LA GARE 60490 RESSONS SUR MATZ,60533,"49.5417,2.7372",Pylône autostable,35m,ATC FRANCE,2026-08-31,AJA,,False,False
2117705,ORANGE,LTE 2600,518 RUE DE LA GARE 60490 RESSONS SUR MATZ,60533,"49.5417,2.7372",Pylône autostable,35m,ATC FRANCE,,AJO,,False,False
2117705,ORANGE,5G NR 2100,518 RUE DE LA GARE 60490 RESSONS SUR MATZ,60533,"49.5417,2.7372",Pylône autostable,35m,ATC FRANCE,,SUP,,False,False
2119387,ORANGE,LTE 700,D16 PRÈS DU CIMETIÈRE (LA LANDE DE MONTECOUPLET) 72610 VILLENEUVE EN PERSEIGNE,72137,"48.4453,0.2464",Pylône autostable,30m,ATC FRANCE,2026-09-03,ALL,,False,False
2134552,BOUYGUES TELECOM,LTE 800,RTE D'EVOSGES D 102A (SOURCE DE PRÉ MARTIN EN BRUET) 01230 TENAY,01416,"45.9428,5.5072",Pylône autostable,20m,ATC FRANCE,2026-08-28,ALL,,False,False
2139721,FREE MOBILE,5G NR 3500,LES CHAIZES 42155 VILLEMONTAIS,42331,"45.9822,3.9458",Pylône autostable,26m,ON TOWER FRANCE,2026-09-02,ALL,,False,False
2141677,ORANGE,"GSM 900, UMTS 900, LTE 800",R DU BOCAGE 50370 BRECEY,50074,"48.7275,-1.1622",Château d'eau - réservoir,45m,"Syndicat des eaux, Adduction",2000-09-29,SUP,,False,False
2143347,ORANGE,5G NR 2100,RTE DE LAGNEY D 908 (PONT DE PIERRE) 54200 LUCEY,54327,"48.7231,5.8492",Pylône autostable,"41,5m",ATC FRANCE,,AJO,,False,False
2143347,ORANGE,LTE 2100,RTE DE LAGNEY D 908 (PONT DE PIERRE) 54200 LUCEY,54327,"48.7231,5.8492",Pylône autostable,"41,5m",ATC FRANCE,,SUP,,False,False
2145732,BOUYGUES TELECOM,"LTE 700, LTE 800, LTE 1800, LTE 2100, LTE 2600, 5G NR 2100, 5G NR 3500",33 ROUTE DE QUINSONNAS 69510 MESSIMY,69131,"45.6933,4.6706",Pylône autostable,30m,BOUYGUES,2021-10-20,SUP,,False,False
2146315,SFR,"LTE 700, 5G NR 2100",VIEUX CHEMIN DE BAVAY 59570 LA LONGUEVILLE,59357,"50.2856,3.8319",Pylône autostable,"42,7m",TDF,,AJO,,False,False
2184321,BOUYGUES TELECOM,5G NR 3500,1 R DES MIMOSAS 93600 AULNAY SOUS BOIS,93005,"48.9478,2.5122",Bâtiment,"38,1m","Copropriété, Syndic, SCI",2026-07-22,ART,,False,False
2190698,FREE MOBILE,"LTE 700, LTE 900, LTE 1800, LTE 2100, LTE 2600, 5G NR 700", (ROC H AR LIN) 22320 ST MAYEUX,22316,"48.2583,-3.0306",Pylône autostable,"39,3m",TDF,2021-07-30,SUP,,False,False
2205959,SFR,LTE 2100,CHEMIN DE LA LAYE A36 VERS STRASBOURG (FORÊT DE CHAILLUZ) 25000 BESANCON,25056,"47.2889,6.0125",Pylône autostable,"43,4m",ATC FRANCE,2026-08-27,ALL,,False,False
2227188,SFR,"UMTS 900, LTE 2100",D 125 (VOIE DE LA FORÊT) 54920 MORFONTAINE,54385,"49.4478,5.8264",Pylône autostable,"30,4m",ATC FRANCE,,SUP,,False,True
2235439,ORANGE,5G NR 2100,1440 RUE DES 3 PONTS TERRAIN DE SPORTS 27160 VERNEUIL D AVRE ET D ITON,27679,"48.7944,0.8464",Pylône tubulaire,30m,ATC FRANCE,2026-08-27,ALL,,False,False
2258120,OUTREMER TELECOM,"LTE 700, 5G NR 3500",D25 DERRIÈRE MORNE (MOUNZI) 97230 STE MARIE,97228,"14.7661,-60.9839",Pylône autostable,25m,TDF,,AJO,,False,False
2262024,ORANGE,5G NR 2100,RUE DU PONT ST POMP (LE COIN) 89160 ARGENTEUIL SUR ARMANCON,89017,"47.7589,4.1142",Pylône autostable,37m,TDF,2026-08-28,ALL,,False,False
2269552,ORANGE,"LTE 800, 5G NR 700, 5G NR 3500",PLACE DE L'ÉGLISE 49370 ST CLEMENT DE LA PLACE,49271,"47.525,-0.7453",Monument historique,"36,5m","Commune, communauté de communes",2026-08-28,ALL,,False,False
2269952,ORANGE,"5G NR 700, 5G NR 3500",28 CHEMIN DU HÉRON LES BÉGAUDIÈRES PROCHE CHEMIN DE FER DE RENNES À ST MALO (LA RABINE DU HÉRON) 35120 BAGUER MORVAN,35009,"48.5272,-1.7656",Pylône autostable,36m,ATC FRANCE,2026-08-26,ALL,,False,False
2286385,ORANGE,5G NR 2100,CHEMIN D'EXPLOITATION N° 4 (LE BOIS MIGNO) 22170 PLOUVARA,22234,"48.515,-2.9281",Pylône autostable,45m,TOTEM,,AJO,,False,False
2293779,SFR,LTE 2100,CROISEMENT D. 142 - D. 143 (LES TESSAUNIERES) 19300 ROSIERS D EGLETONS,19176,"45.3958,1.9794",Pylône autostable,33m,TOTEM,,AJO,,False,False
2293830,BOUYGUES TELECOM,LTE 800,PRÈS D57 ROUTE DE ST JEAN TROLIMON (KERYAN) 29720 PLONEOUR LANVERN,29174,"47.8908,-4.2958",Pylône autostable,30m,ATC FRANCE,2026-08-11,ALL,,False,False
2300108,SFR,"LTE 700, 5G NR 3500",44 AVENUE DE LA RÉPUBLIQUE 95410 GROSLAY,95288,"48.9847,2.3597",Pylône tubulaire,20m,SFR,,SUP,,False,True
2325480,SFR,"LTE 700, LTE 800, LTE 1800, LTE 2100, LTE 2600, 5G NR 2100", (CONCELADE LES RIVES) 12600 TAUSSAC,12277,"44.8256,2.6553",Pylône autostable,31m,TDF,2026-08-28,AJA,,False,True
2329836,SFR,"LTE 700, LTE 800, LTE 1800, LTE 2100, LTE 2600, 5G NR 2100",1740 ROUTE DU CHÂTEAU D'EAU (GAUBERE) 32460 LE HOUGA,32155,"43.7792,-0.2006",Château d'eau - réservoir,43m,"Syndicat des eaux, Adduction",2026-08-27,ALL,,False,True
2340357,SFR,"LTE 700, LTE 2600",18 V DE LA LIBERTÉ 50220 PRECEY,50413,"48.6094,-1.3808",Pylône autostable,"32,3m",BOUYGUES,,AJO,,False,False
2352801,SFR,"LTE 700, LTE 800, LTE 1800, LTE 2100, LTE 2600, 5G NR 2100",RUE DES ARDILLAUX 17290 LE THOU,17447,"46.0928,-0.9508",Pylône autostable,30m,TDF,,AJO,,False,True
2354500,ORANGE,"LTE 2100, 5G NR 3500",29 RUE PIERRE MARIE FACHE D8 52410 CHAMOUILLEY,52099,"48.6003,5.0444",Pylône autostable,33m,TOTEM,2026-08-27,ALL,,False,False
2362544,ORANGE,5G NR 2100,LES CÔTES GAREILLES VC N°4 PROCHE D48 (FEUILLET) 36200 BADECON LE PIN,36158,"46.5403,1.5847",Pylône autostable,42m,ORANGE,,AJO,,False,False
2369293,BOUYGUES TELECOM,"LTE 1800, LTE 2100",LES QUATRES VENTS (LE GOULET) 28480 VICHERES,28407,"48.2875,0.9333",Château d'eau - réservoir,30m,"Commune, communauté de communes",2026-08-25,ALL,,False,False
2369844,ORANGE,"LTE 2100, 5G NR 700, 5G NR 3500",ROUTE DE BEAUFORT MAISON DES LOISIRS STADE MUNICIPAL LES ROSIER SUR LOIRE 49350 GENNES VAL DE LOIRE,49261,"47.3619,-0.2244",Pylône autostable,30m,ATC FRANCE,,AJO,,False,False
2369844,ORANGE,LTE 700,ROUTE DE BEAUFORT MAISON DES LOISIRS STADE MUNICIPAL LES ROSIER SUR LOIRE 49350 GENNES VAL DE LOIRE,49261,"47.3619,-0.2244",Pylône autostable,30m,ATC FRANCE,2021-06-09,SUP,,False,False
2377357,SFR,"LTE 700, 5G NR 2100",ROUTE DE LA BRANDE (D144) 17800 AVY,17027,"45.5522,-0.5",Pylône autostable,"38,5m",HIVORY,2026-08-28,AJA,,False,False
2387433,BOUYGUES TELECOM,"LTE 700, LTE 800",CHATEAU D EAU (LA VALLEE DES HEBREUX) 27820 ST CHRISTOPHE SUR AVRE,27521,"48.6986,0.815",Château d'eau - réservoir,"49,7m","Syndicat des eaux, Adduction",2026-09-01,ALL,,False,False
2387433,SFR,"UMTS 900, LTE 700, LTE 800, LTE 1800, LTE 2600, 5G NR 2100",CHATEAU D EAU (LA VALLEE DES HEBREUX) 27820 ST CHRISTOPHE SUR AVRE,27521,"48.6986,0.815",Château d'eau - réservoir,"49,7m","Syndicat des eaux, Adduction",,AJO,,False,True
2402781,BOUYGUES TELECOM,LTE 1800,AIRE DE REPOS DE MALVAUX 54170 COLOMBEY LES BELLES,54135,"48.5056,5.9128",Pylône autostable,"39,1m",SFR,2026-08-29,AJA,,False,False
2404874,ORANGE,5G NR 2100,D990 (LES FONDS MOREAUX) 23220 MOUTIER MALCARD,23139,"46.4061,1.9344",Pylône autostable,39m,TOTEM,,AJO,,False,False
2405160,BOUYGUES TELECOM,"UMTS 900, LTE 800, LTE 1800, LTE 2100",CHE DE TRAUSANES RÉSERVOIR COMMUNAL D118 (TRAUSANES) 11260 CAMPAGNE SUR AUDE,11063,"42.9169,2.2003",Pylône autostable,24m,HIVORY,2026-08-29,ALL,,False,True
2421060,SFR,5G NR 2100, (BERWILLER SUD) 57370 MITTELBRONN,57468,"48.7797,7.23",Pylône autostable,"34,7m",HIVORY,,SUP,,False,True
2424226,BOUYGUES TELECOM,"LTE 700, LTE 2100, 5G NR 2100",ROUTE DE CAHORS D911 (PRAT LONG) 46090 ARCAMBAL,46007,"44.4569,1.505",Pylône autostable,"44,3m",HIVORY,2026-08-19,ALL,,False,False
2429364,ORANGE,5G NR 2100, (LICAOUGAS NORD) 40160 YCHOUX,40332,"44.4017,-0.9622",Pylône autostable,30m,TDF,,AJO,,False,False
2430590,BOUYGUES TELECOM,5G NR 2100,3 RUE HANNAH ARENDT 35230 NOYAL CHATILLON SUR SEICHE,35206,"48.0331,-1.6656",Immeuble,12m,"Copropriété, Syndic, SCI",2026-05-15,ART,,False,False
2454161,BOUYGUES TELECOM,LTE 2100,RUE DE LA VILLE GALIO 22410 TREVENEUC,22377,"48.6586,-2.8694",Pylône autostable,38m,BOUYGUES,2024-10-18,SUP,,False,False
2460289,BOUYGUES TELECOM,5G NR 2100,N21 (PEY) 32550 ST JEAN LE COMTAL,32381,"43.5694,0.5272",Pylône autostable,36m,HIVORY,2026-08-19,ALL,,False,False
2460552,BOUYGUES TELECOM,LTE 700,RUE DE BIOROUGE A20 46200 SOUILLAC,46309,"44.8853,1.5019",Pylône autostable,50m,TDF,2026-08-29,ALL,,False,False
2460552,SFR,LTE 700,RUE DE BIOROUGE A20 46200 SOUILLAC,46309,"44.8853,1.5019",Pylône autostable,50m,TDF,2026-08-27,ALL,,False,False
2467606,BOUYGUES TELECOM,"LTE 700, LTE 800, LTE 1800, 5G NR 2100", (TERRE DE BRAS) 38460 ST HILAIRE DE BRENS,38392,"45.6828,5.2911",Pylône autostable,42m,HIVORY,2026-08-19,ALL,,False,False
2470787,BOUYGUES TELECOM,5G NR 2100,CHEMIN D ABRAHAM 07330 BARNAS,07025,"44.6633,4.1722",Pylône autostable,42m,HIVORY,2026-08-19,ALL,,False,False
2477926,BOUYGUES TELECOM,LTE 1800, (WALDBRUDERRAIN) 67530 BOERSCH,67052,"48.4706,7.4025",Pylône autostable,42m,SFR,,AJO,,True,False
2482165,BOUYGUES TELECOM,5G NR 2100,RUE JEAN MOULIN D930 (PERES) 32410 AYGUETINTE,32024,"43.8431,0.4156",Pylône autostable,"32,5m",HIVORY,2026-08-19,ALL,,False,False
2482165,SFR,LTE 700,RUE JEAN MOULIN D930 (PERES) 32410 AYGUETINTE,32024,"43.8431,0.4156",Pylône autostable,"32,5m",HIVORY,2026-08-27,ALL,,False,False
2496585,ORANGE,"LTE 700, LTE 800, LTE 1800, LTE 2100, LTE 2600",18 MONTÉE DES PIERRES BLANCHES 34200 SETE,34301,"43.4019,3.6686",Pylône tubulaire,15m,ORANGE,2023-09-25,SUP,,False,False
2510840,BOUYGUES TELECOM,5G NR 2100,D730 (TIRRIER DE BEAUMORE) 17120 MORTAGNE SUR GIRONDE,17248,"45.5158,-0.7558",Pylône autostable,32m,HIVORY,2026-08-20,ALL,,False,False
2513355,ORANGE,"LTE 1800, 5G NR 2100", (LESPIET) 32350 BARRAN,32029,"43.6144,0.4461",Pylône autostable,30m,ATC FRANCE,2026-08-31,AJA,,True,False
2528148,SFR,"LTE 700, LTE 1800, 5G NR 2100","LES COIGNETS (LES COIGNETS, SAINT GERMAIN DE) 50690 LA HAGUE",50041,"49.7036,-1.9267",Pylône autostable,46m,PHOENIX FRANCE INFRASTRUCTURES,,AJO,,False,False
2528725,SFR,"LTE 700, 5G NR 2100",RUE DE LA FORET 17500 CLAM,17108,"45.4894,-0.4567",Pylône autostable,"38,9m",HIVORY,2026-08-28,AJA,,False,False
2545075,ORANGE,5G NR 2100,CHE DES CHAMPS A77 (LES FOUGERES) 58150 POUILLY SUR LOIRE,58215,"47.2772,2.975",Pylône autostable,35m,TDF,,AJO,,False,False
2547162,BOUYGUES TELECOM,5G NR 2100,ROICHEFONT ET LES TERRIERS D16 (CHEZ TRAPE) 16380 MARTHON,16211,"45.6225,0.4456",Pylône autostable,42m,SFR,2026-08-20,ALL,,False,False
2547578,BOUYGUES TELECOM,"LTE 700, LTE 800, LTE 1800, LTE 2100",DRAYE DU PERTUIS (LES TOUCHES) 38220 LAFFREY,38203,"45.0394,5.755",Pylône autostable,"42,1m",HIVORY,2026-08-19,ALL,,False,True
2547892,ORANGE,5G NR 2100,PROCHE RUE DE LA ROCHE D109 (LA POUPARDAIS) 35500 TAILLIS,35330,"48.1931,-1.2325",Pylône autostable,30m,ATC FRANCE,,AJO,,False,False
2561830,BOUYGUES TELECOM,5G NR 3500,R VICTOR BASCH 91300 MASSY,91377,"48.7286,2.2719",Pylône autostable,"31,9m",CELLNEX,2026-06-26,ART,,False,False
2576404,BOUYGUES TELECOM,LTE 2100,CHEM DE LEGARRIA (LEGARRIA) 64990 MOUGUERRE,64407,"43.4467,-1.4189",Pylône autostable,"32,3m",CELLNEX,,SUP,,False,True
2583101,BOUYGUES TELECOM,5G NR 3500,3 AV DES PECHES 93370 MONTFERMEIL,93047,"48.8989,2.5606",Immeuble,"13,3m","Copropriété, Syndic, SCI",,AJO,,False,False
2598183,BOUYGUES TELECOM,UMTS 2100,78  AV MOZART (METRO JASMIN L9) 75116 PARIS 16,75116,"48.8525,2.2681",Intérieur sous-terrain,1m,RATP,,SUP,,False,False
2598473,BOUYGUES TELECOM,"LTE 700, LTE 800, LTE 1800, LTE 2100", (LA VERNEAU) 39700 EVANS,39219,"47.1911,5.7517",Pylône autostable,"42,1m",SFR,2026-08-19,ALL,,False,True
2601236,BOUYGUES TELECOM,LTE 2100,CHEMIN DE LA VALOTTE D908 (LE POCHIE) 55300 BUXIERES SOUS LES COTES,55093,"48.9017,5.6603",Pylône autostable,45m,SFR,2026-08-19,ALL,,False,False
2605913,BOUYGUES TELECOM,LTE 700, (LA COIGNEE) 60480 PUITS LA VALLEE,60518,"49.5889,2.1922",Pylône autostable,42m,HIVORY,2026-08-19,ALL,,False,False
2616706,BOUYGUES TELECOM,"LTE 700, LTE 2600",D140 (LA HAIE) 56190 LAUZACH,56109,"47.6061,-2.5511",Pylône autostable,32m,BOUYGUES,2026-08-31,ALL,,False,False
2626032,BOUYGUES TELECOM,LTE 700,LE LESNOT ROUTE LE LESNOT 56800 VAL D OUST,56197,"47.8756,-2.4058",Pylône autostable,"32,6m",PHOENIX FRANCE INFRASTRUCTURES,2026-09-07,AAV,,False,False
2627205,BOUYGUES TELECOM,5G NR 3500,AV DE LA  DIVISION  LECLERC CARREFOUR D407 / A115 ROND-POINT DE LA 1ÈRE ARMÉE FRANÇAISE 95150 TAVERNY,95607,"49.0147,2.2167",Pylône autostable,"22,3m",BOUYGUES,2026-09-04,AAV,,False,False
2629888,BOUYGUES TELECOM,"LTE 1800, LTE 2600",5 CHEMIN DU VERDON 31500 TOULOUSE,31555,"43.625,1.4789",Pylône tubulaire,"37,8m",CELLNEX,2026-08-17,ALL,,False,False
2631481,BOUYGUES TELECOM,"UMTS 900, LTE 700, LTE 800, 5G NR 2100", (PRUNELLI) 20230 TALASANI,2B319,"42.4186,9.5367",Pylône autostable,36m,SFR,2026-08-29,ALL,,False,False
2634062,SFR,LTE 2100, (RUE DU ROCHER) 57800 FREYMING MERLEBACH,57240,"49.1575,6.8094",Pylône autostable,32m,TOWEO,,SUP,,False,False
2642671,SFR,5G NR 3500,ROUTE DE PERRECY DE LA CROIX (LES TOUILLARDS DU HAUT) 71420 CIRY LE NOBLE,71132,"46.6028,4.2914",Pylône autostable,42m,SFR,2026-08-28,AJA,,False,False
2647796,FREE MOBILE,LTE 700,D377 RUE AUGUSTE CHAMPION (LA PIECE DU CHENE) 71100 SEVREY,71520,"46.7386,4.8319",Pylône tubulaire,32m,SFR,2026-09-14,AAV,,False,True
2670495,FREE MOBILE,"LTE 900, LTE 2100, 5G NR 700",20 R GERMAIN PILON RÉSIDENCE CASSSENDE 59800 LILLE,59350,"50.6478,3.0919",Bâtiment,29m,"Copropriété, Syndic, SCI",2026-09-02,ALL,,False,False
2677684,BOUYGUES TELECOM,5G NR 3500,RUE JEAN-SEBASTIEN CORVELLEC STADE MUNICIPAL DE KERAMPUILH (POULRIOU) 29270 CARHAIX PLOUGUER,29024,"48.2689,-3.5539",Pylône tubulaire,35m,BOUYGUES,,AJO,,False,False
2677684,BOUYGUES TELECOM,LTE 2100,RUE JEAN-SEBASTIEN CORVELLEC STADE MUNICIPAL DE KERAMPUILH (POULRIOU) 29270 CARHAIX PLOUGUER,29024,"48.2689,-3.5539",Pylône tubulaire,35m,BOUYGUES,2023-06-30,SUP,,False,False
2678153,ORANGE,5G NR 2100,VOIE COMMUNALE 6 (LA  COUSSAIE) 79200 ADILLY,79002,"46.7019,-0.3478",Pylône autostable,36m,ATC FRANCE,2026-08-25,ALL,,False,False
2679125,BOUYGUES TELECOM,"GSM 900, LTE 700, LTE 800, LTE 1800, LTE 2100, 5G NR 2100",ROUTE DE BELLEGARDE D1508 (SERRASSON OUEST) 74270 MUSIEGES,74195,"46.0061,5.9575",Pylône autostable,36m,HIVORY,2026-08-29,ALL,,False,True
2679125,BOUYGUES TELECOM,UMTS 900,ROUTE DE BELLEGARDE D1508 (SERRASSON OUEST) 74270 MUSIEGES,74195,"46.0061,5.9575",Pylône autostable,36m,HIVORY,2026-07-30,ART,,False,True
2679125,SFR,UMTS 900,ROUTE DE BELLEGARDE D1508 (SERRASSON OUEST) 74270 MUSIEGES,74195,"46.0061,5.9575",Pylône autostable,36m,HIVORY,2026-08-07,ALL,,False,False
2692060,BOUYGUES TELECOM,"LTE 700, LTE 800, LTE 1800, LTE 2100",D288 AU POMMIER 25170 JALLERANGE,25317,"47.2533,5.7331",Pylône autostable,"42,2m",HIVORY,2026-08-20,ALL,,False,True
2695181,ORANGE,5G NR 2100,RTE DE L'APPARITION (LAS COMBES DIT LES PAILHES) 34230 ST BAUZILLE DE LA SYLVE,34241,"43.6069,3.5478",Pylône autostable,30m,TDF,2026-08-25,ALL,,False,False
2697311,SFR,LTE 2600,RUE DE L'ECHAUSSEE (LE CLOS AUX CHEVAUX) 22440 PLOUFRAGAN,22215,"48.4864,-2.8311",Pylône autostable,"32,3m",PHOENIX FRANCE INFRASTRUCTURES,,AJO,,False,True
2697311,SFR,"UMTS 900, LTE 2100",RUE DE L'ECHAUSSEE (LE CLOS AUX CHEVAUX) 22440 PLOUFRAGAN,22215,"48.4864,-2.8311",Pylône autostable,"32,3m",PHOENIX FRANCE INFRASTRUCTURES,,SUP,,False,True
2697896,BOUYGUES TELECOM,"LTE 700, LTE 1800, LTE 2100",PROCHE DE D55 (PIALTELLU) 20166 COGNOCOLI MONTICCHI,2A091,"41.8067,8.8492",Pylône autostable,36m,SFR,2026-08-20,ALL,,False,False
2704141,SFR,5G NR 2100,VOIE ROMAINE (LES FOSSES) 25170 PELOUSEY,25448,"47.2817,5.9222",Pylône autostable,"42,3m",HIVORY,2026-08-27,ALL,,False,False
2709278,ORANGE,"LTE 2600, 5G NR 700, 5G NR 3500",CENTRALE ELECTRIQUE (LE FOND DE PENLY) 76910 PETIT CAUX,76618,"49.9722,1.2089",Pylône autostable,37m,EDF ou GDF,,AJO,,False,False
2709278,ORANGE,GSM 900,CENTRALE ELECTRIQUE (LE FOND DE PENLY) 76910 PETIT CAUX,76618,"49.9722,1.2089",Pylône autostable,37m,EDF ou GDF,2021-03-09,SUP,,False,False
2710835,OUTREMER TELECOM,5G NR 3500,PRES AVENUE CHRISTOPHE COLOMB RES KALENA 97320 ST LAURENT DU MARONI,97311,"5.4375,-54.0406",Pylône autostable,60m,Outremer Telecom,2025-09-01,AJR,,False,False
2745561,FREE MOBILE,LTE 2100,CHAMP DE COURSES D'ENTRAINEMENT DE FROMAINVILLE AVENUE LA FONTAINE 78260 ACHERES,78005,"48.9667,2.1744",Pylône autostable,36m,FREE-MOBILE,2026-09-02,ALL,,False,False
2752740,BOUYGUES TELECOM,5G NR 3500,10 RUE DE LA PASSERELLE 78600 MAISONS LAFFITTE,78358,"48.9489,2.1392",Immeuble,"19,4m","Copropriété, Syndic, SCI",2026-07-09,ART,,False,False
2760109,ORANGE,LTE 700,2753 B ROUTE DES DOLLINES 06560 VALBONNE,06152,"43.6267,7.0533",Bâtiment,"11,9m","Copropriété, Syndic, SCI",2026-05-28,ART,,False,False
2760180,BOUYGUES TELECOM,5G NR 2100,CHEMIN DES BARQUETS (SAINT MARTIN) 26230 CHAMARET,26070,"44.3928,4.8906",Pylône autostable,"24,4m",SFR,2026-08-19,ALL,,False,False
2765246,BOUYGUES TELECOM,5G NR 3500,PROCHE RUE DES LILAS LA NOE PLESSIS DEPARTEMENTALE 18 (LES MESLIERS) 44522 LA ROCHE BLANCHE,44222,"47.4456,-1.1456",Pylône autostable,36m,PHOENIX FRANCE INFRASTRUCTURES,2026-08-31,ALL,,False,False
2772548,BOUYGUES TELECOM,LTE 1800,CHEMIN NEUWEG 68420 HUSSEREN LES CHATEAUX,68150,"48.035,7.2772",Pylône tubulaire,"12,4m",SFR,,AJO,,True,False
2772548,SFR,LTE 1800,CHEMIN NEUWEG 68420 HUSSEREN LES CHATEAUX,68150,"48.035,7.2772",Pylône tubulaire,"12,4m",SFR,2026-08-26,ALL,,False,False
2775738,FREE MOBILE,LTE 700,A A8 (FRAYERES) 06250 MOUGINS,06085,"43.5767,6.98",Pylône arbre,24m,Sociétés d'Autoroutes,2026-09-14,AAV,,False,True
2779147,BOUYGUES TELECOM,,CHEMIN DES GRANGES (CHAMP DES CHATAIGNIERS) 01630 SERGY,01401,"46.2603,6.0031",Pylône autostable,36m,PHOENIX FRANCE INFRASTRUCTURES,2023-11-20,CHA,champ des Chataigniers,False,False
2779147,SFR,,CHEMIN DES GRANGES (CHAMP DES CHATAIGNIERS) 01630 SERGY,01401,"46.2603,6.0031",Pylône autostable,36m,PHOENIX FRANCE INFRASTRUCTURES,2023-11-23,CHA,champ des Chataigniers,False,False
2784595,SFR,LTE 2100,ROUTE DEPARTEMENTAL D57 DE BRIEY À MONDORFF PAR HAYANGE ET FOND VEIMERT 57700 NEUFCHEF,57498,"49.3081,6.0086",Pylône autostable,42m,HIVORY,,SUP,,False,True
2788650,FREE MOBILE,"LTE 2100, 5G NR 700", (CHEMIN AU PERRAT) 71680 VINZELLES,71583,"46.2714,4.7858",Pylône autostable,"33,3m",TDF,2026-09-02,ALL,,False,False
2800278,BOUYGUES TELECOM,LTE 1800,ROUTE DE CAL CASCAT (MAS D'EN CASALS) 66400 REYNES,66160,"42.4767,2.7136",Pylône autostable,36m,SFR,,AJO,,True,False
2821001,BOUYGUES TELECOM,5G NR 3500,2 TER R AU MAIRE 75003 PARIS 03,75103,"48.8644,2.3575",Immeuble,"28,6m","Copropriété, Syndic, SCI",2026-07-02,ART,,False,False
2825219,ORANGE,"LTE 2100, 5G NR 700, 5G NR 3500",CHEMIN DES PRUNIERS GARTEN 68320 GRUSSENHEIM,68110,"48.1511,7.4892",Pylône autostable,33m,ATC FRANCE,,AJO,,False,False
2825219,ORANGE,LTE 700,CHEMIN DES PRUNIERS GARTEN 68320 GRUSSENHEIM,68110,"48.1511,7.4892",Pylône autostable,33m,ATC FRANCE,2022-03-08,SUP,,False,False
2826874,ORANGE,LTE 700,RÉS LES MYRTILLES (LA PIERRE ST-MARTIN) 64570 ARETTE,64040,"42.9767,-0.7447",Immeuble,39m,"Copropriété, Syndic, SCI",2026-08-31,ALL,,False,False
2828392,ORANGE,5G NR 2100,AU CHEMIN DE MESPUITS D12 91150 ROINVILLIERS,91526,"48.3561,2.2492",Pylône autostable,30m,ATC FRANCE,2026-08-24,ALL,,False,False
2843179,BOUYGUES TELECOM,5G NR 3500,35 RUE DU CHATEAU D ORGEMONT 49100 ANGERS,49007,"47.4486,-0.5431",Bâtiment,33m,ATC FRANCE,2026-09-04,AAV,,False,False
2850853,BOUYGUES TELECOM,LTE 1800,PRES DU CHEMIN RURAL DE THUIR À CAMELAS (MAS DELS HORTS) 66300 CAMELAS,66033,"42.6289,2.6775",Pylône autostable,43m,TDF,,AJO,,True,False
2862845,FREE MOBILE,"LTE 700, LTE 900, LTE 1800, LTE 2100, LTE 2600, 5G NR 700, 5G NR 3500",252 RUE MARECHAL LECLERC 94410 ST MAURICE,94069,"48.8158,2.4594",Immeuble,"20,9m",Société Privée,2026-09-02,ALL,,False,True
2867895,SFR,UMTS 900,10 ALLEE DE LA CLAIRIERE 59136 WAVRIN,59653,"50.555,2.9239",Pylône tubulaire,35m,SFR,,SUP,,False,False
2870967,SFR,"GSM 900, 5G NR 2100",ROUTE DE LAMOUILLY (LE CUGNET) 55600 CHAUVENCY LE CHATEAU,55109,"49.5244,5.3022",Pylône autostable,36m,TDF,,SUP,,False,False
2873298,SFR,"UMTS 900, LTE 2100",RUE DU 1ER DE LIGNE 59400 CAMBRAI,59122,"50.1836,3.2378",Pylône autostable,17m,HIVORY,,SUP,,False,True
2878446,SFR,"UMTS 900, LTE 2100",31 CHAUSSEE DU PORT 51000 CHALONS EN CHAMPAGNE,51108,"48.9611,4.3561",Pylône tubulaire,"30,3m",SFR,,SUP,,False,True
2879933,FREE MOBILE,"LTE 900, LTE 2100",VOIE FERREE PROCHE D900 (EL ROURE D EN SANTO) 66300 BANYULS DELS ASPRES,66015,"42.5583,2.8517",Pylône autostable,32m,CELLNEX,2026-09-02,ALL,,False,False
2884447,BOUYGUES TELECOM,"UMTS 900, LTE 800, LTE 1800",ROUTE DE CRETAINE A6 (CHAMP PICARD) 71150 DEMIGNY,71170,"46.9047,4.8222",Pylône autostable,42m,TDF,,SUP,,False,True
2885095,SFR,UMTS 900,7 RUE BLAISE PASCAL 52000 CHAUMONT,52121,"48.0886,5.1372",Bâtiment,28m,Société HLM,,SUP,,False,False
2887255,SFR,LTE 2100,41 AVENUE DE LA PAIX 57800 FREYMING MERLEBACH,57240,"49.1514,6.8297",Immeuble,19m,"Copropriété, Syndic, SCI",,SUP,,False,True
2890422,ORANGE,5G NR 2100,STATION D'ÉPURATION D'ADISSAN (240 VALAT DE SICARD) 34230 ADISSAN,34002,"43.5286,3.4342",Pylône autostable,38m,TOTEM,2026-08-24,ALL,,False,False
2890755,BOUYGUES TELECOM,LTE 2600,RUE DU CHÂTEAU D'EAU LE CHEMIN DE MAILHAC 11120 GINESTAS,11164,"43.2703,2.8625",Pylône autostable,36m,SFR,,AJO,,False,False
2895640,FREE MOBILE,LTE 700,1343 ROUTE D'ARCIS (ARCISSE) 01130 ST GERMAIN DE JOUX,01357,"46.1725,5.7542",Pylône autostable,32m,ATC FRANCE,2026-09-14,AAV,,False,True
2899675,SFR,5G NR 3500,CHEMIN DÉPARTEMENTAL N°35 DE CERNAY À SENTHEIM D351 68780 SENTHEIM,68304,"47.7583,7.0647",Pylône autostable,"30,1m",TDF,,AJO,,False,False
2900443,ORANGE,5G NR 2100,ROUTE D'ONJON SORTIE DE PINEY SUR LA DROITE PAR LA D126 (LA POTENCE) 10220 PINEY,10287,"48.3672,4.3156",Pylône autostable,38m,TDF,2026-08-21,ALL,,False,False
2901816,SFR,LTE 2600, (LE BOUTAIL) 33330 ST SULPICE DE FALEYRENS,33480,"44.8617,-0.1881",Pylône autostable,"31,7m",ORANGE Services Fixes,,SUP,,False,False
2901874,ORANGE,"LTE 700, 5G NR 2100",RTE DE LA ROCHE (CHAMPS DES AGOUTS) 63740 GELLES,63163,"45.7489,2.7681",Pylône autostable,36m,TDF,2026-08-26,ALL,,False,False
2903165,FREE MOBILE,"LTE 2100, 5G NR 700",CHEM DE FIERROU 34400 LUNEL,34145,"43.7039,4.1344",Pylône autostable,33m,TDF,2026-09-02,ALL,,False,False
2904625,SFR,LTE 2100,CHEMIN FORESTIER ROUTE NATIONALE N°62 DE STRASBOURG (ROTENSTICH DURCHSCHNITT) 57230 BITCHE,57089,"49.0358,7.4219",Pylône autostable,"42,5m",HIVORY,,SUP,,False,False
2904627,SFR,UMTS 900,ROUTE DE CHANTILLY ROUTE DE LA FORÊT 60560 ORRY LA VILLE,60482,"49.1525,2.5233",Pylône autostable,42m,HIVORY,,SUP,,False,True
2905566,FREE MOBILE,,ROUTE DE CASTIGUES LE MARAING (CASTIGUES) 33730 NOAILLAN,33307,"44.4883,-0.3586",Pylône autostable,42m,CELLNEX,2023-12-21,CHP,HIVORY,False,False
2905566,ORANGE,,ROUTE DE CASTIGUES LE MARAING (CASTIGUES) 33730 NOAILLAN,33307,"44.4883,-0.3586",Pylône autostable,42m,CELLNEX,2026-06-11,CHP,HIVORY,False,False
2905915,SFR,UMTS 900,ROUTE DES MAZERATS (LA GRANDE METAIERIE) 33820 ETAULIERS,33159,"45.2217,-0.5794",Pylône autostable,"36,5m",HIVORY,,SUP,,False,True
2906465,SFR,LTE 2100,CHEMIN RURAL RUE DE MACHEREN (WITZ) 57470 HOMBOURG HAUT,57332,"49.12,6.7786",Pylône autostable,30m,SFR,,SUP,,False,True
2909968,BOUYGUES TELECOM,5G NR 3500,D543 LES BEAUMELLES ET PEYRE FO 07600 VALLEES D ANTRAIGUES ASPERJOC,07011,"44.6889,4.3561",Pylône autostable,20m,HIVORY,2026-08-19,ALL,,False,False
2911412,BOUYGUES TELECOM,5G NR 3500,RUE LAVOISIER 43100 BRIOUDE,43040,"45.3133,3.3769",Pylône autostable,30m,SFR,2026-08-29,AJA,,False,False
2913112,SFR,UMTS 900,ANCIEN CHEM DE CASTELNAU-VALENCE (LES PEIRIÈRES) 30190 MOUSSAC,30184,"43.9869,4.2303",Pylône autostable,"20,5m",BOUYGUES,,SUP,,False,False
2914226,SFR,5G NR 3500,CHEMIN DE NONAIN ROUTE  DEPARTEMENTALE N°88 DE VALENCIENNES À CAMBRAI 59188 VILLERS EN CAUCHIES,59622,"50.2386,3.3881",Pylône autostable,32m,TDF,2026-08-28,AJA,,False,False
2914727,FREE MOBILE,"LTE 700, LTE 900, LTE 1800, LTE 2100, LTE 2600, 5G NR 700",PROCHE CHEMIN DE LA LANDES ROHAN (ROC H AR LEIN) 22320 ST MAYEUX,22316,"48.2581,-3.0292",Pylône autostable,36m,TDF,2021-07-30,AJR,,False,True
2915173,SFR,UMTS 900,PROCHE DE CHEMIN D'ENTRESSARGUE-SERAMIAN ROUTE DE LA LAVANDE D189 (SARAMIAN) 26570 MONTBRUN LES BAINS,26193,"44.165,5.4511",Pylône autostable,27m,SFR,,SUP,,False,False
2919476,FREE MOBILE,LTE 700,CHEMIN DE LA CLOTTE 32190 VIC FEZENSAC,32462,"43.7517,0.2947",Pylône autostable,"36,5m",SFR,2026-09-14,AAV,,False,True
2924564,OUTREMER TELECOM,5G NR 3500,ROCHES CARREES 97232 LE LAMENTIN,97213,"14.6336,-60.9536",Mât,19m,Outremer Telecom,,AJO,,False,False
2926026,ORANGE,"LTE 700, LTE 800",MOULINS DE BAULCHE 89240 CHEVANNES,89102,"47.7597,3.4919",Pylône autostable,42m,TOTEM,2026-09-09,AAV,,False,True
2932180,SFR,"UMTS 900, LTE 2100",24 AVENUE FRANCOIS MITTERRAND RÉSIDENCE DE GAULLE 59600 MAUBEUGE,59392,"50.2833,3.9492",Immeuble,29m,"Copropriété, Syndic, SCI",,SUP,,False,True
2934664,FREE MOBILE,"LTE 700, LTE 900, LTE 1800, LTE 2100, 5G NR 3500",14 RUE BENOÎT FRACHON 44800 ST HERBLAIN,44162,"47.2211,-1.6219",Pylône tubulaire,"19,2m",FREE-MOBILE,2026-09-02,ALL,,False,False
2936714,BOUYGUES TELECOM,5G NR 3500,ROUTE DE MONT SOUS VAUDREY (LA POMMEREY) 39120 LE DESCHAUX,39193,"46.95,5.5094",Pylône autostable,42m,SFR,,AJO,,False,False
2936714,SFR,5G NR 3500,ROUTE DE MONT SOUS VAUDREY (LA POMMEREY) 39120 LE DESCHAUX,39193,"46.95,5.5094",Pylône autostable,42m,SFR,2026-08-26,ALL,,False,False
2936726,SFR,"UMTS 900, LTE 2100",CHEMIN D'EXPLOITATION (NEBEN DEM WACKENBERG) 57510 ST JEAN ROHRBACH,57615,"49.0203,6.8956",Pylône autostable,"42,3m",HIVORY,,SUP,,False,True
29419,SFR,UMTS 2100, (LA SENSINE) 33670 SADIRAC,33363,"44.7864,-0.3811",Pylône autostable,36m,HIVORY,2011-03-11,SUP,,False,False
2941937,SFR,5G NR 3500,D29 (AUF DER WIESE) 57660 LEYVILLER,57398,"49.0275,6.8356",Pylône autostable,36m,HIVORY,,AJO,,False,False
2941939,SFR,5G NR 3500,RUE DE STRASBOURG (DIRVILLER) 57410 PETIT REDERCHING,57535,"49.0511,7.315",Pylône autostable,36m,HIVORY,,AJO,,False,False
2947398,BOUYGUES TELECOM,5G NR 3500,IMPASSE DES PEUPLIERS 26260 BATHERNAY,26028,"45.1753,4.9997",Pylône autostable,36m,SFR,2026-08-19,ALL,,False,False
2953380,SFR,UMTS 900,12 RUE DE VERDUN 55000 BAR LE DUC,55029,"48.7708,5.1686",Immeuble,"21,3m","Copropriété, Syndic, SCI",,SUP,,False,False
2954921,BOUYGUES TELECOM,"LTE 1800, LTE 2600",7 R PHILIBERT HOFFMAN 93110 ROSNY SOUS BOIS,93064,"48.8792,2.485",Immeuble,"37,8m","Copropriété, Syndic, SCI",2026-08-28,ALL,,False,False
2954988,SFR,5G NR 3500,RUE DE STADE (AUF KOEHL) 57670 FRANCALTROFF,57232,"48.9558,6.7928",Pylône autostable,36m,SFR,,AJO,,False,False
2955412,SFR,UMTS 900,742 CHEMIN À FOURNIER 38250 CORRENCON EN VERCORS,38129,"45.025,5.5283",Pylône autostable,"24,4m",SFR,,SUP,,False,True
2956628,SFR,UMTS 900,CHEMIN DE PARADY (A LA TOUR) 38260 LA COTE ST ANDRE,38130,"45.3964,5.2803",Pylône autostable,"36,5m",SFR,,SUP,,False,False
2958397,BOUYGUES TELECOM,5G NR 3500,8 RUE DES MARNIERES (CARRE PONSOT) 25530 VERCEL VILLEDIEU LE CAMP,25601,"47.1856,6.4106",Pylône autostable,36m,SFR,,AJO,,False,False
2958397,SFR,5G NR 3500,8 RUE DES MARNIERES (CARRE PONSOT) 25530 VERCEL VILLEDIEU LE CAMP,25601,"47.1856,6.4106",Pylône autostable,36m,SFR,2026-08-26,ALL,,False,False
2958401,SFR,UMTS 900,CHEMIN D'EXPLOITATION N° 33 (LANCELOTTE) 39100 FOUCHERANS,39233,"47.0906,5.4614",Pylône autostable,42m,HIVORY,,SUP,,False,True
2958840,SFR,UMTS 900,25 RUE EDOUARD MICHELIN 54710 FLEVILLE DEVANT NANCY,54197,"48.6175,6.1978",Pylône autostable,36m,SFR,,SUP,,False,False
2961347,FREE MOBILE,"LTE 700, LTE 1800", (LA COSSONNIERE) 49400 BELLEVIGNE LES CHATEAUX,49060,"47.1764,-0.0744",Pylône autostable,"32,6m",TDF,2026-09-02,ALL,,False,True
2965990,ORANGE,5G NR 2100,1 ROUTE DU FOSSE D 30 87120 DOMPS,87058,"45.6644,1.7056",Pylône autostable,30m,ATC FRANCE,,AJO,,False,False
2970061,BOUYGUES TELECOM,"LTE 700, LTE 800",2 L'HOMMEAU RUE FERDINAND BUISSON (L'HOMMEAU) 53810 CHANGE,53054,"48.0956,-0.7489",Pylône autostable,"32,6m",CELLNEX,2026-08-28,ALL,,False,False
2970078,BOUYGUES TELECOM,5G NR 2100,27 ET 29 BOULEVARD BCHOFFSHEIM 06300 NICE,06088,"43.71,7.2944",Immeuble,"20,9m","Copropriété, Syndic, SCI",2026-09-04,AAV,,False,False
2970078,BOUYGUES TELECOM,5G NR 3500,27 ET 29 BOULEVARD BCHOFFSHEIM 06300 NICE,06088,"43.71,7.2944",Immeuble,"20,9m","Copropriété, Syndic, SCI",2026-08-14,ALL,,False,False
2970341,BOUYGUES TELECOM,"UMTS 900, LTE 700, LTE 800, LTE 1800, LTE 2100, LTE 2600, 5G NR 2100",9 R FRANCIS DE PRESSENSSÉ 13001 MARSEILLE 01,13201,"43.3008,5.3761",Immeuble,"26,4m","Copropriété, Syndic, SCI",,SUP,,False,True
2970378,BOUYGUES TELECOM,5G NR 3500,RUE DE LA GARENNE (LA VIGEIRE) 43410 LEMPDES SUR ALLAGNON,43120,"45.3931,3.2747",Pylône autostable,"42,4m",HIVORY,2026-08-29,AJA,,False,False
2970378,BOUYGUES TELECOM,,RUE DE LA GARENNE (LA VIGEIRE) 43410 LEMPDES SUR ALLAGNON,43120,"45.3931,3.2747",Pylône autostable,"42,4m",HIVORY,2024-09-18,CHP,TDF,False,False
2970378,SFR,,RUE DE LA GARENNE (LA VIGEIRE) 43410 LEMPDES SUR ALLAGNON,43120,"45.3931,3.2747",Pylône autostable,"42,4m",HIVORY,2024-09-05,CHP,TDF,False,False
2971086,SFR,5G NR 2100,ROUTE DE SAINT VALLIER (LES PLOTS) 26260 BREN,26061,"45.1486,4.9247",Pylône autostable,30m,TDF,,SUP,,False,False
2971116,SFR,5G NR 2100,ROUTE DE CHABEUIL (BESANTIE) 26400 VAUNAVEYS LA ROCHETTE,26365,"44.8067,5.0133",Pylône autostable,33m,TDF,,SUP,,False,False
2971844,SFR,UMTS 900,CHEMIN DE TERRAUBE (A CANTEPERDIC) 32550 PESSAN,32312,"43.6156,0.6294",Pylône autostable,42m,SFR,,SUP,,False,False
2972260,BOUYGUES TELECOM,5G NR 3500,1132 ROUTE DU  CHATEAU  DU ROURET (PIC CHARNAL) 07120 GROSPIERRES,07101,"44.3814,4.2792",Pylône autostable,24m,CELLNEX,2026-08-23,ALL,,False,False
2972262,SFR,UMTS 900,PROCHE DE ROUTE DU  REDON (AU COMBAT) 25400 ARBOUANS,25020,"47.4872,6.8122",Pylône autostable,"36,5m",SFR,,SUP,,False,False
2972791,SFR,UMTS 900,3 ALLEE DU CHAUFOUR 25200 GRAND CHARMONT,25284,"47.5403,6.8186",Pylône autostable,30m,SFR,,SUP,,False,True
2973428,SFR,"LTE 2600, 5G NR 3500",CHEMIN DE LA FIOGERE (BELLEGARDE) 74360 ABONDANCE,74001,"46.2978,6.6758",Pylône tubulaire,"30,5m",TDF,,AJO,,False,False
2975742,SFR,UMTS 900,CHEMIN DES BARAQUES (CHENEVIERES) 25290 RUREY,25511,"47.0911,5.9967",Pylône autostable,38m,FREE-MOBILE,,SUP,,False,False
2984229,SFR,UMTS 900,580 RUE DU CHATEAU D EAU PONT SAINT ANDRÉ 54200 TOUL,54528,"48.6969,5.9131",Pylône autostable,42m,SFR,,SUP,,False,False
2987349,SFR,LTE 2100,CHEMIN DU HAUT DE BOISMONT (HAUT DES VIGNES D'ORMES) 54110 DOMBASLE SUR MEURTHE,54159,"48.6189,6.3756",Pylône autostable,30m,SFR,,SUP,,False,True
2988133,SFR,"UMTS 900, LTE 2100",CHEMIN RURAL DE HERSERANGE À HAUCOURT (LA PIÈCE DE DIX JOURS) 54135 MEXY,54367,"49.5064,5.8053",Pylône autostable,42m,SFR,,SUP,,False,True
2990242,BOUYGUES TELECOM,5G NR 3500,ROUTE DÉPARTEMENTALE  23A (GRANDE MARE GOUGEAT) 21250 CORGENGOUX,21193,"46.9917,4.9983",Pylône autostable,36m,SFR,,AJO,,False,False
2991468,FREE MOBILE,"LTE 700, LTE 1800",PROCHE STADA DI U MARE PROPRIÉTÉ CIPRIANI DON LOUIS (PROPRIÉTÉ CIPRIANI DON LOUIS) 20290 LUCCIANA,2B148,"42.5422,9.5283",Pylône autostable,48m,FREE-MOBILE,2026-09-02,ALL,,False,True
2993099,SFR,UMTS 900,PROCHE DE RUE DE LA TUILERIE (AUF BARWEG) 57385 TETING SUR NIED,57668,"49.0517,6.6619",Pylône autostable,36m,SFR,,SUP,,False,False
2996321,FREE MOBILE,LTE 700,"4 IMP JACQUES PREVERT 45.662065 , 4.895651 69960 CORBAS",69273,"45.6619,4.8956",Immeuble,"25,4m",TOTEM,2026-09-14,AAV,,False,True
2997344,BOUYGUES TELECOM,"LTE 1800, LTE 2600, 5G NR 2100",ZA LA TRÉVOISE D84 (LE PETIT ST ANDRÉ) 85260 MONTREVERD,85197,"46.9378,-1.4036",Pylône autostable,38m,TOTEM,2026-08-20,ALL,,False,False
2997344,SFR,"LTE 700, LTE 800, LTE 1800, LTE 2600, 5G NR 2100",ZA LA TRÉVOISE D84 (LE PETIT ST ANDRÉ) 85260 MONTREVERD,85197,"46.9378,-1.4036",Pylône autostable,38m,TOTEM,2026-08-28,ALL,,False,True
3002839,ORANGE,5G NR 3500,RUE JACQUES DERRIDA PROCHE A9 (LA BANQUIERE) 34090 MONTPELLIER,34172,"43.5964,3.9283",Pylône autostable,26m,TDF,2026-08-26,ALL,,False,False
3004406,FREE MOBILE,LTE 700,RUE DE LA MOTTE D'AUBIGNY (LA MOTTE D'AUBIGNY) 49400 SAUMUR,49328,"47.2656,-0.0522",Pylône autostable,33m,ATC FRANCE,2026-09-14,AAV,,False,True
3006444,SFR,5G NR 2100,ALL LAMENAS (LAMENAS) 26120 MONTELIER,26197,"44.9475,4.9956",Pylône autostable,31m,TDF,,SUP,,False,False
3006722,SFR,UMTS 900,RD 943 INTERSECTION VC 14 (PLAINE DU BOUES) 32230 MARCIAC,32233,"43.5272,0.1686",Pylône autostable,30m,SFR,,SUP,,False,False
3007057,SFR,"UMTS 900, LTE 2100",RUE DES 7 PRIMEVERES (SOUS CHACHEUILLE) 54300 LUNEVILLE,54329,"48.6056,6.4944",Pylône autostable,36m,SFR,,SUP,,False,False
3007232,SFR,"UMTS 900, LTE 2100",AVENUE DE BOURBON (LE BOIS SAINT DENIS CENTRE) 60500 CHANTILLY,60141,"49.1756,2.4636",Pylône tubulaire,26m,TOTEM,,SUP,,False,True
3007269,FREE MOBILE,LTE 2100,CHEMIN D'EXPLOITATION D1420 (WAGEN) 67280 NIEDERHASLACH,67325,"48.5197,7.3658",Pylône autostable,35m,TDF,2026-09-02,ALL,,False,False
3008265,SFR,UMTS 900,RUE RIGOBERTA MENCHU AV DU COLONEL ROZANOFF 40000 MONT DE MARSAN,40192,"43.9003,-0.5058",Pylône autostable,35m,HIVORY,,SUP,,False,False
3008639,SFR,UMTS 900,32 AVENUE DOUMENG DÉPORTÉS 31190 MIREMONT,31345,"43.3614,1.4181",Pylône autostable,36m,HIVORY,,SUP,,False,False
3010246,ORANGE,"LTE 700, LTE 800, LTE 1800",ROUTE DU COL DES BANQUETTES DÉLAISSÉ ROUTIER (TANA SOUBRANA) 06440 PEILLE,06091,"43.8206,7.4119",Pylône autostable,24m,ATC FRANCE,2026-08-31,ALL,,False,True
3010785,FREE MOBILE,LTE 900,1 ESPLANADE DU GÉNÉRAL DE GAULLE 92000 NANTERRE,92050,"48.8953,2.2283",Tunnel,"11,5m",Sociétés d'Autoroutes,2026-09-02,ALL,,False,False
3011559,BOUYGUES TELECOM,"UMTS 900, LTE 700, LTE 800",ROUTE DE BERQUEDIOUDE (LES TUILLIERES) 19310 PERPEZAC LE BLANC,19161,"45.2181,1.3367",Pylône autostable,30m,SFR,,SUP,,True,True
3011559,ORANGE,"UMTS 900, LTE 700, LTE 800",ROUTE DE BERQUEDIOUDE (LES TUILLIERES) 19310 PERPEZAC LE BLANC,19161,"45.2181,1.3367",Pylône autostable,30m,SFR,,SUP,,True,True
3013643,ORANGE,"LTE 1800, LTE 2600, 5G NR 3500",1 BOULEVARD DE LA CROISETTE 06400 CANNES,06029,"43.5508,7.0175",Bâtiment,27m,"Commune, communauté de communes",2025-05-13,ART,,False,True
3014758,FREE MOBILE,LTE 700,PROCHE CHEMIN D ARENA (CANERACHE) 20270 ALERIA,2B009,"42.1386,9.4697",Pylône autostable,53m,FREE-MOBILE,2026-09-14,AAV,,False,True
3015654,ORANGE,"LTE 700, LTE 800",D218 GENSBOURG  FORET DOMANIALE HASLACH (KIRCHRAIN) 67280 OBERHASLACH,67342,"48.5722,7.2694",Pylône autostable,36m,TDF,2026-09-08,AAV,,True,True
3016029,SFR,5G NR 3500,4 CHEMIN DE LA MESSE (LA BROSSE) 71270 NAVILLY,71329,"46.9314,5.1347",Pylône autostable,36m,SFR,2026-08-28,AJA,,False,False
3016643,BOUYGUES TELECOM,5G NR 3500,14 RUE DES ACACIAS 09330 MONTGAILHARD,09207,"42.9414,1.6267",Pylône autostable,30m,SFR,,AJO,,False,False
3017667,BOUYGUES TELECOM,5G NR 3500,RUE DES NAYARDS (LA BROYE) 39190 BEAUFORT ORBAGNA,39043,"46.5814,5.4347",Pylône autostable,36m,SFR,,AJO,,False,False
3017667,SFR,5G NR 3500,RUE DES NAYARDS (LA BROYE) 39190 BEAUFORT ORBAGNA,39043,"46.5814,5.4347",Pylône autostable,36m,SFR,2026-08-26,ALL,,False,False
3017821,FREE MOBILE,LTE 700,3 RUE DU PUITS DES AMOURS 33220 STE FOY LA GRANDE,33402,"44.8406,0.2189",Pylône autostable,30m,TOTEM,2026-09-14,AAV,,False,True
3019157,BOUYGUES TELECOM,5G NR 3500,R D111 CHEM D'EXPL. (LA PLAINE) 11700 ST COUAT D AUDE,11337,"43.2197,2.6269",Pylône autostable,36m,HIVORY,,AJO,,False,False
3022173,BOUYGUES TELECOM,5G NR 3500,271 IMPASSE DES PRATS (LES PRATS) 07460 BANNE,07024,"44.3769,4.1853",Pylône autostable,24m,SFR,2026-08-20,AJA,,False,False
3024142,SFR,"LTE 700, LTE 800, LTE 1800, LTE 2600, 5G NR 2100, 5G NR 3500",40 RUE ABEL FERRY 88000 EPINAL,88160,"48.1661,6.455",Immeuble,"19,8m","Copropriété, Syndic, SCI",2026-08-27,ALL,,False,True
3026463,FREE MOBILE,LTE 700,206 RUE DE RÉAUMUR 24 BD GASTON BIRGE 49100 ANGERS,49007,"47.4769,-0.5228",Pylône autostable,26m,CELLNEX,2026-09-14,AAV,,False,True
3027622,FREE MOBILE,LTE 700,3 RUE MICHAEL FARADAY 49070 BEAUCOUZE,49020,"47.4742,-0.6083",Pylône autostable,32m,CELLNEX,2026-09-14,AAV,,False,True
3028646,FREE MOBILE,LTE 700,"D7, RUE DU STADE CAMPING MUNICIPAL (LE BULOT) 35430 ST GUINOUX",35279,"48.5756,-1.8797",Pylône autostable,30m,ATC FRANCE,2026-09-14,AAV,,False,True
3029644,BOUYGUES TELECOM,"LTE 700, LTE 800",RUE DE LA PIERRE HAMON (LES LANDES PLATES) 44780 MISSILLAC,44098,"47.4611,-2.2311",Pylône autostable,"36,1m",CELLNEX,2026-08-28,ALL,,False,True
3029758,SFR,5G NR 3500,RUE DE MARGNY (LES GRANDS PRES) 60490 MARQUEGLISE,60386,"49.5186,2.7681",Pylône autostable,36m,HIVORY,2026-08-28,AJA,,False,False
3029758,SFR,UMTS 900,RUE DE MARGNY (LES GRANDS PRES) 60490 MARQUEGLISE,60386,"49.5186,2.7681",Pylône autostable,36m,HIVORY,2025-04-01,SUP,,False,False
3029762,BOUYGUES TELECOM,5G NR 3500,ROUTE DÉPARTEMENTALE N°595 PROCHE DE RUE NEUVE (LE COULANT D EAU) 60420 TRICOT,60643,"49.5678,2.5936",Pylône autostable,36m,HIVORY,2026-08-30,AJA,,False,False
3033533,BOUYGUES TELECOM,"LTE 1800, LTE 2600",13 R DE LA CONTERIE 14770 CONDE EN NORMANDIE,14174,"48.8478,-0.5572",Pylône autostable,24m,CELLNEX,2026-08-27,ALL,,False,False
3033533,SFR,"LTE 700, LTE 800, LTE 1800, LTE 2600, 5G NR 2100",13 R DE LA CONTERIE 14770 CONDE EN NORMANDIE,14174,"48.8478,-0.5572",Pylône autostable,24m,CELLNEX,2026-08-28,ALL,,False,True
3038110,ORANGE,5G NR 2100,VOIE COMMUNALE 202 PROCHE A11 (LA PETITE BISSONNIERE) 72400 CORMES,72093,"48.1483,0.6928",Pylône autostable,32m,TOTEM,2026-08-27,ALL,,False,False
3039706,BOUYGUES TELECOM,5G NR 2100,107A MONTÉE DES PRÉS FLEURIS (LA COTE) 42230 ST ETIENNE,42218,"45.4383,4.2775",Pylône autostable,24m,TOTEM,2026-09-04,AAV,,False,False
3040459,BOUYGUES TELECOM,5G NR 3500,ROUTE DE BILLOM CHEMIN DE REIGNAT (LA BOURLE) 63190 MOISSAT,63229,"45.7689,3.3597",Pylône autostable,24m,SFR,2026-08-29,AJA,,False,False
3042187,BOUYGUES TELECOM,5G NR 3500,CHEMIN DE CROZEAUX (LE MOLLARD) 38690 BIZONNES,38046,"45.4586,5.3869",Pylône autostable,30m,SFR,2026-08-19,AJA,,False,False
3045011,ORANGE,"LTE 1800, LTE 2100, LTE 2600, 5G NR 3500",ESPLANADE FULGENCE BIENVENUE 15 RUE DE CHÂTILLON HÔTEL IBIS 35700 RENNES,35238,"48.1025,-1.6739",Immeuble,"29,6m",Société Privée,2026-08-24,ALL,,False,False
3053330,SFR,5G NR 3500,1  TREIGE DE LA TOUR CHAMBLANS 39100 DOLE,39198,"47.0919,5.4914",Immeuble,"22,8m","Copropriété, Syndic, SCI",,AJO,,False,True
3053330,SFR,UMTS 900,1  TREIGE DE LA TOUR CHAMBLANS 39100 DOLE,39198,"47.0919,5.4914",Immeuble,"22,8m","Copropriété, Syndic, SCI",,SUP,,False,True
3053619,BOUYGUES TELECOM,"LTE 700, LTE 800",160 R DU GAL LECLERC 93110 ROSNY SOUS BOIS,93064,"48.8664,2.4944",Bâtiment,"26,6m","Copropriété, Syndic, SCI",2026-09-16,AAV,,False,True
3056438,BOUYGUES TELECOM,LTE 2600,5 R BOURGEOISE 92800 PUTEAUX,92062,"48.8803,2.2419",Immeuble,"25,5m","Copropriété, Syndic, SCI",2026-08-19,ALL,,False,False
3056468,ORANGE,"LTE 1800, 5G NR 2100",4 RUE DES BOIS 77166 GRISY SUISNES,77217,"48.6861,2.6697",Mât,"12,3m",TOTEM,2025-07-25,ART,,False,False
3056476,ORANGE,"LTE 1800, 5G NR 2100",9 RUE DE LA LOUETTE 91780 ST HILAIRE,91556,"48.4331,2.0747",Mât,"12,3m",TOTEM,2025-06-04,ART,,False,False
3058866,BOUYGUES TELECOM,"LTE 700, LTE 800",ROUTE DÉPARTEMENTALE 983 (LOU SERRE) 48400 BARRE DES CEVENNES,48019,"44.2486,3.6472",Pylône autostable,12m,FREE-MOBILE,2026-08-25,ALL,,True,True
3058866,FREE MOBILE,"UMTS 900, LTE 700",ROUTE DÉPARTEMENTALE 983 (LOU SERRE) 48400 BARRE DES CEVENNES,48019,"44.2486,3.6472",Pylône autostable,12m,FREE-MOBILE,2026-08-31,ALL,,True,True
3058866,ORANGE,"UMTS 900, LTE 700, LTE 800",ROUTE DÉPARTEMENTALE 983 (LOU SERRE) 48400 BARRE DES CEVENNES,48019,"44.2486,3.6472",Pylône autostable,12m,FREE-MOBILE,2026-08-25,ALL,,True,True
3062420,ORANGE,5G NR 2100,ROUTE DES FAUX (GRAND BOIS NORD) 24290 AURIAC DU PERIGORD,24018,"45.1181,1.1475",Pylône autostable,24m,ATC FRANCE,2026-08-27,ALL,,False,False
3065361,FREE MOBILE,"LTE 700, LTE 1800, LTE 2600, 5G NR 3500",PL DE L EGLISE 31270 CUGNAUX,31157,"43.5367,1.3447",Monument religieux,"29,5m","Commune, communauté de communes",2026-09-02,ALL,,False,True
3066799,FREE MOBILE,"LTE 700, LTE 900, LTE 1800, LTE 2100, LTE 2600, 5G NR 3500",RUE DE SAVIGNIES FERME DU GROS CHENE 60000 BEAUVAIS,60057,"49.4508,2.0481",Pylône autostable,"36,8m",FREE-MOBILE,2026-09-02,ALL,,False,True
3069663,BOUYGUES TELECOM,"LTE 700, LTE 800",ROUTE DE CAIROS (MAURION) 06540 SAORGE,06132,"43.9983,7.5139",Pylône tubulaire,8m,ORANGE,2026-08-17,ALL,,True,True
3071346,FREE MOBILE,LTE 700,30BIS AVENUE DE BLOIS 45190 BEAUGENCY,45028,"47.7767,1.6244",Pylône tubulaire,30m,TOTEM,2026-09-14,AAV,,False,True
3076129,BOUYGUES TELECOM,"LTE 1800, LTE 2600, 5G NR 2100",PRES CHARRAZ (HOSTIAZ) 01110 PLATEAU D HAUTEVILLE,01185,"45.8983,5.5236",Pylône autostable,37m,CELLNEX,2026-08-12,ALL,,False,False
3092301,BOUYGUES TELECOM,5G NR 2100,1 ALLEE DU CHATEAU 3 AVENUE DU DOCTEUR MICHAUX 93300 AUBERVILLIERS,93001,"48.9133,2.3911",Immeuble,20m,"Copropriété, Syndic, SCI",2026-09-04,AAV,,False,False
3093938,FREE MOBILE,"LTE 700, LTE 1800, 5G NR 3500",193 CHEMIN DES IRISACCÈS PAR IMPASSE DES JASMINS 84490 ST SATURNIN LES APT,84118,"43.9183,5.335",Pylône arbre,18m,FREE-MOBILE,2026-09-02,ALL,,False,True
3094295,SFR,"LTE 700, LTE 800, LTE 1800, LTE 2600, 5G NR 2100",2 PLACE JEAN JAURES EGLISE SAINT MARTIN 59191 LIGNY EN CAMBRESIS,59349,"50.0997,3.3775",Monument religieux,40m,"Commune, communauté de communes",2026-08-28,ALL,,False,True
3100270,FREE MOBILE,LTE 900,24 ROUTE DE CUZON CHAMBRE DES MÉTIERS 29000 QUIMPER,29232,"48.0061,-4.0775",Pylône tubulaire,25m,TOTEM,2026-09-02,ALL,,False,False
3101152,FREE MOBILE,LTE 700,150P RUE DE PONT-AVEN STADE JEAN CHARTER 29300 QUIMPERLE,29233,"47.8714,-3.5672",Pylône autostable,35m,TOTEM,2026-09-14,AAV,,False,True
3104281,SFR,"LTE 700, LTE 800, LTE 1800, LTE 2100, LTE 2600, 5G NR 2100",ROUTE DES BRELS PROCHE DE VINTILLAC (BONENCONTRE) 82290 BARRY D ISLEMADE,82011,"44.0778,1.2489",Pylône autostable,"36,5m",HIVORY,2026-08-31,ALL,,False,True
3110000,BOUYGUES TELECOM,"LTE 1800, LTE 2600",96 RUE ANATOLE FRANCE 69100 VILLEURBANNE,69266,"45.7678,4.8783",Immeuble,"23,2m","Copropriété, Syndic, SCI",2026-08-18,ALL,,False,False
3110120,BOUYGUES TELECOM,5G NR 2100,38 ROUTE D'ALTENHEIM 67200 STRASBOURG,67482,"48.54,7.7678",Immeuble,24m,Société HLM,2026-09-04,AAV,,False,True
3110120,BOUYGUES TELECOM,"LTE 700, LTE 800",38 ROUTE D'ALTENHEIM 67200 STRASBOURG,67482,"48.54,7.7678",Immeuble,24m,Société HLM,2026-08-28,ALL,,False,True
3112668,SFR,"LTE 700, LTE 800, LTE 1800, LTE 2100, LTE 2600, 5G NR 2100",PROCHE DE ROUTE DES REYNAUDS (LES GRABES) 82700 BOURRET,82023,"43.9358,1.1556",Pylône autostable,"37,8m",ON TOWER FRANCE,2026-08-27,ALL,,False,True
3112687,FREE MOBILE,LTE 700,RUE BREMONTIER TERRAINS TENNIS GOLF COTE ARGENT 40660 MOLIETS ET MAA,40187,"43.8456,-1.3758",Pylône autostable,"38,4m",ATC FRANCE,2026-09-14,AAV,,False,True
3113112,FREE MOBILE,"LTE 700, LTE 1800, LTE 2600",36 CHEMIN DU MOULIN NEUF PAR D59 (LA FAUCHE) 85300 LE PERRIER,85172,"46.8167,-1.9894",Pylône autostable,"29,9m",TOTEM,2026-09-02,ALL,,False,True
3114311,SFR,"UMTS 900, LTE 700, LTE 800",ROUTE DES JONQUILLES D22 15270 TREMOUILLE,15240,"45.4042,2.6681",Pylône autostable,36m,FREE-MOBILE,,AJO,,True,True
3114722,FREE MOBILE,LTE 700,LANN MANGOUERO SUD 56400 PLUMERGAT,56175,"47.7247,-2.9831",Pylône autostable,36m,FREE-MOBILE,2026-09-14,AAV,,False,True
3114879,BOUYGUES TELECOM,"LTE 1800, LTE 2600",65  R DU DOCTEUR PARAT 93230 ROMAINVILLE,93063,"48.8914,2.4369",Immeuble,33m,Société HLM,2026-08-27,ALL,,False,False
3114942,BOUYGUES TELECOM,"LTE 800, LTE 1800, LTE 2100, 5G NR 2100, 5G NR 3500",1 ROUTE DE CHANTAGRECHE 63800 ST GEORGES SUR ALLIER,63350,"45.7106,3.2467",Mât,"11,5m",SFR,2026-08-22,ALL,,False,True
3115345,FREE MOBILE,5G NR 3500,ROUTE DE KRAFFT 67150 ERSTEIN,67130,"48.4314,7.6753",Pylône autostable,"30,4m",FREE-MOBILE,2026-09-02,AJA,,False,True
3115345,FREE MOBILE,"LTE 700, LTE 900, LTE 1800, LTE 2100, LTE 2600",ROUTE DE KRAFFT 67150 ERSTEIN,67130,"48.4314,7.6753",Pylône autostable,"30,4m",FREE-MOBILE,2026-09-02,ALL,,False,True
3115936,BOUYGUES TELECOM,UMTS 900,9 ALLEE DU PARC 37270 LARCAY,37124,"47.3531,0.7647",Pylône autostable,36m,ON TOWER FRANCE,2026-08-27,ALL,,False,False
3116722,BOUYGUES TELECOM,5G NR 3500,PROCHE D'INTERSECTION DE D86 ET D219 (LE BACHAT) 07300 MAUVES,07152,"45.0422,4.8267",Pylône autostable,24m,SFR,2026-08-19,AJA,,False,False
3117004,SFR,"UMTS 900, LTE 700, LTE 800, LTE 1800, LTE 2100, LTE 2600, 5G NR 2100",ZA LES QUARTS 7 ROUTE DES CÉRÉALES (LE GRAND CHAMP DE MICAUD) 71620 ST MARTIN EN BRESSE,71456,"46.8167,5.0706",Pylône autostable,"36,9m",ON TOWER FRANCE,2026-09-01,ALL,,False,True
3117780,BOUYGUES TELECOM,"LTE 800, LTE 1800, LTE 2100, 5G NR 2100, 5G NR 3500",15 IMPASSE DES TECHNICITES ZI LA GUIDE 43200 YSSINGEAUX,43268,"45.1561,4.1331",Mât,"12,5m",SFR,2026-08-29,ALL,,False,True
3118057,ORANGE,"UMTS 900, LTE 700, LTE 800, LTE 1800, 5G NR 2100",320 ROUTE D'ANNEYRON 26210 EPINOUZE,26118,"45.3067,4.9236",Pylône autostable,36m,CELLNEX,,AJO,,False,True
3118561,FREE MOBILE,"LTE 700, LTE 1800, LTE 2600, 5G NR 3500",CHEMIN EDOUARD MANET LE MIRADOR 13500 MARTIGUES,13056,"43.3989,5.0644",Bâtiment,"15,7m","Copropriété, Syndic, SCI",2026-09-02,ALL,,False,True
3124231,BOUYGUES TELECOM,,CHE DE L'AFFEAGEMENT (LES BAUCHES) 44460 ST NICOLAS DE REDON,44185,"47.6286,-2.0589",Pylône autostable,54m,TOTEM,,CHA,LES BAUCHES - PEX TOTEM CHEM DE L'AFFEAGEMENT,False,True
3124231,SFR,,CHE DE L'AFFEAGEMENT (LES BAUCHES) 44460 ST NICOLAS DE REDON,44185,"47.6286,-2.0589",Pylône autostable,54m,TOTEM,,CHA,LES BAUCHES - PEX TOTEM CHEM DE L'AFFEAGEMENT,False,True
3125946,SFR,"UMTS 900, LTE 700, LTE 800",CHEMIN DES SAULES (MUEHLMATTEN) 67600 EBERSHEIM,67115,"48.31,7.5106",Pylône autostable,30m,TDF,,AJO,,True,True
3126102,ORANGE,5G NR 2100,D221 (LE  PRAT) 87210 ORADOUR ST GENEST,87109,"46.2414,0.9853",Pylône autostable,36m,TOTEM,,AJO,,False,False
3126654,ORANGE,5G NR 2100,30 RUE DE L'ÉGLISE 80290 MORVILLERS ST SATURNIN,80573,"49.7742,1.8094",Pylône autostable,42m,TOTEM,2026-08-25,ALL,,False,False
3128326,BOUYGUES TELECOM,"LTE 700, LTE 800, LTE 1800, LTE 2100, LTE 2600",RUE EN MOINS 71960 SOLOGNY,71525,"46.3689,4.6767",Pylône autostable,30m,TDF,2026-08-29,ALL,,False,True
3128479,ORANGE,"LTE 800, 5G NR 700",7 RUE DE MAYENCE 21000 DIJON,21231,"47.3472,5.0617",Pylône autostable,"30,4m",ON TOWER FRANCE,2026-09-08,AAV,,False,True
3129861,SFR,"LTE 700, LTE 800, LTE 1800, LTE 2100, LTE 2600, 5G NR 2100, 5G NR 3500",239 AVENUE DU DANEMARK 82000 MONTAUBAN,82121,"43.9894,1.3267",Pylône autostable,36m,SFR,2026-08-26,ALL,,False,True
3130094,SFR,"UMTS 900, LTE 700, LTE 800",216 COUDERT (AUX CHAMPS) 19170 PEROLS SUR VEZERE,19160,"45.5994,1.9761",Pylône autostable,"42,5m",BOUYGUES,,AJO,,True,True
3130993,BOUYGUES TELECOM,"LTE 700, LTE 800",CHEMIN DE SEGORA PROCHE RUE DES FAUSÉES (SEGORA) 79350 FAYE L ABBESSE,79116,"46.8286,-0.3414",Pylône autostable,30m,CELLNEX,2026-09-07,AAV,,False,True
3135914,BOUYGUES TELECOM,"LTE 1800, LTE 2600",385 AVENUE LES BARONNES 34730 PRADES LE LEZ,34217,"43.6906,3.8714",Immeuble,"12,4m","Copropriété, Syndic, SCI",2026-08-11,ALL,,False,False
3139556,ORANGE,"LTE 700, LTE 800",1 RUE DE LA PERDRIX 02220 CYS LA COMMUNE,02255,"49.3897,3.5739",Pylône autostable,36m,TOTEM,2026-09-08,AAV,,True,True
3142728,FREE MOBILE,"LTE 700, LTE 900, LTE 1800, LTE 2100, LTE 2600, 5G NR 700",COMBE ROCHE 01110 PLATEAU D HAUTEVILLE,01185,"45.9525,5.5431",Pylône autostable,19m,BOUYGUES,,AJO,,False,True
3143697,ORANGE,"LTE 1800, LTE 2100, LTE 2600",CHEMIN DE BRET 38290 LA VERPILLIERE,38537,"45.625,5.1458",Pylône autostable,36m,TOTEM,2026-08-28,ALL,,False,True
3144911,BOUYGUES TELECOM,"LTE 700, LTE 800, LTE 1800, LTE 2600",CHEMIN DU CLOS AU PAGE 44290 GUEMENE PENFAO,44067,"47.6956,-1.8703",Pylône autostable,"36,1m",PHOENIX FRANCE INFRASTRUCTURES,2026-08-20,ALL,,False,False
3149046,BOUYGUES TELECOM,"LTE 1800, LTE 2600",100 BD HENRI DUNANT 49100 ANGERS,49007,"47.4828,-0.5242",Immeuble,"20,4m",Particulier,2026-08-18,ALL,,False,False
3149046,BOUYGUES TELECOM,5G NR 2100,100 BD HENRI DUNANT 49100 ANGERS,49007,"47.4828,-0.5242",Immeuble,"20,4m",Particulier,2026-07-30,ART,,False,False
3155002,FREE MOBILE,"UMTS 900, LTE 700",4 ROUTE DES BATS 15310 FREIX ANGLARDS,15072,"45.0231,2.3858",Pylône autostable,33m,FREE-MOBILE,2026-08-31,ALL,,True,True
3155002,ORANGE,"UMTS 900, LTE 700, LTE 800",4 ROUTE DES BATS 15310 FREIX ANGLARDS,15072,"45.0231,2.3858",Pylône autostable,33m,FREE-MOBILE,2026-08-25,ALL,,True,True
3155028,FREE MOBILE,LTE 700,1 RUE HIPPOLYTE FLANDRIN 69001 LYON 01,69381,"45.7686,4.8306",Immeuble,"29,1m","Copropriété, Syndic, SCI",2026-09-14,AAV,,False,True
3161050,FREE MOBILE,5G NR 3500,3 RUE DU PORTUAIS (TERRAIN DE TENNIS) 22430 ERQUY,22054,"48.64,-2.4608",Pylône tubulaire,"22,6m",TOTEM,2026-09-02,ALL,,False,False
3164802,BOUYGUES TELECOM,"LTE 700, LTE 800, LTE 1800, LTE 2100, LTE 2600, 5G NR 2100",14B AVENUE VALÉRY GISCARD D'ESTAING (FBG SAINT JEAN) 71350 VERDUN CIEL,71566,"46.8906,5.0225",Pylône autostable,30m,SFR,2026-08-21,ALL,,False,True
3166628,SFR,"UMTS 900, LTE 700, LTE 800",SUR LES ROCHES NORD 52200 BOURG,52062,"47.7986,5.3167",Pylône autostable,"36,3m",FREE-MOBILE,,AJO,,True,True
3169577,FREE MOBILE,LTE 700,AVENUE DU CHATEAU D922 60890 THURY EN VALOIS,60637,"49.1544,3.0214",Pylône autostable,"35,7m",ORANGE,2026-09-14,AAV,,False,True
3169817,BOUYGUES TELECOM,"UMTS 900, LTE 700, LTE 800",RUE LA GUINGUETTE (LE PRE CORNAILLE) 08240 BRIEULLES SUR BAR,08085,"49.4822,4.8503",Pylône autostable,42m,FREE-MOBILE,2026-08-17,ALL,,True,True
3169817,SFR,UMTS 900,RUE LA GUINGUETTE (LE PRE CORNAILLE) 08240 BRIEULLES SUR BAR,08085,"49.4822,4.8503",Pylône autostable,42m,FREE-MOBILE,2026-08-30,ALL,,True,False
3170175,ORANGE,"UMTS 900, LTE 700, LTE 800",ROUTE DE LA BOUYSSIERE (TONASSE) 81340 ST CIRGUE,81247,"43.9453,2.3553",Pylône autostable,36m,FREE-MOBILE,,AJO,,True,True
3174680,SFR,"UMTS 900, LTE 700, LTE 800",RUE DE LA BIELLE 11340 ROQUEFEUIL,11320,"42.8192,1.9992",Pylône autostable,"24,4m",FREE-MOBILE,,AJO,,True,True
3182276,BOUYGUES TELECOM,LTE 1800,20 R DE LA RIGOURDIÈRE 35510 CESSON SEVIGNE,35051,"48.1133,-1.5883",Pylône arbre,"23,1m",CELLNEX,2026-08-27,ALL,,False,False
3183141,BOUYGUES TELECOM,"LTE 700, LTE 800, LTE 1800, LTE 2100, LTE 2600, 5G NR 2100, 5G NR 3500",106 RUE DE BIZALEIX 63500 ISSOIRE,63178,"45.5464,3.2294",Immeuble,"17,7m","Copropriété, Syndic, SCI",,AJO,,False,True
3185973,BOUYGUES TELECOM,"LTE 700, LTE 800",287 RUE DE LYON 13015 MARSEILLE 15,13215,"43.3358,5.3622",Immeuble,"18,4m","Copropriété, Syndic, SCI",2026-09-07,AAV,,False,True
3189740,BOUYGUES TELECOM,"LTE 700, LTE 800, LTE 1800, LTE 2600",AV DU COMTAT (LE TROP LONG) 84500 BOLLENE,84019,"44.3197,4.7222",Pylône autostable,31m,BOUYGUES,2026-08-20,ALL,,False,False
3191350,BOUYGUES TELECOM,"LTE 700, LTE 800",140 AV HUBERT REEVES (LES ISLETTES) 84700 SORGUES,84129,"43.9942,4.8872",Pylône autostable,"18,5m",BOUYGUES,2026-08-31,ALL,,False,False
3191519,BOUYGUES TELECOM,"LTE 700, LTE 800, LTE 1800, LTE 2600, 5G NR 2100",CHEM DE LA BARMETTE (LA BARMETTE) 03110 ESCUROLLES,03109,"46.1386,3.2783",Pylône autostable,37m,BOUYGUES,2026-08-20,ALL,,False,True
3191519,SFR,"LTE 700, LTE 800, LTE 1800, LTE 2600, 5G NR 2100",CHEM DE LA BARMETTE (LA BARMETTE) 03110 ESCUROLLES,03109,"46.1386,3.2783",Pylône autostable,37m,BOUYGUES,2026-08-28,ALL,,False,True
3192532,BOUYGUES TELECOM,"LTE 1800, LTE 2600, 5G NR 2100",CHEMIN DE LA GARDE (LA GARDE) 03800 JENZAT,03133,"46.1547,3.1983",Pylône autostable,"24,6m",Société Privée,2026-08-20,ALL,,False,False
3192532,SFR,"LTE 700, LTE 800, LTE 1800, LTE 2600, 5G NR 2100",CHEMIN DE LA GARDE (LA GARDE) 03800 JENZAT,03133,"46.1547,3.1983",Pylône autostable,"24,6m",Société Privée,2026-08-28,ALL,,False,True
3194202,SFR,"UMTS 900, LTE 700, LTE 800",LA GARIGUETTE 26790 SUZE LA ROUSSE,26345,"44.2969,4.8172",Pylône autostable,"18,5m",CELLNEX,,AJO,,True,True
3195350,BOUYGUES TELECOM,"UMTS 900, LTE 700, LTE 800",PROCHE CIMETIÈRE (GAMMAL ET SERRE D'ESCALEIR) 30410 MOLIERES SUR CEZE,30171,"44.2661,4.1472",Pylône autostable,"24,3m",CELLNEX,2026-09-10,AAV,,True,True
3195357,BOUYGUES TELECOM,UMTS 900,BOIS DES GLANDS PROCHE D158 45220 DOUCHY MONTCORBON,45129,"47.9731,3.0825",Pylône autostable,42m,FREE-MOBILE,2026-08-26,ALL,,True,False
3195357,ORANGE,"UMTS 900, LTE 700, LTE 800",BOIS DES GLANDS PROCHE D158 45220 DOUCHY MONTCORBON,45129,"47.9731,3.0825",Pylône autostable,42m,FREE-MOBILE,2026-08-13,AJA,,True,True
3197742,ORANGE,"LTE 800, 5G NR 700",CHEMIN DU CLOS DE TROSSE (CLOS DE TROSSE) 30700 ARPAILLARGUES ET AUREILLAC,30014,"44.01,4.3706",Pylône autostable,18m,TOTEM,2026-08-31,ALL,,False,True
3199365,FREE MOBILE,"LTE 700, LTE 900, LTE 1800, LTE 2100, LTE 2600, 5G NR 3500",2 CHEMIN DU MARAIS 14800 TOUQUES,14699,"49.35,0.0928",Pylône tubulaire,"25,5m",TOTEM,2026-09-02,ALL,,False,True
3200184,FREE MOBILE,LTE 700,5 AVENUE PUVIS DE CHAVANNES 92400 COURBEVOIE,92026,"48.8989,2.2328",Immeuble,41m,Société HLM,2026-09-14,AAV,,False,True
3201220,Gouv Nelle Calédonie (OPT),"UMTS 900, LTE 800",TAAM (TAAM) 98826 POUM,98826,"-20.1397,164.0742",Mât béton,12m,Office des Postes et Télécom,2026-08-27,ALL,,False,True
3202731,BOUYGUES TELECOM,LTE 1800,4  AVENUE DE L'EUROPE 3 R DES SAPEURS-POMPIERS DE PARIS (PROCHE STADE CLEMENT ADER A) 94190 VILLENEUVE ST GEORGES,94078,"48.7267,2.4506",Pylône autostable,30m,SFR,2026-08-18,ALL,,False,False
3203338,ORANGE,"LTE 1800, 5G NR 2100",ROUTE D ENSISHEIM 68740 HIRTZFELDEN,68140,"47.9031,7.4372",Pylône autostable,"42,8m",TDF,2026-08-24,ALL,,False,False
3204182,SFR,"UMTS 900, LTE 700, LTE 800",CHEM DE LA CHARME (CHAPLAY) 69490 SARCEY,69173,"45.8978,4.5436",Pylône autostable,"18,5m",CELLNEX,2026-08-28,AJA,,True,True
3205076,ORANGE,UMTS 900,ROUTE DARGENTAT (PUY CHAUD) 19320 ST MARTIN LA MEANNE,19222,"45.1622,1.9858",Pylône autostable,42m,FREE-MOBILE,2026-08-30,ALL,,True,False
3205273,BOUYGUES TELECOM,LTE 800,CHEMIN DES ROULETTES LOTISSEMENT LE GOULET PARKING DU GOULET (LE GOULET) 85520 ST VINCENT SUR JARD,85278,"46.4111,-1.5406",Pylône tubulaire,30m,TOTEM,2026-08-11,ALL,,False,False
3206649,FREE MOBILE,LTE 700,RUE DES ARTS (LA GRANDE BORDE) 31670 LABEGE,31254,"43.5519,1.5028",Pylône tubulaire,"21,2m",TOTEM,2026-09-14,AAV,,False,False
3206672,FREE MOBILE,5G NR 3500,RUE DE LA CROIX VAUTIER ECOCHE BOEUF (LA FOSSE MARTIN) 50690 LA HAGUE,50041,"49.6467,-1.7669",Pylône autostable,30m,TOTEM,,AJO,,False,True
3216336,BOUYGUES TELECOM,"LTE 700, LTE 800",29 RUE NICOLE ZEMMOUR IMMEUBLE LE MATISSE 13009 MARSEILLE 09,13209,"43.2486,5.4264",Immeuble,"18,3m","Copropriété, Syndic, SCI",2026-09-15,AAV,,False,True
3217957,BOUYGUES TELECOM,UMTS 2100,PROCHE DE ROUTE D'ESTAVAR (EN SERRES) 66120 EGAT,66064,"42.4975,2.0106",Pylône autostable,36m,SFR,2026-08-24,ALL,,False,True
3228243,BOUYGUES TELECOM,5G NR 2100,CHEMIN DE LA TILLE (LA TILLE) 01100 GEOVREISSET,01171,"46.2589,5.6153",Pylône autostable,"24,5m",BOUYGUES,2026-08-29,ALL,,False,False
3228602,SFR,"LTE 700, LTE 800, LTE 1800, LTE 2100, LTE 2600, 5G NR 2100, 5G NR 3500",CHEMIN DES LONGUES (MONTAGNE DES FAUX) 74310 LES HOUCHES,74143,"45.8847,6.8103",Pylône autostable,"42,1m",SFR,2026-08-27,ALL,,False,True
3236503,SFR,5G NR 3500,RUE JEAN ROSTAND (LES BORDES) 21500 MONTBARD,21425,"47.6319,4.3436",Pylône autostable,42m,SFR,,AJO,,False,True
3238217,BOUYGUES TELECOM,"LTE 700, LTE 800, LTE 1800",9 R GEORGES BERGES 64100 BAYONNE,64102,"43.4953,-1.4869",Immeuble,"41,7m","Copropriété, Syndic, SCI",2026-08-28,ALL,,False,True
3238839,BOUYGUES TELECOM,5G NR 2100,529 CHEMIN DE LA POTERIE 83400 HYERES,83069,"43.1289,6.1056",Pylône tubulaire,"18,5m",BOUYGUES,2026-08-31,ALL,,False,True
3239880,BOUYGUES TELECOM,5G NR 2100,LES PETITS MARDRONS A77 58200 ST PERE,58261,"47.4125,2.9472",Pylône autostable,"38,5m",BOUYGUES,2026-08-31,ALL,,False,False
3247906,BOUYGUES TELECOM,5G NR 2100,CHEM DE LA DURANDE (LE BOSQUET) 30330 ST LAURENT LA VERNEDE,30279,"44.1119,4.4497",Pylône autostable,24m,BOUYGUES,2026-09-04,AAV,,False,True
3248299,BOUYGUES TELECOM,5G NR 2100,125 RUE DE STALINGRAD 93000 BOBIGNY,93008,"48.9136,2.4233",Immeuble,"24,8m","Copropriété, Syndic, SCI",2026-08-14,ALL,,False,False
3256537,BOUYGUES TELECOM,"LTE 700, LTE 800",CHEMIN DES ARCELLES (LES ARCELLES) 38320 EYBENS,38158,"45.1439,5.7536",Pylône autostable,"36,2m",CELLNEX,2026-07-16,ART,,False,True
3256566,ORANGE,"UMTS 900, LTE 700, LTE 800",ROUTE DE KAOLINE TERRAIN CDC (LE GRAND CREUX) 17270 LE FOUILLOUX,17167,"45.1908,-0.1422",Pylône autostable,36m,FREE-MOBILE,,AJO,,True,True
3256678,BOUYGUES TELECOM,"LTE 700, LTE 800",CHEM DE LA PRAILLE (PRAILLE) 01710 THOIRY,01419,"46.2253,5.9983",Pylône autostable,"30,3m",BOUYGUES,2026-09-07,AAV,,False,True
3258684,FREE MOBILE,"LTE 700, LTE 900, LTE 1800, LTE 2100, LTE 2600, 5G NR 700, 5G NR 3500",201 ROUTE DE TRÉHUINEC 56000 VANNES,56260,"47.6825,-2.7981",Pylône tubulaire,"13,4m",TOTEM,,SUP,,False,True
3261256,BOUYGUES TELECOM,"LTE 700, LTE 800, LTE 1800",CHEM DE LA GARDY 84200 CARPENTRAS,84031,"44.0581,5.0733",Pylône tubulaire,14m,CELLNEX,2026-08-28,ALL,,False,True
3261292,FREE MOBILE,"UMTS 900, LTE 700",2 RUE DE LA GRANGE AUX DÎMES 77760 NANTEAU SUR ESSONNE,77328,"48.3164,2.4178",Bâtiment,"12,2m","Commune, communauté de communes",2026-08-31,ALL,,True,True
3269306,ORANGE,"LTE 800, LTE 1800, LTE 2100, LTE 2600, 5G NR 700, 5G NR 3500",163 BOULEVARD RABATAU 13010 MARSEILLE 10,13210,"43.2803,5.3989",Immeuble,31m,Société HLM,2026-08-24,ALL,,False,True
3270239,BOUYGUES TELECOM,"LTE 700, LTE 800",26 - 30 RUE D'ANGERS STADE DE BRIOLLAY PRÈS D52 49125 BRIOLLAY,49048,"47.5606,-0.5067",Pylône autostable,30m,TOTEM,2026-08-25,ALL,,False,True
3270885,BOUYGUES TELECOM,"UMTS 900, LTE 1800, LTE 2600",11 À 19 BD DE DOUAUMONT 75017 PARIS 17,75117,"48.8956,2.3086",Immeuble,39m,"Copropriété, Syndic, SCI",2026-08-19,ALL,,False,False
3270885,BOUYGUES TELECOM,"5G NR 2100, 5G NR 3500",11 À 19 BD DE DOUAUMONT 75017 PARIS 17,75117,"48.8956,2.3086",Immeuble,39m,"Copropriété, Syndic, SCI",2026-07-03,ART,,False,False
3271267,BOUYGUES TELECOM,"LTE 1800, LTE 2600",CHEMIN DES PRES GUILLAUMETS (LES PRÉS GUILLAUMETS) 89100 ST CLEMENT,89338,"48.2222,3.2978",Pylône autostable,"30,5m",PHOENIX FRANCE INFRASTRUCTURES,2026-08-27,ALL,,False,False
3271267,SFR,"LTE 700, LTE 800, LTE 1800, LTE 2600, 5G NR 2100",CHEMIN DES PRES GUILLAUMETS (LES PRÉS GUILLAUMETS) 89100 ST CLEMENT,89338,"48.2222,3.2978",Pylône autostable,"30,5m",PHOENIX FRANCE INFRASTRUCTURES,2026-08-28,ALL,,False,True
3272780,BOUYGUES TELECOM,"LTE 700, LTE 800, LTE 1800, LTE 2100, LTE 2600, 5G NR 2100",ROUTE DEPARTEMENTALE 5 4 ROUTE DE CARREYRE (LE MOULIN VIEUX) 33680 SAUMOS,33503,"44.8875,-0.9917",Pylône autostable,"42,5m",TDF,2026-08-29,ALL,,False,False
3273614,ORANGE,"LTE 700, LTE 800",RUE DE MOTEREAU D149 1 (LE BUISSON AU CHAT) 28160 DANGEAU,28127,"48.2503,1.2642",Pylône autostable,36m,ATC FRANCE,2026-09-01,ALL,,False,True
3277720,BOUYGUES TELECOM,"UMTS 900, LTE 700, LTE 800",D4C (LE PRE DE LA FOLIE) 21460 VIEUX CHATEAU,21681,"47.4758,4.1375",Pylône autostable,"34,2m",Société Privée,2026-09-08,AAV,,True,True
3281840,ORANGE,"LTE 1800, LTE 2100, LTE 2600, 5G NR 3500",13A AVENUE DU DOCTEUR SCHWEITZER 59880 ST SAULVE,59544,"50.3658,3.5611",Immeuble,"27,7m",TDF,2026-08-24,ALL,,False,False
3284729,BOUYGUES TELECOM,5G NR 2100,CHEMIN DE BROUES HAUTES (PUILACHERET) 34230 VENDEMIAN,34328,"43.5828,3.5494",Pylône autostable,24m,TOTEM,2026-09-04,AAV,,False,False
3287311,ORANGE,"UMTS 900, LTE 700, LTE 800",CHEMIN DE LA CROIX (AU MURAT) 42220 COLOMBIER,42067,"45.3481,4.5811",Pylône autostable,24m,PHOENIX FRANCE INFRASTRUCTURES,2026-07-28,ART,,True,True
3288493,BOUYGUES TELECOM,"LTE 1800, LTE 2600",CIMETIÈRE DE CHAVAGNE (CHAMP DU BOEUF) 35310 CHAVAGNE,35076,"48.055,-1.8019",Pylône tubulaire,"31,5m",SFR,2026-08-26,ALL,,False,False
3288493,BOUYGUES TELECOM,5G NR 2100,CIMETIÈRE DE CHAVAGNE (CHAMP DU BOEUF) 35310 CHAVAGNE,35076,"48.055,-1.8019",Pylône tubulaire,"31,5m",SFR,2026-07-30,ART,,False,False
3290305,ORANGE,LTE 2100,RUE DES BATARDIÈRES (FIEF DU BOUILLAC) 85440 ST HILAIRE LA FORET,85231,"46.4472,-1.5308",Pylône autostable,24m,TOTEM,2026-06-16,ART,,False,False
3292297,ORANGE,"LTE 700, LTE 800",PRÈS DE L'ETANG DE LA BALOUP (BALOUP) 39120 PLEURE,39429,"46.9231,5.4531",Pylône autostable,30m,TOTEM,2026-09-09,AAV,,True,True
3292751,BOUYGUES TELECOM,"UMTS 900, LTE 700, LTE 800, LTE 1800, LTE 2100, LTE 2600, 5G NR 2100",18 ROUTE DE SAN MARTINO 20200 SAN MARTINO DI LOTA,2B305,"42.7217,9.4517",Bâtiment,16m,Particulier,2026-07-16,ART,,False,True
3293607,ORANGE,"UMTS 900, LTE 700, LTE 800",RTE DE VANOSC (LA CHAUMETTE) 42220 BURDIGNES,42028,"45.2631,4.5642",Pylône autostable,31m,BOUYGUES,,AJO,,True,True
3297858,ORANGE,UMTS 900,CHEMIN DU BON-MICHEL À LA LAIRE (LES NOISETTES) 63160 EGLISENEUVE PRES BILLOM,63146,"45.7128,3.405",Pylône autostable,45m,SFR,2026-08-14,AJA,,True,True
3297858,ORANGE,"LTE 700, LTE 800",CHEMIN DU BON-MICHEL À LA LAIRE (LES NOISETTES) 63160 EGLISENEUVE PRES BILLOM,63146,"45.7128,3.405",Pylône autostable,45m,SFR,,AJO,,True,True
3301787,BOUYGUES TELECOM,"UMTS 900, LTE 1800, LTE 2600",29 RTE D'ORGON 13810 EYGALIERES,13034,"43.7611,4.9542",Pylône arbre,20m,BOUYGUES,2026-08-21,ALL,,False,False
3301793,BOUYGUES TELECOM,"LTE 700, LTE 800",19 A QUAI PERRACHE 69002 LYON 02,69382,"45.7447,4.8267",Immeuble,"27,1m",CELLNEX,2026-08-31,ALL,,False,True
3305051,ORANGE,"LTE 1800, LTE 2100, LTE 2600, 5G NR 3500",45 BIS BOULEVARD CARNOT (HÔTEL L'ARBRE VOYAGEUR) 59800 LILLE,59350,"50.6397,3.0675",Bâtiment,"25,2m",Société HLM,2026-08-25,ALL,,False,False
3306206,ORANGE,"LTE 1800, 5G NR 2100",ROUTE DES CORVÉES RD 105 (ROUVRAY) 50530 LOLIF,50276,"48.7419,-1.4014",Pylône autostable,36m,ATC FRANCE,2026-08-24,ALL,,False,False
3306372,ORANGE,"LTE 700, LTE 800",CHEMIN DE GIBAS (LA NARSE) 63290 CHATELDON,63102,"45.9619,3.5836",Pylône autostable,"30,3m",SFR,,AJO,,True,True
3306372,ORANGE,UMTS 900,CHEMIN DE GIBAS (LA NARSE) 63290 CHATELDON,63102,"45.9619,3.5836",Pylône autostable,"30,3m",SFR,2026-07-21,AJR,,True,True
3308774,BOUYGUES TELECOM,"LTE 1800, LTE 2600",RUE DU VAL (LE VAL) 61300 ST MICHEL TUBOEUF,61432,"48.7458,0.6983",Pylône autostable,"30,6m",Particulier,2026-08-27,ALL,,False,False
3308774,SFR,"LTE 700, LTE 800, LTE 1800, LTE 2600, 5G NR 2100",RUE DU VAL (LE VAL) 61300 ST MICHEL TUBOEUF,61432,"48.7458,0.6983",Pylône autostable,"30,6m",Particulier,2026-08-28,ALL,,False,True
3315632,BOUYGUES TELECOM,"LTE 700, LTE 800, LTE 1800, LTE 2600, 5G NR 2100",1914 AV DE L'AEROPORT 83400 HYERES,83069,"43.0861,6.1442",Pylône arbre,12m,BOUYGUES,,AJO,,False,True
3316620,ORANGE,"LTE 700, LTE 800",44 ROUTE LOUIS DE BARBERIN (LA GALOCHE) 16360 REIGNAC,16276,"45.4194,-0.1906",Pylône autostable,"36,5m",ATC FRANCE,2026-08-31,ALL,,False,True
3316791,ORANGE,"LTE 700, LTE 800",RUE DÉPARTEMENTALE N°154 (LE CHANI) 55160 BONZEE,55060,"49.0908,5.5775",Pylône autostable,36m,SFR,,AJO,,True,True
3316791,ORANGE,UMTS 900,RUE DÉPARTEMENTALE N°154 (LE CHANI) 55160 BONZEE,55060,"49.0908,5.5775",Pylône autostable,36m,SFR,2026-07-08,AJR,,True,True
3319428,SFR,"UMTS 2100, 5G NR 3500",108 RUE LEMERCIER 75017 PARIS 17,75117,"48.8906,2.3186",Immeuble,"35,8m",Société HLM,2009-12-11,SUP,,False,False
3319440,FREE MOBILE,LTE 700,ROUTE DE BOSSERVILLE (LA FOLIE) 54420 SAULXURES LES NANCY,54495,"48.6844,6.2464",Pylône autostable,"36,5m",FREE-MOBILE,2026-09-14,AAV,,False,True
3320865,ORANGE,"LTE 700, LTE 800",RUE DES CYTISES (LE CORNOUILLER) 60480 NOYERS ST MARTIN,60470,"49.5558,2.2714",Pylône autostable,"29,9m",ATC FRANCE,2026-09-10,AAV,,False,True
3321316,SFR,"UMTS 900, LTE 700, LTE 800", (LA SERRE DE L'HOMME) 34220 COURNIOU,34086,"43.4953,2.7003",Pylône autostable,"30,6m",BOUYGUES,,AJO,,True,True
3321338,SFR,"UMTS 900, LTE 700, LTE 800",KERMENGI (PROCHE D764) ET PRÈS D'UN CHATEAU D'EAU (KERMANGUY) 29690 PLOUYE,29211,"48.3431,-3.7669",Pylône autostable,24m,TOTEM,,AJO,,True,True
3321631,PMT-VODAFONE,"GSM 900, UMTS 900, LTE 700, LTE 800, LTE 1800, LTE 2100, LTE 2600, 5G NR 3500",ROUTE TERRITORIALE 1 CÔTÉ MER PK22.8 98711 PAEA,98733,"-17.7014,-149.5844",Pylône arbre,25m,Pacific Mobile Telecom,,AJO,,False,True
3322103,FREE MOBILE,"UMTS 2100, LTE 900, LTE 1800, 5G NR 3500",BOULEVARD FRIEDEL 91400 ORSAY,91471,"48.7156,2.1814","Ouvrage d'art (pont, viaduc)",17m,TDF,,AJO,,False,True
3323857,SFR,"UMTS 900, LTE 700, LTE 800", (DEVANT LE FAYS) 55100 BEAUMONT EN VERDUNOIS,55039,"49.2678,5.4094",Pylône autostable,40m,CELLNEX,,AJO,,True,True
3324474,SFR,"LTE 700, LTE 800, LTE 1800, LTE 2600, 5G NR 2100",CHEM DU STADE (LE SABLAS) 30700 MONTAREN ET ST MEDIERS,30174,"44.0261,4.39",Pylône tubulaire,24m,CELLNEX,,AJO,,False,True
3325496,SFR,"LTE 700, LTE 800, LTE 1800, LTE 2600, 5G NR 2100",34 RUE DE LA GRAVELINE 50690 MARTINVAST,50294,"49.6033,-1.6592",Pylône autostable,"18,5m",BOUYGUES,,AJO,,False,True
3325662,BOUYGUES TELECOM,"LTE 700, LTE 800",R DU CALVAIRE (LE MOULIN DE CHAIGNET) 35470 LA NOE BLANCHE,35202,"47.8081,-1.7386",Pylône autostable,18m,PHOENIX FRANCE INFRASTRUCTURES,2026-07-16,ART,,False,True
3328689,SFR,"LTE 700, LTE 800, LTE 1800, LTE 2600, 5G NR 2100",RTE DE LA MARZELLE PARKING DU TERRAIN DES SPORTS DU BOUTEILLON 85270 ST HILAIRE DE RIEZ,85226,"46.7256,-1.9411",Pylône tubulaire,"18,5m",BOUYGUES,,AJO,,False,True
3329684,SFR,"UMTS 900, LTE 700, LTE 800, LTE 1800, LTE 2100, LTE 2600, 5G NR 2100",10 R DE LA MONTAPEINE 18320 JOUET SUR L AUBOIS,18118,"47.0381,2.9736",Pylône tubulaire,"36,2m",PHOENIX FRANCE INFRASTRUCTURES,,AJO,,False,True
3330002,SFR,"LTE 700, LTE 800, LTE 1800, LTE 2600, 5G NR 2100",ZA DE KERDRIOUAL 29290 LANRIVOARE,29119,"48.4706,-4.6511",Pylône autostable,30m,PHOENIX FRANCE INFRASTRUCTURES,,AJO,,False,True
3331003,SFR,"LTE 700, LTE 800, LTE 1800, LTE 2600, 5G NR 2100",CHÂTEAU BAGUER 35120 BAGUER MORVAN,35009,"48.4997,-1.7683",Pylône autostable,"36,5m",PHOENIX FRANCE INFRASTRUCTURES,,AJO,,False,True
3331052,SFR,"LTE 700, LTE 800, LTE 1800, LTE 2600, 5G NR 2100", (MARAIS DES LEVEES OUIES LO) 44720 ST JOACHIM,44168,"47.3833,-2.1967",Pylône tubulaire,30m,PHOENIX FRANCE INFRASTRUCTURES,,AJO,,False,True
3331391,BOUYGUES TELECOM,"LTE 700, LTE 800, LTE 1800, LTE 2600, 5G NR 2100", (GRAND MARAIS) 59169 GOEULZIN,59263,"50.3139,3.0836",Pylône autostable,42m,HIVORY,2026-08-29,ALL,,False,True
3331570,SFR,"UMTS 900, LTE 700, LTE 800, LTE 1800, LTE 2600, 5G NR 2100",R DU PERRON (LES TRENTE SEPTIERS) 28150 VILLARS,28411,"48.2319,1.5594",Pylône autostable,42m,PHOENIX FRANCE INFRASTRUCTURES,,AJO,,False,True
3332067,BOUYGUES TELECOM,"LTE 700, LTE 800, LTE 1800, LTE 2100, LTE 2600, 5G NR 2100",ROUTE DE GRAY (LES GRANDES NOUES) 21490 VAROIS ET CHAIGNOT,21657,"47.3433,5.1175",Pylône autostable,36m,SFR,,AJO,,False,True
3332773,ORANGE,"UMTS 900, LTE 800",RÉSERVOIR (LES TONNELLES) 79130 SECONDIGNY,79311,"46.6192,-0.4072",Pylône autostable,36m,TOTEM,2026-08-30,ALL,,False,True
3332773,SFR,"GSM 900, UMTS 900, LTE 800",RÉSERVOIR (LES TONNELLES) 79130 SECONDIGNY,79311,"46.6192,-0.4072",Pylône autostable,36m,TOTEM,2026-08-28,AJA,,False,True
3332773,SFR,"LTE 700, LTE 1800, LTE 2100, 5G NR 2100",RÉSERVOIR (LES TONNELLES) 79130 SECONDIGNY,79311,"46.6192,-0.4072",Pylône autostable,36m,TOTEM,,AJO,,False,True
3333290,BOUYGUES TELECOM,"LTE 700, LTE 800, LTE 1800, LTE 2100, LTE 2600, 5G NR 2100",IMPASSE DE GALINREY (GALINREY) 81200 AIGUEFONDE,81002,"43.5083,2.3397",Pylône autostable,42m,TDF,,AJO,,False,True
3333616,BOUYGUES TELECOM,"LTE 700, LTE 800, LTE 1800, LTE 2600, 5G NR 2100",D906 CHEMIN D'EXPLOITATION N°5 (LA SAISON DE BAN) 54150 AVRIL,54036,"49.2931,5.9589",Pylône autostable,30m,TDF,,AJO,,False,True
3333625,BOUYGUES TELECOM,"LTE 700, LTE 800, LTE 1800, LTE 2100, LTE 2600, 5G NR 2100",5 BOULEVARD ORATORI 66200 THEZA,66208,"42.6408,2.9489",Immeuble,"10,8m","Copropriété, Syndic, SCI",,AJO,,False,True
3333741,ORANGE,"LTE 800, 5G NR 700",RUE VERTE 62360 CONDETTE,62235,"50.6483,1.6322",Pylône tubulaire,36m,ORANGE,2026-09-09,AAV,,False,True
3333790,FREE MOBILE,"LTE 700, LTE 900, LTE 1800, LTE 2100, LTE 2600, 5G NR 700, 5G NR 3500",4 RUE DE CHATEAUDUN 34300 AGDE,34003,"43.3128,3.4739",Bâtiment,"22,9m",Société HLM,,AJO,,False,True
3335187,BOUYGUES TELECOM,"LTE 700, LTE 800, LTE 1800, LTE 2600, 5G NR 2100",ROUTE D ARDON (VILLENEUVE) 45590 ST CYR EN VAL,45272,"47.7683,1.9394",Pylône autostable,"36,3m",CELLNEX,,AJO,,False,True
3335402,BOUYGUES TELECOM,"LTE 700, LTE 800, LTE 1800, LTE 2100, LTE 2600, 5G NR 2100","44, IMPASSE VIEUX CHEMIN DE ST CYPRIEN 66200 ELNE",66065,"42.6144,2.985",Pylône arbre,25m,TOWEO,,AJO,,False,True
3336253,SFR,UMTS 900,7  RUE DU JARDIN BRULE 08400 BAIRON ET SES ENVIRONS,08116,"49.4747,4.7364",Pylône autostable,36m,SFR,2026-07-31,ART,,True,True
3340444,ORANGE,"LTE 800, LTE 1800, LTE 2100, LTE 2600, 5G NR 700, 5G NR 3500",486 RUE DU PLANTRET A CÔTÉ DU CENTRAL 73120 COURCHEVEL,73227,"45.4178,6.6325",Pylône autostable,"24,2m",ORANGE,2026-08-31,AJA,,False,True
3341032,FREE MOBILE,"LTE 700, LTE 900, LTE 1800, LTE 2100, LTE 2600, 5G NR 700, 5G NR 3500",8 RUE CLAUDE LEWY 45100 ORLEANS,45234,"47.8839,1.8994",Bâtiment,"22,1m",TOTEM,,AJO,,False,True
3341334,ORANGE,"LTE 800, LTE 1800, LTE 2100, LTE 2600, 5G NR 700, 5G NR 3500",GARE DE CRÉTEIL POMPADOUR CHEMIN DES BOEUFS 94000 CRETEIL,94028,"48.7711,2.4347",Bâtiment,"19,8m",SNCF,2026-08-24,ALL,,False,True
3341734,ORANGE,"LTE 800, LTE 1800, LTE 2100, LTE 2600, 5G NR 700, 5G NR 3500",115 AV ROGER SALENGRO 94500 CHAMPIGNY SUR MARNE,94017,"48.8178,2.495",Immeuble,20m,Société HLM,2026-08-24,ALL,,False,True
3341840,BOUYGUES TELECOM,"LTE 700, LTE 800, LTE 1800, LTE 2600, 5G NR 2100",IMP DES PALOMBES IMPASSE DES TOURTERELLES BORD DU TOUCH. 31830 PLAISANCE DU TOUCH,31424,"43.5586,1.2953",Pylône autostable,42m,FREE-MOBILE,,AJO,,False,True
3342037,ORANGE,"LTE 800, LTE 1800, LTE 2100, LTE 2600, 5G NR 700, 5G NR 3500",61-63 R BOURDARIAS 94140 ALFORTVILLE,94002,"48.8056,2.4244",Immeuble,"44,7m",Société HLM,2026-08-24,ALL,,False,True
3342869,FREE MOBILE,"LTE 700, LTE 900, LTE 1800, LTE 2100, LTE 2600, 5G NR 700, 5G NR 3500",CHEMIN DES CROZES 07120 RUOMS,07201,"44.4622,4.3464",Pylône autostable,24m,FREE-MOBILE,,AJO,,False,True
3342871,FREE MOBILE,"LTE 700, LTE 900, LTE 1800, LTE 2100, LTE 2600, 5G NR 700, 5G NR 3500",CHEMIN DU KROMPINZ 08000 CHARLEVILLE MEZIERES,08105,"49.7942,4.7175",Pylône tubulaire,"43,1m",FREE-MOBILE,,AJO,,False,True
3342873,FREE MOBILE,"LTE 700, LTE 900, LTE 1800, LTE 2100, LTE 2600, 5G NR 700, 5G NR 3500",CHEMIN DU GRAND PIN VERT 13400 AUBAGNE,13005,"43.3086,5.5658",Pylône tubulaire,"12,5m",FREE-MOBILE,,AJO,,False,True
3342875,FREE MOBILE,"LTE 700, LTE 900, LTE 1800, LTE 2100, LTE 2600, 5G NR 700, 5G NR 3500",RUE DE BARON (LES SURIAS) 14790 FONTAINE ETOUPEFOUR,14274,"49.14,-0.4608",Pylône autostable,36m,FREE-MOBILE,,AJO,,False,True
3342885,FREE MOBILE,"UMTS 900, LTE 700",ROUTE DÉPARTEMENTALE N°784 (LES QUATRE CHEMINS) 29700 PLUGUFFAN,29216,"47.9936,-4.2317",Pylône autostable,30m,FREE-MOBILE,,AJO,,True,True
3342893,FREE MOBILE,"LTE 700, LTE 900, LTE 1800, LTE 2100, LTE 2600, 5G NR 700, 5G NR 3500",CHEMIN COSSES SOUS LA JASSE NEUVE COSSES SOUS LA JASSE NEUVE 34410 SERIGNAN,34299,"43.2558,3.2944",Pylône autostable,"11,7m",FREE-MOBILE,,AJO,,False,True
3342910,FREE MOBILE,"LTE 700, LTE 900, LTE 1800, LTE 2100, LTE 2600, 5G NR 700, 5G NR 3500",19 RUE DES ANCIENS D'AFRIQUE DU NORD CENTRE HOSPITALIER DE SAINT-AMAND-LES-EAUX 59230 ST AMAND LES EAUX,59526,"50.4461,3.4336",Immeuble,33m,Établissement de soins,,AJO,,False,True
3342920,FREE MOBILE,"LTE 700, LTE 900, LTE 1800, LTE 2100, LTE 2600, 5G NR 700, 5G NR 3500",21 RUE DE LA WANTZENAU 67720 HOERDT,67205,"48.6981,7.7867",Monument religieux,44m,"Commune, communauté de communes",,AJO,,False,True
3342930,FREE MOBILE,"LTE 700, LTE 900, LTE 1800, LTE 2100, LTE 2600, 5G NR 700, 5G NR 3500",9012 RUE DE L AIGUILLON TOUR DU PRINTEMPS 79400 ST MAIXENT L ECOLE,79270,"46.4175,-0.205",Immeuble,"36,4m",Société HLM,,AJO,,False,True
3343060,FREE MOBILE,"LTE 700, LTE 900, LTE 1800, LTE 2100, LTE 2600, 5G NR 700, 5G NR 3500",5 AVENUE MUNSTER 45100 ORLEANS,45234,"47.9122,1.9064",Bâtiment,57m,Société HLM,,AJO,,False,True
3343070,FREE MOBILE,"LTE 700, LTE 900, LTE 1800, LTE 2100, LTE 2600, 5G NR 700, 5G NR 3500",14 RUE DE LA COLLINE 57200 SARREGUEMINES,57631,"49.1094,7.0539",Immeuble,"22,7m",Société Privée,,AJO,,False,True
3343127,FREE MOBILE,"LTE 700, LTE 900, LTE 1800, LTE 2100, LTE 2600, 5G NR 700, 5G NR 3500",92 RUE DES FOSS?S SOUS S?MINAIRE 63100 CLERMONT FERRAND,63113,"45.795,3.1133",Immeuble,"19,4m",TOTEM,,AJO,,False,True
3343132,BOUYGUES TELECOM,"LTE 700, LTE 800, LTE 1800, LTE 2600, 5G NR 2100",39 R DU 42E DE LIGNE 94340 JOINVILLE LE PONT,94042,"48.8169,2.4808",Immeuble,"16,7m",BOUYGUES,,AJO,,False,True
3343223,BOUYGUES TELECOM,"LTE 700, LTE 800, LTE 1800, LTE 2600, 5G NR 2100",63 IMP MARIA VERNET (ROCHESSADOULE) 30160 ROBIAC ROCHESSADOULE,30216,"44.2767,4.0856",Pylône autostable,25m,BOUYGUES,,AJO,,False,True
3343227,BOUYGUES TELECOM,"LTE 700, LTE 800, LTE 1800, LTE 2600, 5G NR 2100",VAUTENDRE 1995 CHEMIN DES POISSONNIERS 13600 CEYRESTE,13023,"43.2094,5.6256",Pylône autostable,"20,4m",SNCF Réseau,,AJO,,False,True
3343231,BOUYGUES TELECOM,"LTE 700, LTE 800, LTE 1800, LTE 2600, 5G NR 2100",10 R ARTHUR RANC 92350 LE PLESSIS ROBINSON,92060,"48.7839,2.2756",Immeuble,"16,2m",Particulier,,AJO,,False,True
3343340,FREE MOBILE,"LTE 700, LTE 900, LTE 1800, LTE 2100, LTE 2600, 5G NR 700, 5G NR 3500",2 SQUARE DU BATON ROUGE 13540 AIX EN PROVENCE,13001,"43.5267,5.4378",Immeuble,"25,2m",Société HLM,,AJO,,False,True
3343342,FREE MOBILE,"LTE 700, LTE 900, LTE 1800, LTE 2100, LTE 2600, 5G NR 700, 5G NR 3500",1 A RUE DE LURIEUX 42160 BONSON,42022,"45.5269,4.2236",Château d'eau - réservoir,"39,1m","Commune, communauté de communes",,AJO,,False,True
3343344,FREE MOBILE,"LTE 700, LTE 1800, 5G NR 700",8 R DU PALAIS DE JUSTICE 69005 LYON 05,69385,"45.7625,4.8278",Immeuble,"25,8m","Copropriété, Syndic, SCI",,AJO,,False,True
3343357,FREE MOBILE,"LTE 700, LTE 900, LTE 1800, LTE 2100, LTE 2600, 5G NR 700, 5G NR 3500",96 BD DE L'OCÉAN RESIDENCE LE NOE 44500 LA BAULE ESCOUBLAC,44055,"47.275,-2.3611",Immeuble,"22,6m","Copropriété, Syndic, SCI",,AJO,,False,True
3343369,ORANGE,"UMTS 900, LTE 800, LTE 1800, LTE 2100, LTE 2600, 5G NR 700, 5G NR 3500",CHEMIN SCHAFWEG 68128 VILLAGE NEUF,68349,"47.6028,7.5631",Pylône autostable,"24,6m",ORANGE,2026-08-31,AJA,,False,True
3343395,BOUYGUES TELECOM,"LTE 700, LTE 800, LTE 1800, LTE 2600, 5G NR 2100",CHEM DE CAMPAGNE A132 14130 ST MARTIN AUX CHARTRAINS,14620,"49.3089,0.1578",Pylône autostable,25m,PHOENIX FRANCE INFRASTRUCTURES,,AJO,,False,True
3343433,SFR,"LTE 700, LTE 800, LTE 1800, LTE 2600, 5G NR 2100",ROUTE SABLONNIÈRE (BLAUER GRUND) 57520 GROSBLIEDERSTROFF,57260,"49.1436,7.0294",Pylône autostable,42m,HIVORY,,AJO,,False,True
3343435,SFR,"LTE 700, LTE 800, LTE 1800, LTE 2600, 5G NR 2100",A PROXIMITÉ DU CHÂTEAU D'EAU (AUF GALGENBERG) 57480 WALDWISSE,57740,"49.4178,6.5164",Pylône autostable,36m,SFR,,AJO,,False,True
3343487,ORANGE,"UMTS 900, LTE 800, LTE 1800, LTE 2100, LTE 2600, 5G NR 700, 5G NR 3500",80 AVENUE PIERRE MENDÈS FRANCE 84300 CAVAILLON,84035,"43.8483,5.0406",Immeuble,"17,9m","Commune, communauté de communes",,AJO,,False,True
3343524,SFR,"UMTS 900, LTE 800, LTE 1800, LTE 2100, LTE 2600, 5G NR 3500",2 CHEMIN DE VENTENAC 31320 VIEILLE TOULOUSE,31575,"43.5289,1.4425",Pylône autostable,18m,TOTEM,2026-08-28,AJA,,False,True
3343524,SFR,LTE 700,2 CHEMIN DE VENTENAC 31320 VIEILLE TOULOUSE,31575,"43.5289,1.4425",Pylône autostable,18m,TOTEM,,AJO,,False,True
3343532,ORANGE,"LTE 800, LTE 1800, LTE 2100, LTE 2600, 5G NR 700, 5G NR 3500",30 IMPASSE ORANE DEMAZIS (LES VIGNES) 78390 BOIS D ARCY,78073,"48.8083,2.0106",Pylône autostable,36m,"Commune, communauté de communes",,AJO,,False,True
3343578,ORANGE,"LTE 800, LTE 1800, LTE 2100, LTE 2600, 5G NR 700, 5G NR 3500",3 BOULEVARD DU GÉNÉRAL GALLIENI 94360 BRY SUR MARNE,94015,"48.8403,2.5219",Immeuble,18m,Société Privée,2026-08-31,AJA,,False,True
3343597,SFR,"UMTS 900, LTE 700, LTE 800, LTE 1800, LTE 2600, 5G NR 2100",2218 CHEMIN DE CHARLEMAGNE 66100 PERPIGNAN,66136,"42.7103,2.9583",Pylône arbre,"12,2m",SFR,,AJO,,False,True
3343611,SFR,"LTE 700, LTE 800, LTE 1800, LTE 2600, 5G NR 2100, 5G NR 3500",D24LL (FROHMATTEN) 68480 DURLINSDORF,68074,"47.4861,7.2275",Pylône autostable,36m,CELLNEX,,AJO,,False,True
3343616,SFR,"UMTS 900, LTE 700, LTE 800",CHEMIN DE LA CASSAGNE (ARIGAN) 31510 SEILHAN,31542,"43.0578,0.5819",Pylône autostable,42m,SFR,,AJO,,True,True
3343630,ORANGE,"LTE 700, LTE 800, LTE 1800, 5G NR 2100",CHEMIN DE L'ARGILIÈRE (LES HOGUES) 27910 LES HOGUES,27338,"49.4233,1.3961",Pylône tubulaire,26m,TOTEM,2026-08-31,AJA,,False,True
3343648,Gouv Nelle Calédonie (OPT),"UMTS 900, LTE 800",ROUTE DU BARRAGE DE NEAOUA (NEAOUA CENTRALE ELECTRIQUE) 98838 HOUAILOU,98808,"-21.3328,165.5681",Mât béton,10m,Office des Postes et Télécom,,AJO,,False,True
3343659,SFR,"LTE 700, LTE 800, LTE 1800, LTE 2600, 5G NR 2100",FERME NEUHOF 57910 HAMBACH,57289,"49.0383,7.0506",Pylône tubulaire,40m,TDF,,AJO,,False,True
3343663,ORANGE,"LTE 700, LTE 800, LTE 1800, 5G NR 2100",ROUTE DE DOMPIERRE (LE PETIT DOMPIERRE) 18320 JOUET SUR L AUBOIS,18118,"47.0344,3.0294",Pylône autostable,40m,ATC FRANCE,,AJO,,False,True
3343904,ORANGE,"LTE 800, LTE 1800, LTE 2100, LTE 2600, 5G NR 700, 5G NR 3500",815 CHEMIN DE FATOUX 84700 SORGUES,84129,"44.02,4.8536",Pylône autostable,24m,TOTEM,,AJO,,False,True
3343908,ORANGE,"LTE 800, LTE 1800, LTE 2100, LTE 2600, 5G NR 700, 5G NR 3500",49 AVENUE LACASSAGNE 69003 LYON 03,69383,"45.7531,4.8692",Immeuble,"28,3m","Copropriété, Syndic, SCI",,AJO,,False,True
3343911,ORANGE,"LTE 800, LTE 1800, LTE 2100, LTE 2600, 5G NR 700, 5G NR 3500",11MOBILERUEDU DOCTEUR DROUART PRÉFAILLES 44770 PREFAILLES,44136,"47.1331,-2.21",Pylône autostable,36m,TOTEM,,AJO,,False,True
3343921,ORANGE,"LTE 700, LTE 800, LTE 1800, 5G NR 2100",CHEMIN DES GRANDS NOYERS (LES GRANDS NOYERS) 45340 BATILLY EN GATINAIS,45022,"48.0758,2.3858",Pylône autostable,30m,ATC FRANCE,,AJO,,False,True
3343923,ORANGE,"LTE 700, LTE 800, LTE 1800, 5G NR 2100",ROUTE DE LA  FERTÉ-MACÉ (CHAMPS DE LA ROUTE DE RANE) 61320 CARROUGES,61074,"48.5703,-0.1497",Pylône autostable,30m,ATC FRANCE,,AJO,,False,True
3343933,ORANGE,"UMTS 900, LTE 700, LTE 800, LTE 1800, LTE 2100, LTE 2600, 5G NR 3500",RUE ABDOUL KADER 97605 MAMOUDZOU,97611,"-12.7939,45.2147",Immeuble,"16,6m",ORANGE,,AJO,,False,True
3343944,ORANGE,"LTE 700, LTE 800, LTE 1800, 5G NR 2100",2 MOB CHEMIN DES PERRETTES 18200 ORCENAIS,18171,"46.7203,2.4219",Pylône autostable,"31,8m",ON TOWER FRANCE,,AJO,,False,True
3344011,SFR,"UMTS 900, LTE 700, LTE 800",RUE DES BARTHES (LES SEGALAS) 46500 BIO,46030,"44.7778,1.7778",Pylône autostable,30m,SFR,,AJO,,True,True
3344043,SFR,"LTE 700, LTE 800, LTE 1800, LTE 2100, LTE 2600, 5G NR 2100",IMPASSE FRAGONARD ALLÉE DES CÈDRES 47200 MARMANDE,47157,"44.5103,0.1678",Pylône autostable,36m,HIVORY,,AJO,,False,True
3344047,SFR,"LTE 700, LTE 800, LTE 1800, LTE 2100, LTE 2600, 5G NR 2100",9  RUE ELLISSABIDE 64130 MAULEON LICHARRE,64371,"43.2278,-0.8858",Pylône autostable,30m,TOWEO,,AJO,,False,True
3344088,SFR,"LTE 700, LTE 800, LTE 1800, LTE 2600, 5G NR 2100",45 RUE EMILE ZOLA (LE CALVAIRE) 59252 MARQUETTE EN OSTREVANT,59387,"50.2919,3.2642",Pylône tubulaire,33m,ON TOWER FRANCE,,AJO,,False,True
3344238,BOUYGUES TELECOM,"LTE 700, LTE 800, LTE 1800, LTE 2600, 5G NR 2100",LIEU-DIT LA MALGACHE 37350 LE GRAND PRESSIGNY,37113,"46.9256,0.8128",Pylône autostable,"36,2m",PHOENIX FRANCE INFRASTRUCTURES,,AJO,,False,True
3344281,SFR,"LTE 700, LTE 800, LTE 1800, LTE 2100, LTE 2600, 5G NR 2100, 5G NR 3500",125 RUE DES SITELLES 20167 AJACCIO,2A004,"41.9086,8.675",Bâtiment,"17,5m","Copropriété, Syndic, SCI",,AJO,,False,True
3344303,BOUYGUES TELECOM,"LTE 700, LTE 800, LTE 1800, LTE 2600, 5G NR 2100",V COMMUNALE N°13 (LIEU-DIT LES CLAIRETTES) 30127 BELLEGARDE,30034,"43.7525,4.5258",Pylône autostable,18m,CELLNEX,,AJO,,False,True
3344307,SFR,"LTE 700, LTE 800, LTE 1800, LTE 2100, LTE 2600, 5G NR 2100",24 ALLEE DE CARDOLLE 33980 AUDENGE,33019,"44.6842,-0.9964",Pylône arbre,36m,PHOENIX FRANCE INFRASTRUCTURES,,AJO,,False,True
3344321,BOUYGUES TELECOM,"LTE 700, LTE 800, LTE 1800, LTE 2600, 5G NR 2100","LIEU-DIT ""LES GARRIGUES"" 84210 PERNES LES FONTAINES",84088,"44.0153,5.0442",Pylône autostable,"24,2m",CELLNEX,,AJO,,False,True
3344439,SFR,"UMTS 900, LTE 700, LTE 800",RUE DE DESSOUS LE TERME PROCHE DU CIMETIÈRE (LE TERME) 51390 JANVRY,51305,"49.2447,3.8725",Pylône autostable,18m,SFR,,AJO,,True,True
3344443,SFR,"UMTS 900, LTE 800, LTE 1800",VINFRAINVILLE 76450 CANY BARVILLE,76159,"49.7828,0.6294",Pylône autostable,54m,SFR,,AJO,,False,True
3344457,SFR,"UMTS 900, LTE 700, LTE 800",PROCHE ROUTE DU BOIS (LARRAS) 64160 MONASSUT AUDIRACQ,64389,"43.4053,-0.1892",Pylône autostable,42m,SFR,2026-08-28,AJA,,True,True
3360248,FREE MOBILE,,4 RUE EDOUARD MARTEL (LES CORDELIERS) 95300 PONTOISE,95500,"49.0586,2.0939",Immeuble,22m,Société HLM,2023-03-27,CHI,2565561,False,True
3360364,BOUYGUES TELECOM,"LTE 700, LTE 800, LTE 1800, LTE 2100, LTE 2600, 5G NR 2100, 5G NR 3500",ROUTE DU QUINSONNAS 69510 MESSIMY,69131,"45.6936,4.6719",Pylône autostable,"32,4m",CELLNEX,2021-10-20,AJR,,False,True
3360364,FREE MOBILE,,ROUTE DU QUINSONNAS 69510 MESSIMY,69131,"45.6936,4.6719",Pylône autostable,"32,4m",CELLNEX,2021-09-30,CHI,2449839,False,True
3360418,ORANGE,,71 R RABELAIS 22000 ST BRIEUC,22278,"48.5019,-2.7464",Pylône autostable,30m,TOTEM,2022-02-25,CHI,954875,False,True
3360422,FREE MOBILE,,108 BOULEVARD DE SAINTE MARGUERITE 13009 MARSEILLE 09,13209,"43.2672,5.4069",Bâtiment,"30,7m",Société HLM,,CHI,3140399,False,True
3360436,FREE MOBILE,,5 CHEMIN DES AGRIÈRES PROCHE DU CENTRE D'INCENDIE ET DE SECOURS 17800 PERIGNAC,17273,"45.6192,-0.4706",Pylône autostable,42m,ON TOWER FRANCE,2021-10-27,CHI,2401800,False,True
3360440,FREE MOBILE,,ROUTE DE MEILHAN D364 EN FACE DE LA STATION D'EPURATION (BROUSTE) 40400 ST YAGUEN,40285,"43.8844,-0.7381",Pylône autostable,35m,ATC FRANCE,2022-02-11,CHI,2349917,False,True
3360577,FREE MOBILE,,2 RUE DU MAROC (NOSTANG - STATION EPURATION) 56690 NOSTANG,56148,"47.7478,-3.1828",Pylône tubulaire,35m,CELLNEX,2021-02-03,CHI,2096851,False,True
3360588,SFR,,30 RUE DE L'EGLISE 57200 SARREGUEMINES,57631,"49.1122,7.0672",Immeuble,22m,"Commune, communauté de communes",2026-05-29,CHI,3249528,False,True
3360602,BOUYGUES TELECOM,,9098 RTE DE PEROLS STADE MARIUS VITOU (LE MAS SAINT JEAN) 34970 LATTES,34129,"43.5606,3.9367",Pylône tubulaire,"31,2m",CELLNEX,2022-03-21,CHI,2150730,False,True
3360602,ORANGE,,9098 RTE DE PEROLS STADE MARIUS VITOU (LE MAS SAINT JEAN) 34970 LATTES,34129,"43.5606,3.9367",Pylône tubulaire,"31,2m",CELLNEX,2026-08-28,CHI,2823731,False,True
3360727,BOUYGUES TELECOM,,47 RUE JEAN MERMOZ 59253 LA GORGUE,59268,"50.6394,2.7131",Bâtiment,"30,2m","Copropriété, Syndic, SCI",2022-11-22,CHI,2090809,False,True
3360736,ORANGE,,RUE ASSANI TAFARA (RAMPE CANELLE) 97620 CHIRONGUI,97606,"-12.9408,45.1436",Pylône autostable,"25,3m",ORANGE,2025-04-18,CHI,3010825,False,True
3360740,ORANGE,,LES ANGLES - CHEMIN DE CHAMBON PRÈS D.171 - RESERVOIR (LE PARADIS) 30500 ST AMBROIX,30227,"44.2653,4.2056",Local technique,"9,1m","Commune, communauté de communes",2025-09-18,CHI,740714,False,True
3360833,ORANGE,,STATION DU PLEYNET 38580 LE HAUT BREDA,38163,"45.2725,6.0561",Pylône autostable,12m,ORANGE Services Fixes,2020-01-20,CHI,2233884,False,True
3360855,ORANGE,,CHEMIN PROCHE D 37 (LA CONCHE) 00404 ERR CONV INSEE,01039,"45.8517,5.75",Pylône autostable,34m,TDF,2026-05-13,CHI,2339506,False,True
3360860,FREE MOBILE,,45 AVENUE DES DAMES 59700 MARCQ EN BAROEUL,59378,"50.6697,3.1031",Immeuble,20m,"Copropriété, Syndic, SCI",2025-12-15,CHI,2860774,False,True
3360864,FREE MOBILE,,ACCÈS PAR D35C (AL SARRAT OUEST) 66320 ARBOUSSOLS,66007,"42.665,2.4911",Pylône autostable,"24,4m",FREE-MOBILE,,CHI,3293621,False,True
3360882,ORANGE,,102 ROUTE D'ESCHAU (HERTENMATTEN) 67400 ILLKIRCH GRAFFENSTADEN,67218,"48.4944,7.7183",Pylône autostable,36m,TOTEM,2026-08-24,CHI,3132957,False,True
3360888,ORANGE,,AV ANDRE MALRAUX (LES BOSSES) 57070 METZ,57463,"49.0892,6.1817",Pylône autostable,38m,TOTEM,2023-12-21,CHI,2180978,False,True
3361355,FREE MOBILE,,ALLÉE DES CHANTERELLES (PS RD 109) 33650 LA BREDE,33213,"44.6808,-0.4872",Pylône autostable,50m,Sociétés d'Autoroutes,2024-01-22,CHI,2817607,False,True
3361391,FREE MOBILE,,17 RUE PHILIPPE CASTAN 34090 MONTPELLIER,34172,"43.6269,3.8886",Bâtiment,"19,7m",Société HLM,2026-05-08,CHI,3067310,False,True
3361537,BOUYGUES TELECOM,,998 CHEM DE LA ROSETTE (LAROQUE) 13160 CHATEAURENARD,13027,"43.8728,4.8428",Pylône autostable,26m,HIVORY,2023-07-25,CHI,2754821,False,True
3361537,SFR,,998 CHEM DE LA ROSETTE (LAROQUE) 13160 CHATEAURENARD,13027,"43.8728,4.8428",Pylône autostable,26m,HIVORY,2021-11-10,CHI,1849414,False,True
3361545,FREE MOBILE,,550 AVENUE DES PYRÉNÉES A64 (CANDAUS) 64170 ARTIX,64061,"43.3975,-0.55",Pylône autostable,35m,Sociétés d'Autoroutes,2023-09-29,CHI,2679776,False,True
3361560,FREE MOBILE,,LE MOULIN DE LA FERME D906 - CHEMIN GUÉVILLE 78125 GAZERAN,78269,"48.635,1.7814",Pylône autostable,"40,2m",ON TOWER FRANCE,2021-11-26,CHI,2373345,False,True
3361560,ORANGE,,LE MOULIN DE LA FERME D906 - CHEMIN GUÉVILLE 78125 GAZERAN,78269,"48.635,1.7814",Pylône autostable,"40,2m",ON TOWER FRANCE,2023-01-26,CHI,2759630,False,True
436707,BOUYGUES TELECOM,LTE 2600,CHEMIN FORESTIER DU RELAIS (FASANENWALD) 67700 MONSWILLER,67302,"48.7464,7.3914",Pylône autostable,"54,2m",TDF,2026-08-19,ALL,,False,False
437485,SFR,LTE 700,RUE DE LA SOULANE QUARTIER LA PAILLADE 34090 MONTPELLIER,34172,"43.6436,3.8178",Château d'eau - réservoir,52m,"Commune, communauté de communes",,SUP,,False,False
438439,BOUYGUES TELECOM,LTE 2100,LE CHEM DU MOULIN (LE BOUSSON) 88470 ST MICHEL SUR MEURTHE,88428,"48.3081,6.8839",Pylône autostable,38m,ATC FRANCE,2026-08-19,ALL,,False,False
438503,BOUYGUES TELECOM,"LTE 700, LTE 800", (LES PERRONS) 78540 VERNOUILLET,78643,"48.9686,1.9664",Pylône arbre,30m,ATC FRANCE,2026-08-28,ALL,,False,False
438717,ORANGE,5G NR 700, (MUHLENGARTEN) 57890 PORCELETTE,57550,"49.1642,6.6639",Pylône autostable,"43,2m",ATC FRANCE,2026-09-03,ALL,,False,False
439421,FREE MOBILE,UMTS 900,D.148 (BEHAIQUEMINE) 55250 BEAUSITE,55040,"48.9769,5.2089",Pylône autostable,45m,Conseil Départemental,2017-06-20,SUP,,True,False
439646,BOUYGUES TELECOM,"LTE 700, LTE 1800, LTE 2100, 5G NR 2100",VOIE COMMUNALE N°9 D'OGNON BALAGNY (LE THIERRY) 60810 BARBERY,60045,"49.2311,2.6578",Pylône autostable,35m,TOTEM,,AJO,,False,False
439896,BOUYGUES TELECOM,UMTS 2100, (LE CROC) 88510 ELOYES,88158,"48.0864,6.6203",Pylône autostable,45m,TDF,2016-05-25,SUP,,False,False
440329,BOUYGUES TELECOM,UMTS 2100,R DE LA MONNAIE STADE DES MOURGUES 30400 VILLENEUVE LES AVIGNON,30351,"43.9611,4.7931",Pylône autostable,17m,ATC FRANCE,2009-08-18,SUP,,False,False
440515,BOUYGUES TELECOM,UMTS 2100, (LE HUCEL) 74500 THOLLON LES MEMISES,74279,"46.3989,6.7044",Pylône autostable,46m,Société Privée,2022-12-28,SUP,,False,False
440542,BOUYGUES TELECOM,LTE 2100,LA FOURCHE (LES BROSSES SOLLOT) 71120 VENDENESSE LES CHAROLLES,71564,"46.4553,4.3675",Pylône autostable,32m,HIVORY,,AJO,,False,False
440807,BOUYGUES TELECOM,UMTS 2100,PL DE L'EGLISE 38090 VAULX MILIEU,38530,"45.6117,5.1819",Monument religieux,41m,"Commune, communauté de communes",2008-05-29,SUP,,False,False
441152,ORANGE,"GSM 900, 5G NR 3500",AV DES CONFIGNES ZI DES ISCLES QUARTIER EPI DES LIMITES 13160 CHATEAURENARD,13027,"43.9017,4.875",Pylône autostable,31m,HIVORY,2005-03-16,SUP,,False,False
442570,BOUYGUES TELECOM,"LTE 700, 5G NR 2100",FORET DE RIOU CLARET (LE SUCHALIAS) 07330 ASTET,07018,"44.7031,4.0411",Pylône autostable,41m,TDF,,AJO,,False,False
442662,BOUYGUES TELECOM,UMTS 2100, (ST-MAURICE) 88210 VIEUX MOULIN,88506,"48.3897,6.9925",Pylône autostable,28m,TDF,2008-09-24,SUP,,False,False
442767,SFR,LTE 700,ROUTE DE ST AUNES LOUS HORTS (MEYRARGUES) 34740 VENDARGUES,34327,"43.6519,3.9672",Château d'eau - réservoir,"41,5m","Commune, communauté de communes",,SUP,,False,False
443191,BOUYGUES TELECOM,UMTS 2100,170 R AMBROISE CROIZAT ZI (CORNAGE) 38220 VIZILLE,38562,"45.0856,5.765",Pylône autostable,23m,TDF,2008-06-24,SUP,,False,False
443272,ORANGE,5G NR 700,R DE LA MINE FORET DOMANIALE DE LA HOUVE 57150 CREUTZWALD,57160,"49.2056,6.6883",Pylône tubulaire,40m,"Commune, communauté de communes",2026-08-24,ALL,,False,False
443290,BOUYGUES TELECOM,"LTE 700, LTE 2600, 5G NR 3500", (SUR LAC) 01100 ARBENT,01014,"46.2925,5.6753",Pylône autostable,19m,HIVORY,,AJO,,False,False
443308,BOUYGUES TELECOM,UMTS 2100, (LAMANVILLERS) 88200 ST ETIENNE LES REMIREMONT,88415,"48.0475,6.5978",Pylône autostable,36m,TDF,2008-08-28,SUP,,False,False
443959,ORANGE,5G NR 700,CHE DU SERRE DE LACAN PYLONE TDF 2 (LACAN) 30140 ANDUZE,30010,"44.0342,3.9722",Pylône autostable,24m,TDF,2026-08-31,ALL,,False,False
444318,ORANGE,5G NR 700,CHEM RURAL PRÈS DES RÉSERVOIRS (LES CHAMPS DES CHIENS) 70290 PLANCHER BAS,70413,"47.7208,6.7256",Pylône autostable,35m,HIVORY,2026-09-03,ALL,,False,False
445020,FREE MOBILE,5G NR 3500,1 R LOUIS HANOT R ROBERT BRUXELLE 08000 CHARLEVILLE MEZIERES,08105,"49.7622,4.6917",Immeuble,38m,Société HLM,,AJO,,False,False
445404,BOUYGUES TELECOM,UMTS 2100,"A 6A-PROVINCE>PARIS PR 8,6 PONTS SNCF & ORLYVAL 91320 WISSOUS",91689,"48.7444,2.3233","Ouvrage d'art (pont, viaduc)","10,3m","Commune, communauté de communes",2009-09-23,SUP,,False,False
446211,BOUYGUES TELECOM,UMTS 2100, (LA SIMONIÉ) 81100 BURLATS,81042,"43.6583,2.3044",Pylône autostable,40m,TDF,2008-07-23,SUP,,False,False
446527,BOUYGUES TELECOM,UMTS 2100,ZONE ARTISANALE (PLANCHES DU TOURNANT) 70250 RONCHAMP,70451,"47.6947,6.6247",Pylône autostable,40m,TDF,2008-10-10,SUP,,False,False
446998,BOUYGUES TELECOM,UMTS 2100, (CAVÉE ROFFIAC) 60700 PONTPOINT,60508,"49.2992,2.66",Pylône autostable,32m,TOTEM,2009-02-24,SUP,,False,False
447725,BOUYGUES TELECOM,LTE 700, (SOUS LA GRANDE COTE) 01130 LES NEYROLLES,01274,"46.1378,5.6378",Pylône autostable,36m,TDF,2026-08-13,AJA,,False,False
448172,BOUYGUES TELECOM,UMTS 2100,CHEM DE VENOSC À LA RIVOIRE PYLONE TDF (LE COLLET) 38860 LES DEUX ALPES,38253,"44.9931,6.1086",Pylône autostable,25m,TDF,2009-02-04,SUP,,False,False
449222,SFR,"LTE 700, LTE 2100, 5G NR 2100","145, BD  WISTON CHURCHILL TOUR DE WARNERY 77300 FONTAINEBLEAU",77186,"48.4078,2.6883",Immeuble,63m,"Commune, communauté de communes",2026-08-28,AJA,,False,False
449222,SFR,UMTS 2100,"145, BD  WISTON CHURCHILL TOUR DE WARNERY 77300 FONTAINEBLEAU",77186,"48.4078,2.6883",Immeuble,63m,"Commune, communauté de communes",,SUP,,False,False
450055,ORANGE,5G NR 2100, (PUECH DE CAPDENAT) 12150 SEVERAC D AVEYRON,12270,"44.3097,3.0322",Pylône autostable,29m,TDF,2025-10-02,ART,,False,False
450101,BOUYGUES TELECOM,"LTE 700, 5G NR 2100", (LES TREMBLATS) 89420 SANTIGNY,89375,"47.5831,4.1292",Pylône autostable,36m,TOTEM,,AJO,,False,False
450197,BOUYGUES TELECOM,"LTE 700, LTE 2100, LTE 2600, 5G NR 2100",187 R ST LADRE SUPERMARCHE CHAMPION 59400 CAMBRAI,59122,"50.1625,3.2494",Pylône tubulaire,30m,TOTEM,2026-08-29,ALL,,False,False
450279,SFR,5G NR 2100,AV DU GÉNÉRAL SCHNEIDER CHÂTEAU D'EAU 67470 SELTZ,67463,"48.8942,8.1022",Château d'eau - réservoir,49m,"Syndicat des eaux, Adduction",,SUP,,False,False
450302,SFR,5G NR 2100,CHEM D'EXPLOITATION DU SCHILLINGS WACKEL (REIMERSWEILERWEG) 67250 SURBOURG,67487,"48.9147,7.8661",Pylône autostable,48m,HIVORY,,AJO,,False,False
450450,BOUYGUES TELECOM,UMTS 2100,RTE DES BOSSONETS (LES BOSSONNETS) 74300 CHATILLON SUR CLUSES,74064,"46.0881,6.5794",Pylône autostable,20m,TDF,2008-05-30,SUP,,False,False
451193,BOUYGUES TELECOM,UMTS 2100,R DU PRIEURÉ (FERME ST CHRISTOPHE) 60700 FLEURINES,60238,"49.2611,2.5986",Pylône tubulaire,45m,HIVORY,2008-11-06,SUP,,False,False
452333,ORANGE,LTE 700,CHEM RURAL DIT DU PERRIAU (LE PERRIAU) 18100 MERY SUR CHER,18150,"47.2461,1.9833",Château d'eau - réservoir,50m,"Commune, communauté de communes",2026-09-03,ALL,,False,False
453923,BOUYGUES TELECOM,UMTS 2100,R DE LA GARE GARE SNCF 25420 VOUJEAUCOURT,25632,"47.4792,6.77",Pylône autostable,21m,CELLNEX,2009-11-10,SUP,,False,False
454033,BOUYGUES TELECOM,UMTS 2100,RD 64 R DE MELUN CH D'EAU (LES ROCHES) 77930 CHAILLY EN BIERE,77069,"48.4706,2.6089",Château d'eau - réservoir,40m,"Commune, communauté de communes",2008-08-12,SUP,,False,False
456748,BOUYGUES TELECOM,"GSM 1800, UMTS 2100",KUTSCHENWEG EMETTEUR DE LUTTANGE BP3 (LA TELEVISION) 57935 LUTTANGE,57426,"49.2758,6.315",Pylône haubané,243m,TDF,1998-06-04,SUP,,False,False
457661,ORANGE,"LTE 2100, 5G NR 3500",RÉSERVOIR COMMUNAL (LES MAILLETS - LA CARRIÈRE) 60370 HERMES,60313,"49.3614,2.2531",Pylône autostable,"34,5m",TOTEM,2026-08-26,ALL,,False,False
459423,BOUYGUES TELECOM,LTE 2100,V COMMUNALE N°5 DE VALDAMPIERRE À MONTHERLAND (LE CHEM DE MÉRU) 60790 VALDAMPIERRE,60652,"49.2983,2.0511",Pylône autostable,35m,ORANGE,,AJO,,False,False
461958,FREE MOBILE,,CHEM DÉPARTEMENTALE 78 (RÉAL MARTIN) 83390 PUGET VILLE,83100,"43.2747,6.1881",Pylône autostable,16m,ATC FRANCE,2022-10-21,CHI,1623315,False,True
462119,ORANGE,"LTE 2100, 5G NR 3500",PROCHE DE LA DÉCHARGE MUNICIPALE (BURGER WALD) 68580 SEPPOIS LE BAS,68305,"47.5461,7.1736",Pylône autostable,47m,HIVORY,2026-08-27,ALL,,False,False
462573,BOUYGUES TELECOM,5G NR 3500,29 R ST VINCENT DE PAUL IMM ABC EXPORT 59150 WATTRELOS,59650,"50.7044,3.2044",Immeuble,17m,"Copropriété, Syndic, SCI",2026-07-29,ART,,False,False
463071,BOUYGUES TELECOM,"LTE 700, LTE 1800, LTE 2100, 5G NR 2100",RUE DES  JONCQUILLES D.100 - A1 - SENS L/P  PK 53 60410 VILLENEUVE SUR VERBERIE,60680,"49.2725,2.6942",Pylône autostable,52m,Sociétés d'Autoroutes,,AJO,,False,False
463071,BOUYGUES TELECOM,UMTS 2100,RUE DES  JONCQUILLES D.100 - A1 - SENS L/P  PK 53 60410 VILLENEUVE SUR VERBERIE,60680,"49.2725,2.6942",Pylône autostable,52m,Sociétés d'Autoroutes,2019-06-27,SUP,,False,False
463604,BOUYGUES TELECOM,LTE 700,RTE DE CHOISEL PROCHE STATION POMPAGE (LES CHARBONNIERS) 78460 CHEVREUSE,78160,"48.6975,2.0328",Pylône tubulaire,32m,"Commune, communauté de communes",2022-01-15,ART,,False,False
464101,BOUYGUES TELECOM,"LTE 700, LTE 2600", (PORS AN NEY) 22300 LANNION,22113,"48.7706,-3.4733",Pylône autostable,43m,ATC FRANCE,,AJO,,False,False
464266,ORANGE,"GSM 900, UMTS 900, UMTS 2100, LTE 700, LTE 800, LTE 1800, LTE 2100, LTE 2600",R BOUCICAUT/R MESSYRE D'ANDLAU CHÂTEAU D'EAU 76130 MONT ST AIGNAN,76451,"49.4719,1.0831",Château d'eau - réservoir,57m,"Commune, communauté de communes",2004-12-31,SUP,,False,False
464511,BOUYGUES TELECOM,LTE 700,CHEMIN DU HAUT CHATEAU (LA LANDE MARTIN) 53410 ST PIERRE LA COUR,53247,"48.1075,-1.0111",Pylône autostable,35m,TOTEM,,AJO,,False,False
464551,SFR,"UMTS 2100, 5G NR 3500",7 R BOURSEAULT 75017 PARIS 17,75117,"48.8831,2.3203",Immeuble,31m,"Copropriété, Syndic, SCI",2013-04-26,SUP,,False,False
465125,ORANGE,"LTE 700, 5G NR 2100", (DEVANT SANS SOUCI) 51120 SEZANNE,51535,"48.7406,3.7192",Pylône autostable,58m,TOTEM,,AJO,,False,False
465125,ORANGE,"GSM 900, LTE 2100", (DEVANT SANS SOUCI) 51120 SEZANNE,51535,"48.7406,3.7192",Pylône autostable,58m,TOTEM,1995-03-03,SUP,,False,False
465381,BOUYGUES TELECOM,LTE 2600,CHEM DES BLACHES (LE CHATELARD) 38140 REAUMONT,38331,"45.3636,5.5075",Pylône autostable,32m,TDF,2026-08-24,ALL,,False,False
468919,BOUYGUES TELECOM,"LTE 700, 5G NR 2100, 5G NR 3500",RUE TORRICIOLA (LA HAUTE VILLE) 20169 BONIFACIO,2A041,"41.3875,9.1592",Immeuble,29m,Société HLM,,AJO,,False,False
469766,FREE MOBILE,5G NR 3500,BD DE LA RÉPUBLIQUE CHATEAU D'EAU (ELISABETHVILLE) 78410 AUBERGENVILLE,78029,"48.9731,1.8472",Château d'eau - réservoir,41m,"Syndicat des eaux, Adduction",,AJO,,False,False
472870,ORANGE,5G NR 2100,IMM NEIGE PRÉ HUEZ VILLAGE 38750 HUEZ,38191,"45.0811,6.0567",Immeuble,17m,"Copropriété, Syndic, SCI",2025-06-25,ART,,False,False
474084,BOUYGUES TELECOM,LTE 2100,135 R JULES GUESDE 62800 LIEVIN,62510,"50.4333,2.7819",Pylône autostable,"30,5m",TOTEM,2024-11-25,SUP,,False,False
474268,SFR,LTE 700,760 R DES GREZES TOUR DVRN DE BIONNE 34090 MONTPELLIER,34172,"43.605,3.8247",Tour hertzienne,"119,5m",TDF,,SUP,,False,False
474858,BOUYGUES TELECOM,"LTE 1800, 5G NR 2100",CHEM BLANC 80690 AILLY LE HAUT CLOCHER,80009,"50.0803,1.9992",Pylône autostable,48m,HIVORY,2026-08-28,ALL,,False,False
475297,BOUYGUES TELECOM,UMTS 2100,18 AV NOEL DUCHESNE 78980 BREVAL,78107,"48.9428,1.5431",Silo,"27,8m",Société Privée,2008-10-22,SUP,,False,False
476462,BOUYGUES TELECOM,UMTS 2100,5 RUE DU STADE (LE BOIS SIMON) 55170 COUSANCES LES FORGES,55132,"48.6081,5.0822",Pylône autostable,43m,TDF,2016-08-31,SUP,,False,False
477382,BOUYGUES TELECOM,"LTE 700, 5G NR 2100, 5G NR 3500",PRÈS D.16B (LA HOUTTE) 57390 RUSSANGE,57603,"49.4825,5.9494",Pylône autostable,43m,TDF,2026-08-19,ALL,,False,False
478146,BOUYGUES TELECOM,"GSM 900, UMTS 2100, 5G NR 2100",348 CHEMIN DU MIRACLE TERRAIN PELLEGRIN 06250 MOUGINS,06085,"43.5869,6.9747",Pylône tubulaire,22m,ATC FRANCE,2021-11-24,SUP,,False,False
478506,BOUYGUES TELECOM,LTE 2600, (LES GRANDES BRUYÈRES) 69380 LOZANNE,69121,"45.8531,4.6736",Pylône autostable,28m,TDF,2026-08-27,ALL,,False,False
480809,SFR,"LTE 700, 5G NR 2100",R VERTE PROCHE RD17 (MOULIN DU CHEM VERT) 59470 HOUTKERQUE,59318,"50.8817,2.5706",Pylône autostable,35m,ATC FRANCE,,AJO,,False,False
481148,SFR,UMTS 2100,CHEM RURAL DE LA GRANDE FOSSE PRÈS A26 (LES FONTINETTES) 02840 ATHIES SOUS LAON,02028,"49.5775,3.7017",Pylône autostable,47m,TDF,2012-05-04,SUP,,False,False
481329,BOUYGUES TELECOM,UMTS 2100,GORGES ET PLATRIÈRES D'APREMONT CH D'EAU DE BARBIZON RTE DE LA PERSPECTIVE DE ROCHEFORT 77300 FONTAINEBLEAU,77186,"48.4394,2.6053",Château d'eau - réservoir,42m,"Commune, communauté de communes",2008-10-02,SUP,,False,False
481813,BOUYGUES TELECOM,LTE 2100,BOIS DATEFY D40 PM DE BEAUPONT NORD  PRÈS A 39 (LA COMMUNE) 71480 CONDAL,71143,"46.4625,5.2964",Pylône autostable,40m,Sociétés d'Autoroutes,2026-08-30,ALL,,False,False
481813,SFR,LTE 2100,BOIS DATEFY D40 PM DE BEAUPONT NORD  PRÈS A 39 (LA COMMUNE) 71480 CONDAL,71143,"46.4625,5.2964",Pylône autostable,40m,Sociétés d'Autoroutes,2026-08-26,ALL,,False,False
481858,BOUYGUES TELECOM,UMTS 2100,1 R D'HESDIGNEUL D 240 TRANSPORT VÉRITÉ 62360 CONDETTE,62235,"50.6547,1.6447",Pylône tubulaire,"28,5m",TDF,2022-12-28,SUP,,False,False
481956,ORANGE,5G NR 2100,CHEM DU GLAPI TOUR HERTZIENNE (MONT À L'ASSAUT) 51320 MONTEPREUX,51377,"48.7119,4.1161",Tour hertzienne,59m,TDF,,AJO,,False,False
481956,ORANGE,GSM 900,CHEM DU GLAPI TOUR HERTZIENNE (MONT À L'ASSAUT) 51320 MONTEPREUX,51377,"48.7119,4.1161",Tour hertzienne,59m,TDF,2006-04-15,SUP,,False,False
482468,BOUYGUES TELECOM,UMTS 2100,VC N°7 DE PLACHY BUYON À HÉBÉCOURT A16 ACCÈS SERVICE 159 PK117.35 (LA MONTAGNE) 80160 PLACHY BUYON,80627,"49.8167,2.2456",Pylône autostable,42m,Sociétés d'Autoroutes,2008-09-12,SUP,,False,False
482547,BOUYGUES TELECOM,UMTS 2100,A13 BD DE JARDY RTE NAPOLÉON III PR 8.4 92420 VAUCRESSON,92076,"48.8322,2.1531","Ouvrage d'art (pont, viaduc)","8,1m",DDE,2008-10-03,SUP,,False,False
482959,BOUYGUES TELECOM,UMTS 2100,CHEM DE L'ETANG DE BATAVIA ALLÉE DES MARONNIERS PRÈS RN 43 (CHATEAU DE BATAVIA) 62510 ARQUES,62040,"50.7242,2.3039",Pylône autostable,30m,TOTEM,2008-11-24,SUP,,False,False
483051,BOUYGUES TELECOM,UMTS 2100,"AV GEORGES GUYNEMER A.6 - PK 6,3 94550 CHEVILLY LARUE",94021,"48.7622,2.3403","Ouvrage d'art (pont, viaduc)","9,7m",DDE,2018-05-30,SUP,,False,False
483246,BOUYGUES TELECOM,UMTS 2100,98 R MAURICE BERTEAUX A13 TUNNEL DE MANTES LA VILLE 78711 MANTES LA VILLE,78362,"48.9778,1.7108",Tunnel,"6,6m",Société Privée,2009-03-03,SUP,,False,False
483343,BOUYGUES TELECOM,UMTS 2100,A13 SENS PROVINCE-PARIS PR20.5 FORÊT DE MARLY 78810 FEUCHEROLLES,78233,"48.8836,2.0139","Ouvrage de signalisation (portique routier, panneau routier)",7m,DDE,2008-10-30,SUP,,False,False
483726,BOUYGUES TELECOM,UMTS 2100,R DU JEU D'ARC R DE LA MOTHE (LES ECHABOTS) 77230 MOUSSY LE NEUF,77322,"49.0611,2.6006",Château d'eau - réservoir,41m,"Commune, communauté de communes",2008-09-04,SUP,,False,False
484295,OUTREMER TELECOM,"LTE 700, 5G NR 3500", (MORNE PAVILLON) 97220 LA TRINITE,97230,"14.755,-60.9122",Pylône autostable,40m,TDF,,AJO,,False,False
484710,FREE MOBILE,LTE 2100, (LES AIGUILLES AUX RETS) 79270 FRONTENAY ROHAN ROHAN,79130,"46.2653,-0.5356",Pylône autostable,"49,3m",TDF,2026-09-02,ALL,,False,False
485046,BOUYGUES TELECOM,UMTS 2100,CHEM DU STADE LE STADE (LE CLOS ROGRET) 60890 MAREUIL SUR OURCQ,60380,"49.1353,3.0856",Pylône autostable,45m,HIVORY,2018-04-29,SUP,,False,False
485054,BOUYGUES TELECOM,UMTS 2100,AIRE DE SERVICE DE ST LÉGER KM155 62128 ST LEGER,62754,"50.1739,2.8731",Pylône autostable,45m,HIVORY,2018-07-31,SUP,,False,False
486115,BOUYGUES TELECOM,UMTS 2100,ROUTE DE L'ERMITAGE TOUR DE GUÊT DE FRANCHARD (LA CROIX DE FRANCHARD) 77300 FONTAINEBLEAU,77186,"48.41,2.6319",Pylône autostable,37m,"État, Ministère",2008-10-06,SUP,,False,False
486667,ORANGE,"LTE 1800, LTE 2600, 5G NR 2100",D.181 (KERMEÏN) 29242 OUESSANT,29155,"48.4567,-5.0889",Pylône autostable,"49,4m",TOTEM,2025-08-05,ART,,False,False
492729,ORANGE,"LTE 700, 5G NR 2100", (LES JUSTICES) 21500 MONTBARD,21425,"47.645,4.3644",Pylône autostable,87m,TDF,,AJO,,False,False
492729,ORANGE,"GSM 900, LTE 2100", (LES JUSTICES) 21500 MONTBARD,21425,"47.645,4.3644",Pylône autostable,87m,TDF,1998-12-29,SUP,,False,False
492746,ORANGE,5G NR 3500,RD 468 (NIEDERFELD STRASSE U LOEWE) 68740 FESSENHEIM,68091,"47.9208,7.5364",Château d'eau - réservoir,39m,"Copropriété, Syndic, SCI",2026-08-27,ALL,,False,False
492931,BOUYGUES TELECOM,UMTS 2100,R DE LA COUARDE - N.12 SENS PARIS/DREUX (BOIS DE LA COUARDE) 78940 LA QUEUE LES YVELINES,78513,"48.7994,1.7467","Ouvrage d'art (pont, viaduc)","7,5m",DDE,2008-11-22,SUP,,False,False
493209,ORANGE,5G NR 2100,D.952 LES COTEAUX (CLIMAT DES TERRES VAINES) 45460 LES BORDES,45042,"47.7925,2.4425",Pylône autostable,30m,TOTEM,2026-08-27,ALL,,False,False
493401,BOUYGUES TELECOM,UMTS 2100,PROCHE RN 15 CHÂTEAU D'EAU DE FRÉMÉCOURT - D 915 (LA REMISE) 95830 FREMECOURT,95254,"49.1244,2.0011",Château d'eau - réservoir,"41,6m","Syndicat des eaux, Adduction",2019-07-23,SUP,,False,False
495456,BOUYGUES TELECOM,LTE 2100,CHEM D'EXPLOITATION (GROSSEN WASEN) 67160 SCHLEITHAL,67451,"48.9825,8.0544",Château d'eau - réservoir,"43,5m","Syndicat des eaux, Adduction",2026-08-19,ALL,,False,False
496153,SFR,"LTE 700, LTE 1800, LTE 2100, LTE 2600, 5G NR 2100","5 TER, R GEORGES CLÉMENCEAU 59273 FRETIN",59256,"50.5603,3.1494",Pylône tubulaire,30m,ATC FRANCE,,AJO,,False,False
497286,FREE MOBILE,LTE 2100,R CHAMPOLLION ZAC DE KEREBARS 29820 GUILERS,29069,"48.4297,-4.5717",Pylône autostable,39m,TOTEM,2026-09-02,ALL,,False,False
500122,FREE MOBILE,5G NR 3500,RESERVOIR DE L OUEST (LA COUR ST JULIEN) 14400 BAYEUX,14047,"49.2789,-0.7203",Château d'eau - réservoir,40m,"Syndicat des eaux, Adduction",,AJO,,False,False
500380,FREE MOBILE,"LTE 2100, 5G NR 700",TOUR (LE PUY DE FONTANAS) 63870 ORCINES,63263,"45.7708,3.0178",Bâtiment,10m,"Commune, communauté de communes",2026-09-02,ALL,,False,False
500484,BOUYGUES TELECOM,LTE 2100,LA POINTE PYLÔNE TDF 08090 SURY,08432,"49.7631,4.5992",Pylône autostable,108m,TDF,2026-08-19,ALL,,False,False
502260,SFR,LTE 700,D.107 (BOIS CHALLIEN) 58700 GIRY,58127,"47.2142,3.3747",Pylône autostable,"43,1m",TDF,,AJO,,False,False
502872,BOUYGUES TELECOM,LTE 700,AV JEAN CHÂTELET PRÈS DE LA PISCINE 18500 MEHUN SUR YEVRE,18141,"47.1475,2.2183",Château d'eau - réservoir,"34,7m","Syndicat des eaux, Adduction",2026-08-25,ALL,,False,False
502964,SFR,LTE 700,233 R GUGIELMO MARCONI DDE LE PARC 34090 MONTPELLIER,34172,"43.6117,3.9103",Pylône autostable,15m,HIVORY,,SUP,,False,False
504168,BOUYGUES TELECOM,LTE 2600,CHEM DU POULOU PRES DE LA JONCTION RD130 ET RD 538 (LE POIZAT) 38270 BEAUREPAIRE,38034,"45.3322,5.0628",Bâtiment,53m,"Coopérative Agricole, Vinicole",2022-04-13,ART,,False,False
505131,BOUYGUES TELECOM,LTE 2100,BELLE COTE (LA SCIA) 38380 ST PIERRE DE CHARTREUSE,38442,"45.3456,5.8467",Pylône autostable,"28,8m",TDF,2026-08-19,ALL,,False,False
505412,SFR,LTE 700,STATION TDF CLOSE LANDE (LE PRÉ DE LA PETITE CLOSE) 35470 BAIN DE BRETAGNE,35012,"47.7972,-1.6478",Tour hertzienne,65m,TDF,,AJO,,False,False
505412,SFR,LTE 2100,STATION TDF CLOSE LANDE (LE PRÉ DE LA PETITE CLOSE) 35470 BAIN DE BRETAGNE,35012,"47.7972,-1.6478",Tour hertzienne,65m,TDF,2021-10-01,SUP,,False,False
509027,BOUYGUES TELECOM,LTE 2600,8 R DE FONTANILLES 48000 MENDE,48095,"44.5225,3.5153",Immeuble,30m,Société HLM,2023-02-08,ART,,False,False
510316,SFR,5G NR 2100,"4, CHEM DU MOULIN A HUILE (MT DES CATS) 59270 BERTHEN",59073,"50.7828,2.6711",Pylône haubané,"200,4m",TDF,,AJO,,False,False
511180,BOUYGUES TELECOM,LTE 700,LES VAUVAINES 79170 BRIOUX SUR BOUTONNE,79057,"46.1564,-0.2139",Pylône autostable,43m,TDF,,AJO,,False,False
511616,SFR,LTE 2100,RTE DE PRANCHERE AU LAC 19300 ROSIERS D EGLETONS,19176,"45.3619,1.9711",Pylône autostable,47m,TDF,,AJO,,False,False
513302,BOUYGUES TELECOM,LTE 2100,CH. DÉPART. 136 DE TORTEFONTAINE (LA CÔTE DE MARCONNELLE) 00404 ERR CONV INSEE,62549,"50.3667,2.0261",Pylône autostable,26m,ATC FRANCE,2022-05-03,ART,,False,False
513302,BOUYGUES TELECOM,"LTE 2600, 5G NR 2100, 5G NR 3500",CH. DÉPART. 136 DE TORTEFONTAINE (LA CÔTE DE MARCONNELLE) 00404 ERR CONV INSEE,62549,"50.3667,2.0261",Pylône autostable,26m,ATC FRANCE,,SUP,,False,False
514271,BOUYGUES TELECOM,LTE 1800, (LE TRUC) 04530 VAL D ORONAYE,04120,"44.4536,6.8392",Pylône autostable,25m,TDF,2026-08-28,ALL,,False,False
515749,BOUYGUES TELECOM,LTE 700,D 14 (LES CHAMPS DE DEVANT) 44110 ERBRAY,44054,"47.66,-1.3231",Pylône autostable,38m,HIVORY,,AJO,,False,False
515749,BOUYGUES TELECOM,LTE 2100,D 14 (LES CHAMPS DE DEVANT) 44110 ERBRAY,44054,"47.66,-1.3231",Pylône autostable,38m,HIVORY,2021-12-22,SUP,,False,False
519837,BOUYGUES TELECOM,LTE 2600, (VALDO) 20144 ZONZA,2A362,"41.7497,9.1736",Pylône autostable,20m,TOTEM,2026-08-20,ALL,,False,False
520343,BOUYGUES TELECOM,LTE 700,LES SABLONS (LE REGARD ROUGE) 28260 OULINS,28293,"48.8722,1.4839",Pylône autostable,44m,TDF,2026-09-07,AAV,,False,False
521515,SFR,5G NR 2100,PRÈS D. 131 ET GR 137 PYLÔNE TDF 71670 ST PIERRE DE VARENNES,71468,"46.8636,4.5011",Pylône autostable,32m,TDF,,SUP,,False,False
523033,SFR,LTE 700,CHEM RURAL (LA FRUGERIE) 87110 BOSMIE L AIGUILLE,87021,"45.7656,1.2222",Pylône tubulaire,34m,TOTEM,,AJO,,False,False
527835,FREE MOBILE,"LTE 700, LTE 900, LTE 1800, LTE 2100, LTE 2600, 5G NR 3500",29 RTE DE MEAUX SENTE DITE DES COMMUNES (LES PRÉS DE LA FONTAINE) 77700 SERRIS,77449,"48.8442,2.7914",Pylône autostable,27m,TOTEM,2026-09-02,ALL,,False,True
529975,SFR,5G NR 3500,8 ESPLANADE CHARLES DE GAULLE 40100 DAX,40088,"43.7106,-1.0519",Immeuble,31m,Société HLM,2026-08-28,AJA,,False,False
529975,SFR,LTE 700,8 ESPLANADE CHARLES DE GAULLE 40100 DAX,40088,"43.7106,-1.0519",Immeuble,31m,Société HLM,,AJO,,False,False
53074,SRR,"LTE 700, LTE 2100",50 CHEM ST ALME (STE THERESE) 97419 LA POSSESSION,97408,"-20.9656,55.3292",Pylône autostable,25m,Société Réunionnaise de Radiotéléphonie,2026-08-26,ALL,,False,False
531196,ORANGE,5G NR 2100, (LA CROIX PEUFRÊTE) 42430 ST MARCEL D URFE,42255,"45.8767,3.8569",Pylône autostable,"45,3m",Sociétés d'Autoroutes,2025-09-10,ART,,False,False
531533,FREE MOBILE,5G NR 3500,"COMPLEXE SPORTIF DES GATINES 167, AV DE L'ARMÉE LECLERC RÉSERVOIR DE LA BATTE DE LOUANS - LES GATINES 91600 SAVIGNY SUR ORGE",91589,"48.6903,2.3389",Château d'eau - réservoir,"32,5m","Syndicat des eaux, Adduction",,AJO,,False,False
534007,SFR,5G NR 2100,1162 R DE LA ROUME 59299 BOESCHEPE,59086,"50.8019,2.7053",Pylône autostable,"12,2m",HIVORY,,AJO,,False,False
536847,FREE MOBILE,5G NR 3500,R DES RESERVOIRS CHÂTEAU D'EAU 78110 LE VESINET,78650,"48.8961,2.1414",Château d'eau - réservoir,47m,"Syndicat des eaux, Adduction",,AJO,,False,False
538591,SFR,"LTE 700, LTE 2100, LTE 2600, 5G NR 2100",CHEM RURAL  (HAIE COCOTTE) 57255 STE MARIE AUX CHENES,57620,"49.1872,6.0125",Pylône autostable,35m,SFR,2026-08-27,ALL,,False,False
539244,BOUYGUES TELECOM,LTE 700,R DE LA FAIENCERIE-EGLISE 77950 RUBELLES,77394,"48.5606,2.68",Monument religieux,28m,"Commune, communauté de communes",,AJO,,False,False
539244,BOUYGUES TELECOM,LTE 2100,R DE LA FAIENCERIE-EGLISE 77950 RUBELLES,77394,"48.5606,2.68",Monument religieux,28m,"Commune, communauté de communes",2020-11-19,ART,,False,False
540451,BOUYGUES TELECOM,"UMTS 900, LTE 800, LTE 1800, LTE 2100, LTE 2600, 5G NR 2100",40-44 R DE LA VILLETTE GARE PART-DIEU 69003 LYON 03,69383,"45.7608,4.8614",Bâtiment,9m,SNCF Réseau,2023-06-14,SUP,,False,False
540606,ORANGE,"GSM 900, LTE 700",VC (LA HIAIS) 44320 ST PERE EN RETZ,44187,"47.2192,-2.1325",Pylône autostable,30m,TOTEM,1997-12-19,SUP,,False,False
542181,ORANGE,5G NR 2100, (LE HAUT BRAMBELAY) 56800 CAMPENEAC,56032,"47.9447,-2.2675",Pylône autostable,41m,ATC FRANCE,2025-06-13,ART,,False,False
547051,BOUYGUES TELECOM,"LTE 2100, LTE 2600",RD 40 (SCHWEIGHOUSE) 68610 LAUTENBACH,68177,"47.9403,7.1819",Pylône autostable,46m,TDF,2026-08-19,ALL,,False,False
551067,ORANGE,5G NR 2100,A 5-PEAGE ST GERMAIN LAXIS (LA FOSSE AUX CHEVAUX) 77950 ST GERMAIN LAXIS,77410,"48.5875,2.7242",Pylône autostable,38m,Sociétés d'Autoroutes,2026-08-24,ALL,,False,False
551067,SFR,LTE 2100,A 5-PEAGE ST GERMAIN LAXIS (LA FOSSE AUX CHEVAUX) 77950 ST GERMAIN LAXIS,77410,"48.5875,2.7242",Pylône autostable,38m,Sociétés d'Autoroutes,,AJO,,False,False
554980,FREE MOBILE,5G NR 3500,2 AV HENRI DUNANT 94350 VILLIERS SUR MARNE,94079,"48.8239,2.5403",Immeuble,26m,Société HLM,,AJO,,False,False
559340,BOUYGUES TELECOM,LTE 700,ZA DE LA NOUE CHEM RURAL DIT DE LA NOUE EFFRONDE (COFFERY) 77320 CHOISY EN BRIE,77116,"48.7517,3.21",Pylône tubulaire,30m,ATC FRANCE,2026-08-30,ALL,,False,False
559887,BOUYGUES TELECOM,LTE 2100,CHEM D'EXPLOITATION 7 A 39 AIRE DE SERVICE DU JURA (GRAND BOIS D'AMONT) 39210 ARLAY,39017,"46.7736,5.5244",Pylône autostable,33m,TOTEM,2026-08-29,ALL,,False,False
560122,SFR,"LTE 700, LTE 1800, LTE 2600, 5G NR 2100", (LOUS COURNAS) 48500 LA CANOURGUE,48034,"44.47,3.2128",Pylône autostable,45m,TDF,,SUP,,False,False
561744,BOUYGUES TELECOM,"LTE 2100, LTE 2600",STADE HENRI MÉRILLAC RTE DE BOURGES 36100 ISSOUDUN,36088,"46.9567,2.0089",Pylône autostable,49m,HIVORY,2026-08-26,ALL,,False,False
571039,ORANGE,"GSM 900, 5G NR 3500",AV DU PRINCE EDOUARD (RÉSERVOIR DE COSTEBELLE) 83400 HYERES,83069,"43.0886,6.1183",Mât,"9,2m",TOTEM,2023-12-31,SUP,,False,False
573464,ORANGE,"LTE 700, 5G NR 2100",CHEM RURAL (LES GRENOUILLOUX) 43500 ST PAL DE CHALENCON,43212,"45.3528,3.9714",Pylône autostable,30m,HIVORY,,AJO,,False,False
573464,ORANGE,GSM 900,CHEM RURAL (LES GRENOUILLOUX) 43500 ST PAL DE CHALENCON,43212,"45.3528,3.9714",Pylône autostable,30m,HIVORY,2007-03-07,SUP,,False,False
574246,SFR,LTE 700,RTE DE TEYRAN PRES RÉSERVOIR (DEVES DE PERET) 34820 ASSAS,34014,"43.6992,3.9269",Pylône tubulaire,20m,TOTEM,,SUP,,False,False
574349,ORANGE,"LTE 2100, 5G NR 3500",RTE DE BERGUES JARDIN SNCF LIGNE DE COUDEKERQUE PRES DU GYMNASE 59210 COUDEKERQUE BRANCHE,59155,"51.0044,2.3781",Pylône autostable,37m,CELLNEX,2026-08-21,ALL,,False,False
575613,FREE MOBILE,"LTE 2100, 5G NR 700",LES GRANDES RAIES CHEM RURAL PIERRE TORRION (TERRE DU BOIS) 01290 GRIEGES,01179,"46.2583,4.8303",Pylône autostable,37m,HIVORY,2026-09-02,ALL,,False,False
580216,BOUYGUES TELECOM,LTE 700,RTE DE BÉROU (LA BRIQUETERIE) 27220 PREY,27478,"48.965,1.1972",Pylône tubulaire,32m,ATC FRANCE,2026-09-03,AJA,,False,False
580216,BOUYGUES TELECOM,"LTE 1800, 5G NR 2100",RTE DE BÉROU (LA BRIQUETERIE) 27220 PREY,27478,"48.965,1.1972",Pylône tubulaire,32m,ATC FRANCE,,AJO,,False,False
580921,ORANGE,5G NR 2100,CHEM RURAL (GRÉSIL) 40300 BELUS,40034,"43.5928,-1.105",Château d'eau - réservoir,34m,"Syndicat des eaux, Adduction",2025-06-17,ART,,False,False
581941,SFR,"GSM 900, UMTS 900, UMTS 2100, LTE 800, LTE 1800, LTE 2600",AÉROPORT DU BOURGET ADP BÂT 66 93440 DUGNY,93030,"48.9456,2.4347",Bâtiment,32m,"CCI, Ch Métier, Port Aut, Aéroport",2000-02-01,SUP,,False,False
582560,ORANGE,"GSM 900, UMTS 900, LTE 800, LTE 1800, LTE 2100",BEL AIR CHÂTEAU D'EAU PRÈS D180 (LE CERISIER) 49520 OMBREE D ANJOU,49248,"47.7597,-1.1239",Château d'eau - réservoir,62m,"Commune, communauté de communes",2006-04-15,SUP,,False,False
584375,BOUYGUES TELECOM,LTE 700,RÉEMETTEUR TDF DE SUMÈNE 1 (LES JUMEAUX) 30440 SUMENE,30325,"43.9714,3.7028",Pylône autostable,"17,5m",TDF,2026-09-03,AJA,,False,False
584375,BOUYGUES TELECOM,LTE 2100,RÉEMETTEUR TDF DE SUMÈNE 1 (LES JUMEAUX) 30440 SUMENE,30325,"43.9714,3.7028",Pylône autostable,"17,5m",TDF,2022-09-29,SUP,,False,False
587208,SFR,LTE 2100,PÉAGE DE MONTREUIL-AUX-LIONS DE L'A A4 77260 STE AULDE,77401,"49.01,3.1447",Pylône autostable,51m,Sociétés d'Autoroutes,,AJO,,False,False
593435,ORANGE,LTE 2600,PAROPIS D 8 (BROUQUET) 33210 SAUTERNES,33504,"44.5214,-0.3289",Château d'eau - réservoir,"28,8m","Commune, communauté de communes",2026-08-27,ALL,,False,False
595120,BOUYGUES TELECOM,LTE 2100,RD 34 (LES SAULES) 60120 VILLERS VICOMTE,60692,"49.6458,2.2197",Pylône autostable,30m,TDF,,AJO,,False,False
596579,SFR,LTE 700,R JEAN JACQUES D.129 (LA BRIQUETERIE) 62870 CAMPAGNE LES HESDIN,62204,"50.3911,1.8611",Pylône tubulaire,36m,TDF,,AJO,,False,False
596579,SFR,LTE 2100,R JEAN JACQUES D.129 (LA BRIQUETERIE) 62870 CAMPAGNE LES HESDIN,62204,"50.3911,1.8611",Pylône tubulaire,36m,TDF,2024-05-03,SUP,,False,False
602295,ORANGE,"LTE 2100, 5G NR 700, 5G NR 3500",R D'AMIENS RN 25 80260 TALMAS,80746,"50.0231,2.3258",Pylône autostable,46m,SFR,2026-08-28,ALL,,False,False
607174,BOUYGUES TELECOM,LTE 2100,AV AMBROISE CROIZAT HÔTEL GÉO 95140 GARGES LES GONESSE,95268,"48.9664,2.41",Immeuble,20m,Société Privée,2018-01-25,SUP,,False,False
607705,SFR,"LTE 700, 5G NR 3500",CHEM RURAL (FROMENTAUX) 38440 BEAUVOIR DE MARC,38035,"45.5408,5.0825",Pylône autostable,25m,ATC FRANCE,2026-08-27,ALL,,False,False
608275,ORANGE,5G NR 2100,BRAMBILY (LANDES DE CARNE) 56460 SERENT,56244,"47.8294,-2.5194",Pylône autostable,32m,HIVORY,,AJO,,False,False
608275,ORANGE,GSM 900,BRAMBILY (LANDES DE CARNE) 56460 SERENT,56244,"47.8294,-2.5194",Pylône autostable,32m,HIVORY,2006-02-04,SUP,,False,False
608880,SRR,5G NR 3500,CHEMIN GRAND FOND (ABONDANCE) 97470 ST BENOIT,97410,"-21.0328,55.6792",Mât béton,16m,Particulier,2026-08-27,ALL,,False,False
609339,ORANGE,"GSM 900, LTE 700",R CROAZ MEZ AN OTEN LE CHÂTEAU D'EAU 22390 BOURBRIAC,22013,"48.4669,-3.1889",Château d'eau - réservoir,35m,"Syndicat des eaux, Adduction",1999-06-11,SUP,,False,False
609928,SRR,"LTE 700, LTE 2100", (VATOUNKARIDI) 97625 KANI KELI,97609,"-12.9722,45.1414",Pylône autostable,23m,TDF,2026-08-21,ALL,,False,False
609928,SRR,"UMTS 2100, LTE 1800, LTE 2600", (VATOUNKARIDI) 97625 KANI KELI,97609,"-12.9722,45.1414",Pylône autostable,23m,TDF,2022-10-21,ART,,False,False
614794,ORANGE,5G NR 700,AV DU GÉNÉRAL DE GAULLE CH D'EAU 62610 ARDRES,62038,"50.8508,1.9783",Château d'eau - réservoir,34m,"Commune, communauté de communes",2026-09-11,AAV,,False,False
614910,SFR,LTE 700,CD N°4 (LA REPOSERIE) 89240 POURRAIN,89311,"47.7517,3.4058",Pylône tubulaire,39m,ATC FRANCE,,AJO,,False,False
617954,ORANGE,GSM 900,BVD KERGUELEN LA POSTE 29000 QUIMPER,29232,"47.9958,-4.0997",Immeuble,24m,ORANGE,1999-12-23,SUP,,False,False
619441,BOUYGUES TELECOM,"LTE 1800, LTE 2100, 5G NR 2100",R DE L'ECOLE DU BOIS JOLI  VC N°53 (LA CARRIÈRE DURE) 02250 MARLE,02468,"49.7358,3.7769",Pylône autostable,36m,TOTEM,2026-08-27,ALL,,False,False
619441,ORANGE,5G NR 700,R DE L'ECOLE DU BOIS JOLI  VC N°53 (LA CARRIÈRE DURE) 02250 MARLE,02468,"49.7358,3.7769",Pylône autostable,36m,TOTEM,2026-09-10,AAV,,False,False
626481,ORANGE,5G NR 700,R DE LA COMBE ROSIER (CHAMPS SUR LE RONDEY) 25250 L ISLE SUR LE DOUBS,25315,"47.4372,6.5803",Pylône autostable,35m,ATC FRANCE,2026-09-10,AAV,,False,False
629188,BOUYGUES TELECOM,5G NR 2100,4 PLACE DU GÉNÉRAL LECLERC 77400 DAMPMART,77155,"48.8853,2.7364",Monument religieux,"27,3m","Commune, communauté de communes",2026-05-29,ART,,False,False
632844,BOUYGUES TELECOM,LTE 700, (LE PRIEURÉ) 26450 ROYNAC,26287,"44.6569,4.9161",Pylône autostable,30m,ATC FRANCE,,AJO,,False,False
635072,SFR,LTE 700,LA DEMEURANTAIS 53500 ST DENIS DE GASTINES,53211,"48.3394,-0.8658",Pylône autostable,38m,TDF,,AJO,,False,False
635072,SFR,LTE 2100,LA DEMEURANTAIS 53500 ST DENIS DE GASTINES,53211,"48.3394,-0.8658",Pylône autostable,38m,TDF,2021-12-23,SUP,,False,False
639649,ORANGE,"LTE 700, 5G NR 2100", (SERRELA CHATTE) 05800 ST FIRMIN,05142,"44.7889,6.0167",Pylône autostable,45m,TOTEM,2026-08-31,ALL,,False,False
647321,ORANGE,"LTE 700, 5G NR 2100",STADE - CTRE SOCIAL (CHEZ MARCELIN) 42540 ST JUST LA PENDUE,42249,"45.8942,4.2361",Pylône autostable,32m,HIVORY,2026-08-27,ALL,,False,False
648126,FREE MOBILE,5G NR 3500,12 R DE SERRE 54100 NANCY,54395,"48.6917,6.1753",Immeuble,"34,2m",Société HLM,,AJO,,False,False
649378,ORANGE,5G NR 700,CH DE SERVICE DU PECH PUECH BELET 34490 MURVIEL LES BEZIERS,34178,"43.4431,3.1425",Pylône tubulaire,22m,HIVORY,2026-08-24,ALL,,False,False
650117,ORANGE,"LTE 700, 5G NR 2100",R DE BUIRE (HAMEAU DE COURCELLES) 80200 BUIRE COURCELLES,80150,"49.9178,2.9931",Fût,31m,Société Privée,,AJO,,False,False
650117,ORANGE,"GSM 900, LTE 2100",R DE BUIRE (HAMEAU DE COURCELLES) 80200 BUIRE COURCELLES,80150,"49.9178,2.9931",Fût,31m,Société Privée,2009-10-21,SUP,,False,False
652062,FREE MOBILE,LTE 2100,CHE RURAL DU VIGNOBLE STATION HERTZIENNE C.D 130 (LES BRIÈRES) 78440 BRUEIL EN VEXIN,78113,"49.0125,1.8172",Tour hertzienne,56m,TDF,2026-09-02,ALL,,False,False
659661,SFR,LTE 2100,"A.28 - PK 46,00 AIRE DE REPOS DU BOIS DU COUDROY 76270 CALLENGEVILLE",76122,"49.8131,1.5136",Pylône autostable,50m,DDE,,AJO,,False,False
660770,ORANGE,"5G NR 700, 5G NR 3500",PRÈS DU RÉSERVOIR (SERRE DE L'AY) 26400 EURRE,26125,"44.7597,4.995",Pylône autostable,30m,HIVORY,2026-08-27,ALL,,False,False
660850,ORANGE,"5G NR 700, 5G NR 3500",C.R N°17 SITE TDF (LA CÔTE) 38930 CLELLES,38113,"44.8317,5.6217",Pylône autostable,25m,TDF,2026-08-27,ALL,,False,False
667849,SFR,UMTS 900,CHEM DE RONCHIVE 38160 ST MARCELLIN,38416,"45.1589,5.3053",Pylône autostable,42m,TOTEM,,SUP,,False,False
673254,ORANGE,"LTE 700, 5G NR 2100",COL DE RABOU PYLÔNE FT 05250 LE DEVOLUY,05139,"44.6414,5.9769",Pylône autostable,16m,TOTEM,2025-09-17,ART,,False,False
678646,FREE MOBILE,"LTE 2100, 5G NR 700",CRUCHY (BEAUSOLEIL BLAINVILLE) 76116 BLAINVILLE CREVON,76100,"49.5067,1.2886",Pylône autostable,30m,HIVORY,2026-09-02,ALL,,False,False
680056,SFR,LTE 700,18 R ST CLÉOPHAS STADE J. SABATHIÉ 34090 MONTPELLIER,34172,"43.5975,3.8692",Pylône tubulaire,28m,"Commune, communauté de communes",,SUP,,False,False
682013,FREE MOBILE,5G NR 3500,PL DE LATTRE DE TASSIGNY CATHÉDRALE 24100 BERGERAC,24037,"44.8539,0.4839",Monument religieux,"80,4m","Commune, communauté de communes",,AJO,,False,False
683752,ORANGE,5G NR 2100,ROCHERS DE MONTBRETON 24340 MAREUIL EN PERIGORD,24253,"45.4475,0.4567",Pylône haubané,77m,TDF,2026-08-24,ALL,,False,False
684947,ORANGE,"5G NR 700, 5G NR 3500",PL DE L'EGLISE 49125 TIERCE,49347,"47.6153,-0.4689",Monument religieux,"48,3m","Commune, communauté de communes",2026-08-24,ALL,,False,False
685735,FREE MOBILE,"LTE 700, LTE 900, LTE 1800, LTE 2100, LTE 2600, 5G NR 700, 5G NR 3500",PL GABRIEL PÉRI R DU 11 NOVEMBRE 76120 LE GRAND QUEVILLY,76322,"49.4139,1.0333",Bâtiment,33m,"Commune, communauté de communes",,AJO,,False,True
689085,ORANGE,, (MORNE BIGOT) 97217 LES ANSES D ARLET,97202,"14.5144,-61.0694",Pylône autostable,65m,ORANGE Services Fixes,1997-02-15,CHH,63m,False,False
694325,ORANGE,"5G NR 700, 5G NR 3500",R PASTEUR (LES CHAUMES) 36700 CHATILLON SUR INDRE,36045,"46.9797,1.1744",Château d'eau - réservoir,"64,9m","Syndicat des eaux, Adduction",2026-08-27,ALL,,False,False
695216,OUTREMER TELECOM,5G NR 3500,PRÈS RÉSERVOIR (RÉGALE) 97211 RIVIERE PILOTE,97220,"14.5322,-60.9161",Pylône autostable,35m,Outremer Telecom,,AJO,,False,False
695330,SFR,GSM 900,3 AV PHILIPPE AUGUSTE 75011 PARIS 11,75111,"48.8494,2.395",Immeuble,"25,5m",Société HLM,,SUP,,False,False
697953,SFR,"UMTS 2100, LTE 700, 5G NR 3500",52 QUAI DE LA MARNE 75019 PARIS 19,75119,"48.8911,2.3861",Immeuble,"49,4m",Société HLM,2010-12-09,SUP,,False,False
703373,SFR,5G NR 3500,"29, R DE LAON 59200 TOURCOING",59599,"50.7319,3.1908",Pylône autostable,33m,HIVORY,,SUP,,False,False
704865,ORANGE,"LTE 700, 5G NR 2100",RD N°180 - COTE 53 (GRAND PRE) 49220 MONTREUIL SUR MAINE,49217,"47.6508,-0.7072",Pylône autostable,30m,TOTEM,2026-08-24,ALL,,False,False
704953,ORANGE,"LTE 800, LTE 1800, LTE 2100, LTE 2600, 5G NR 700, 5G NR 3500",21/27 R DU PALAIS 57070 METZ,57463,"49.1192,6.1739",Immeuble,23m,"Copropriété, Syndic, SCI",2023-10-05,SUP,,False,False
710091,SFR,LTE 2100,PÔLE DES SABLONS CHEM RURAL DE LA GARENNE (SEIGNON) 54670 MILLERY,54369,"48.7994,6.1175",Pylône autostable,39m,TOTEM,2026-08-28,AJA,,False,False
711698,SFR,UMTS 2100, (SUR LA GRANGE) 70190 NEUVELLE LES CROMARY,70383,"47.4089,6.0717",Pylône autostable,30m,HIVORY,2017-10-27,SUP,,False,False
713563,ORANGE,LTE 2100, (BOIS DERRIÈRE LA CÔTE) 25680 CUBRIAL,25181,"47.5144,6.4",Pylône autostable,30m,SNCF Réseau,2026-08-27,ALL,,False,False
720279,ORANGE,"5G NR 700, 5G NR 3500",PL DE L'EGLISE EGLISE 10400 NOGENT SUR SEINE,10268,"48.4925,3.4983",Monument religieux,50m,"Commune, communauté de communes",,AJO,,False,False
720279,ORANGE,UMTS 900,PL DE L'EGLISE EGLISE 10400 NOGENT SUR SEINE,10268,"48.4925,3.4983",Monument religieux,50m,"Commune, communauté de communes",2013-10-14,SUP,,False,False
72187,ORANGE,"LTE 700, 5G NR 2100",AV BISCHOFFSHEIM D 26 06710 VILLARS SUR VAR,06158,"43.9356,7.0956",Pylône tubulaire,15m,TOTEM,2026-08-28,ALL,,False,False
723518,SRR,LTE 2100,542 R MEDARD (GRANDE MONTEE) 97438 STE MARIE,97418,"-20.9228,55.5175",Pylône autostable,25m,Société Réunionnaise de Radiotéléphonie,2026-08-07,ALL,,False,False
724486,BOUYGUES TELECOM,"LTE 700, LTE 800, LTE 1800, LTE 2100, LTE 2600, 5G NR 2100",1118 IMPASSE DE LAMBERTIE 24380 VERGT,24571,"45.0156,0.7011",Pylône autostable,45m,TDF,2026-08-29,ALL,,False,True
725921,BOUYGUES TELECOM,"LTE 700, 5G NR 2100",LE CAP D'ARMAS (LES EXPLÉCHAUX D'EN HAUT) 31420 BOUSSAN,31083,"43.2233,0.8903",Pylône autostable,17m,SFR,,AJO,,False,False
727464,BOUYGUES TELECOM,LTE 700,ROUTE DE GRAVELINES 59630 BOURBOURG,59094,"50.9525,2.1914",Pylône autostable,"42,5m",TOTEM,2026-08-15,ALL,,False,False
731693,ORANGE,"LTE 700, 5G NR 2100", (LA TOURETTE) 65270 ST PE DE BIGORRE,65395,"43.1103,-0.1753",Pylône tubulaire,34m,HIVORY,,AJO,,False,False
731693,ORANGE,LTE 2100, (LA TOURETTE) 65270 ST PE DE BIGORRE,65395,"43.1103,-0.1753",Pylône tubulaire,34m,HIVORY,2022-10-04,SUP,,False,False
732214,SFR,"LTE 700, 5G NR 2100",CD 37 (HAZEWINDE) 59114 ST SYLVESTRE CAPPEL,59546,"50.7753,2.5639",Tour hertzienne,64m,TDF,,AJO,,False,False
732366,SFR,UMTS 900,LA BARONNE (COTE DE MANCY) 39570 MACORNAY,39306,"46.65,5.5478",Pylône autostable,41m,TDF,,SUP,,False,False
736913,SFR,LTE 700,CHEM RURAL DU HALAGE FERME DE L'EPINEAU 89400 EPINEAU LES VOVES,89152,"47.9614,3.4731",Pylône autostable,18m,ATC FRANCE,,AJO,,False,False
736913,SFR,LTE 2100,CHEM RURAL DU HALAGE FERME DE L'EPINEAU 89400 EPINEAU LES VOVES,89152,"47.9614,3.4731",Pylône autostable,18m,ATC FRANCE,2022-02-21,SUP,,False,False
737590,BOUYGUES TELECOM,LTE 700, (LESCHAUX) 01270 DOMSURE,01147,"46.4292,5.2714",Pylône autostable,"41,7m",ATC FRANCE,2026-09-03,AJA,,False,False
738271,BOUYGUES TELECOM,LTE 700,EMPRISE LGV PK 48.481 (LES GRANDS BUGNOZ) 25170 MONCLEY,25383,"47.2975,5.9108",Pylône autostable,30m,SNCF Réseau,2026-08-20,ALL,,False,False
738271,ORANGE,LTE 700,EMPRISE LGV PK 48.481 (LES GRANDS BUGNOZ) 25170 MONCLEY,25383,"47.2975,5.9108",Pylône autostable,30m,SNCF Réseau,2026-09-03,ALL,,False,False
738369,BOUYGUES TELECOM,LTE 700,EMPRISE LGV PK 42.102 (LES FOUCHÈRES) 25170 RUFFEY LE CHATEAU,25510,"47.2844,5.8292",Pylône autostable,25m,SNCF Réseau,2026-08-20,ALL,,False,False
738676,ORANGE,5G NR 2100,CHEM LES CHARBONNIÈRES (LE BREMPAIN) 36170 PARNAC,36150,"46.425,1.4481",Château d'eau - réservoir,64m,"Syndicat des eaux, Adduction",,AJO,,False,False
738676,ORANGE,GSM 900,CHEM LES CHARBONNIÈRES (LE BREMPAIN) 36170 PARNAC,36150,"46.425,1.4481",Château d'eau - réservoir,64m,"Syndicat des eaux, Adduction",1993-06-04,SUP,,False,False
741349,BOUYGUES TELECOM,LTE 700,EMPRISE LGV PK44.654 (LES FOUCHÈRES) 25170 CHEVIGNEY SUR L OGNON,25150,"47.2869,5.8625",Pylône autostable,25m,SNCF Réseau,2026-08-20,ALL,,False,False
748095,ORANGE,"LTE 2100, 5G NR 700, 5G NR 3500", (LA CHAPELLE) 79360 GRANZAY GRIPT,79137,"46.2178,-0.4617",Château d'eau - réservoir,"44,5m","Commune, communauté de communes",2026-08-30,ALL,,False,False
748626,ORANGE,GSM 900,8 R SARDA GARRIGA 97450 ST LOUIS,97414,"-21.2869,55.41",Pylône arbre,15m,ORANGE,2008-01-21,SUP,,False,False
755577,BOUYGUES TELECOM,LTE 700,EMPRISE LGV P.K 19.969 (CHAMP GOURI) 39290 MONTMIREY LE CHATEAU,39361,"47.2408,5.5517",Pylône autostable,30m,SNCF Réseau,2026-08-19,ALL,,False,False
759609,ORANGE,"5G NR 700, 5G NR 3500", (PAS DEJANSAC) 26340 AUCELON,26017,"44.6361,5.3789",Pylône autostable,25m,TDF,,AJO,,False,False
759609,ORANGE,"GSM 900, LTE 700", (PAS DEJANSAC) 26340 AUCELON,26017,"44.6361,5.3789",Pylône autostable,25m,TDF,2001-04-05,SUP,,False,False
767278,BOUYGUES TELECOM,LTE 2100, (SOUS LE BOIS DE VAUDEVILLE) 54740 VAUDEVILLE,54553,"48.4542,6.2283",Pylône autostable,40m,HIVORY,2026-08-19,ALL,,False,False
767376,ORANGE,5G NR 700,2 R DES GRANDS MOULINS CSEC 54300 LUNEVILLE,54329,"48.5839,6.4875",Bâtiment,35m,"SDIS, secours, incendie",2026-09-10,AAV,,False,False
774568,SRR,"LTE 700, LTE 2100",CHEM DE LA SURPRISE (ROUTE DES TAMARINS) 97436 ST LEU,97413,"-21.1592,55.2953",Pylône autostable,20m,ORANGE,2026-08-27,ALL,,False,False
774659,BOUYGUES TELECOM,LTE 2600,HAMEAU DE CACCIABELLO (CACCIABELLO) 20100 SARTENE,2A272,"41.5997,8.9275",Pylône autostable,16m,TOTEM,2026-08-20,ALL,,False,False
778979,ORANGE,LTE 1800,D 11 (ARTIGUES) 33720 LANDIRAS,33225,"44.5811,-0.4022",Château d'eau - réservoir,39m,"Syndicat des eaux, Adduction",2026-08-27,ALL,,False,False
782440,OUTREMER TELECOM,5G NR 3500,126 ROUTE DES RELIGIEUSES IMM DPA 97234 FORT DE FRANCE,97209,"14.6147,-61.0586",Immeuble,"11,5m","Copropriété, Syndic, SCI",,AJO,,False,False
789669,ORANGE,5G NR 2100,400 RTE D'ORLEANS (BERGERIE PETITE FERME) 45240 LA FERTE ST AUBIN,45146,"47.7603,1.9447",Pylône autostable,30m,TOTEM,2026-08-26,ALL,,False,False
790411,ORANGE,5G NR 2100,SORTIE NORD AGGLOMÉRATION (LA  MIRAILLE) 05120 ST MARTIN DE QUEYRIERES,05151,"44.8433,6.5828",Pylône autostable,20m,TDF,2026-08-25,ALL,,False,False
797282,ORANGE,LTE 2100,EMPRISE LGV - PYLONE RFF PK 125.371 (LA BROSSE) 70400 HERICOURT,70285,"47.5594,6.7906",Pylône autostable,"35,7m",SNCF Réseau,2026-08-27,ALL,,False,False
797511,BOUYGUES TELECOM,LTE 2100,LA TERRIÈRE CHEM RURAL DE LITZ À CLERMONT 60510 LITZ,60366,"49.4111,2.3406",Pylône autostable,36m,HIVORY,,AJO,,False,False
798855,SFR,LTE 2100,RN 4 Z.A. LE TAMBOUR (LE BOIS DU TAMBOUR) 54840 GONDREVILLE,54232,"48.6903,6.0092",Pylône tubulaire,"23,5m",TOTEM,2026-08-28,AJA,,False,False
801683,SFR,LTE 2100,ECH N° 14 DE BONNIÈRES - A13A CHEM DE LA VILLENEUVE (BONNIÈRES) 78710 ROSNY SUR SEINE,78531,"49.015,1.5872",Pylône autostable,"30,5m",SFR,,AJO,,False,False
806314,ORANGE,"5G NR 700, 5G NR 3500",R JEAN BAPTISTE COLLETTE 59551 ATTICHES,59022,"50.5231,3.0606",Pylône tubulaire,30m,TOTEM,2026-08-24,ALL,,False,False
809293,ORANGE,LTE 700, (LA SERRE) 66360 NYER,66123,"42.5425,2.2833",Pylône autostable,27m,ORANGE Services Fixes,2026-08-31,ALL,,False,False
809788,BOUYGUES TELECOM,LTE 2100,ROUTE DE BEFFOUX A36 DOLE-BOURG EN BRESSE (ETANG NIAT) 71480 LE MIROIR,71300,"46.5672,5.3431",Pylône autostable,40m,Sociétés d'Autoroutes,2026-08-30,ALL,,False,False
812231,BOUYGUES TELECOM,5G NR 2100,CHATEAU DE MONTROSE 33180 ST ESTEPHE,33395,"45.2494,-0.7625",Pylône autostable,23m,BOUYGUES,2026-08-25,ALL,,False,False
814047,BOUYGUES TELECOM,LTE 1800,TERRAIN CHEM DE FER DE LA PROVENCE - CHABRIERES 04270 ENTRAGES,04074,"44.0158,6.2539",Pylône tubulaire,17m,HIVORY,2026-08-25,ALL,,False,False
819918,ORANGE,5G NR 700,20 R. JACQUARD IMM OPAC 88200 ST ETIENNE LES REMIREMONT,88415,"48.0244,6.6028",Immeuble,17m,Société HLM,2026-09-10,AAV,,False,False
819998,ORANGE,5G NR 700,R DE L'EGLISE GRANDE RUE EGLISE DE DOGNEVILLE 88000 DOGNEVILLE,88136,"48.2231,6.4597",Monument religieux,47m,"Commune, communauté de communes",2026-09-03,ALL,,False,False
821436,BOUYGUES TELECOM,"LTE 700, LTE 2600",41 AV CHARLES DE GAULLE HLM LA SABLIÈRE 91600 SAVIGNY SUR ORGE,91589,"48.6781,2.3461",Immeuble,29m,Société HLM,2022-01-15,ART,,False,False
824060,ORANGE,5G NR 700,43 R VERDUN CDVI MÉTAL 94500 CHAMPIGNY SUR MARNE,94017,"48.8164,2.4867",Bâtiment,25m,Société Privée,,AJO,,False,False
824060,ORANGE,"GSM 900, LTE 700",43 R VERDUN CDVI MÉTAL 94500 CHAMPIGNY SUR MARNE,94017,"48.8164,2.4867",Bâtiment,25m,Société Privée,2001-11-26,SUP,,False,False
826406,ORANGE,5G NR 2100,CARCOULT (VAURIBOU) 37360 NEUILLE PONT PIERRE,37167,"47.5358,0.5483",Pylône autostable,47m,HIVORY,2026-08-24,ALL,,False,False
854460,BOUYGUES TELECOM,LTE 2600,RD 54 RTE DE PRESSERVILLE (LE VILLAGE SUD) 31570 STE FOY D AIGREFEUILLE,31480,"43.5369,1.6089",Pylône autostable,27m,HIVORY,2022-04-13,ART,,False,False
854997,SFR,LTE 700,CHEM DES CABRIDES 34680 ST GEORGES D ORQUES,34259,"43.6067,3.7908",Pylône tubulaire,12m,HIVORY,,SUP,,False,False
860963,BOUYGUES TELECOM,LTE 1800,R D'ERMECHICOURT CHÂTEAU D'EAU 59234 MONCHECOURT,59409,"50.3058,3.2206",Château d'eau - réservoir,20m,"Commune, communauté de communes",2026-08-19,ALL,,False,False
867115,SFR,"GSM 900, UMTS 900, LTE 700, LTE 800, 5G NR 3500",176 R DE RIVOLI 75001 PARIS 01,75101,"48.8628,2.3356",Bâtiment,"28,3m",Particulier,,SUP,,False,False
867127,SFR,"LTE 700, 5G NR 2100, 5G NR 3500",9 R DE MEDICIS 75006 PARIS 06,75106,"48.8483,2.3397",Bâtiment,"25,1m","Copropriété, Syndic, SCI",,SUP,,False,False
872936,ORANGE,5G NR 2100, (LES PLAUX) 41700 CHEMERY,41049,"47.3406,1.4764",Pylône autostable,28m,TOTEM,2026-08-27,ALL,,False,False
883699,ORANGE,5G NR 700,33 R DE L'ERMITAGE - D195 59600 MAUBEUGE,59392,"50.2717,3.945",Pylône tubulaire,21m,TOTEM,,AJO,,False,False
897864,SFR,LTE 700,RTE NATIONAL 86 (LA BLAQUIERE) 30210 POUZILHAC,30207,"44.0519,4.5728",Pylône autostable,"32,5m",ATC FRANCE,,AJO,,False,False
903973,ORANGE,5G NR 2100,PRADY ADM:PRADY (PEYRE ROUGE) 46700 FLORESSAS,46107,"44.4753,1.1142",Pylône autostable,37m,TOTEM,,AJO,,False,False
903973,ORANGE,LTE 2100,PRADY ADM:PRADY (PEYRE ROUGE) 46700 FLORESSAS,46107,"44.4753,1.1142",Pylône autostable,37m,TOTEM,2022-08-25,SUP,,False,False
911558,FREE MOBILE,LTE 2100,ROUTE DE LAVAUR 31850 BEAUPUY,31053,"43.6447,1.5633",Pylône tubulaire,32m,ON TOWER FRANCE,2026-09-02,ALL,,False,False
91156,ORANGE,5G NR 3500,PRÈS N.197 HÔT. PASCAL PAOLI (RÉGINIELLA) 20220 AREGNO,2B020,"42.6075,8.8756",Immeuble,15m,Particulier,,AJO,,False,False
91156,ORANGE,GSM 900,PRÈS N.197 HÔT. PASCAL PAOLI (RÉGINIELLA) 20220 AREGNO,2B020,"42.6075,8.8756",Immeuble,15m,Particulier,2000-01-11,SUP,,False,False
921802,Gouv Nelle Calédonie (OPT),GSM 900,LOT 170 VILLAGE PRÈS GENDARMERIE CENTRAL DE THIO 98829 THIO,98829,"-21.6106,166.2153",Pylône autostable,30m,Office des Postes et Télécom,2011-11-23,SUP,,False,False
927501,FREE MOBILE,5G NR 3500,R  AUGUSTE MOTTIN ZI 61500 SEES,61464,"48.5969,0.1625",Pylône tubulaire,"33,8m",TDF,,AJO,,False,False
928518,OUTREMER TELECOM,5G NR 3500,27 R VICTOR SCHOELCHER IMM NAZAIRE 97213 GROS MORNE,97212,"14.7097,-61.0044",Immeuble,15m,"Commune, communauté de communes",,AJO,,False,False
949510,ORANGE,"5G NR 700, 5G NR 3500",SITE ITAS TIM (ROCHE DU CHAT NOIR) 68370 ORBEY,68249,"48.1367,7.1672",Pylône autostable,"28,9m",Société Privée,,AJO,,False,False
949510,ORANGE,LTE 700,SITE ITAS TIM (ROCHE DU CHAT NOIR) 68370 ORBEY,68249,"48.1367,7.1672",Pylône autostable,"28,9m",Société Privée,2023-04-04,SUP,,False,False
959803,ORANGE,5G NR 700,21 B  R DU GÉNÉRAL DE GAULLE 62180 VERTON,62849,"50.4008,1.6475",Pylône tubulaire,"13,5m",TOTEM,2026-09-11,AAV,,False,False
975182,BOUYGUES TELECOM,"LTE 700, LTE 2100, LTE 2600, 5G NR 2100, 5G NR 3500",CHEMIN DE LA PIÈCE À SAMSON 78590 NOISY LE ROI,78455,"48.8519,2.0494",Pylône tubulaire,24m,TOTEM,,AJO,,False,False
975182,BOUYGUES TELECOM,UMTS 2100,CHEMIN DE LA PIÈCE À SAMSON 78590 NOISY LE ROI,78455,"48.8519,2.0494",Pylône tubulaire,24m,TOTEM,2018-05-30,SUP,,False,False
979823,SRR,LTE 2100,BRAS MOUTON LES BAS (SURPRISE) 97436 ST LEU,97413,"-21.1583,55.2861",Mât métallique,6m,Société Réunionnaise de Radiotéléphonie,2026-08-07,ALL,,False,False
99022,ORANGE,LTE 700,LA CROIX ROUGE (LES FORGES) 56120 FORGES DE LANOUEE,56102,"48.0,-2.62",Pylône autostable,37m,TOTEM,2026-09-03,ALL,,False,False
